ticker,date,price,sax_symbol,trend,volatility,daily_return,zscore
000660.KS,2020-01-03,94500.0,D2,Downtrend,Unknown,-0.002111932418162654,0.0
000660.KS,2020-01-06,94300.0,D2,Downtrend,Unknown,-0.002116402116402072,0.0
000660.KS,2020-01-07,94000.0,D2,Downtrend,Unknown,-0.0031813361611876534,0.0
000660.KS,2020-01-08,97400.0,D2,Downtrend,Unknown,0.036170212765957555,0.0
000660.KS,2020-01-09,99000.0,D2,Downtrend,Unknown,0.01642710472279263,0.0
000660.KS,2020-01-10,98900.0,D2,Downtrend,Unknown,-0.0010101010101010166,0.0
000660.KS,2020-01-13,100500.0,D2,Downtrend,Unknown,0.016177957532861553,0.0
000660.KS,2020-01-14,100500.0,D2,Downtrend,Unknown,0.0,0.0
000660.KS,2020-01-15,98200.0,D2,Downtrend,Unknown,-0.022885572139303534,0.0
000660.KS,2020-01-16,99200.0,D2,Downtrend,Unknown,0.010183299389002087,0.0
000660.KS,2020-01-17,99000.0,D2,Downtrend,Unknown,-0.0020161290322581182,0.0
000660.KS,2020-01-20,99900.0,D2,Downtrend,Unknown,0.009090909090909038,0.0
000660.KS,2020-01-21,99300.0,D2,Downtrend,Unknown,-0.006006006006005982,0.0
000660.KS,2020-01-22,101000.0,D2,Downtrend,Unknown,0.017119838872104776,0.0
000660.KS,2020-01-23,98700.0,D2,Downtrend,Unknown,-0.022772277227722793,0.0
000660.KS,2020-01-28,96300.0,D2,Downtrend,Unknown,-0.024316109422492405,0.0
000660.KS,2020-01-29,97900.0,D2,Downtrend,Unknown,0.01661474558670828,0.0
000660.KS,2020-01-30,94000.0,D2,Downtrend,Unknown,-0.03983656792645551,0.0
000660.KS,2020-01-31,93500.0,D2,Downtrend,Unknown,-0.005319148936170248,0.0
000660.KS,2020-02-03,94700.0,D2,Downtrend,Medium,0.012834224598930577,0.0
000660.KS,2020-02-04,97100.0,D2,Downtrend,Medium,0.025343189017951406,0.0
000660.KS,2020-02-05,97700.0,D2,Downtrend,Medium,0.006179196704428458,0.0
000660.KS,2020-02-06,100500.0,D2,Downtrend,Medium,0.028659160696008268,0.0
000660.KS,2020-02-07,99300.0,D2,Downtrend,Medium,-0.011940298507462699,0.0
000660.KS,2020-02-10,98800.0,D2,Downtrend,Medium,-0.0050352467270896595,0.0
000660.KS,2020-02-11,99800.0,D2,Downtrend,Medium,0.010121457489878471,0.0
000660.KS,2020-02-12,100000.0,D2,Downtrend,Medium,0.002004008016031955,0.0
000660.KS,2020-02-13,102000.0,D2,Downtrend,Medium,0.020000000000000018,0.0
000660.KS,2020-02-14,104500.0,D1,Downtrend,Medium,0.02450980392156854,0.0
000660.KS,2020-02-17,105000.0,D1,Downtrend,Medium,0.004784688995215225,0.0
000660.KS,2020-02-18,102000.0,D2,Downtrend,Medium,-0.02857142857142858,0.0
000660.KS,2020-02-19,103500.0,D1,Downtrend,Medium,0.014705882352941124,0.0
000660.KS,2020-02-20,104000.0,D1,Downtrend,Medium,0.004830917874396157,0.0
000660.KS,2020-02-21,103000.0,D2,Downtrend,Medium,-0.009615384615384581,0.0
000660.KS,2020-02-24,99500.0,D2,Downtrend,Medium,-0.03398058252427183,0.0
000660.KS,2020-02-25,98000.0,D2,Downtrend,Medium,-0.015075376884422065,0.0
000660.KS,2020-02-26,94600.0,D2,Downtrend,Medium,-0.03469387755102038,0.0
000660.KS,2020-02-27,92800.0,D2,Downtrend,Medium,-0.019027484143763207,0.0
000660.KS,2020-02-28,87900.0,D2,Downtrend,Medium,-0.05280172413793105,0.0
000660.KS,2020-03-02,92100.0,D2,Downtrend,Medium,0.04778156996587035,0.0
000660.KS,2020-03-03,92800.0,D2,Downtrend,Medium,0.007600434310532034,0.0
000660.KS,2020-03-04,94300.0,D2,Downtrend,Medium,0.016163793103448176,0.0
000660.KS,2020-03-05,94900.0,D2,Downtrend,Medium,0.006362672322375307,0.0
000660.KS,2020-03-06,92600.0,D2,Downtrend,Medium,-0.02423603793466811,0.0
000660.KS,2020-03-09,92600.0,D2,Downtrend,Medium,0.0,0.0
000660.KS,2020-03-10,89100.0,D2,Downtrend,Medium,-0.03779697624190059,0.0
000660.KS,2020-03-11,85500.0,D2,Downtrend,Medium,-0.04040404040404044,0.0
000660.KS,2020-03-12,82800.0,D2,Downtrend,Medium,-0.03157894736842104,0.0
000660.KS,2020-03-13,82500.0,D2,Downtrend,Medium,-0.0036231884057971175,0.0
000660.KS,2020-03-16,80600.0,D2,Downtrend,Medium,-0.023030303030303068,0.0
000660.KS,2020-03-17,80400.0,D2,Downtrend,Medium,-0.002481389578163795,0.0
000660.KS,2020-03-18,73100.0,D2,Downtrend,Medium,-0.09079601990049746,0.0
000660.KS,2020-03-19,69000.0,D2,Downtrend,High,-0.056087551299589644,0.0
000660.KS,2020-03-20,74800.0,D2,Downtrend,High,0.08405797101449286,0.0
000660.KS,2020-03-23,69400.0,D2,Downtrend,High,-0.07219251336898391,0.0
000660.KS,2020-03-24,78700.0,D2,Downtrend,High,0.13400576368876083,0.0
000660.KS,2020-03-25,84500.0,D2,Downtrend,High,0.07369758576874208,0.0
000660.KS,2020-03-26,80700.0,D2,Downtrend,High,-0.04497041420118342,0.0
000660.KS,2020-03-27,83300.0,D2,Downtrend,High,0.03221809169764556,-1.149082715145289
000660.KS,2020-03-30,83700.0,D2,Downtrend,High,0.004801920768307433,-1.0726586672178822
000660.KS,2020-03-31,83300.0,D2,Downtrend,High,-0.004778972520907976,-1.0854632898393197
000660.KS,2020-04-01,78400.0,D2,Downtrend,High,-0.05882352941176472,-1.564146308259527
000660.KS,2020-04-02,80000.0,D2,Downtrend,High,0.020408163265306145,-1.344454838444503
000660.KS,2020-04-03,79600.0,D2,Downtrend,High,-0.0050000000000000044,-1.3374019335649514
000660.KS,2020-04-06,83100.0,D2,Downtrend,High,0.04396984924623126,-0.9384168887004241
000660.KS,2020-04-07,85800.0,D2,Downtrend,High,0.032490974729241895,-0.6332759035267209
000660.KS,2020-04-08,84500.0,D2,Downtrend,High,-0.015151515151515138,-0.7434126624727542
000660.KS,2020-04-09,85000.0,D2,Downtrend,High,0.00591715976331364,-0.6662263545480835
000660.KS,2020-04-10,84100.0,D2,Downtrend,High,-0.010588235294117676,-0.7363119212435897
000660.KS,2020-04-13,81400.0,D2,Downtrend,High,-0.03210463733650415,-0.98780919402454
000660.KS,2020-04-14,82300.0,D2,Downtrend,High,0.011056511056511065,-0.8637611091678252
000660.KS,2020-04-16,81300.0,D2,Downtrend,High,-0.012150668286755817,-0.9372386859460983
000660.KS,2020-04-17,84100.0,D2,Downtrend,High,0.03444034440344401,-0.6183547225164334
000660.KS,2020-04-20,82000.0,D2,Downtrend,High,-0.024970273483947647,-0.8122334682101757
000660.KS,2020-04-21,81300.0,D2,Downtrend,High,-0.008536585365853666,-0.8574159747286836
000660.KS,2020-04-22,83900.0,D2,Downtrend,High,0.03198031980319804,-0.5590196746609616
000660.KS,2020-04-23,82600.0,D2,Downtrend,Medium,-0.015494636471990453,-0.6732909194959149
000660.KS,2020-04-24,81400.0,D2,Downtrend,Medium,-0.014527845036319653,-0.7775331385692731
000660.KS,2020-04-27,82600.0,D2,Downtrend,Medium,0.014742014742014753,-0.6288996540207792
000660.KS,2020-04-28,83400.0,D2,Downtrend,Medium,0.009685230024213176,-0.5239547422868401
000660.KS,2020-04-29,83700.0,D2,Downtrend,Medium,0.003597122302158251,-0.47062998386413957
000660.KS,2020-05-04,81000.0,D2,Downtrend,Medium,-0.032258064516129004,-0.7349713775296962
000660.KS,2020-05-06,82400.0,D2,Downtrend,Medium,0.01728395061728394,-0.5584805450292428
000660.KS,2020-05-07,82400.0,D2,Downtrend,Medium,0.0,-0.5340596955940924
000660.KS,2020-05-08,85000.0,D2,Downtrend,Medium,0.031553398058252524,-0.22273797227321143
000660.KS,2020-05-11,84500.0,D2,Downtrend,Medium,-0.00588235294117645,-0.25483293109063426
000660.KS,2020-05-12,85700.0,D2,Downtrend,Medium,0.014201183431952646,-0.09169646195814267
000660.KS,2020-05-13,83600.0,D2,Downtrend,Medium,-0.02450408401400228,-0.31032507540702825
000660.KS,2020-05-14,80600.0,D2,Downtrend,Medium,-0.03588516746411485,-0.6492373221654641
000660.KS,2020-05-15,81900.0,D2,Downtrend,Medium,0.016129032258064502,-0.46085173951229724
000660.KS,2020-05-18,81100.0,D2,Downtrend,Medium,-0.009768009768009733,-0.5420219069211732
000660.KS,2020-05-19,82700.0,D2,Downtrend,Medium,0.019728729963008673,-0.290954879334624
000660.KS,2020-05-20,84100.0,D2,Downtrend,Medium,0.016928657799274438,-0.041772992985619685
000660.KS,2020-05-21,83400.0,D2,Downtrend,Medium,-0.008323424494649179,-0.10853023515039432
000660.KS,2020-05-22,81300.0,D2,Downtrend,Medium,-0.025179856115107868,-0.4393641064862408
000660.KS,2020-05-25,81400.0,D2,Downtrend,Medium,0.0012300123001229846,-0.3940936093618745
000660.KS,2020-05-26,81900.0,D2,Downtrend,Medium,0.006142506142506221,-0.2685104800774986
000660.KS,2020-05-27,81400.0,D2,Downtrend,Medium,-0.006105006105006083,-0.34070909979265546
000660.KS,2020-05-28,83900.0,D2,Downtrend,Medium,0.03071253071253066,0.18817418844002076
000660.KS,2020-05-29,81500.0,D2,Downtrend,Medium,-0.028605482717520836,-0.28099433306624144
000660.KS,2020-06-01,83600.0,D2,Downtrend,Medium,0.025766871165644245,0.20879028148590556
000660.KS,2020-06-02,83300.0,D2,Downtrend,Medium,-0.0035885167464114742,0.19434865161400783
000660.KS,2020-06-03,88700.0,D2,Downtrend,Medium,0.06482593037214879,1.586001259857638
000660.KS,2020-06-04,87700.0,D2,Downtrend,Medium,-0.011273957158962844,1.4146959396770893
000660.KS,2020-06-05,90400.0,D2,Downtrend,Medium,0.03078677309007971,2.1827921629765505
000660.KS,2020-06-08,91000.0,D2,Downtrend,Medium,0.006637168141592875,2.2942115724078023
000660.KS,2020-06-09,89800.0,D2,Downtrend,Medium,-0.01318681318681314,1.9086134558029948
000660.KS,2020-06-10,90800.0,D2,Downtrend,Medium,0.011135857461024523,2.0523548832931917
000660.KS,2020-06-11,88500.0,D2,Downtrend,Medium,-0.025330396475770955,1.4333079842658722
000660.KS,2020-06-12,85200.0,D2,Downtrend,Medium,-0.037288135593220306,0.6131732922362574
000660.KS,2020-06-15,82000.0,D2,Downtrend,Medium,-0.03755868544600938,-0.16924519047384476
000660.KS,2020-06-16,85400.0,D2,Downtrend,Medium,0.04146341463414638,0.6353106996613023
000660.KS,2020-06-17,86800.0,D2,Downtrend,Medium,0.016393442622950838,1.0245918920069998
000660.KS,2020-06-18,86200.0,D2,Downtrend,Medium,-0.00691244239631339,0.8372610644255283
000660.KS,2020-06-19,85400.0,D2,Downtrend,Medium,-0.009280742459396807,0.618611811949139
000660.KS,2020-06-22,84900.0,D2,Downtrend,Medium,-0.005854800936768156,0.4153198724056053
000660.KS,2020-06-23,84100.0,D2,Downtrend,Medium,-0.009422850412249661,0.1267800421554158
000660.KS,2020-06-24,86000.0,D2,Downtrend,Medium,0.022592152199762294,0.7903618530971604
000660.KS,2020-06-25,84300.0,D2,Downtrend,Medium,-0.019767441860465085,0.1622371265845456
000660.KS,2020-06-26,84600.0,D2,Downtrend,Medium,0.003558718861210064,0.26637692848805694
000660.KS,2020-06-29,83600.0,D2,Downtrend,Medium,-0.011820330969267157,-0.1012158638402074
000660.KS,2020-06-30,85100.0,D2,Downtrend,Medium,0.017942583732057482,0.42089376345143
000660.KS,2020-07-01,85300.0,D2,Downtrend,Medium,0.00235017626321965,0.4716450840186439
000660.KS,2020-07-02,84400.0,D2,Downtrend,Medium,-0.010550996483001174,0.09631262617846799
000660.KS,2020-07-03,85400.0,D2,Downtrend,Medium,0.011848341232227444,0.47672951769909083
000660.KS,2020-07-06,86000.0,D2,Downtrend,Medium,0.007025761124121788,0.7121431495188728
000660.KS,2020-07-07,84800.0,D2,Downtrend,Medium,-0.013953488372092981,0.235759780880207
000660.KS,2020-07-08,83700.0,D2,Downtrend,Medium,-0.01297169811320753,-0.19042324794435891
000660.KS,2020-07-09,83000.0,D2,Downtrend,Medium,-0.008363201911589013,-0.45908297009739957
000660.KS,2020-07-10,82800.0,D2,Downtrend,Medium,-0.002409638554216831,-0.5514611823421248
000660.KS,2020-07-13,83000.0,D2,Downtrend,Medium,0.0024154589371980784,-0.4779485863557161
000660.KS,2020-07-14,82900.0,D2,Downtrend,Medium,-0.001204819277108471,-0.5333498320517013
000660.KS,2020-07-15,83000.0,D2,Downtrend,Medium,0.0012062726176116367,-0.4847432965249242
000660.KS,2020-07-16,82700.0,D2,Downtrend,Medium,-0.0036144578313253017,-0.6121331533714099
000660.KS,2020-07-17,82900.0,D2,Downtrend,Medium,0.002418379685610539,-0.5474198439609966
000660.KS,2020-07-20,82200.0,D2,Downtrend,Medium,-0.008443908323281013,-0.8162032491333243
000660.KS,2020-07-21,84100.0,D2,Downtrend,Medium,0.02311435523114347,-0.05754768006347507
000660.KS,2020-07-22,83200.0,D2,Downtrend,Medium,-0.010701545778834753,-0.43968391836672027
000660.KS,2020-07-23,82400.0,D2,Downtrend,Medium,-0.009615384615384581,-0.7657676834952798
000660.KS,2020-07-24,83700.0,D2,Downtrend,Medium,0.01577669902912615,-0.235135085520706
000660.KS,2020-07-27,82800.0,D2,Downtrend,Medium,-0.010752688172043001,-0.5965379289066894
000660.KS,2020-07-28,83100.0,D2,Downtrend,Medium,0.0036231884057971175,-0.4947409579239774
000660.KS,2020-07-29,83200.0,D2,Downtrend,Medium,0.001203369434416457,-0.460422473657127
000660.KS,2020-07-30,85300.0,D2,Downtrend,Medium,0.02524038461538458,0.394780289332753
000660.KS,2020-07-31,82800.0,D2,Downtrend,Medium,-0.029308323563892125,-0.6324994717209791
000660.KS,2020-08-03,81800.0,D2,Downtrend,Medium,-0.012077294685990392,-1.0210789951283126
000660.KS,2020-08-04,81600.0,D2,Downtrend,Medium,-0.0024449877750610804,-1.068009010510191
000660.KS,2020-08-05,80700.0,D2,Downtrend,Medium,-0.011029411764705843,-1.3939829113227857
000660.KS,2020-08-06,81100.0,D2,Downtrend,Medium,0.004956629491945419,-1.2417130126766764
000660.KS,2020-08-07,80600.0,D2,Downtrend,Medium,-0.006165228113440224,-1.420655612666956
000660.KS,2020-08-10,81400.0,D2,Downtrend,Medium,0.00992555831265518,-1.104527716907677
000660.KS,2020-08-11,81300.0,D2,Downtrend,Medium,-0.0012285012285012664,-1.1261547339114877
000660.KS,2020-08-12,81000.0,D2,Downtrend,Medium,-0.0036900369003689537,-1.2096037045802512
000660.KS,2020-08-13,80700.0,D2,Downtrend,Medium,-0.0037037037037036535,-1.2917727113412425
000660.KS,2020-08-14,80200.0,D2,Downtrend,Medium,-0.006195786864931829,-1.4653221593975838
000660.KS,2020-08-18,78100.0,D2,Downtrend,Medium,-0.026184538653366562,-2.1768894532442205
000660.KS,2020-08-19,75000.0,D2,Downtrend,Medium,-0.03969270166453265,-3.0306328989948934
000660.KS,2020-08-20,71800.0,D2,Downtrend,Medium,-0.04266666666666663,-3.6085864423198193
000660.KS,2020-08-21,74500.0,D2,Downtrend,Medium,0.03760445682451263,-2.579063646731083
000660.KS,2020-08-24,75500.0,D2,Downtrend,Medium,0.01342281879194629,-2.176515899552777
000660.KS,2020-08-25,77000.0,D2,Downtrend,Medium,0.019867549668874274,-1.6910092817589888
000660.KS,2020-08-26,78800.0,D2,Downtrend,Medium,0.023376623376623273,-1.1745759787317034
000660.KS,2020-08-27,79100.0,D2,Downtrend,Medium,0.0038071065989848663,-1.0618528195277699
000660.KS,2020-08-28,77800.0,D2,Downtrend,Medium,-0.01643489254108721,-1.360801408528071
000660.KS,2020-08-31,75100.0,D2,Downtrend,Medium,-0.03470437017994854,-2.010161979608099
000660.KS,2020-09-01,75200.0,D2,Downtrend,Medium,0.0013315579227697327,-1.9346577198715864
000660.KS,2020-09-02,75500.0,D2,Downtrend,Medium,0.003989361702127603,-1.8017585689203208
000660.KS,2020-09-03,78700.0,D2,Downtrend,Medium,0.042384105960264984,-0.9190167667142743
000660.KS,2020-09-04,78700.0,D2,Downtrend,Medium,0.0,-0.8935696750253176
000660.KS,2020-09-07,78400.0,D2,Downtrend,Medium,-0.003811944091486663,-0.9481145759981775
000660.KS,2020-09-08,79400.0,D2,Downtrend,Medium,0.012755102040816313,-0.6441088112579396
000660.KS,2020-09-09,77300.0,D2,Downtrend,Medium,-0.026448362720403074,-1.2074151066097485
000660.KS,2020-09-10,76600.0,D2,Downtrend,Medium,-0.009055627425614499,-1.3653504653237893
000660.KS,2020-09-11,78400.0,D2,Downtrend,Medium,0.023498694516971286,-0.8176168225699032
000660.KS,2020-09-14,80000.0,D2,Downtrend,Medium,0.020408163265306145,-0.3281069289213216
000660.KS,2020-09-15,81900.0,D2,Downtrend,Medium,0.023749999999999938,0.25089096171188785
000660.KS,2020-09-16,81500.0,D2,Downtrend,Medium,-0.004884004884004867,0.1453721609609863
000660.KS,2020-09-17,82200.0,D2,Downtrend,Medium,0.008588957055214674,0.3819562121808907
000660.KS,2020-09-18,83700.0,D2,Downtrend,Medium,0.018248175182481674,0.8470642443214117
000660.KS,2020-09-21,84500.0,D2,Downtrend,Medium,0.009557945041815952,1.0940309215101938
000660.KS,2020-09-22,81300.0,D2,Downtrend,Medium,-0.037869822485207094,0.12264988245225272
000660.KS,2020-09-23,83600.0,D2,Downtrend,Medium,0.02829028290282909,0.8487093181834322
000660.KS,2020-09-24,84300.0,D2,Downtrend,Medium,0.00837320574162681,1.0792036705660506
000660.KS,2020-09-25,82900.0,D2,Downtrend,Medium,-0.016607354685646447,0.6522184036414665
000660.KS,2020-09-28,82500.0,D2,Downtrend,Medium,-0.004825090470446325,0.5495917681049071
000660.KS,2020-09-29,84000.0,D2,Downtrend,Medium,0.018181818181818077,1.0576697545121423
000660.KS,2020-10-05,83200.0,D2,Downtrend,Medium,-0.00952380952380949,0.813281385495934
000660.KS,2020-10-06,83000.0,D2,Downtrend,Medium,-0.0024038461538461453,0.7538605529504472
000660.KS,2020-10-07,83400.0,D2,Downtrend,Medium,0.004819277108433662,0.8821074597419842
000660.KS,2020-10-08,82900.0,D2,Downtrend,Medium,-0.005995203836930418,0.716500642308786
000660.KS,2020-10-12,85500.0,D2,Downtrend,Medium,0.031363088057901,1.5347471793481224
000660.KS,2020-10-13,88200.0,D2,Downtrend,Medium,0.03157894736842115,2.2816286775919723
000660.KS,2020-10-14,86500.0,D2,Downtrend,Medium,-0.019274376417233507,1.6982512473538163
000660.KS,2020-10-15,87100.0,D2,Downtrend,Medium,0.006936416184971206,1.80973971193916
000660.KS,2020-10-16,85300.0,D2,Downtrend,Medium,-0.02066590126291623,1.251318423639667
000660.KS,2020-10-19,86700.0,D2,Downtrend,Medium,0.016412661195779554,1.6041695515895076
000660.KS,2020-10-20,85200.0,D2,Downtrend,Medium,-0.01730103806228378,1.1628170866386507
000660.KS,2020-10-21,83800.0,D2,Downtrend,Medium,-0.016431924882629123,0.75947267051336
000660.KS,2020-10-22,83300.0,D2,Downtrend,Medium,-0.005966587112171795,0.6116911164943996
000660.KS,2020-10-23,83900.0,D2,Downtrend,Medium,0.007202881152460927,0.7804879994918036
000660.KS,2020-10-26,83200.0,D2,Downtrend,Medium,-0.008343265792610244,0.5794638161781337
000660.KS,2020-10-27,82600.0,D2,Downtrend,Medium,-0.007211538461538436,0.4122882351192412
000660.KS,2020-10-28,82900.0,D2,Downtrend,Medium,0.00363196125907983,0.49920149479257464
000660.KS,2020-10-29,81700.0,D2,Downtrend,Medium,-0.014475271411338975,0.1776476560682385
000660.KS,2020-10-30,79900.0,D2,Downtrend,Medium,-0.022031823745410017,-0.32599465542156536
000660.KS,2020-11-02,79600.0,D2,Downtrend,Medium,-0.003754693366708417,-0.40135062027708285
000660.KS,2020-11-03,81400.0,D2,Downtrend,Medium,0.022613065326633208,0.1168775629710757
000660.KS,2020-11-04,83200.0,D2,Downtrend,Medium,0.02211302211302213,0.6202011958245327
000660.KS,2020-11-05,86100.0,D2,Downtrend,Medium,0.03485576923076916,1.402680644232284
000660.KS,2020-11-06,86300.0,D2,Downtrend,Medium,0.0023228803716608404,1.4078268947955734
000660.KS,2020-11-09,86000.0,D2,Downtrend,Medium,-0.0034762456546929554,1.2849247424108488
000660.KS,2020-11-10,86500.0,D2,Downtrend,Medium,0.005813953488372103,1.3747321693123047
000660.KS,2020-11-11,87000.0,D2,Downtrend,Medium,0.005780346820809301,1.4549035038221945
000660.KS,2020-11-12,88100.0,D2,Downtrend,Medium,0.012643678160919603,1.671057754510406
000660.KS,2020-11-13,89700.0,D2,Downtrend,Medium,0.018161180476730987,1.9741292353497197
000660.KS,2020-11-16,98000.0,D2,Downtrend,Medium,0.09253065774804914,3.529822679608253
000660.KS,2020-11-17,98100.0,D2,Downtrend,Medium,0.0010204081632652073,3.2124442658604337
000660.KS,2020-11-18,98000.0,D2,Downtrend,Medium,-0.0010193679918450993,2.9810854855479114
000660.KS,2020-11-19,98200.0,D2,Downtrend,Medium,0.0020408163265306367,2.803534647581046
000660.KS,2020-11-20,96800.0,D2,Downtrend,Medium,-0.014256619144602856,2.392913027998478
000660.KS,2020-11-23,100000.0,D2,Downtrend,Medium,0.03305785123966931,2.7456182996240464
000660.KS,2020-11-24,98600.0,D2,Downtrend,Medium,-0.014000000000000012,2.345487669498286
000660.KS,2020-11-25,97200.0,D2,Downtrend,Medium,-0.014198782961460488,2.00518691152108
000660.KS,2020-11-26,99400.0,D2,Downtrend,Medium,0.02263374485596703,2.2230222436350906
000660.KS,2020-11-27,98800.0,D2,Downtrend,Medium,-0.006036217303822977,2.0356890753758936
000660.KS,2020-11-30,97500.0,D2,Downtrend,Medium,-0.013157894736842146,1.7698070079633719
000660.KS,2020-12-01,100500.0,D2,Downtrend,Medium,0.03076923076923066,2.1201790389117465
000660.KS,2020-12-02,109000.0,D1,Downtrend,Medium,0.08457711442786064,3.0613946125656697
000660.KS,2020-12-03,111500.0,D1,Downtrend,Medium,0.022935779816513735,3.078254748552317
000660.KS,2020-12-04,115000.0,D1,Downtrend,Medium,0.03139013452914807,3.168136797927114
000660.KS,2020-12-07,118000.0,D1,Downtrend,Medium,0.026086956521739202,3.1599924432839495
000660.KS,2020-12-08,115000.0,D1,Downtrend,High,-0.025423728813559365,2.633219798849382
000660.KS,2020-12-09,120500.0,D1,Downtrend,High,0.047826086956521685,2.921877740541241
000660.KS,2020-12-10,116500.0,D1,Downtrend,High,-0.03319502074688796,2.3801261146203503
000660.KS,2020-12-11,115500.0,D1,Downtrend,High,-0.008583690987124415,2.1599501100081535
000660.KS,2020-12-14,117000.0,D1,Downtrend,Medium,0.01298701298701288,2.16130978837334
000660.KS,2020-12-15,117500.0,D1,Downtrend,Medium,0.004273504273504258,2.0842730369243876
000660.KS,2020-12-16,117500.0,D1,Downtrend,Medium,0.0,1.9777217316186302
000660.KS,2020-12-17,119500.0,D1,Downtrend,Medium,0.017021276595744705,2.0247852497687773
000660.KS,2020-12-18,118500.0,D1,Downtrend,Medium,-0.008368200836820106,1.853487420077642
000660.KS,2020-12-21,116000.0,D1,Downtrend,Medium,-0.021097046413502074,1.5970358204171995
000660.KS,2020-12-22,112500.0,D1,Downtrend,Medium,-0.030172413793103425,1.2883569270999813
000660.KS,2020-12-23,116000.0,D1,Downtrend,Medium,0.03111111111111109,1.4876844977606916
000660.KS,2020-12-24,118000.0,D1,Downtrend,Medium,0.01724137931034475,1.5687011178556705
000660.KS,2020-12-28,115500.0,D1,Downtrend,Medium,-0.021186440677966156,1.3393140348042984
000660.KS,2020-12-29,116000.0,D1,Downtrend,Medium,0.0043290043290042934,1.326081074035049
000660.KS,2020-12-30,118500.0,D1,Downtrend,Medium,0.02155172413793105,1.447582718561562
000660.KS,2021-01-04,126000.0,D1,Downtrend,Medium,0.06329113924050622,1.8822657875150643
000660.KS,2021-01-05,130500.0,D1,Downtrend,Medium,0.03571428571428581,2.076259230028863
000660.KS,2021-01-06,131000.0,D1,Downtrend,Medium,0.003831417624521105,2.0046871874738126
000660.KS,2021-01-07,134500.0,U1,Uptrend,Medium,0.026717557251908497,2.1106822784868084
000660.KS,2021-01-08,138000.0,U1,Uptrend,Medium,0.026022304832713727,2.19469347181185
000660.KS,2021-01-11,133000.0,U1,Uptrend,Medium,-0.036231884057971064,1.8051600892598938
000660.KS,2021-01-12,129000.0,D1,Downtrend,Medium,-0.03007518796992481,1.5069226044136068
000660.KS,2021-01-13,133000.0,U1,Uptrend,Medium,0.03100775193798455,1.6698944740262287
000660.KS,2021-01-14,130500.0,D1,Downtrend,Medium,-0.018796992481203034,1.4682422348120303
000660.KS,2021-01-15,127500.0,D1,Downtrend,Medium,-0.02298850574712641,1.2528367677769332
000660.KS,2021-01-18,130000.0,D1,Downtrend,Medium,0.019607843137254832,1.3482393891393392
000660.KS,2021-01-19,130500.0,D1,Downtrend,Medium,0.0038461538461538325,1.3312644788918548
000660.KS,2021-01-20,130500.0,D1,Downtrend,Medium,0.0,1.2880333557989763
000660.KS,2021-01-21,131500.0,D1,Downtrend,Medium,0.00766283524904221,1.3023647241962395
000660.KS,2021-01-22,128500.0,D1,Downtrend,Medium,-0.02281368821292773,1.0972729831885906
000660.KS,2021-01-25,135000.0,U1,Uptrend,Medium,0.05058365758754868,1.4255617977292436
000660.KS,2021-01-26,129000.0,D1,Downtrend,Medium,-0.0444444444444444,1.0486302870231956
000660.KS,2021-01-27,128500.0,D1,Downtrend,Medium,-0.003875968992248069,0.9926076701529696
000660.KS,2021-01-28,123000.0,D1,Downtrend,High,-0.04280155642023342,0.6388648226239079
000660.KS,2021-01-29,122500.0,D1,Downtrend,High,-0.004065040650406471,0.583087642153361
000660.KS,2021-02-01,125000.0,D1,Downtrend,Medium,0.020408163265306145,0.7176277143308665
000660.KS,2021-02-02,130000.0,D1,Downtrend,Medium,0.040000000000000036,1.0173480310781544
000660.KS,2021-02-03,130000.0,D1,Downtrend,Medium,0.0,0.9918061710709642
000660.KS,2021-02-04,125000.0,D1,Downtrend,Medium,-0.038461538461538436,0.6260640423827953
000660.KS,2021-02-05,127500.0,D1,Downtrend,Medium,0.020000000000000018,0.7803489993772652
000660.KS,2021-02-08,125000.0,D1,Downtrend,Medium,-0.019607843137254943,0.5738972161973857
000660.KS,2021-02-09,125500.0,D1,Downtrend,Medium,0.0040000000000000036,0.5886371827805664
000660.KS,2021-02-10,126000.0,D1,Downtrend,Medium,0.003984063745019917,0.6054557800393012
000660.KS,2021-02-15,132000.0,D1,Downtrend,Medium,0.04761904761904767,1.0715017389129318
000660.KS,2021-02-16,132500.0,D1,Downtrend,Medium,0.0037878787878788955,1.0843777124447145
000660.KS,2021-02-17,130000.0,D1,Downtrend,Medium,-0.018867924528301883,0.8456870230097938
000660.KS,2021-02-18,126000.0,D1,Downtrend,Medium,-0.03076923076923077,0.4691666744119479
000660.KS,2021-02-19,133000.0,U1,Uptrend,High,0.05555555555555558,1.0820921908691286
000660.KS,2021-02-22,136500.0,U1,Uptrend,High,0.026315789473684292,1.3782999695683793
000660.KS,2021-02-23,138500.0,U1,Uptrend,High,0.0146520146520146,1.541843849084499
000660.KS,2021-02-24,136000.0,U1,Uptrend,Medium,-0.018050541516245522,1.2877032674643412
000660.KS,2021-02-25,148500.0,U1,Uptrend,High,0.09191176470588225,2.4712453109584454
000660.KS,2021-02-26,141500.0,U1,Uptrend,High,-0.047138047138047146,1.746180352467811
000660.KS,2021-03-02,144500.0,U1,Uptrend,High,0.021201413427561766,2.0572952351875475
000660.KS,2021-03-03,147000.0,U1,Uptrend,High,0.01730103806228378,2.295396855629993
000660.KS,2021-03-04,142000.0,U1,Uptrend,High,-0.03401360544217691,1.69040603786631
000660.KS,2021-03-05,140000.0,U1,Uptrend,High,-0.014084507042253502,1.424750941061402
000660.KS,2021-03-08,135500.0,U1,Uptrend,High,-0.03214285714285714,0.8845373664411983
000660.KS,2021-03-09,136500.0,U1,Uptrend,High,0.007380073800737907,0.9666879654639189
000660.KS,2021-03-10,133000.0,U1,Uptrend,High,-0.02564102564102566,0.5387083189206108
000660.KS,2021-03-11,137000.0,U1,Uptrend,High,0.03007518796992481,0.9741512911124716
000660.KS,2021-03-12,140000.0,U1,Uptrend,High,0.021897810218978186,1.2837198010924975
000660.KS,2021-03-15,136500.0,U1,Uptrend,High,-0.025000000000000022,0.8452314470463744
000660.KS,2021-03-16,140500.0,U1,Uptrend,High,0.0293040293040292,1.282089171013607
000660.KS,2021-03-17,140000.0,U1,Uptrend,High,-0.003558718861209953,1.1852892410614269
000660.KS,2021-03-18,142000.0,U1,Uptrend,High,0.014285714285714235,1.3828182392049648
000660.KS,2021-03-19,138000.0,U1,Uptrend,High,-0.028169014084507005,0.8686234569490278
000660.KS,2021-03-22,138000.0,U1,Uptrend,High,0.0,0.8406408956111012
000660.KS,2021-03-23,135000.0,U1,Uptrend,High,-0.021739130434782594,0.4422020240396037
000660.KS,2021-03-24,133500.0,U1,Uptrend,High,-0.011111111111111072,0.21694967656600816
000660.KS,2021-03-25,133000.0,U1,Uptrend,High,-0.0037453183520599342,0.11595915901676139
000660.KS,2021-03-26,135000.0,U1,Uptrend,Medium,0.015037593984962516,0.3696986958936806
000660.KS,2021-03-29,132000.0,D1,Downtrend,Medium,-0.022222222222222254,-0.11273047895656572
000660.KS,2021-03-30,134500.0,U1,Uptrend,Medium,0.018939393939394034,0.23805630996285815
000660.KS,2021-03-31,132500.0,D1,Downtrend,Medium,-0.014869888475836479,-0.13312018964669659
000660.KS,2021-04-01,140500.0,U1,Uptrend,Medium,0.060377358490566024,1.200783539728309
000660.KS,2021-04-02,141000.0,U1,Uptrend,Medium,0.003558718861210064,1.2427139574743333
000660.KS,2021-04-05,143000.0,U1,Uptrend,Medium,0.014184397163120588,1.5203672715490006
000660.KS,2021-04-06,143000.0,U1,Uptrend,Medium,0.0,1.4687605520369875
000660.KS,2021-04-07,143500.0,U1,Uptrend,Medium,0.0034965034965035446,1.5106479074953834
000660.KS,2021-04-08,144000.0,U1,Uptrend,Medium,0.0034843205574912606,1.5302663011979425
000660.KS,2021-04-09,140000.0,U1,Uptrend,Medium,-0.02777777777777779,0.8693346449139968
000660.KS,2021-04-12,137500.0,U1,Uptrend,Medium,-0.017857142857142905,0.46231106025678825
000660.KS,2021-04-13,139500.0,U1,Uptrend,Medium,0.014545454545454639,0.7528607281266996
000660.KS,2021-04-14,137000.0,U1,Uptrend,Medium,-0.017921146953404965,0.3379080097481563
000660.KS,2021-04-15,137500.0,U1,Uptrend,Medium,0.0036496350364962904,0.3990649836217838
000660.KS,2021-04-16,137500.0,U1,Uptrend,Medium,0.0,0.3816650300957708
000660.KS,2021-04-19,138000.0,U1,Uptrend,Medium,0.0036363636363636598,0.44306128764652764
000660.KS,2021-04-20,138500.0,U1,Uptrend,Medium,0.0036231884057971175,0.5050988230337218
000660.KS,2021-04-21,132500.0,D1,Downtrend,Medium,-0.04332129963898912,-0.4743482564026967
000660.KS,2021-04-22,133000.0,U1,Uptrend,Medium,0.0037735849056603765,-0.3873713556763264
000660.KS,2021-04-23,132500.0,D1,Downtrend,Medium,-0.003759398496240629,-0.4813143940503203
000660.KS,2021-04-26,131500.0,D1,Downtrend,Medium,-0.007547169811320753,-0.6575206534119349
000660.KS,2021-04-27,135000.0,U1,Uptrend,Medium,0.026615969581748944,-0.1194815392862276
000660.KS,2021-04-28,130000.0,D1,Downtrend,Medium,-0.03703703703703709,-1.031251365182703
000660.KS,2021-04-29,130000.0,D1,Downtrend,Medium,0.0,-1.0700549847978318
000660.KS,2021-04-30,128000.0,D1,Downtrend,Medium,-0.01538461538461533,-1.415432041052367
000660.KS,2021-05-03,131500.0,D1,Downtrend,Medium,0.02734375,-0.7942028623323255
000660.KS,2021-05-04,132000.0,D1,Downtrend,Medium,0.0038022813688212143,-0.7468627037180259
000660.KS,2021-05-06,129000.0,D1,Downtrend,Medium,-0.022727272727272707,-1.3183799680204662
000660.KS,2021-05-07,129500.0,D1,Downtrend,Medium,0.003875968992248069,-1.2691295445733923
000660.KS,2021-05-10,130000.0,D1,Downtrend,Medium,0.0038610038610038533,-1.2166492228397963
000660.KS,2021-05-11,123000.0,D1,Downtrend,Medium,-0.05384615384615388,-2.52511892930628
000660.KS,2021-05-12,119500.0,D1,Downtrend,Medium,-0.028455284552845517,-2.9305720347777644
000660.KS,2021-05-13,117500.0,D1,Downtrend,Medium,-0.01673640167364021,-2.9917322971930207
000660.KS,2021-05-14,118500.0,D1,Downtrend,Medium,0.008510638297872353,-2.642075328076027
000660.KS,2021-05-17,117500.0,D1,Downtrend,Medium,-0.008438818565400852,-2.6521200682570254
000660.KS,2021-05-18,121000.0,D1,Downtrend,Medium,0.029787234042553123,-2.028580858441301
000660.KS,2021-05-20,122500.0,D1,Downtrend,Medium,0.012396694214876103,-1.7339096697650564
000660.KS,2021-05-21,122500.0,D1,Downtrend,Medium,0.0,-1.6594979392191096
000660.KS,2021-05-24,119500.0,D1,Downtrend,Medium,-0.024489795918367308,-1.963593239611157
000660.KS,2021-05-25,123000.0,D1,Downtrend,Medium,0.029288702928870203,-1.463067114380535
000660.KS,2021-05-26,123000.0,D1,Downtrend,Medium,0.0,-1.4097231842459115
000660.KS,2021-05-27,125500.0,D1,Downtrend,Medium,0.020325203252032464,-1.0455943404888797
000660.KS,2021-05-28,125000.0,D1,Downtrend,Medium,-0.003984063745019917,-1.0842440829014337
000660.KS,2021-05-31,127000.0,D1,Downtrend,Medium,0.016000000000000014,-0.7838936197189708
000660.KS,2021-06-01,128500.0,D1,Downtrend,Medium,0.011811023622047223,-0.5549367243928365
000660.KS,2021-06-02,126000.0,D1,Downtrend,Medium,-0.01945525291828798,-0.8739369843935186
000660.KS,2021-06-03,129000.0,D1,Downtrend,Medium,0.023809523809523725,-0.44489907314377314
000660.KS,2021-06-04,128500.0,D1,Downtrend,Medium,-0.003875968992248069,-0.5023303735575048
000660.KS,2021-06-07,128500.0,D1,Downtrend,Medium,0.0,-0.48374926261877116
000660.KS,2021-06-08,127500.0,D1,Downtrend,Medium,-0.0077821011673151474,-0.5970647853807952
000660.KS,2021-06-09,122500.0,D1,Downtrend,Medium,-0.039215686274509776,-1.245270940945474
000660.KS,2021-06-10,123000.0,D1,Downtrend,Medium,0.004081632653061273,-1.1386806579747424
000660.KS,2021-06-11,128000.0,D1,Downtrend,Medium,0.04065040650406515,-0.4285194066981511
000660.KS,2021-06-14,127000.0,D1,Downtrend,Medium,-0.0078125,-0.5422684037166716
000660.KS,2021-06-15,128500.0,D1,Downtrend,Medium,0.011811023622047223,-0.31018297169915754
000660.KS,2021-06-16,129500.0,D1,Downtrend,Medium,0.0077821011673151474,-0.14874407064322512
000660.KS,2021-06-17,126500.0,D1,Downtrend,Medium,-0.02316602316602312,-0.5606707534132677
000660.KS,2021-06-18,124500.0,D1,Downtrend,Medium,-0.015810276679841917,-0.8237724500586415
000660.KS,2021-06-21,122000.0,D1,Downtrend,Medium,-0.02008032128514059,-1.144569102115918
000660.KS,2021-06-22,122000.0,D1,Downtrend,Medium,0.0,-1.1066845183865683
000660.KS,2021-06-23,124000.0,D1,Downtrend,Medium,0.016393442622950838,-0.8017756062404665
000660.KS,2021-06-24,126000.0,D1,Downtrend,Medium,0.016129032258064502,-0.5018378279613461
000660.KS,2021-06-25,128500.0,D1,Downtrend,Medium,0.01984126984126977,-0.14088510311321725
000660.KS,2021-06-28,126000.0,D1,Downtrend,Medium,-0.01945525291828798,-0.467971964974532
000660.KS,2021-06-29,125000.0,D1,Downtrend,Medium,-0.007936507936507908,-0.5861418308906041
000660.KS,2021-06-30,127500.0,D1,Downtrend,Medium,0.020000000000000018,-0.188035869893991
000660.KS,2021-07-01,124500.0,D1,Downtrend,Medium,-0.02352941176470591,-0.6223249571163947
000660.KS,2021-07-02,122500.0,D1,Downtrend,Medium,-0.016064257028112428,-0.9240875925613767
000660.KS,2021-07-05,123000.0,D1,Downtrend,Medium,0.004081632653061273,-0.8299649309902065
000660.KS,2021-07-06,125000.0,D1,Downtrend,Medium,0.016260162601626105,-0.4524834634430795
000660.KS,2021-07-07,123500.0,D1,Downtrend,Medium,-0.01200000000000001,-0.7017666734592354
000660.KS,2021-07-08,121500.0,D1,Downtrend,Medium,-0.01619433198380571,-1.0601228013759398
000660.KS,2021-07-09,119500.0,D1,Downtrend,Medium,-0.016460905349794275,-1.4163111308719722
000660.KS,2021-07-12,120000.0,D1,Downtrend,Medium,0.004184100418409997,-1.2937634608393749
000660.KS,2021-07-13,123000.0,D1,Downtrend,Medium,0.02499999999999991,-0.6617578110863698
000660.KS,2021-07-14,123500.0,D1,Downtrend,Medium,0.004065040650406582,-0.5331457413995425
000660.KS,2021-07-15,123500.0,D1,Downtrend,Medium,0.0,-0.5127589389529718
000660.KS,2021-07-16,121500.0,D1,Downtrend,Medium,-0.01619433198380571,-0.9666321858801211
000660.KS,2021-07-19,119000.0,D1,Downtrend,Medium,-0.020576131687242816,-1.5373777125938008
000660.KS,2021-07-20,118500.0,D1,Downtrend,Medium,-0.004201680672268893,-1.6130252898647073
000660.KS,2021-07-21,117000.0,D1,Downtrend,Medium,-0.012658227848101222,-1.9089859014806885
000660.KS,2021-07-22,119500.0,D1,Downtrend,Medium,0.02136752136752129,-1.283660433814377
000660.KS,2021-07-23,118500.0,D1,Downtrend,Medium,-0.008368200836820106,-1.4897334635613941
000660.KS,2021-07-26,117000.0,D1,Downtrend,Medium,-0.012658227848101222,-1.8026060372003676
000660.KS,2021-07-27,116000.0,D1,Downtrend,Medium,-0.008547008547008517,-1.9564003946658812
000660.KS,2021-07-28,114000.0,D1,Downtrend,Medium,-0.017241379310344862,-2.3399444540041006
000660.KS,2021-07-29,114000.0,D1,Downtrend,Medium,0.0,-2.249279663679411
000660.KS,2021-07-30,112500.0,D1,Downtrend,Medium,-0.013157894736842146,-2.451893907538147
000660.KS,2021-08-02,116000.0,D1,Downtrend,Medium,0.03111111111111109,-1.5793481876797493
000660.KS,2021-08-03,120000.0,D1,Downtrend,Medium,0.034482758620689724,-0.6213943159033715
000660.KS,2021-08-04,121000.0,D1,Downtrend,Medium,0.008333333333333304,-0.3747925415611952
000660.KS,2021-08-05,120000.0,D1,Downtrend,Medium,-0.008264462809917328,-0.6155754116189388
000660.KS,2021-08-06,118000.0,D1,Downtrend,Medium,-0.01666666666666672,-1.096691477812991
000660.KS,2021-08-09,116000.0,D1,Downtrend,Medium,-0.016949152542372836,-1.5446863736158531
000660.KS,2021-08-10,112500.0,D1,Downtrend,Medium,-0.030172413793103425,-2.271430837074586
000660.KS,2021-08-11,105500.0,D1,Downtrend,Medium,-0.06222222222222218,-3.4085939109437966
000660.KS,2021-08-12,100500.0,D2,Downtrend,Medium,-0.04739336492891,-3.7799781034073954
000660.KS,2021-08-13,101500.0,D2,Downtrend,Medium,0.00995024875621886,-3.211190420132981
000660.KS,2021-08-17,101500.0,D2,Downtrend,Medium,0.0,-2.9233484071808595
000660.KS,2021-08-18,104000.0,D1,Downtrend,Medium,0.024630541871921263,-2.381118782682771
000660.KS,2021-08-19,102500.0,D2,Downtrend,Medium,-0.014423076923076872,-2.415135333447427
000660.KS,2021-08-20,102500.0,D2,Downtrend,Medium,0.0,-2.2654759671960245
000660.KS,2021-08-23,103000.0,D2,Downtrend,Medium,0.004878048780487809,-2.079363544844396
000660.KS,2021-08-24,105000.0,D1,Downtrend,Medium,0.01941747572815533,-1.7504422980389975
000660.KS,2021-08-25,103500.0,D1,Downtrend,Medium,-0.014285714285714235,-1.8453577824760228
000660.KS,2021-08-26,104000.0,D1,Downtrend,Medium,0.004830917874396157,-1.7080618503852283
000660.KS,2021-08-27,103500.0,D1,Downtrend,Medium,-0.004807692307692291,-1.695282005952751
000660.KS,2021-08-30,103500.0,D1,Downtrend,Medium,0.0,-1.6290190373493894
000660.KS,2021-08-31,106500.0,D1,Downtrend,Medium,0.02898550724637672,-1.2446204010442532
000660.KS,2021-09-01,108000.0,D1,Downtrend,Medium,0.014084507042253502,-1.0388837367995132
000660.KS,2021-09-02,106500.0,D1,Downtrend,Medium,-0.01388888888888884,-1.1695326098664771
000660.KS,2021-09-03,107000.0,D1,Downtrend,Medium,0.0046948356807512415,-1.076422623454494
000660.KS,2021-09-06,106000.0,D1,Downtrend,Medium,-0.009345794392523366,-1.1510397996991668
000660.KS,2021-09-07,104500.0,D1,Downtrend,Medium,-0.014150943396226467,-1.2763666495007262
000660.KS,2021-09-08,106000.0,D1,Downtrend,Medium,0.014354066985645897,-1.0734654742874814
000660.KS,2021-09-09,103000.0,D2,Downtrend,Medium,-0.028301886792452824,-1.3722202128345238
000660.KS,2021-09-10,105000.0,D1,Downtrend,Medium,0.01941747572815533,-1.1075918643016767
000660.KS,2021-09-13,106500.0,D1,Downtrend,Medium,0.014285714285714235,-0.9046375539549708
000660.KS,2021-09-14,107500.0,D1,Downtrend,Medium,0.009389671361502261,-0.7628451936355195
000660.KS,2021-09-15,107500.0,D1,Downtrend,Medium,0.0,-0.7367901336375752
000660.KS,2021-09-16,104000.0,D1,Downtrend,Medium,-0.032558139534883734,-1.1047620922586305
000660.KS,2021-09-17,107000.0,D1,Downtrend,Medium,0.028846153846153744,-0.7303509748595861
000660.KS,2021-09-23,105500.0,D1,Downtrend,Medium,-0.014018691588784993,-0.880579283355676
000660.KS,2021-09-24,104000.0,D1,Downtrend,Medium,-0.014218009478673022,-1.0297630374693605
000660.KS,2021-09-27,104500.0,D1,Downtrend,Medium,0.004807692307692291,-0.9393191965514508
000660.KS,2021-09-28,103500.0,D1,Downtrend,Medium,-0.009569377990430672,-1.036362386800141
000660.KS,2021-09-29,100000.0,D2,Downtrend,Medium,-0.033816425120772986,-1.43282154082822
000660.KS,2021-09-30,103000.0,D2,Downtrend,Medium,0.030000000000000027,-1.020503107746313
000660.KS,2021-10-01,100000.0,D2,Downtrend,Medium,-0.029126213592232997,-1.3607089627953768
000660.KS,2021-10-05,97900.0,D2,Downtrend,Medium,-0.02100000000000002,-1.584975533972573
000660.KS,2021-10-06,96500.0,D2,Downtrend,Medium,-0.01430030643513791,-1.7087189235820621
000660.KS,2021-10-07,95700.0,D2,Downtrend,Medium,-0.00829015544041456,-1.7452361351772085
000660.KS,2021-10-08,94000.0,D2,Downtrend,Medium,-0.017763845350052265,-1.8783414783281154
000660.KS,2021-10-12,91500.0,D2,Downtrend,Medium,-0.02659574468085102,-2.0887262663987527
000660.KS,2021-10-13,92000.0,D2,Downtrend,Medium,0.005464480874316946,-1.9532033763016012
000660.KS,2021-10-14,93800.0,D2,Downtrend,Medium,0.019565217391304346,-1.6839596334296723
000660.KS,2021-10-15,98400.0,D2,Downtrend,Medium,0.049040511727078906,-1.0884028585429544
000660.KS,2021-10-18,97100.0,D2,Downtrend,Medium,-0.013211382113821113,-1.223327130153856
000660.KS,2021-10-19,97700.0,D2,Downtrend,Medium,0.006179196704428458,-1.113062788295304
000660.KS,2021-10-20,97900.0,D2,Downtrend,Medium,0.0020470829068577334,-1.0557512169626257
000660.KS,2021-10-21,96300.0,D2,Downtrend,Medium,-0.01634320735444328,-1.2300924534447886
000660.KS,2021-10-22,98500.0,D2,Downtrend,Medium,0.022845275181723856,-0.9106037530354637
000660.KS,2021-10-25,100000.0,D2,Downtrend,Medium,0.015228426395939021,-0.68011990116416
000660.KS,2021-10-26,102000.0,D2,Downtrend,Medium,0.020000000000000018,-0.3729173947684355
000660.KS,2021-10-27,101500.0,D2,Downtrend,Medium,-0.004901960784313708,-0.4194022525454669
000660.KS,2021-10-28,106500.0,D1,Downtrend,Medium,0.049261083743842304,0.3413350348021184
000660.KS,2021-10-29,103000.0,D2,Downtrend,Medium,-0.032863849765258246,-0.15848616174052013
000660.KS,2021-11-01,106500.0,D1,Downtrend,Medium,0.03398058252427183,0.39620846421628875
000660.KS,2021-11-02,107500.0,D1,Downtrend,Medium,0.009389671361502261,0.5890128966042829
000660.KS,2021-11-03,105500.0,D1,Downtrend,Medium,-0.018604651162790753,0.3284336768667456
000660.KS,2021-11-04,106000.0,D1,Downtrend,Medium,0.004739336492890933,0.4924453974659432
000660.KS,2021-11-05,107000.0,D1,Downtrend,Medium,0.009433962264151052,0.7759981565893437
000660.KS,2021-11-08,107500.0,D1,Downtrend,Medium,0.004672897196261738,0.9792208608801679
000660.KS,2021-11-09,109000.0,D1,Downtrend,Medium,0.013953488372093092,1.3993645096785656
000660.KS,2021-11-10,108500.0,D1,Downtrend,Medium,-0.004587155963302725,1.3378099149187521
000660.KS,2021-11-11,107500.0,D1,Downtrend,Medium,-0.009216589861751112,1.090789985186314
000660.KS,2021-11-12,106500.0,D1,Downtrend,Medium,-0.009302325581395321,0.8343906803077478
000660.KS,2021-11-15,111000.0,D1,Downtrend,Medium,0.04225352112676051,1.7812779794580196
000660.KS,2021-11-16,112000.0,D1,Downtrend,Medium,0.009009009009008917,1.9049088870798914
000660.KS,2021-11-17,110500.0,D1,Downtrend,Medium,-0.013392857142857095,1.5257330346636586
000660.KS,2021-11-18,110000.0,D1,Downtrend,Medium,-0.004524886877828038,1.3707955783446195
000660.KS,2021-11-19,111500.0,D1,Downtrend,Medium,0.013636363636363669,1.6153996969452717
000660.KS,2021-11-22,119500.0,D1,Downtrend,Medium,0.0717488789237668,2.9434816018552987
000660.KS,2021-11-23,119000.0,D1,Downtrend,Medium,-0.004184100418409997,2.6335382200320887
000660.KS,2021-11-24,119500.0,D1,Downtrend,Medium,0.004201680672268893,2.523876449443107
000660.KS,2021-11-25,117500.0,D1,Downtrend,Medium,-0.01673640167364021,2.071957450583858
000660.KS,2021-11-26,115500.0,D1,Downtrend,Medium,-0.017021276595744705,1.677376875904943
000660.KS,2021-11-29,116000.0,D1,Downtrend,Medium,0.0043290043290042934,1.6811059523046166
000660.KS,2021-11-30,114000.0,D1,Downtrend,Medium,-0.017241379310344862,1.3362635624574082
000660.KS,2021-12-01,116500.0,D1,Downtrend,Medium,0.021929824561403466,1.6532558109332454
000660.KS,2021-12-02,120000.0,D1,Downtrend,Medium,0.030042918454935563,2.056096706545797
000660.KS,2021-12-03,118000.0,D1,Downtrend,Medium,-0.01666666666666672,1.703364488445314
000660.KS,2021-12-06,118500.0,D1,Downtrend,Medium,0.004237288135593209,1.6997003948475415
000660.KS,2021-12-07,121500.0,D1,Downtrend,Medium,0.025316455696202445,1.993912344090231
000660.KS,2021-12-08,120000.0,D1,Downtrend,Medium,-0.012345679012345734,1.7228526517871787
000660.KS,2021-12-09,123500.0,D1,Downtrend,Medium,0.029166666666666563,2.047713195675022
000660.KS,2021-12-10,120500.0,D1,Downtrend,Medium,-0.02429149797570851,1.61305174537465
000660.KS,2021-12-13,121500.0,D1,Downtrend,Medium,0.008298755186721962,1.6616300874659011
000660.KS,2021-12-14,121000.0,D1,Downtrend,Medium,-0.004115226337448541,1.5444118212676132
000660.KS,2021-12-15,123500.0,D1,Downtrend,Medium,0.02066115702479343,1.7510270658957434
000660.KS,2021-12-16,124000.0,D1,Downtrend,Medium,0.004048582995951344,1.7260533279189285
000660.KS,2021-12-17,122000.0,D1,Downtrend,Medium,-0.016129032258064502,1.4552233658451181
000660.KS,2021-12-20,120500.0,D1,Downtrend,Medium,-0.012295081967213073,1.2528367695905018
000660.KS,2021-12-21,124500.0,D1,Downtrend,Medium,0.03319502074688807,1.6033049676347555
000660.KS,2021-12-22,127000.0,D1,Downtrend,Medium,0.02008032128514059,1.7747702018730371
000660.KS,2021-12-23,127500.0,D1,Downtrend,Medium,0.003937007874015741,1.7424950638479502
000660.KS,2021-12-24,128000.0,D1,Downtrend,Medium,0.0039215686274509665,1.7142548002741824
000660.KS,2021-12-27,126000.0,D1,Downtrend,Medium,-0.015625,1.4636786480479584
000660.KS,2021-12-28,127500.0,D1,Downtrend,Medium,0.011904761904761862,1.5430970940560407
000660.KS,2021-12-29,127000.0,D1,Downtrend,Medium,-0.0039215686274509665,1.44348287137242
000660.KS,2021-12-30,131000.0,D1,Downtrend,Medium,0.03149606299212593,1.744448172200796
000660.KS,2022-01-04,128500.0,D1,Downtrend,Medium,-0.01908396946564883,1.4655419618658683
000660.KS,2022-01-05,125500.0,D1,Downtrend,Medium,-0.023346303501945553,1.157152737320535
000660.KS,2022-01-06,125000.0,D1,Downtrend,Medium,-0.003984063745019917,1.0863428834190902
000660.KS,2022-01-07,127000.0,D1,Downtrend,Medium,0.016000000000000014,1.2532553921644614
000660.KS,2022-01-10,124500.0,D1,Downtrend,Medium,-0.019685039370078705,0.9839229835368407
000660.KS,2022-01-11,128000.0,D1,Downtrend,Medium,0.028112449799196693,1.3002754508516996
000660.KS,2022-01-12,128500.0,D1,Downtrend,Medium,0.00390625,1.3180023558105707
000660.KS,2022-01-13,129500.0,D1,Downtrend,Medium,0.0077821011673151474,1.3866126597749906
000660.KS,2022-01-14,128500.0,D1,Downtrend,Medium,-0.007722007722007707,1.2522529027283982
000660.KS,2022-01-17,127000.0,D1,Downtrend,Medium,-0.011673151750972721,1.0718877184027054
000660.KS,2022-01-18,126500.0,D1,Downtrend,Medium,-0.003937007874015741,0.9945606350991112
000660.KS,2022-01-19,127000.0,D1,Downtrend,Medium,0.0039525691699604515,1.0286128682619606
000660.KS,2022-01-20,125000.0,D1,Downtrend,Medium,-0.015748031496062964,0.7689990435122805
000660.KS,2022-01-21,119000.0,D1,Downtrend,Medium,-0.04800000000000004,0.00837924613708832
000660.KS,2022-01-24,119000.0,D1,Downtrend,Medium,0.0,-0.018192864208743182
000660.KS,2022-01-25,118000.0,D1,Downtrend,Medium,-0.008403361344537785,-0.18567319750497716
000660.KS,2022-01-26,118000.0,D1,Downtrend,Medium,0.0,-0.21675805764509834
000660.KS,2022-01-27,113500.0,D1,Downtrend,Medium,-0.03813559322033899,-0.8616288574309963
000660.KS,2022-01-28,120500.0,D1,Downtrend,Medium,0.06167400881057272,0.08175905663064789
000660.KS,2022-02-03,124000.0,D1,Downtrend,Medium,0.029045643153526868,0.5619002416781935
000660.KS,2022-02-04,124500.0,D1,Downtrend,Medium,0.0040322580645162365,0.611972845758976
000660.KS,2022-02-07,123000.0,D1,Downtrend,Medium,-0.012048192771084376,0.3533661172484019
000660.KS,2022-02-08,123000.0,D1,Downtrend,Medium,0.0,0.3259472708412087
000660.KS,2022-02-09,123000.0,D1,Downtrend,Medium,0.0,0.29705081594916866
000660.KS,2022-02-10,129500.0,D1,Downtrend,Medium,0.05284552845528445,1.3881472186697243
000660.KS,2022-02-11,132000.0,D1,Downtrend,Medium,0.019305019305019266,1.818231787652321
000660.KS,2022-02-14,132500.0,D1,Downtrend,Medium,0.0037878787878788955,1.8549671007776058
000660.KS,2022-02-15,127000.0,D1,Downtrend,Medium,-0.04150943396226414,0.8196930096018267
000660.KS,2022-02-16,130500.0,D1,Downtrend,Medium,0.027559055118110187,1.459132944858256
000660.KS,2022-02-17,133000.0,U1,Uptrend,Medium,0.019157088122605304,1.9186286994112955
000660.KS,2022-02-18,131500.0,D1,Downtrend,Medium,-0.011278195488721776,1.5977357954199323
000660.KS,2022-02-21,131500.0,D1,Downtrend,Medium,0.0,1.53467975759416
000660.KS,2022-02-22,131500.0,D1,Downtrend,Medium,0.0,1.4768252044351429
000660.KS,2022-02-23,131500.0,D1,Downtrend,Medium,0.0,1.4220473246383372
000660.KS,2022-02-24,122500.0,D1,Downtrend,High,-0.0684410646387833,-0.38169878165265164
000660.KS,2022-02-25,123000.0,D1,Downtrend,Medium,0.004081632653061273,-0.31490018616731696
000660.KS,2022-02-28,123000.0,D1,Downtrend,Medium,0.0,-0.3480597044760198
000660.KS,2022-03-02,125000.0,D1,Downtrend,Medium,0.016260162601626105,0.038845629240210476
000660.KS,2022-03-03,129000.0,D1,Downtrend,Medium,0.03200000000000003,0.9012416686666194
000660.KS,2022-03-04,129000.0,D1,Downtrend,Medium,0.0,0.8713451565576149
000660.KS,2022-03-07,119500.0,D1,Downtrend,High,-0.0736434108527132,-1.3144887038259139
000660.KS,2022-03-08,118000.0,D1,Downtrend,High,-0.012552301255230103,-1.6528257008608533
000660.KS,2022-03-10,118000.0,D1,Downtrend,High,0.0,-1.612339462777262
000660.KS,2022-03-11,118000.0,D1,Downtrend,High,0.0,-1.5880955642487828
000660.KS,2022-03-14,116000.0,D1,Downtrend,Medium,-0.016949152542372836,-1.942776144593853
000660.KS,2022-03-15,116000.0,D1,Downtrend,Medium,0.0,-1.882125115134185
000660.KS,2022-03-16,116000.0,D1,Downtrend,Medium,0.0,-1.817112894359661
000660.KS,2022-03-17,116000.0,D1,Downtrend,Medium,0.0,-1.760607785588314
000660.KS,2022-03-18,124000.0,D1,Downtrend,Medium,0.06896551724137923,-0.14956814260927162
000660.KS,2022-03-21,124000.0,D1,Downtrend,Medium,0.0,-0.14956814260927162
000660.KS,2022-03-22,123500.0,D1,Downtrend,Medium,-0.0040322580645161255,-0.25597320203358354
000660.KS,2022-03-23,123500.0,D1,Downtrend,Medium,0.0,-0.2676333790743016
000660.KS,2022-03-24,120500.0,D1,Downtrend,Medium,-0.02429149797570851,-0.858406998821836
000660.KS,2022-03-25,118000.0,D1,Downtrend,High,-0.020746887966805017,-1.3153709056236125
000660.KS,2022-03-28,118000.0,D1,Downtrend,Medium,0.0,-1.2695178592552603
000660.KS,2022-03-29,120000.0,D1,Downtrend,Medium,0.016949152542372836,-0.8474105271896458
000660.KS,2022-03-30,121000.0,D1,Downtrend,Medium,0.008333333333333304,-0.6327401237988571
000660.KS,2022-03-31,118000.0,D1,Downtrend,Medium,-0.024793388429752095,-1.1801048189399015
000660.KS,2022-04-01,116000.0,D1,Downtrend,Medium,-0.016949152542372836,-1.5073938512734943
000660.KS,2022-04-04,117000.0,D1,Downtrend,Medium,0.008620689655172376,-1.2741467324361164
000660.KS,2022-04-05,116500.0,D1,Downtrend,Medium,-0.004273504273504258,-1.3213083168616504
000660.KS,2022-04-06,113000.0,D1,Downtrend,Medium,-0.030042918454935674,-1.8887684346394091
000660.KS,2022-04-07,113500.0,D1,Downtrend,Medium,0.004424778761061843,-1.7174151786086296
000660.KS,2022-04-08,112000.0,D1,Downtrend,Medium,-0.013215859030836996,-1.8897207663431417
000660.KS,2022-04-11,111500.0,D1,Downtrend,Medium,-0.004464285714285698,-1.8806872932660297
000660.KS,2022-04-12,111000.0,D1,Downtrend,Medium,-0.004484304932735439,-1.872303017456279
000660.KS,2022-04-13,113000.0,D1,Downtrend,Medium,0.018018018018018056,-1.482998604723061
000660.KS,2022-04-14,110000.0,D1,Downtrend,Medium,-0.026548672566371723,-1.8863681755730994
000660.KS,2022-04-15,108000.0,D1,Downtrend,Medium,-0.018181818181818188,-2.09215110330978
000660.KS,2022-04-18,109000.0,D1,Downtrend,Medium,0.0092592592592593,-1.8449095574490864
000660.KS,2022-04-19,112500.0,D1,Downtrend,Medium,0.032110091743119185,-1.264330285772315
000660.KS,2022-04-20,112500.0,D1,Downtrend,Medium,0.0,-1.2210268792957366
000660.KS,2022-04-21,113000.0,D1,Downtrend,Medium,0.004444444444444473,-1.107852098018118
000660.KS,2022-04-22,110500.0,D1,Downtrend,Medium,-0.02212389380530977,-1.4352895120574036
000660.KS,2022-04-25,108000.0,D1,Downtrend,Medium,-0.022624434389140302,-1.730120589666242
000660.KS,2022-04-26,111000.0,D1,Downtrend,Medium,0.02777777777777768,-1.2666536779141886
000660.KS,2022-04-27,108500.0,D1,Downtrend,Medium,-0.022522522522522515,-1.5647092291824214
000660.KS,2022-04-28,109500.0,D1,Downtrend,Medium,0.009216589861751112,-1.4020219593047742
000660.KS,2022-04-29,112500.0,D1,Downtrend,Medium,0.027397260273972712,-0.9649919653012885
000660.KS,2022-05-02,110500.0,D1,Downtrend,Medium,-0.01777777777777778,-1.1949912914962755
000660.KS,2022-05-03,110000.0,D1,Downtrend,Medium,-0.004524886877828038,-1.2189383494475268
000660.KS,2022-05-04,109500.0,D1,Downtrend,Medium,-0.004545454545454519,-1.2416961744130992
000660.KS,2022-05-06,107500.0,D1,Downtrend,Medium,-0.0182648401826484,-1.4483542281202837
000660.KS,2022-05-10,110000.0,D1,Downtrend,Medium,0.023255813953488413,-1.0872449718978503
000660.KS,2022-05-11,110500.0,D1,Downtrend,Medium,0.00454545454545463,-0.9911524436069298
000660.KS,2022-05-12,109000.0,D1,Downtrend,Medium,-0.013574660633484115,-1.1562884577519736
000660.KS,2022-05-13,112500.0,D1,Downtrend,Medium,0.032110091743119185,-0.6686549800820346
000660.KS,2022-05-16,110500.0,D1,Downtrend,Medium,-0.01777777777777778,-0.9111344038841804
000660.KS,2022-05-17,112500.0,D1,Downtrend,Medium,0.018099547511312153,-0.6109836698004251
000660.KS,2022-05-18,113500.0,D1,Downtrend,Medium,0.008888888888888946,-0.4435122243697003
000660.KS,2022-05-19,111000.0,D1,Downtrend,Medium,-0.022026431718061623,-0.7927957023219655
000660.KS,2022-05-20,112500.0,D1,Downtrend,Medium,0.013513513513513598,-0.5387664190795877
000660.KS,2022-05-23,113000.0,D1,Downtrend,Medium,0.004444444444444473,-0.4322137818651444
000660.KS,2022-05-24,108500.0,D1,Downtrend,Medium,-0.03982300884955747,-1.1997497647310178
000660.KS,2022-05-25,108000.0,D1,Downtrend,Medium,-0.004608294930875556,-1.2485641508786898
000660.KS,2022-05-26,103000.0,D2,Downtrend,Medium,-0.04629629629629628,-2.0527720075985085
000660.KS,2022-05-27,106000.0,D1,Downtrend,Medium,0.029126213592232997,-1.4713774291710024
000660.KS,2022-05-30,107000.0,D1,Downtrend,Medium,0.009433962264151052,-1.2634503780162718
000660.KS,2022-05-31,108000.0,D1,Downtrend,Medium,0.009345794392523255,-1.0799765083176311
000660.KS,2022-06-02,107000.0,D1,Downtrend,Medium,-0.0092592592592593,-1.2835046783957529
000660.KS,2022-06-03,107000.0,D1,Downtrend,Medium,0.0,-1.2417633253149554
000660.KS,2022-06-07,104000.0,D1,Downtrend,Medium,-0.028037383177570097,-1.773998307085584
000660.KS,2022-06-08,106000.0,D1,Downtrend,Medium,0.019230769230769162,-1.324229931440946
000660.KS,2022-06-09,105500.0,D1,Downtrend,Medium,-0.004716981132075526,-1.3734498976187177
000660.KS,2022-06-10,103500.0,D1,Downtrend,Medium,-0.018957345971563955,-1.692905115301515
000660.KS,2022-06-13,99000.0,D2,Downtrend,Medium,-0.04347826086956519,-2.395553762950523
000660.KS,2022-06-14,99100.0,D2,Downtrend,Medium,0.0010101010101009056,-2.2336022736577172
000660.KS,2022-06-15,97900.0,D2,Downtrend,Medium,-0.012108980827447047,-2.29418393856708
000660.KS,2022-06-16,97400.0,D2,Downtrend,Medium,-0.005107252298263587,-2.2910134565096616
000660.KS,2022-06-17,96400.0,D2,Downtrend,Medium,-0.010266940451745366,-2.367468669047624
000660.KS,2022-06-20,94500.0,D2,Downtrend,Medium,-0.01970954356846477,-2.5634646260687526
000660.KS,2022-06-21,95200.0,D2,Downtrend,Medium,0.007407407407407307,-2.357526737371582
000660.KS,2022-06-22,92200.0,D2,Downtrend,Medium,-0.031512605042016806,-2.6749946942728218
000660.KS,2022-06-23,90200.0,D2,Downtrend,Medium,-0.021691973969631184,-2.7687759219025394
000660.KS,2022-06-24,91600.0,D2,Downtrend,Medium,0.015521064301552201,-2.4061236436175317
000660.KS,2022-06-27,95000.0,D2,Downtrend,Medium,0.037117903930131035,-1.843360968698045
000660.KS,2022-06-28,95300.0,D2,Downtrend,Medium,0.0031578947368420263,-1.7483346299442009
000660.KS,2022-06-29,94000.0,D2,Downtrend,Medium,-0.01364113326337879,-1.8625332106433126
000660.KS,2022-06-30,91000.0,D2,Downtrend,Medium,-0.03191489361702127,-2.176102715486435
000660.KS,2022-07-01,87500.0,D2,Downtrend,Medium,-0.038461538461538436,-2.503295154928405
000660.KS,2022-07-04,89100.0,D2,Downtrend,Medium,0.01828571428571424,-2.1707235638062583
000660.KS,2022-07-05,92500.0,D2,Downtrend,Medium,0.038159371492704874,-1.6499244161490476
000660.KS,2022-07-06,92100.0,D2,Downtrend,Medium,-0.00432432432432428,-1.633724884175735
000660.KS,2022-07-07,93900.0,D2,Downtrend,Medium,0.019543973941368087,-1.351891172102749
000660.KS,2022-07-08,94800.0,D2,Downtrend,Medium,0.009584664536741228,-1.1950330697755642
000660.KS,2022-07-11,93700.0,D2,Downtrend,Medium,-0.011603375527426185,-1.2874365116805855
000660.KS,2022-07-12,93300.0,D2,Downtrend,Medium,-0.004268943436499417,-1.2921856698764105
000660.KS,2022-07-13,94000.0,D2,Downtrend,Medium,0.007502679528403,-1.1637463054422459
000660.KS,2022-07-14,94000.0,D2,Downtrend,Medium,0.0,-1.1254974154292263
000660.KS,2022-07-15,98700.0,D2,Downtrend,Medium,0.050000000000000044,-0.5248896876228153
000660.KS,2022-07-18,101000.0,D2,Downtrend,Medium,0.023302938196555267,-0.21900470403418204
000660.KS,2022-07-19,100000.0,D2,Downtrend,Medium,-0.00990099009900991,-0.32205672371359706
000660.KS,2022-07-20,102000.0,D2,Downtrend,Medium,0.020000000000000018,-0.04592389666683811
000660.KS,2022-07-21,102500.0,D2,Downtrend,Medium,0.004901960784313708,0.035965208601641145
000660.KS,2022-07-22,100000.0,D2,Downtrend,Medium,-0.024390243902439046,-0.2728438407895601
000660.KS,2022-07-25,100000.0,D2,Downtrend,Medium,0.0,-0.25172671744122427
000660.KS,2022-07-26,100500.0,D2,Downtrend,Medium,0.004999999999999893,-0.16917815072461917
000660.KS,2022-07-27,100000.0,D2,Downtrend,Medium,-0.00497512437810943,-0.21646116845363816
000660.KS,2022-07-28,99400.0,D2,Downtrend,Medium,-0.006000000000000005,-0.2724905032534214
000660.KS,2022-07-29,97900.0,D2,Downtrend,Medium,-0.015090543259557387,-0.4538207656263948
000660.KS,2022-08-01,97100.0,D2,Downtrend,Medium,-0.008171603677221695,-0.5401901085529154
000660.KS,2022-08-02,96500.0,D2,Downtrend,Medium,-0.006179196704428458,-0.5991911737775496
000660.KS,2022-08-03,97500.0,D2,Downtrend,Medium,0.010362694300518172,-0.4375980403891972
000660.KS,2022-08-04,97500.0,D2,Downtrend,Medium,0.0,-0.4138682944382339
000660.KS,2022-08-05,98500.0,D2,Downtrend,Medium,0.01025641025641022,-0.24581958586525277
000660.KS,2022-08-08,96300.0,D2,Downtrend,Medium,-0.022335025380710638,-0.5432423865611274
000660.KS,2022-08-09,95100.0,D2,Downtrend,Medium,-0.012461059190031154,-0.6961450366399298
000660.KS,2022-08-10,91800.0,D2,Downtrend,Medium,-0.034700315457413256,-1.1644989341427416
000660.KS,2022-08-11,93300.0,D2,Downtrend,Medium,0.016339869281045694,-0.9107083219082502
000660.KS,2022-08-12,93300.0,D2,Downtrend,Medium,0.0,-0.8927677876735969
000660.KS,2022-08-16,96700.0,D2,Downtrend,Medium,0.03644158628081451,-0.3030731615986094
000660.KS,2022-08-17,97100.0,D2,Downtrend,Medium,0.004136504653567741,-0.20090482540675023
000660.KS,2022-08-18,95700.0,D2,Downtrend,Medium,-0.01441812564366629,-0.427581463904605
000660.KS,2022-08-19,96400.0,D2,Downtrend,Medium,0.007314524555903867,-0.263829893241653
000660.KS,2022-08-22,95200.0,D2,Downtrend,Medium,-0.012448132780082943,-0.47691514597228785
000660.KS,2022-08-23,93600.0,D2,Downtrend,Medium,-0.01680672268907568,-0.7792796535039471
000660.KS,2022-08-24,93200.0,D2,Downtrend,Medium,-0.004273504273504258,-0.8366086210914101
000660.KS,2022-08-25,94100.0,D2,Downtrend,Medium,0.00965665236051505,-0.6218745564425503
000660.KS,2022-08-26,95100.0,D2,Downtrend,Medium,0.010626992561105109,-0.3737777015330344
000660.KS,2022-08-29,92500.0,D2,Downtrend,Medium,-0.02733964248159837,-0.9617614719385363
000660.KS,2022-08-30,93200.0,D2,Downtrend,Medium,0.00756756756756749,-0.7775168372249354
000660.KS,2022-08-31,95200.0,D2,Downtrend,Medium,0.02145922746781115,-0.23654186256770918
000660.KS,2022-09-01,92400.0,D2,Downtrend,Medium,-0.02941176470588236,-0.969776415097916
000660.KS,2022-09-02,91700.0,D2,Downtrend,Medium,-0.007575757575757569,-1.1635902061869878
000660.KS,2022-09-05,91100.0,D2,Downtrend,Medium,-0.0065430752453653485,-1.3235037055605339
000660.KS,2022-09-06,91800.0,D2,Downtrend,Medium,0.007683863885839637,-1.0732304309575211
000660.KS,2022-09-07,90400.0,D2,Downtrend,Medium,-0.015250544662309351,-1.4472696413224535
000660.KS,2022-09-08,90400.0,D2,Downtrend,Medium,0.0,-1.3938207158148872
000660.KS,2022-09-13,94800.0,D2,Downtrend,Medium,0.04867256637168138,-0.05933292692132889
000660.KS,2022-09-14,93000.0,D2,Downtrend,Medium,-0.01898734177215189,-0.5844621061320473
000660.KS,2022-09-15,92000.0,D2,Downtrend,Medium,-0.010752688172043001,-0.8676264424521932
000660.KS,2022-09-16,91200.0,D2,Downtrend,Medium,-0.008695652173912993,-1.076319311765495
000660.KS,2022-09-19,90000.0,D2,Downtrend,Medium,-0.013157894736842146,-1.4041227990227931
000660.KS,2022-09-20,88000.0,D2,Downtrend,Medium,-0.022222222222222254,-1.9440748482139405
000660.KS,2022-09-21,88000.0,D2,Downtrend,Medium,0.0,-1.8805894982792872
000660.KS,2022-09-22,86000.0,D2,Downtrend,Medium,-0.022727272727272707,-2.289174142391115
000660.KS,2022-09-23,83500.0,D2,Downtrend,Medium,-0.029069767441860517,-2.715925078663558
000660.KS,2022-09-26,82500.0,D2,Downtrend,Medium,-0.0119760479041916,-2.725234209494786
000660.KS,2022-09-27,82000.0,D2,Downtrend,Medium,-0.0060606060606061,-2.6448420913952293
000660.KS,2022-09-28,81200.0,D2,Downtrend,Medium,-0.009756097560975618,-2.6682893234959533
000660.KS,2022-09-29,80800.0,D2,Downtrend,Medium,-0.0049261083743842304,-2.584470798606625
000660.KS,2022-09-30,83100.0,D2,Downtrend,Medium,0.02846534653465338,-2.020853658893067
000660.KS,2022-10-04,86200.0,D2,Downtrend,Medium,0.03730445246690728,-1.3835006159976488
000660.KS,2022-10-05,89800.0,D2,Downtrend,Medium,0.0417633410672853,-0.6866104025057488
000660.KS,2022-10-06,89900.0,D2,Downtrend,Medium,0.00111358574610243,-0.6503582098109014
000660.KS,2022-10-07,91200.0,D2,Downtrend,Medium,0.014460511679644128,-0.39776391162853536
000660.KS,2022-10-11,90200.0,D2,Downtrend,Medium,-0.010964912280701733,-0.5740572006951531
000660.KS,2022-10-12,94000.0,D2,Downtrend,Medium,0.04212860310421296,0.13688816464159387
000660.KS,2022-10-13,94900.0,D2,Downtrend,Medium,0.009574468085106425,0.3022741502291831
000660.KS,2022-10-14,95500.0,D2,Downtrend,Medium,0.006322444678608985,0.4275574804858246
000660.KS,2022-10-17,95200.0,D2,Downtrend,Medium,-0.003141361256544517,0.39611306153128084
000660.KS,2022-10-18,95800.0,D2,Downtrend,Medium,0.006302521008403339,0.5312436169266839
000660.KS,2022-10-19,92900.0,D2,Downtrend,Medium,-0.030271398747390377,-0.002325869543892467
000660.KS,2022-10-20,90200.0,D2,Downtrend,Medium,-0.0290635091496233,-0.5150693941635985
000660.KS,2022-10-21,90500.0,D2,Downtrend,Medium,0.003325942350332678,-0.4286020273525206
000660.KS,2022-10-24,91800.0,D2,Downtrend,Medium,0.01436464088397793,-0.1307374565615943
000660.KS,2022-10-25,93500.0,D2,Downtrend,Medium,0.0185185185185186,0.26429897374438677
000660.KS,2022-10-26,93900.0,D2,Downtrend,Medium,0.004278074866310266,0.38341398689710915
000660.KS,2022-10-27,90000.0,D2,Downtrend,Medium,-0.04153354632587858,-0.4673686100799127
000660.KS,2022-10-28,83400.0,D2,Downtrend,Medium,-0.07333333333333336,-1.8956565872864681
000660.KS,2022-10-31,82700.0,D2,Downtrend,Medium,-0.008393285371702586,-1.9567711356878745
000660.KS,2022-11-01,83900.0,D2,Downtrend,Medium,0.0145102781136639,-1.624154782440097
000660.KS,2022-11-02,84500.0,D2,Downtrend,Medium,0.007151370679380209,-1.4424206120687069
000660.KS,2022-11-03,82700.0,D2,Downtrend,Medium,-0.02130177514792897,-1.761610590584437
000660.KS,2022-11-04,84500.0,D2,Downtrend,Medium,0.021765417170495738,-1.3346446996666972
000660.KS,2022-11-07,86500.0,D2,Downtrend,Medium,0.023668639053254337,-0.8707387655361034
000660.KS,2022-11-08,87700.0,D2,Downtrend,Medium,0.01387283236994219,-0.5850165698023843
000660.KS,2022-11-09,89200.0,D2,Downtrend,Medium,0.01710376282782211,-0.2458859710742306
000660.KS,2022-11-10,89100.0,D2,Downtrend,Medium,-0.0011210762331838042,-0.2532822668903325
000660.KS,2022-11-11,93500.0,D2,Downtrend,Medium,0.04938271604938271,0.7160971000512266
000660.KS,2022-11-14,90900.0,D2,Downtrend,Medium,-0.027807486631016065,0.16713265860044413
000660.KS,2022-11-15,91600.0,D2,Downtrend,Medium,0.007700770077007757,0.35180514632723386
000660.KS,2022-11-16,91500.0,D2,Downtrend,Medium,-0.0010917030567685337,0.3496276820925884
000660.KS,2022-11-17,87700.0,D2,Downtrend,Medium,-0.041530054644808745,-0.5071771873393544
000660.KS,2022-11-18,88400.0,D2,Downtrend,Medium,0.007981755986316896,-0.3193121908817322
000660.KS,2022-11-21,86300.0,D2,Downtrend,Medium,-0.02375565610859731,-0.7940520544858809
000660.KS,2022-11-22,85200.0,D2,Downtrend,Medium,-0.01274623406720743,-1.0229591615678
000660.KS,2022-11-23,85200.0,D2,Downtrend,Medium,0.0,-0.9895904679359044
000660.KS,2022-11-24,86900.0,D2,Downtrend,Medium,0.0199530516431925,-0.557456768473852
000660.KS,2022-11-25,85100.0,D2,Downtrend,Medium,-0.020713463751438455,-0.9623491272555588
000660.KS,2022-11-28,83100.0,D2,Downtrend,Medium,-0.023501762632197387,-1.3944797573350571
000660.KS,2022-11-29,83700.0,D2,Downtrend,Medium,0.0072202166064982976,-1.2130539464534373
000660.KS,2022-11-30,85000.0,D2,Downtrend,Medium,0.015531660692950977,-0.8688610676906185
000660.KS,2022-12-01,84700.0,D2,Downtrend,Medium,-0.003529411764705892,-0.9111633134882351
000660.KS,2022-12-02,81900.0,D2,Downtrend,Medium,-0.03305785123966942,-1.5244806403527251
000660.KS,2022-12-05,81000.0,D2,Downtrend,Medium,-0.01098901098901095,-1.664361118204789
000660.KS,2022-12-06,81000.0,D2,Downtrend,Medium,0.0,-1.5955460753329127
000660.KS,2022-12-07,78900.0,D2,Downtrend,Medium,-0.025925925925925908,-1.9678752817411063
000660.KS,2022-12-08,78800.0,D2,Downtrend,Medium,-0.0012674271229404788,-1.9093694633520564
000660.KS,2022-12-09,81500.0,D2,Downtrend,Medium,0.03426395939086291,-1.2743289070885169
000660.KS,2022-12-12,81100.0,D2,Downtrend,Medium,-0.004907975460122671,-1.314054829582608
000660.KS,2022-12-13,82300.0,D2,Downtrend,Medium,0.01479654747225645,-1.0188383059514063
000660.KS,2022-12-14,81800.0,D2,Downtrend,Medium,-0.0060753341433779084,-1.0902438100103182
000660.KS,2022-12-15,80200.0,D2,Downtrend,Medium,-0.019559902200488977,-1.3839597126961198
000660.KS,2022-12-16,78400.0,D2,Downtrend,Medium,-0.02244389027431426,-1.6892071960601396
000660.KS,2022-12-19,79000.0,D2,Downtrend,Medium,0.007653061224489832,-1.5106901275115387
000660.KS,2022-12-20,78300.0,D2,Downtrend,Medium,-0.008860759493670933,-1.6032618619561254
000660.KS,2022-12-21,78000.0,D2,Downtrend,Medium,-0.003831417624521105,-1.6185863547526924
000660.KS,2022-12-22,79200.0,D2,Downtrend,Medium,0.01538461538461533,-1.3614948443359827
000660.KS,2022-12-23,77800.0,D2,Downtrend,Medium,-0.017676767676767624,-1.5979983224147194
000660.KS,2022-12-26,77000.0,D2,Downtrend,Medium,-0.010282776349614386,-1.7095114550818153
000660.KS,2022-12-27,77000.0,D2,Downtrend,Medium,0.0,-1.654699659477333
000660.KS,2022-12-28,76000.0,D2,Downtrend,Medium,-0.012987012987012991,-1.7580495561725922
000660.KS,2022-12-29,75000.0,D2,Downtrend,Medium,-0.013157894736842146,-1.8439697393562369
000660.KS,2023-01-02,75700.0,D2,Downtrend,Medium,0.009333333333333416,-1.6492356020815668
000660.KS,2023-01-03,75600.0,D2,Downtrend,Medium,-0.0013210039630119352,-1.5994472268322482
000660.KS,2023-01-04,81000.0,D2,Downtrend,Medium,0.0714285714285714,-0.6676002739737142
000660.KS,2023-01-05,81400.0,D2,Downtrend,Medium,0.004938271604938205,-0.5748046823692401
000660.KS,2023-01-06,83100.0,D2,Downtrend,Medium,0.020884520884520974,-0.25616554488498255
000660.KS,2023-01-09,86000.0,D2,Downtrend,Medium,0.03489771359807459,0.29155849984954296
000660.KS,2023-01-10,86500.0,D2,Downtrend,Medium,0.005813953488372103,0.4225142780924447
000660.KS,2023-01-11,87300.0,D2,Downtrend,Medium,0.009248554913294793,0.6232999298261939
000660.KS,2023-01-12,86800.0,D2,Downtrend,Medium,-0.00572737686139746,0.558381444541604
000660.KS,2023-01-13,85700.0,D2,Downtrend,Medium,-0.012672811059907807,0.3577340539050935
000660.KS,2023-01-16,85800.0,D2,Downtrend,Medium,0.001166861143523823,0.39943659642626295
000660.KS,2023-01-17,86000.0,D2,Downtrend,Medium,0.002331002331002363,0.4704025038906182
000660.KS,2023-01-18,85100.0,D2,Downtrend,Medium,-0.010465116279069764,0.32247234493214716
000660.KS,2023-01-19,85500.0,D2,Downtrend,Medium,0.004700352526439522,0.45947335081301943
000660.KS,2023-01-20,87600.0,D2,Downtrend,Medium,0.024561403508772006,0.9566388609367964
000660.KS,2023-01-25,91400.0,D2,Downtrend,Medium,0.04337899543378998,1.751283653892893
000660.KS,2023-01-26,91400.0,D2,Downtrend,Medium,0.0,1.6772071742864894
000660.KS,2023-01-27,91500.0,D2,Downtrend,Medium,0.001094091903719896,1.6325657223179024
000660.KS,2023-01-30,90700.0,D2,Downtrend,Medium,-0.008743169398907069,1.4151248498606703
000660.KS,2023-01-31,88500.0,D2,Downtrend,Medium,-0.02425578831312014,0.9274673099050543
000660.KS,2023-02-01,91400.0,D2,Downtrend,Medium,0.03276836158192098,1.478498803274991
000660.KS,2023-02-02,91400.0,D2,Downtrend,Medium,0.0,1.4383604014235738
000660.KS,2023-02-03,92200.0,D2,Downtrend,Medium,0.00875273522975939,1.5570515852591411
000660.KS,2023-02-06,89100.0,D2,Downtrend,Medium,-0.033622559652928374,0.9455257011709319
000660.KS,2023-02-07,90800.0,D2,Downtrend,Medium,0.019079685746352437,1.2677467653454946
000660.KS,2023-02-08,94900.0,D2,Downtrend,Medium,0.045154185022026505,2.0496108291959985
000660.KS,2023-02-09,94900.0,D2,Downtrend,Medium,0.0,1.993611332512383
000660.KS,2023-02-10,93500.0,D2,Downtrend,Medium,-0.01475237091675452,1.7049032046266923
000660.KS,2023-02-13,90600.0,D2,Downtrend,Medium,-0.031016042780748654,1.1647824208229711
000660.KS,2023-02-14,93400.0,D2,Downtrend,Medium,0.030905077262693093,1.6428628267951761
000660.KS,2023-02-15,91700.0,D2,Downtrend,Medium,-0.018201284796573902,1.303645048932157
000660.KS,2023-02-16,92900.0,D2,Downtrend,Medium,0.013086150490730697,1.4764560609919548
000660.KS,2023-02-17,92000.0,D2,Downtrend,Medium,-0.009687836383207804,1.2756272341421617
000660.KS,2023-02-20,92500.0,D2,Downtrend,Medium,0.005434782608695565,1.3225139020980892
000660.KS,2023-02-21,91200.0,D2,Downtrend,Medium,-0.014054054054054022,1.0727499718727984
000660.KS,2023-02-22,89100.0,D2,Downtrend,Medium,-0.023026315789473673,0.6940568922819804
000660.KS,2023-02-23,92700.0,D2,Downtrend,Medium,0.04040404040404044,1.2714330053256182
000660.KS,2023-02-24,91000.0,D2,Downtrend,Medium,-0.01833872707659112,0.9538938783736666
000660.KS,2023-02-27,90000.0,D2,Downtrend,Medium,-0.01098901098901095,0.7666728585863347
000660.KS,2023-02-28,89400.0,D2,Downtrend,Medium,-0.00666666666666671,0.6501649776900509
000660.KS,2023-03-02,88100.0,D2,Downtrend,Medium,-0.014541387024608499,0.41541667025724993
000660.KS,2023-03-03,87300.0,D2,Downtrend,Medium,-0.009080590238365494,0.26453630528462624
000660.KS,2023-03-06,89700.0,D2,Downtrend,Medium,0.027491408934707806,0.6465399635579141
000660.KS,2023-03-07,88900.0,D2,Downtrend,Medium,-0.00891861761426982,0.4879060137872596
000660.KS,2023-03-08,86800.0,D2,Downtrend,Medium,-0.023622047244094446,0.10766117789335339
000660.KS,2023-03-09,85600.0,D2,Downtrend,Medium,-0.01382488479262678,-0.11261738749415888
000660.KS,2023-03-10,83300.0,D2,Downtrend,Medium,-0.026869158878504718,-0.5219542890836086
000660.KS,2023-03-13,84300.0,D2,Downtrend,Medium,0.01200480192076836,-0.35393290197760696
000660.KS,2023-03-14,81100.0,D2,Downtrend,Medium,-0.037959667852906276,-0.9118795070104546
000660.KS,2023-03-15,79100.0,D2,Downtrend,Medium,-0.024660912453760786,-1.254292604681891
000660.KS,2023-03-16,79000.0,D2,Downtrend,Medium,-0.0012642225031606058,-1.276496416044491
000660.KS,2023-03-17,84000.0,D2,Downtrend,Medium,0.06329113924050622,-0.4216882529643913
000660.KS,2023-03-20,83700.0,D2,Downtrend,Medium,-0.0035714285714285587,-0.49862213255279686
000660.KS,2023-03-21,83600.0,D2,Downtrend,Medium,-0.0011947431302270495,-0.5430570212190838
000660.KS,2023-03-22,86900.0,D2,Downtrend,Medium,0.03947368421052633,0.038792031579019594
000660.KS,2023-03-23,88500.0,D2,Downtrend,Medium,0.018411967779056404,0.3106846492224009
000660.KS,2023-03-24,87300.0,D2,Downtrend,Medium,-0.013559322033898313,0.050812516170794894
000660.KS,2023-03-27,85500.0,D2,Downtrend,Medium,-0.020618556701030966,-0.342480922655963
000660.KS,2023-03-28,88400.0,D2,Downtrend,Medium,0.03391812865497079,0.21523375201389958
000660.KS,2023-03-29,86900.0,D2,Downtrend,Medium,-0.016968325791855254,-0.15634895431908186
000660.KS,2023-03-30,88800.0,D2,Downtrend,Medium,0.021864211737629535,0.24117887589510326
000660.KS,2023-03-31,88600.0,D2,Downtrend,Medium,-0.0022522522522522292,0.1519607767824081
000660.KS,2023-04-03,87200.0,D2,Downtrend,Medium,-0.015801354401805856,-0.25159823071433357
000660.KS,2023-04-04,84500.0,D2,Downtrend,Medium,-0.03096330275229353,-1.019454125610554
000660.KS,2023-04-05,84600.0,D2,Downtrend,Medium,0.0011834319526626835,-1.0072427572441014
000660.KS,2023-04-06,83800.0,D2,Downtrend,Medium,-0.009456264775413725,-1.2091002986923791
000660.KS,2023-04-07,89100.0,D2,Downtrend,Medium,0.0632458233890214,0.24675891923512625
000660.KS,2023-04-10,90700.0,D2,Downtrend,Medium,0.017957351290684542,0.6723943083684416
000660.KS,2023-04-11,91800.0,D2,Downtrend,Medium,0.012127894156560126,0.9472669921803966
000660.KS,2023-04-12,90300.0,D2,Downtrend,Medium,-0.016339869281045805,0.5155394826305032
000660.KS,2023-04-13,88700.0,D2,Downtrend,Medium,-0.017718715393133966,0.062198438528744966
000660.KS,2023-04-14,89300.0,D2,Downtrend,Medium,0.006764374295377573,0.2136367438227119
000660.KS,2023-04-17,88500.0,D2,Downtrend,Medium,-0.00895856662933936,-0.0242354756079966
000660.KS,2023-04-18,87600.0,D2,Downtrend,Medium,-0.01016949152542368,-0.28734658348056824
000660.KS,2023-04-19,88200.0,D2,Downtrend,Medium,0.006849315068493178,-0.12147847924553469
000660.KS,2023-04-20,87700.0,D2,Downtrend,Medium,-0.005668934240362855,-0.2459954542398189
000660.KS,2023-04-21,89100.0,D2,Downtrend,Medium,0.015963511972634015,0.16155601762661514
000660.KS,2023-04-24,87200.0,D2,Downtrend,Medium,-0.021324354657688005,-0.3599865521196717
000660.KS,2023-04-25,85500.0,D2,Downtrend,Medium,-0.019495412844036664,-0.819057885848027
000660.KS,2023-04-26,87400.0,D2,Downtrend,Medium,0.022222222222222143,-0.27205682985372415
000660.KS,2023-04-27,88800.0,D2,Downtrend,Medium,0.016018306636155666,0.14000193684243323
000660.KS,2023-04-28,89500.0,D2,Downtrend,Medium,0.007882882882882969,0.35177746656609615
000660.KS,2023-05-02,90200.0,D2,Downtrend,Medium,0.007821229050279266,0.5679486699752192
000660.KS,2023-05-03,89800.0,D2,Downtrend,Medium,-0.0044345898004434225,0.44771556488488834
000660.KS,2023-05-04,88700.0,D2,Downtrend,Medium,-0.012249443207126953,0.13906023195301773
000660.KS,2023-05-08,88700.0,D2,Downtrend,Medium,0.0,0.17497960280021307
000660.KS,2023-05-09,87300.0,D2,Downtrend,Medium,-0.015783540022547893,-0.21705910936051834
000660.KS,2023-05-10,86900.0,D2,Downtrend,Medium,-0.004581901489117968,-0.3157780488322077
000660.KS,2023-05-11,86300.0,D2,Downtrend,Medium,-0.0069044879171461515,-0.4876551225655511
000660.KS,2023-05-12,87200.0,D2,Downtrend,Medium,0.010428736964078755,-0.16873952533303407
000660.KS,2023-05-15,86400.0,D2,Downtrend,Medium,-0.00917431192660545,-0.4106470386221988
000660.KS,2023-05-16,90400.0,D2,Downtrend,Medium,0.04629629629629628,0.9687882821792759
000660.KS,2023-05-17,91900.0,D2,Downtrend,Medium,0.0165929203539823,1.4856675323961472
000660.KS,2023-05-18,93600.0,D2,Downtrend,Medium,0.018498367791077275,2.0391687402942518
000660.KS,2023-05-19,97300.0,D2,Downtrend,Medium,0.03952991452991461,3.0311450471966204
000660.KS,2023-05-22,98200.0,D2,Downtrend,Medium,0.009249743062692772,3.0070367258724233
000660.KS,2023-05-23,97900.0,D2,Downtrend,Medium,-0.003054989816700604,2.7473012184925625
000660.KS,2023-05-24,97700.0,D2,Downtrend,Medium,-0.002042900919305368,2.5263204581494505
000660.KS,2023-05-25,103500.0,D1,Downtrend,Medium,0.05936540429887405,3.5374351057674303
000660.KS,2023-05-26,109200.0,D1,Downtrend,Medium,0.05507246376811592,4.053442854101959
000660.KS,2023-05-30,110300.0,D1,Downtrend,Medium,0.010073260073260037,3.6762045080693992
000660.KS,2023-05-31,108600.0,D1,Downtrend,Medium,-0.015412511332728918,3.0468282010459626
000660.KS,2023-06-01,110300.0,D1,Downtrend,Medium,0.015653775322283625,2.9981190567431395
000660.KS,2023-06-02,110300.0,D1,Downtrend,Medium,0.0,2.7481343285373514
000660.KS,2023-06-05,108700.0,D1,Downtrend,Medium,-0.01450589301903904,2.363199889306429
000660.KS,2023-06-07,108000.0,D1,Downtrend,Medium,-0.0064397424103035394,2.141955079592022
000660.KS,2023-06-08,109700.0,D1,Downtrend,Medium,0.015740740740740833,2.215648545397897
000660.KS,2023-06-09,115400.0,D1,Downtrend,Medium,0.051959890610756565,2.6719549609216373
000660.KS,2023-06-12,114800.0,D1,Downtrend,Medium,-0.005199306759098743,2.437613224015541
000660.KS,2023-06-13,119500.0,D1,Downtrend,Medium,0.04094076655052259,2.730908252181039
000660.KS,2023-06-14,118800.0,D1,Downtrend,Medium,-0.0058577405857740406,2.492690624848795
000660.KS,2023-06-15,119000.0,D1,Downtrend,Medium,0.0016835016835017313,2.353133920909793
000660.KS,2023-06-16,118900.0,D1,Downtrend,Medium,-0.0008403361344537785,2.2086666714955463
000660.KS,2023-06-19,114800.0,D1,Downtrend,Medium,-0.03448275862068961,1.7534167325848213
000660.KS,2023-06-20,116100.0,D1,Downtrend,Medium,0.011324041811846763,1.7845839053705064
000660.KS,2023-06-21,115100.0,D1,Downtrend,Medium,-0.008613264427217882,1.6253063521200788
000660.KS,2023-06-22,114000.0,D1,Downtrend,Medium,-0.009556907037358786,1.4715883391684017
000660.KS,2023-06-23,113600.0,D1,Downtrend,Medium,-0.0035087719298245723,1.385306179589251
000660.KS,2023-06-26,113500.0,D1,Downtrend,Medium,-0.0008802816901408717,1.327350547310558
000660.KS,2023-06-27,113000.0,D1,Downtrend,Medium,-0.004405286343612369,1.2412188450500858
000660.KS,2023-06-28,114300.0,D1,Downtrend,Medium,0.011504424778761013,1.3008951162239535
000660.KS,2023-06-29,116200.0,D1,Downtrend,Medium,0.016622922134733153,1.4025743707113978
000660.KS,2023-06-30,115200.0,D1,Downtrend,Medium,-0.008605851979345935,1.2754957177297035
000660.KS,2023-07-03,117600.0,D1,Downtrend,Medium,0.02083333333333326,1.417059303388104
000660.KS,2023-07-04,117900.0,D1,Downtrend,Medium,0.0025510204081633514,1.3912944199662887
000660.KS,2023-07-05,116700.0,D1,Downtrend,Medium,-0.010178117048346036,1.2539537859594623
000660.KS,2023-07-06,113800.0,D1,Downtrend,Medium,-0.024850042844901443,0.9885931156214262
000660.KS,2023-07-07,111800.0,D1,Downtrend,Medium,-0.017574692442882234,0.8013469617393275
000660.KS,2023-07-10,110300.0,D1,Downtrend,Medium,-0.01341681574239717,0.657915078153094
000660.KS,2023-07-11,113400.0,D1,Downtrend,Medium,0.02810516772438798,0.8763408823481671
000660.KS,2023-07-12,115400.0,D1,Downtrend,Medium,0.01763668430335108,1.0029178034527384
000660.KS,2023-07-13,114100.0,D1,Downtrend,Medium,-0.011265164644714054,0.8686285335307038
000660.KS,2023-07-14,118000.0,D1,Downtrend,Medium,0.034180543382997364,1.1447332599018853
000660.KS,2023-07-17,117200.0,D1,Downtrend,Medium,-0.006779661016949157,1.0460347459601915
000660.KS,2023-07-18,117800.0,D1,Downtrend,Medium,0.005119453924914641,1.0601827498979115
000660.KS,2023-07-19,117500.0,D1,Downtrend,Medium,-0.002546689303904892,1.00349743117632
000660.KS,2023-07-20,116900.0,D1,Downtrend,Medium,-0.005106382978723456,0.9235029399924687
000660.KS,2023-07-21,115100.0,D1,Downtrend,Medium,-0.015397775876817787,0.7474904703128049
000660.KS,2023-07-24,114000.0,D1,Downtrend,Medium,-0.009556907037358786,0.629406454579645
000660.KS,2023-07-25,113400.0,D1,Downtrend,Medium,-0.0052631578947368585,0.5521700492144044
000660.KS,2023-07-26,113000.0,D1,Downtrend,Medium,-0.003527336860670194,0.49151046298717477
000660.KS,2023-07-27,124000.0,D1,Downtrend,Medium,0.09734513274336276,1.4382416420450104
000660.KS,2023-07-28,128000.0,D1,Downtrend,Medium,0.032258064516129004,1.7373991139617742
000660.KS,2023-07-31,123400.0,D1,Downtrend,Medium,-0.035937499999999956,1.2862683864052293
000660.KS,2023-08-01,125100.0,D1,Downtrend,Medium,0.013776337115072979,1.405829129322905
000660.KS,2023-08-02,119500.0,D1,Downtrend,High,-0.044764188649080716,0.8635947388372878
000660.KS,2023-08-03,120000.0,D1,Downtrend,High,0.004184100418409997,0.8914810583457538
000660.KS,2023-08-04,120100.0,D1,Downtrend,Medium,0.0008333333333332416,0.8852145668889452
000660.KS,2023-08-07,121900.0,D1,Downtrend,Medium,0.014987510407993287,1.0641136898079826
000660.KS,2023-08-08,118600.0,D1,Downtrend,Medium,-0.027071369975389614,0.6906376722747226
000660.KS,2023-08-09,118500.0,D1,Downtrend,Medium,-0.000843170320404707,0.6704576069315258
000660.KS,2023-08-10,118500.0,D1,Downtrend,Medium,0.0,0.6576540449592345
000660.KS,2023-08-11,115300.0,D1,Downtrend,Medium,-0.02700421940928266,0.18542228862637294
000660.KS,2023-08-14,114900.0,D1,Downtrend,Medium,-0.003469210754553309,0.08102501970649223
000660.KS,2023-08-16,115800.0,D1,Downtrend,Medium,0.007832898172323688,0.18812129355640475
000660.KS,2023-08-17,114800.0,D1,Downtrend,Medium,-0.008635578583765069,-0.03289282692493313
000660.KS,2023-08-18,117200.0,D1,Downtrend,Medium,0.020905923344947785,0.384414180905946
000660.KS,2023-08-21,116400.0,D1,Downtrend,Medium,-0.0068259385665528916,0.18037865564978176
000660.KS,2023-08-22,116500.0,D1,Downtrend,Medium,0.0008591065292096189,0.16495334457810196
000660.KS,2023-08-23,116000.0,D1,Downtrend,Medium,-0.0042918454935622075,0.014664760591470108
000660.KS,2023-08-24,120900.0,D1,Downtrend,High,0.042241379310344884,1.2080038748745965
000660.KS,2023-08-25,116500.0,D1,Downtrend,Medium,-0.03639371381306866,0.06521597044705152
000660.KS,2023-08-28,115900.0,D1,Downtrend,Medium,-0.0051502145922747156,-0.11811409018595051
000660.KS,2023-08-29,118600.0,D1,Downtrend,Medium,0.023295944779982758,0.5757680228236656
000660.KS,2023-08-30,119400.0,D1,Downtrend,Medium,0.006745362563237878,0.7712417958357031
000660.KS,2023-08-31,121800.0,D1,Downtrend,Medium,0.0201005025125629,1.4327207880007722
000660.KS,2023-09-01,120000.0,D1,Downtrend,Medium,-0.014778325123152691,0.8858440426642394
000660.KS,2023-09-04,119200.0,D1,Downtrend,Medium,-0.00666666666666671,0.6248122448835894
000660.KS,2023-09-05,119400.0,D1,Downtrend,Medium,0.001677852348993314,0.6622462430777748
000660.KS,2023-09-06,118200.0,D1,Downtrend,Medium,-0.01005025125628145,0.3082987595864698
000660.KS,2023-09-07,118500.0,D1,Downtrend,Medium,0.002538071065989911,0.4007603550348974
000660.KS,2023-09-08,113700.0,D1,Downtrend,Medium,-0.040506329113924044,-1.0178230182653527
000660.KS,2023-09-11,115900.0,D1,Downtrend,Medium,0.019349164467898028,-0.3421439190946786
000660.KS,2023-09-12,116700.0,D1,Downtrend,Medium,0.00690250215703192,-0.11129445507462322
000660.KS,2023-09-13,118500.0,D1,Downtrend,Medium,0.015424164524421524,0.42017150787598423
000660.KS,2023-09-14,122200.0,D1,Downtrend,Medium,0.03122362869198314,1.4777082913834938
000660.KS,2023-09-15,122400.0,D1,Downtrend,Medium,0.0016366612111293755,1.4788390537913048
000660.KS,2023-09-18,119000.0,D1,Downtrend,Medium,-0.02777777777777779,0.45748124833442133
000660.KS,2023-09-19,119200.0,D1,Downtrend,Medium,0.001680672268907557,0.4934644557355704
000660.KS,2023-09-20,118000.0,D1,Downtrend,Medium,-0.010067114093959773,0.11105058399207275
000660.KS,2023-09-21,116500.0,D1,Downtrend,Medium,-0.012711864406779627,-0.35928279731410073
000660.KS,2023-09-22,117300.0,D1,Downtrend,Medium,0.006866952789699621,-0.11978620704266545
000660.KS,2023-09-25,117000.0,D1,Downtrend,Medium,-0.002557544757033292,-0.22217243831706646
000660.KS,2023-09-26,115000.0,D1,Downtrend,Medium,-0.017094017094017144,-0.8211426716384977
000660.KS,2023-09-27,114700.0,D1,Downtrend,Medium,-0.00260869565217392,-0.8906978296050105
000660.KS,2023-10-04,115400.0,D1,Downtrend,Medium,0.006102877070619073,-0.6686825763552414
000660.KS,2023-10-05,120200.0,D1,Downtrend,Medium,0.04159445407279039,0.7617694748931163
000660.KS,2023-10-06,120400.0,D1,Downtrend,Medium,0.0016638935108153063,0.7975631018153352
000660.KS,2023-10-10,119500.0,D1,Downtrend,Medium,-0.007475083056478371,0.4911668052949705
000660.KS,2023-10-11,119200.0,D1,Downtrend,Medium,-0.002510460251046065,0.36775275246248534
000660.KS,2023-10-12,124200.0,D1,Downtrend,Medium,0.04194630872483218,1.9407475588779897
000660.KS,2023-10-13,124700.0,D1,Downtrend,Medium,0.004025764895330131,2.0058416517041966
000660.KS,2023-10-16,124100.0,D1,Downtrend,Medium,-0.004811547714514863,1.7349921731141382
000660.KS,2023-10-17,130000.0,D1,Downtrend,Medium,0.04754230459307007,3.1881306516728856
000660.KS,2023-10-18,130000.0,D1,Downtrend,Medium,0.0,2.897048384136345
000660.KS,2023-10-19,125700.0,D1,Downtrend,Medium,-0.033076923076923115,1.6932465967637416
000660.KS,2023-10-20,126200.0,D1,Downtrend,Medium,0.003977724741447863,1.7390991028488325
000660.KS,2023-10-23,124000.0,D1,Downtrend,Medium,-0.017432646592709933,1.150138892337831
000660.KS,2023-10-24,126800.0,D1,Downtrend,Medium,0.022580645161290214,1.7729562723277925
000660.KS,2023-10-25,127500.0,D1,Downtrend,Medium,0.005520504731861164,1.867615696551405
000660.KS,2023-10-26,120000.0,D1,Downtrend,Medium,-0.05882352941176472,0.0128947625806729
000660.KS,2023-10-27,119100.0,D1,Downtrend,Medium,-0.007499999999999951,-0.19298844831355633
000660.KS,2023-10-30,119100.0,D1,Downtrend,Medium,0.0,-0.1615600719774229
000660.KS,2023-10-31,116300.0,D1,Downtrend,Medium,-0.02350965575146935,-0.8635893218734284
000660.KS,2023-11-01,120300.0,D1,Downtrend,Medium,0.03439380911435941,0.20778867172939613
000660.KS,2023-11-02,125300.0,D1,Downtrend,Medium,0.04156275976724855,1.4849647364673721
000660.KS,2023-11-03,125800.0,D1,Downtrend,Medium,0.003990422984836428,1.5569067779756636
000660.KS,2023-11-06,133000.0,U1,Uptrend,Medium,0.05723370429252772,3.0618200398394646
000660.KS,2023-11-07,130400.0,D1,Downtrend,Medium,-0.019548872180451093,2.3099306519216585
000660.KS,2023-11-08,127600.0,D1,Downtrend,Medium,-0.021472392638036797,1.614285705878776
000660.KS,2023-11-09,128000.0,D1,Downtrend,Medium,0.0031347962382444194,1.6304927360401786
000660.KS,2023-11-10,130500.0,D1,Downtrend,Medium,0.01953125,2.0472729214487666
000660.KS,2023-11-13,131800.0,D1,Downtrend,Medium,0.009961685823754785,2.1862012806406543
000660.KS,2023-11-14,130000.0,D1,Downtrend,Medium,-0.01365705614567525,1.750368802067755
000660.KS,2023-11-15,134100.0,U1,Uptrend,Medium,0.031538461538461515,2.3932683639282293
000660.KS,2023-11-16,132300.0,D1,Downtrend,Medium,-0.01342281879194629,1.9580221626645686
000660.KS,2023-11-17,129900.0,D1,Downtrend,Medium,-0.01814058956916098,1.4569869122312722
000660.KS,2023-11-20,131400.0,D1,Downtrend,Medium,0.011547344110854452,1.6590906797515925
000660.KS,2023-11-21,132000.0,D1,Downtrend,Medium,0.004566210045662045,1.6926068141992985
000660.KS,2023-11-22,131300.0,D1,Downtrend,Medium,-0.005303030303030254,1.5104415867460577
000660.KS,2023-11-23,130100.0,D1,Downtrend,Medium,-0.009139375476009182,1.2569852695799022
000660.KS,2023-11-24,128000.0,D1,Downtrend,Medium,-0.016141429669485063,0.8641652073338946
000660.KS,2023-11-27,130700.0,D1,Downtrend,Medium,0.02109374999999991,1.2885189704482938
000660.KS,2023-11-28,131400.0,D1,Downtrend,Medium,0.00535577658760511,1.3585757482083478
000660.KS,2023-11-29,130400.0,D1,Downtrend,Medium,-0.007610350076103556,1.1472241969934591
000660.KS,2023-11-30,133900.0,U1,Uptrend,Medium,0.026840490797545913,1.6689749138862897
000660.KS,2023-12-01,132600.0,D1,Downtrend,Medium,-0.009708737864077666,1.3986836884508043
000660.KS,2023-12-04,131100.0,D1,Downtrend,Medium,-0.011312217194570096,1.1141068851435827
000660.KS,2023-12-05,125900.0,D1,Downtrend,Medium,-0.0396643783371472,0.24880885099852568
000660.KS,2023-12-06,125600.0,D1,Downtrend,Medium,-0.002382843526608447,0.18092205187310073
000660.KS,2023-12-07,125600.0,D1,Downtrend,Medium,0.0,0.16269496395150215
000660.KS,2023-12-08,127500.0,D1,Downtrend,Medium,0.015127388535031816,0.453766641287225
000660.KS,2023-12-11,128900.0,D1,Downtrend,Medium,0.01098039215686275,0.6679726163354579
000660.KS,2023-12-12,131000.0,D1,Downtrend,Medium,0.01629169899146632,1.0027692758168543
000660.KS,2023-12-13,131200.0,D1,Downtrend,Medium,0.0015267175572519776,1.0045203693766183
000660.KS,2023-12-14,136700.0,U1,Uptrend,Medium,0.04192073170731714,1.8804570797102187
000660.KS,2023-12-15,140000.0,U1,Uptrend,Medium,0.024140453547915053,2.2928437751127984
000660.KS,2023-12-18,140000.0,U1,Uptrend,Medium,0.0,2.1681283771866506
000660.KS,2023-12-19,138200.0,U1,Uptrend,Medium,-0.0128571428571429,1.7993197535656142
000660.KS,2023-12-20,140500.0,U1,Uptrend,Medium,0.01664254703328516,2.0565134857144716
000660.KS,2023-12-21,140500.0,U1,Uptrend,Medium,0.0,1.9725570126282514
000660.KS,2023-12-22,140600.0,U1,Uptrend,Medium,0.000711743772241924,1.907135605395053
000660.KS,2023-12-26,140900.0,U1,Uptrend,Medium,0.002133712660028486,1.8776511883817815
000660.KS,2023-12-27,140400.0,U1,Uptrend,Medium,-0.0035486160397445454,1.753594988311256
000660.KS,2023-12-28,141500.0,U1,Uptrend,Medium,0.007834757834757733,1.867525345833255
000660.KS,2024-01-02,142400.0,U1,Uptrend,Medium,0.006360424028268641,1.9454045277774699
000660.KS,2024-01-03,136800.0,U1,Uptrend,Medium,-0.0393258426966292,1.0605030699875737
000660.KS,2024-01-04,136400.0,U1,Uptrend,Medium,-0.0029239766081871066,0.9683274876865601
000660.KS,2024-01-05,137500.0,U1,Uptrend,Medium,0.008064516129032251,1.1069073776028786
000660.KS,2024-01-08,136000.0,U1,Uptrend,Medium,-0.010909090909090868,0.845414114899776
000660.KS,2024-01-09,137400.0,U1,Uptrend,Medium,0.010294117647058787,1.0348783138162945
000660.KS,2024-01-10,133500.0,U1,Uptrend,Medium,-0.028384279475982543,0.38865036975952105
000660.KS,2024-01-11,136000.0,U1,Uptrend,Medium,0.01872659176029967,0.765227671750895
000660.KS,2024-01-12,134100.0,U1,Uptrend,Medium,-0.013970588235294068,0.44461890176732094
000660.KS,2024-01-15,134100.0,U1,Uptrend,Medium,0.0,0.43300509666571474
000660.KS,2024-01-16,132100.0,D1,Downtrend,Medium,-0.014914243102162605,0.09203898148157583
000660.KS,2024-01-17,131000.0,D1,Downtrend,Medium,-0.00832702498107496,-0.1014104274276032
000660.KS,2024-01-18,136200.0,U1,Uptrend,Medium,0.03969465648854964,0.7268964395920205
000660.KS,2024-01-19,141300.0,U1,Uptrend,Medium,0.037444933920704804,1.5117455327924036
000660.KS,2024-01-22,142600.0,U1,Uptrend,Medium,0.009200283085633476,1.6512122764620376
000660.KS,2024-01-23,140800.0,U1,Uptrend,Medium,-0.012622720897615736,1.3321242652428027
000660.KS,2024-01-24,141500.0,U1,Uptrend,Medium,0.004971590909090828,1.4229195154495187
000660.KS,2024-01-25,137400.0,U1,Uptrend,Medium,-0.028975265017667895,0.7141896932259686
000660.KS,2024-01-26,136000.0,U1,Uptrend,Medium,-0.010189228529839833,0.44549135820293934
000660.KS,2024-01-29,135000.0,U1,Uptrend,Medium,-0.007352941176470562,0.22044444357155027
000660.KS,2024-01-30,136900.0,U1,Uptrend,Medium,0.014074074074074128,0.5799015589730366
000660.KS,2024-01-31,134700.0,U1,Uptrend,Medium,-0.01607012417823228,0.09513261573500208
000660.KS,2024-02-01,132700.0,D1,Downtrend,Medium,-0.014847809948032697,-0.32966290358464856
000660.KS,2024-02-02,134900.0,U1,Uptrend,Medium,0.016578749058025588,0.1234811998124055
000660.KS,2024-02-05,132300.0,D1,Downtrend,Medium,-0.01927353595255743,-0.4574615748786591
000660.KS,2024-02-06,138000.0,U1,Uptrend,Medium,0.04308390022675734,0.7560274643245382
000660.KS,2024-02-07,138000.0,U1,Uptrend,Medium,0.0,0.7302065983518334
000660.KS,2024-02-08,142800.0,U1,Uptrend,Medium,0.034782608695652195,1.7110121069881774
000660.KS,2024-02-13,150000.0,U1,Uptrend,Medium,0.050420168067226934,2.969625434418181
000660.KS,2024-02-14,148700.0,U1,Uptrend,Medium,-0.008666666666666711,2.5120141626556993
000660.KS,2024-02-15,148900.0,U1,Uptrend,Medium,0.0013449899125757003,2.379793060487131
000660.KS,2024-02-16,146800.0,U1,Uptrend,Medium,-0.01410342511752849,1.9057426165089018
000660.KS,2024-02-19,151300.0,U1,Uptrend,Medium,0.03065395095367851,2.5090092959099093
000660.KS,2024-02-20,149600.0,U1,Uptrend,Medium,-0.011235955056179803,2.099972931517302
000660.KS,2024-02-21,149000.0,U1,Uptrend,Medium,-0.004010695187165791,1.9051583388519866
000660.KS,2024-02-22,156500.0,U1,Uptrend,Medium,0.05033557046979875,2.8317662096284932
000660.KS,2024-02-23,161400.0,U1,Uptrend,Medium,0.03130990415335466,3.205660064100522
000660.KS,2024-02-26,161800.0,U1,Uptrend,Medium,0.0024783147459728205,2.9632328725969526
000660.KS,2024-02-27,153800.0,U1,Uptrend,Medium,-0.04944375772558718,1.8562898960338718
000660.KS,2024-02-28,158000.0,U1,Uptrend,Medium,0.027308192457737412,2.238412299754604
000660.KS,2024-02-29,156200.0,U1,Uptrend,Medium,-0.011392405063291089,1.921599851003237
000660.KS,2024-03-04,166500.0,U1,Uptrend,Medium,0.06594110115236873,2.8472749110787596
000660.KS,2024-03-05,165800.0,U1,Uptrend,Medium,-0.004204204204204198,2.571464782403368
000660.KS,2024-03-06,162900.0,U1,Uptrend,Medium,-0.017490952955367955,2.1630309471369156
000660.KS,2024-03-07,164900.0,U1,Uptrend,Medium,0.012277470841006721,2.2458191894361303
000660.KS,2024-03-08,171900.0,U1,Uptrend,Medium,0.04244996967859316,2.7308413956725124
000660.KS,2024-03-11,166600.0,U1,Uptrend,High,-0.030831878999418305,2.123824789217675
000660.KS,2024-03-12,165700.0,U1,Uptrend,High,-0.005402160864345751,1.9491035902084632
000660.KS,2024-03-13,163600.0,U1,Uptrend,Medium,-0.012673506336753126,1.6884597352366515
000660.KS,2024-03-14,161900.0,U1,Uptrend,Medium,-0.010391198044009786,1.481388836885524
000660.KS,2024-03-15,161200.0,U1,Uptrend,Medium,-0.004323656578134605,1.367459728022047
000660.KS,2024-03-18,164300.0,U1,Uptrend,Medium,0.019230769230769162,1.5718980871181296
000660.KS,2024-03-19,160200.0,U1,Uptrend,Medium,-0.0249543517954961,1.1796887918198975
000660.KS,2024-03-20,156500.0,U1,Uptrend,Medium,-0.023096129837702817,0.8379168915322829
000660.KS,2024-03-21,170000.0,U1,Uptrend,High,0.08626198083067083,1.8844442506581884
000660.KS,2024-03-22,169800.0,U1,Uptrend,High,-0.0011764705882353343,1.781628482855545
000660.KS,2024-03-25,169400.0,U1,Uptrend,High,-0.002355712603062443,1.6737524571757552
000660.KS,2024-03-26,176600.0,U1,Uptrend,High,0.04250295159386064,2.111950050365639
000660.KS,2024-03-27,181200.0,U1,Uptrend,High,0.026047565118912708,2.3033601633662295
000660.KS,2024-03-28,178200.0,U1,Uptrend,High,-0.01655629139072845,1.97764376908791
000660.KS,2024-03-29,183000.0,U1,Uptrend,High,0.026936026936027035,2.177113662564661
000660.KS,2024-04-01,185500.0,U1,Uptrend,Medium,0.013661202185792254,2.2088129295930363
000660.KS,2024-04-02,186300.0,U1,Uptrend,Medium,0.004312668463611891,2.13583668069217
000660.KS,2024-04-03,179200.0,U1,Uptrend,Medium,-0.03811057434245835,1.6208165927935785
000660.KS,2024-04-04,188000.0,U1,Uptrend,High,0.049107142857142794,2.0525947758243475
000660.KS,2024-04-05,182800.0,U1,Uptrend,High,-0.02765957446808509,1.6676286715933384
000660.KS,2024-04-08,181200.0,U1,Uptrend,High,-0.008752735229759279,1.5159514598258172
000660.KS,2024-04-09,182900.0,U1,Uptrend,High,0.00938189845474624,1.5543449801984457
000660.KS,2024-04-11,188400.0,U1,Uptrend,High,0.03007107709130663,1.7959319285703685
000660.KS,2024-04-12,187400.0,U1,Uptrend,High,-0.005307855626326963,1.6717100885847442
000660.KS,2024-04-15,188200.0,U1,Uptrend,Medium,0.004268943436499528,1.6553602981203437
000660.KS,2024-04-16,179100.0,U1,Uptrend,High,-0.048352816153028666,1.1082225884129548
000660.KS,2024-04-17,178700.0,U1,Uptrend,High,-0.002233389168062483,1.0513643645247683
000660.KS,2024-04-18,182300.0,U1,Uptrend,High,0.020145495243424794,1.2161379874229519
000660.KS,2024-04-19,173300.0,U1,Uptrend,Medium,-0.04936917169500821,0.6745271531358324
000660.KS,2024-04-22,171600.0,U1,Uptrend,Medium,-0.009809578765147098,0.5522968415782081
000660.KS,2024-04-23,171000.0,U1,Uptrend,Medium,-0.0034965034965035446,0.4938417539942958
000660.KS,2024-04-24,179800.0,U1,Uptrend,Medium,0.05146198830409365,0.9811451861205811
000660.KS,2024-04-25,170600.0,U1,Uptrend,High,-0.05116796440489435,0.4079226926099524
000660.KS,2024-04-26,177800.0,U1,Uptrend,High,0.042203985932004695,0.8201495496263829
000660.KS,2024-04-29,175900.0,U1,Uptrend,High,-0.010686164229471329,0.6765126776910669
000660.KS,2024-04-30,174200.0,U1,Uptrend,High,-0.009664582148948275,0.5431962633617174
000660.KS,2024-05-02,173600.0,U1,Uptrend,High,-0.003444316877152742,0.47820762470380934
000660.KS,2024-05-03,173200.0,U1,Uptrend,Medium,-0.0023041474654378336,0.4241457953988993
000660.KS,2024-05-07,179600.0,U1,Uptrend,Medium,0.036951501154734334,0.8654398478413444
000660.KS,2024-05-08,178000.0,U1,Uptrend,Medium,-0.008908685968819552,0.7249984127298311
000660.KS,2024-05-09,175400.0,U1,Uptrend,Medium,-0.014606741573033655,0.49805957795091615
000660.KS,2024-05-10,179900.0,U1,Uptrend,Medium,0.025655644241733278,0.8459035540066777
000660.KS,2024-05-13,183800.0,U1,Uptrend,Medium,0.021678710394663625,1.1449294202668197
000660.KS,2024-05-14,185300.0,U1,Uptrend,Medium,0.008161044613710589,1.2434643860426422
000660.KS,2024-05-16,193000.0,U2,Uptrend,Medium,0.04155423637344846,1.859351970262248
000660.KS,2024-05-17,189900.0,U1,Uptrend,Medium,-0.016062176165803077,1.5580208154838349
000660.KS,2024-05-20,190100.0,U1,Uptrend,Medium,0.0010531858873090716,1.535807667867193
000660.KS,2024-05-21,192000.0,U2,Uptrend,Medium,0.009994739610731163,1.6719665315990204
000660.KS,2024-05-22,197700.0,U2,Uptrend,Medium,0.02968750000000009,2.1385933462919358
000660.KS,2024-05-23,200000.0,U2,Uptrend,Medium,0.01163378856853825,2.240412870164029
000660.KS,2024-05-24,198600.0,U2,Uptrend,Medium,-0.007000000000000006,2.0117652697212383
000660.KS,2024-05-27,201500.0,U2,Uptrend,Medium,0.01460221550855989,2.1518859807916604
000660.KS,2024-05-28,202500.0,U2,Uptrend,Medium,0.00496277915632759,2.154719845163648
000660.KS,2024-05-29,202500.0,U2,Uptrend,Medium,0.0,2.0637692787126056
000660.KS,2024-05-30,195700.0,U2,Uptrend,Medium,-0.03358024691358019,1.4469587798318633
000660.KS,2024-05-31,189200.0,U1,Uptrend,Medium,-0.03321410321921303,0.8561076066402742
000660.KS,2024-06-03,194200.0,U2,Uptrend,Medium,0.026427061310782207,1.2464962340255272
000660.KS,2024-06-04,193300.0,U2,Uptrend,Medium,-0.004634397528321288,1.133320879838505
000660.KS,2024-06-05,193700.0,U2,Uptrend,Medium,0.0020693222969476732,1.1315791305588039
000660.KS,2024-06-07,207500.0,U2,Uptrend,Medium,0.07124419204956123,2.202337974630629
000660.KS,2024-06-10,208000.0,U2,Uptrend,Medium,0.002409638554216942,2.1279216316057656
000660.KS,2024-06-11,212500.0,U2,Uptrend,Medium,0.02163461538461542,2.35117245251627
000660.KS,2024-06-12,215000.0,U2,Uptrend,Medium,0.0117647058823529,2.403428382336694
000660.KS,2024-06-13,222000.0,U2,Uptrend,Medium,0.032558139534883734,2.7394331089597066
000660.KS,2024-06-14,221000.0,U2,Uptrend,Medium,-0.0045045045045044585,2.5130034539762955
000660.KS,2024-06-17,223000.0,U2,Uptrend,Medium,0.009049773755656076,2.493643010121708
000660.KS,2024-06-18,234500.0,U2,Uptrend,Medium,0.05156950672645744,3.02290569633098
000660.KS,2024-06-19,233500.0,U2,Uptrend,Medium,-0.004264392324093813,2.778080007589114
000660.KS,2024-06-20,237500.0,U2,Uptrend,Medium,0.017130620985010614,2.7881227790625087
000660.KS,2024-06-21,234000.0,U2,Uptrend,Medium,-0.01473684210526316,2.4185830398490955
000660.KS,2024-06-24,223000.0,U2,Uptrend,Medium,-0.047008547008547064,1.721579260810329
000660.KS,2024-06-25,225000.0,U2,Uptrend,Medium,0.008968609865470878,1.7522312277010845
000660.KS,2024-06-26,237000.0,U2,Uptrend,Medium,0.05333333333333323,2.262081665738926
000660.KS,2024-06-27,236500.0,U2,Uptrend,Medium,-0.002109704641350185,2.1116519436127716
000660.KS,2024-06-28,236500.0,U2,Uptrend,Medium,0.0,2.0002004172618792
000660.KS,2024-07-01,235500.0,U2,Uptrend,Medium,-0.0042283298097252064,1.8564973748781777
000660.KS,2024-07-02,232000.0,U2,Uptrend,Medium,-0.014861995753715496,1.6182166645819416
000660.KS,2024-07-03,236000.0,U2,Uptrend,Medium,0.01724137931034475,1.7264960597738397
000660.KS,2024-07-04,230000.0,U2,Uptrend,Medium,-0.025423728813559365,1.3972862904553034
000660.KS,2024-07-05,236000.0,U2,Uptrend,Medium,0.026086956521739202,1.5999620914041341
000660.KS,2024-07-08,233500.0,U2,Uptrend,Medium,-0.010593220338983023,1.4328233174085776
000660.KS,2024-07-09,238500.0,U2,Uptrend,Medium,0.021413276231263323,1.5850701414865853
000660.KS,2024-07-10,239000.0,U2,Uptrend,Medium,0.002096436058700135,1.5421862783214222
000660.KS,2024-07-11,241000.0,U2,Uptrend,Medium,0.008368200836819994,1.561069691109368
000660.KS,2024-07-12,233000.0,U2,Uptrend,Medium,-0.03319502074688796,1.186041379333837
000660.KS,2024-07-15,230000.0,U2,Uptrend,Medium,-0.012875536480686733,1.027270780888768
000660.KS,2024-07-16,233000.0,U2,Uptrend,Medium,0.01304347826086949,1.11343370353896
000660.KS,2024-07-17,220500.0,U2,Uptrend,Medium,-0.05364806866952787,0.5737900427518989
000660.KS,2024-07-18,212500.0,U2,Uptrend,Medium,-0.03628117913832196,0.21780939361388757
000660.KS,2024-07-19,209500.0,U2,Uptrend,Medium,-0.014117647058823568,0.06571499296204665
000660.KS,2024-07-22,205000.0,U2,Uptrend,Medium,-0.021479713603818618,-0.156036839362419
000660.KS,2024-07-23,205000.0,U2,Uptrend,Medium,0.0,-0.17695637718533086
000660.KS,2024-07-24,208500.0,U2,Uptrend,Medium,0.017073170731707332,-0.05011972487136264
000660.KS,2024-07-25,190000.0,U1,Uptrend,Medium,-0.08872901678657075,-0.9178494069634537
000660.KS,2024-07-26,191800.0,U2,Uptrend,Medium,0.0094736842105263,-0.8597696652958139
000660.KS,2024-07-29,195600.0,U2,Uptrend,Medium,0.019812304483837417,-0.7123184435179836
000660.KS,2024-07-30,188900.0,U1,Uptrend,Medium,-0.03425357873210633,-1.0655178774224734
000660.KS,2024-07-31,194600.0,U2,Uptrend,High,0.030174695606140833,-0.8235431417328178
000660.KS,2024-08-01,193300.0,U2,Uptrend,Medium,-0.0066803699897225455,-0.9134050738825875
000660.KS,2024-08-02,173200.0,U1,Uptrend,High,-0.10398344542162441,-1.9173516726039832
000660.KS,2024-08-05,156100.0,U1,Uptrend,High,-0.09872979214780597,-2.6656366305370516
000660.KS,2024-08-06,163700.0,U1,Uptrend,High,0.04868673926969902,-2.226811620344502
000660.KS,2024-08-07,169300.0,U1,Uptrend,High,0.03420891875381793,-1.913722116115912
000660.KS,2024-08-08,163400.0,U1,Uptrend,High,-0.03484937979917302,-2.1116271828105213
000660.KS,2024-08-09,171500.0,U1,Uptrend,High,0.049571603427172484,-1.693592445813561
000660.KS,2024-08-12,177000.0,U1,Uptrend,High,0.03206997084548102,-1.4237731487671275
000660.KS,2024-08-13,181900.0,U1,Uptrend,High,0.027683615819209084,-1.1950305125971834
000660.KS,2024-08-14,186700.0,U1,Uptrend,High,0.02638812534359536,-0.9782716776197958
000660.KS,2024-08-16,199700.0,U2,Uptrend,High,0.06963042313872525,-0.41431686639828336
000660.KS,2024-08-19,193900.0,U2,Uptrend,High,-0.029043565348021994,-0.6608620703523008
000660.KS,2024-08-20,199700.0,U2,Uptrend,High,0.029912325941206852,-0.40985224043145396
000660.KS,2024-08-21,192600.0,U2,Uptrend,High,-0.0355533299949925,-0.7095136636974718
000660.KS,2024-08-22,191100.0,U1,Uptrend,High,-0.007788161993769416,-0.7629111446034963
000660.KS,2024-08-23,185500.0,U1,Uptrend,High,-0.02930402930402931,-0.9844612663885981
000660.KS,2024-08-26,179600.0,U1,Uptrend,High,-0.03180592991913744,-1.2129143454468088
000660.KS,2024-08-27,175000.0,U1,Uptrend,High,-0.025612472160356337,-1.3822528890900623
000660.KS,2024-08-28,179300.0,U1,Uptrend,High,0.024571428571428466,-1.1807677050323455
000660.KS,2024-08-29,169700.0,U1,Uptrend,High,-0.053541550474065835,-1.53547049460172
000660.KS,2024-08-30,173700.0,U1,Uptrend,High,0.023571007660577514,-1.3411691071743772
000660.KS,2024-09-02,174000.0,U1,Uptrend,High,0.0017271157167531026,-1.2878231650508682
000660.KS,2024-09-03,168300.0,U1,Uptrend,High,-0.03275862068965518,-1.4601007548501386
000660.KS,2024-09-04,154800.0,U1,Uptrend,High,-0.0802139037433155,-1.8884422541861752
000660.KS,2024-09-05,159400.0,U1,Uptrend,High,0.029715762273901714,-1.6424647102206937
000660.KS,2024-09-06,156400.0,U1,Uptrend,High,-0.01882057716436636,-1.6772061952331545
000660.KS,2024-09-09,157000.0,U1,Uptrend,High,0.0038363171355497716,-1.5873993512575721
000660.KS,2024-09-10,155500.0,U1,Uptrend,High,-0.009554140127388533,-1.5738674577799563
000660.KS,2024-09-11,157200.0,U1,Uptrend,High,0.010932475884244397,-1.4600643153227695
000660.KS,2024-09-12,168800.0,U1,Uptrend,High,0.07379134860050884,-1.0240322909609783
000660.KS,2024-09-13,162800.0,U1,Uptrend,High,-0.03554502369668244,-1.1938364572050266
000660.KS,2024-09-19,152800.0,U1,Uptrend,High,-0.061425061425061434,-1.4881203416595068
000660.KS,2024-09-20,157100.0,U1,Uptrend,High,0.028141361256544428,-1.2919491068681312
000660.KS,2024-09-23,162000.0,U1,Uptrend,High,0.031190324633991073,-1.086058392928373
000660.KS,2024-09-24,163500.0,U1,Uptrend,High,0.0092592592592593,-1.0031212178341236
000660.KS,2024-09-25,165300.0,U1,Uptrend,High,0.011009174311926495,-0.9114425812637125
000660.KS,2024-09-26,180900.0,U1,Uptrend,High,0.09437386569872963,-0.3350489149420478
000660.KS,2024-09-27,183800.0,U1,Uptrend,High,0.01603095632946383,-0.20399404917819752
000660.KS,2024-09-30,174600.0,U1,Uptrend,High,-0.05005440696409136,-0.5184895597256013
000660.KS,2024-10-02,169100.0,U1,Uptrend,High,-0.03150057273768614,-0.7004492493255466
000660.KS,2024-10-04,174100.0,U1,Uptrend,High,0.029568302779420463,-0.4820493209147773
000660.KS,2024-10-07,184900.0,U1,Uptrend,High,0.06203331418724867,-0.023200331950043025
000660.KS,2024-10-08,178000.0,U1,Uptrend,High,-0.037317468902109296,-0.27624377889296425
000660.KS,2024-10-10,186700.0,U1,Uptrend,High,0.04887640449438213,0.13359153756929731
000660.KS,2024-10-11,186000.0,U1,Uptrend,High,-0.003749330476700563,0.14960527876079746
000660.KS,2024-10-14,186000.0,U1,Uptrend,High,0.0,0.20590441622835
000660.KS,2024-10-15,192900.0,U2,Uptrend,High,0.0370967741935484,0.6180212229115775
000660.KS,2024-10-16,188700.0,U1,Uptrend,High,-0.021772939346811793,0.45866348494768044
000660.KS,2024-10-17,196000.0,U2,Uptrend,High,0.03868574456809748,0.9708069051413045
000660.KS,2024-10-18,187300.0,U1,Uptrend,High,-0.04438775510204085,0.5051314324693049
000660.KS,2024-10-21,190900.0,U1,Uptrend,High,0.019220501868659978,0.7834046769573078
000660.KS,2024-10-22,187800.0,U1,Uptrend,High,-0.01623886851754841,0.6232412023325601
000660.KS,2024-10-23,196000.0,U2,Uptrend,High,0.04366347177848784,1.2097124923185414
000660.KS,2024-10-24,198200.0,U2,Uptrend,High,0.011224489795918391,1.3872403908052744
000660.KS,2024-10-25,201000.0,U2,Uptrend,High,0.01412714429868811,1.61869400237612
000660.KS,2024-10-28,196000.0,U2,Uptrend,High,-0.02487562189054726,1.2465311221083266
000660.KS,2024-10-29,190300.0,U1,Uptrend,High,-0.029081632653061185,0.8472522445181518
000660.KS,2024-10-30,195000.0,U2,Uptrend,High,0.024697845507094085,1.181328422816751
000660.KS,2024-10-31,186300.0,U1,Uptrend,High,-0.04461538461538461,0.5698380805250222
000660.KS,2024-11-01,182200.0,U1,Uptrend,High,-0.022007514761137936,0.29695628637858007
000660.KS,2024-11-04,194000.0,U2,Uptrend,High,0.06476399560922053,1.141092092552106
000660.KS,2024-11-05,193200.0,U2,Uptrend,High,-0.004123711340206171,1.050876183890844
000660.KS,2024-11-06,195800.0,U2,Uptrend,High,0.013457556935817738,1.1999316784615663
000660.KS,2024-11-07,195800.0,U2,Uptrend,Medium,0.0,1.1602170302985846
000660.KS,2024-11-08,200500.0,U2,Uptrend,High,0.02400408580183866,1.4400286363660404
000660.KS,2024-11-11,192600.0,U2,Uptrend,High,-0.03940149625935163,0.8524284275058996
000660.KS,2024-11-12,185800.0,U1,Uptrend,High,-0.0353063343717549,0.3530760916219211
000660.KS,2024-11-13,182900.0,U1,Uptrend,High,-0.015608180839612462,0.1394921598652281
000660.KS,2024-11-14,173000.0,U1,Uptrend,High,-0.05412793876435207,-0.5542600926752926
000660.KS,2024-11-15,178200.0,U1,Uptrend,High,0.03005780346820819,-0.17466290446731436
000660.KS,2024-11-18,171700.0,U1,Uptrend,High,-0.03647586980920314,-0.6120238942582632
000660.KS,2024-11-19,170600.0,U1,Uptrend,High,-0.006406523005241693,-0.6664435908074142
000660.KS,2024-11-20,170600.0,U1,Uptrend,High,0.0,-0.6406513642011045
000660.KS,2024-11-21,168800.0,U1,Uptrend,Medium,-0.010550996483001174,-0.746416434266361
000660.KS,2024-11-22,176700.0,U1,Uptrend,High,0.0468009478672986,-0.1468391988743594
000660.KS,2024-11-25,177000.0,U1,Uptrend,High,0.001697792869269854,-0.11426989903466567
000660.KS,2024-11-26,177100.0,U1,Uptrend,High,0.0005649717514124575,-0.10371981886691559
000660.KS,2024-11-27,168300.0,U1,Uptrend,High,-0.0496894409937888,-0.7472948553385401
000660.KS,2024-11-28,161100.0,U1,Uptrend,High,-0.04278074866310155,-1.2417181589263202
000660.KS,2024-11-29,159900.0,U1,Uptrend,High,-0.007448789571694592,-1.3023542774104362
000660.KS,2024-12-02,158800.0,U1,Uptrend,Medium,-0.0068792995622264375,-1.3436110783896162
000660.KS,2024-12-03,164900.0,U1,Uptrend,Medium,0.038413098236775856,-0.8927245024209445
000660.KS,2024-12-04,168000.0,U1,Uptrend,Medium,0.018799272286234014,-0.672832873555666
000660.KS,2024-12-05,173000.0,U1,Uptrend,High,0.029761904761904656,-0.34801895307166153
000660.KS,2024-12-06,167100.0,U1,Uptrend,High,-0.03410404624277452,-0.7918283155063001
000660.KS,2024-12-09,168900.0,U1,Uptrend,Medium,0.010771992818671361,-0.6876504434501165
000660.KS,2024-12-10,170400.0,U1,Uptrend,Medium,0.008880994671403242,-0.6038824856381487
000660.KS,2024-12-11,171800.0,U1,Uptrend,Medium,0.008215962441314506,-0.5310817977633466
000660.KS,2024-12-12,176100.0,U1,Uptrend,Medium,0.02502910360884747,-0.22728856838514905
000660.KS,2024-12-13,175500.0,U1,Uptrend,Medium,-0.0034071550255536653,-0.2852539396824699
000660.KS,2024-12-16,179300.0,U1,Uptrend,Medium,0.02165242165242165,-0.003782529314687698
000660.KS,2024-12-17,184000.0,U1,Uptrend,Medium,0.026213050752928124,0.3488827122387276
000660.KS,2024-12-18,183500.0,U1,Uptrend,Medium,-0.0027173913043477826,0.2783646912142387
000660.KS,2024-12-19,175000.0,U1,Uptrend,Medium,-0.0463215258855586,-0.4913744187380196
000660.KS,2024-12-20,168500.0,U1,Uptrend,Medium,-0.037142857142857144,-1.0877284825997493
000660.KS,2024-12-23,169600.0,U1,Uptrend,Medium,0.006528189910979254,-1.0031536920373172
000660.KS,2024-12-24,168500.0,U1,Uptrend,Medium,-0.006485849056603765,-1.0732346195377176
000660.KS,2024-12-26,170100.0,U1,Uptrend,Medium,0.00949554896142435,-0.9036006138634273
000660.KS,2024-12-27,174500.0,U1,Uptrend,Medium,0.025867136978248162,-0.5114468938272207
000660.KS,2024-12-30,173900.0,U1,Uptrend,Medium,-0.0034383954154727503,-0.5752893314733963
000660.KS,2025-01-02,171200.0,U1,Uptrend,Medium,-0.01552616446233468,-0.8103995602434687
000660.KS,2025-01-03,181900.0,U1,Uptrend,Medium,0.0625,0.14994603402245751
000660.KS,2025-01-06,199800.0,U2,Uptrend,High,0.09840571742715776,1.6766919331132806
000660.KS,2025-01-07,195000.0,U2,Uptrend,High,-0.024024024024024038,1.2323515714683988
000660.KS,2025-01-08,194700.0,U2,Uptrend,High,-0.0015384615384614886,1.181595205978066
000660.KS,2025-01-09,205000.0,U2,Uptrend,High,0.052901900359527465,1.9686732671584664
000660.KS,2025-01-10,203500.0,U2,Uptrend,High,-0.007317073170731714,1.7931749204273293
000660.KS,2025-01-13,194300.0,U2,Uptrend,High,-0.04520884520884516,1.0338939931138837
000660.KS,2025-01-14,195000.0,U2,Uptrend,High,0.0036026762738035067,1.0932746158484599
000660.KS,2025-01-15,198200.0,U2,Uptrend,High,0.016410256410256396,1.3189748317098557
000660.KS,2025-01-16,210000.0,U2,Uptrend,High,0.05953582240161448,2.151661458609836
000660.KS,2025-01-17,214500.0,U2,Uptrend,High,0.021428571428571352,2.346880567100113
000660.KS,2025-01-20,212000.0,U2,Uptrend,High,-0.011655011655011704,2.0809383223234494
000660.KS,2025-01-21,218000.0,U2,Uptrend,High,0.028301886792452935,2.383379457129834
000660.KS,2025-01-22,225500.0,U2,Uptrend,High,0.034403669724770714,2.7134182707493344
000660.KS,2025-01-23,219500.0,U2,Uptrend,High,-0.026607538802660757,2.214756397179896
000660.KS,2025-01-24,221000.0,U2,Uptrend,High,0.006833712984054774,2.1835837016382094
000660.KS,2025-01-31,199200.0,U2,Uptrend,High,-0.09864253393665157,0.8797685774816131
000660.KS,2025-02-03,190900.0,U1,Uptrend,High,-0.04166666666666663,0.38261796615989047
000660.KS,2025-02-04,191100.0,U1,Uptrend,High,0.0010476689366161196,0.3852429486027637
000660.KS,2025-02-05,198800.0,U2,Uptrend,High,0.04029304029304037,0.8332685636626406
000660.KS,2025-02-06,203500.0,U2,Uptrend,High,0.023641851106639855,1.091311128966424
000660.KS,2025-02-07,203000.0,U2,Uptrend,High,-0.002457002457002422,1.0487229375956701
000660.KS,2025-02-10,198100.0,U2,Uptrend,High,-0.024137931034482807,0.7604434935205797
000660.KS,2025-02-11,199700.0,U2,Uptrend,High,0.008076728924785392,0.854674208873754
000660.KS,2025-02-12,198900.0,U2,Uptrend,High,-0.0040060090135203286,0.7990327115046043
000660.KS,2025-02-13,208500.0,U2,Uptrend,High,0.04826546003016596,1.312669971155566
000660.KS,2025-02-14,210000.0,U2,Uptrend,High,0.007194244604316502,1.3509105915290527
000660.KS,2025-02-17,212000.0,U2,Uptrend,High,0.00952380952380949,1.4084364844632478
000660.KS,2025-02-18,210000.0,U2,Uptrend,High,-0.009433962264150941,1.2533477576564154
000660.KS,2025-02-19,218500.0,U2,Uptrend,High,0.040476190476190554,1.646368198749525
000660.KS,2025-02-20,212000.0,U2,Uptrend,High,-0.029748283752860427,1.2519925762038584
000660.KS,2025-02-21,209500.0,U2,Uptrend,High,-0.011792452830188704,1.0814094165784405
000660.KS,2025-02-24,205000.0,U2,Uptrend,High,-0.021479713603818618,0.8130261449677039
000660.KS,2025-02-25,200500.0,U2,Uptrend,High,-0.02195121951219514,0.5516439903315833
000660.KS,2025-02-26,203000.0,U2,Uptrend,High,0.012468827930174564,0.6628931064116449
000660.KS,2025-02-27,199200.0,U2,Uptrend,High,-0.01871921182266012,0.4404040118773368
000660.KS,2025-02-28,190200.0,U1,Uptrend,Medium,-0.04518072289156627,-0.06463600356258799
000660.KS,2025-03-04,186100.0,U1,Uptrend,Medium,-0.02155625657202942,-0.3183023111930409
000660.KS,2025-03-05,193100.0,U2,Uptrend,Medium,0.03761418592154753,0.042775559262605005
000660.KS,2025-03-06,192400.0,U2,Uptrend,Medium,-0.0036250647332988217,-0.030563315637837908
000660.KS,2025-03-07,192400.0,U2,Uptrend,Medium,0.0,-0.059189167113530235
000660.KS,2025-03-10,187900.0,U1,Uptrend,Medium,-0.02338877338877343,-0.36007738714827736
000660.KS,2025-03-11,187800.0,U1,Uptrend,Medium,-0.000532197977647697,-0.38662443041725747
000660.KS,2025-03-12,198900.0,U2,Uptrend,Medium,0.0591054313099042,0.28456514551181655
000660.KS,2025-03-13,199700.0,U2,Uptrend,Medium,0.004022121669180478,0.3101189160490804
000660.KS,2025-03-14,204500.0,U2,Uptrend,Medium,0.02403605408112175,0.6009719942136386
000660.KS,2025-03-17,206000.0,U2,Uptrend,Medium,0.007334963325183352,0.6759384834847879
000660.KS,2025-03-18,203000.0,U2,Uptrend,Medium,-0.014563106796116498,0.44625100503924287
000660.KS,2025-03-19,205500.0,U2,Uptrend,Medium,0.012315270935960632,0.5946337188483923
000660.KS,2025-03-20,210000.0,U2,Uptrend,Medium,0.021897810218978186,0.8825311271404092
000660.KS,2025-03-21,215500.0,U2,Uptrend,Medium,0.026190476190476097,1.2301421175869804
000660.KS,2025-03-24,211500.0,U2,Uptrend,Medium,-0.018561484918793503,0.9158814569868472
000660.KS,2025-03-25,208000.0,U2,Uptrend,Medium,-0.01654846335697402,0.6421051599698449
000660.KS,2025-03-26,214000.0,U2,Uptrend,Medium,0.028846153846153744,1.057745477002545
000660.KS,2025-03-27,207000.0,U2,Uptrend,Medium,-0.032710280373831724,0.5081721588197663
000660.KS,2025-03-28,199300.0,U2,Uptrend,Medium,-0.037198067632850274,-0.1435927831788168
000660.KS,2025-03-31,190700.0,U1,Uptrend,Medium,-0.04315102860010034,-0.9338624451931297
000660.KS,2025-04-01,197000.0,U2,Uptrend,Medium,0.03303618248557938,-0.43607069112383295
000660.KS,2025-04-02,197900.0,U2,Uptrend,Medium,0.004568527918781706,-0.4135876800468092
000660.KS,2025-04-03,194600.0,U2,Uptrend,Medium,-0.016675088428499296,-0.8363595214260642
000660.KS,2025-04-04,182200.0,U1,Uptrend,High,-0.06372045220966083,-2.145797056134645
000660.KS,2025-04-07,164800.0,U1,Uptrend,High,-0.09549945115257963,-3.487207521922882
000660.KS,2025-04-08,169500.0,U1,Uptrend,High,0.02851941747572817,-2.8052777741072337
000660.KS,2025-04-09,165000.0,U1,Uptrend,High,-0.026548672566371723,-2.923336930280695
000660.KS,2025-04-10,183200.0,U1,Uptrend,High,0.11030303030303035,-1.3948645872168455
000660.KS,2025-04-11,180800.0,U1,Uptrend,High,-0.013100436681222738,-1.525362428346394
000660.KS,2025-04-14,180200.0,U1,Uptrend,High,-0.0033185840707964376,-1.5253366235116377
000660.KS,2025-04-15,180600.0,U1,Uptrend,High,0.002219755826859071,-1.4510473826043997
000660.KS,2025-04-16,174000.0,U1,Uptrend,High,-0.03654485049833889,-1.86088953839588
000660.KS,2025-04-17,175000.0,U1,Uptrend,High,0.005747126436781658,-1.7093327356998025
000660.KS,2025-04-18,175000.0,U1,Uptrend,High,0.0,-1.6410303909438257
000660.KS,2025-04-21,176600.0,U1,Uptrend,High,0.00914285714285712,-1.4702175717531922
000660.KS,2025-04-22,173800.0,U1,Uptrend,High,-0.015855039637599044,-1.6069738183304803
000660.KS,2025-04-23,181000.0,U1,Uptrend,High,0.04142692750287691,-1.0804957360217036
000660.KS,2025-04-24,178300.0,U1,Uptrend,High,-0.014917127071823244,-1.2384006345999259
000660.KS,2025-04-25,184400.0,U1,Uptrend,High,0.034212002243410033,-0.7723571151279764
000660.KS,2025-04-28,182000.0,U1,Uptrend,High,-0.013015184381778733,-0.9230973713898074
000660.KS,2025-04-29,180800.0,U1,Uptrend,High,-0.00659340659340657,-0.9912353313532126
000660.KS,2025-04-30,177500.0,U1,Uptrend,High,-0.018252212389380573,-1.2012934336322802
000660.KS,2025-05-02,186000.0,U1,Uptrend,High,0.04788732394366191,-0.5708865424978148
000660.KS,2025-05-07,190800.0,U1,Uptrend,High,0.02580645161290329,-0.2103483513251629
000660.KS,2025-05-08,190300.0,U1,Uptrend,High,-0.00262054507337528,-0.2320132090879822
000660.KS,2025-05-09,190100.0,U1,Uptrend,High,-0.0010509721492379942,-0.23696821539119117
000660.KS,2025-05-12,195000.0,U2,Uptrend,High,0.025775907417148858,0.1249318635804432
000660.KS,2025-05-13,198500.0,U2,Uptrend,Medium,0.017948717948717885,0.38020648789942996
000660.KS,2025-05-14,206000.0,U2,Uptrend,Medium,0.037783375314861534,0.9320975627615234
000660.KS,2025-05-15,200500.0,U2,Uptrend,Medium,-0.02669902912621358,0.5477675929217842
000660.KS,2025-05-16,204500.0,U2,Uptrend,Medium,0.01995012468827939,0.8612823660475162
000660.KS,2025-05-19,199400.0,U2,Uptrend,Medium,-0.024938875305623442,0.500047191576336
000660.KS,2025-05-20,202000.0,U2,Uptrend,Medium,0.013039117352056095,0.7380584958272667
000660.KS,2025-05-21,200500.0,U2,Uptrend,Medium,-0.007425742574257432,0.6470406300264483
000660.KS,2025-05-22,196900.0,U2,Uptrend,Medium,-0.01795511221945134,0.3849547540366766
000660.KS,2025-05-23,200000.0,U2,Uptrend,Medium,0.015744032503808958,0.6438389028423206
000660.KS,2025-05-26,203000.0,U2,Uptrend,Medium,0.014999999999999902,0.8800205565718762
000660.KS,2025-05-27,202500.0,U2,Uptrend,Medium,-0.0024630541871921707,0.8409757951539727
000660.KS,2025-05-28,208000.0,U2,Uptrend,Medium,0.02716049382716057,1.2578568216848893
000660.KS,2025-05-29,212000.0,U2,Uptrend,Medium,0.019230769230769162,1.5166315484493949
000660.KS,2025-05-30,204500.0,U2,Uptrend,Medium,-0.035377358490566,0.9032126992862296
000660.KS,2025-06-02,207500.0,U2,Uptrend,Medium,0.014669926650366705,1.1056363354897913
000660.KS,2025-06-04,217500.0,U2,Uptrend,Medium,0.04819277108433728,1.790043091269988
000660.KS,2025-06-05,224500.0,U2,Uptrend,Medium,0.03218390804597693,2.1779478607031844
000660.KS,2025-06-09,229000.0,U2,Uptrend,Medium,0.020044543429844186,2.336630929722678
000660.KS,2025-06-10,230500.0,U2,Uptrend,Medium,0.0065502183406114245,2.284750306469389
000660.KS,2025-06-11,240000.0,U2,Uptrend,Medium,0.04121475054229928,2.678039361057804
000660.KS,2025-06-12,235500.0,U2,Uptrend,Medium,-0.018750000000000044,2.2610755290861038
000660.KS,2025-06-13,235500.0,U2,Uptrend,Medium,0.0,2.144486016686575
000660.KS,2025-06-16,248000.0,U2,Uptrend,Medium,0.05307855626326963,2.63792509419893
000660.KS,2025-06-17,249000.0,U2,Uptrend,Medium,0.0040322580645162365,2.504401070916947
000660.KS,2025-06-18,246500.0,U2,Uptrend,Medium,-0.010040160642570295,2.2439406756865763
000660.KS,2025-06-19,246000.0,U2,Uptrend,Medium,-0.0020283975659228792,2.1103754468424936
000660.KS,2025-06-20,257000.0,U2,Uptrend,Medium,0.04471544715447151,2.4560703001743924
000660.KS,2025-06-23,259500.0,U2,Uptrend,Medium,0.009727626459143934,2.405358193058721
000660.KS,2025-06-24,278500.0,U2,Uptrend,Medium,0.07321772639691715,2.908135282347208
000660.KS,2025-06-25,286000.0,U2,Uptrend,Medium,0.026929982046678624,2.914748535846281
000660.KS,2025-06-26,293000.0,U2,Uptrend,Medium,0.02447552447552437,2.881336537589783
000660.KS,2025-06-27,284000.0,U2,Uptrend,Medium,-0.030716723549488067,2.409646627364305
000660.KS,2025-06-30,292000.0,U2,Uptrend,Medium,0.028169014084507005,2.470807309227582
000660.KS,2025-07-01,285500.0,U2,Uptrend,Medium,-0.022260273972602773,2.1466024937174684
000660.KS,2025-07-02,279000.0,U2,Uptrend,Medium,-0.02276707530647981,1.8669068971181224
000660.KS,2025-07-03,278500.0,U2,Uptrend,Medium,-0.0017921146953404632,1.7682390892988247
000660.KS,2025-07-04,270500.0,U2,Uptrend,Medium,-0.02872531418312385,1.4932173960062431
000660.KS,2025-07-07,271000.0,U2,Uptrend,Medium,0.001848428835489857,1.4542547374287873
000660.KS,2025-07-08,282000.0,U2,Uptrend,Medium,0.040590405904058935,1.6752003138882687
000660.KS,2025-07-09,281000.0,U2,Uptrend,Medium,-0.0035460992907800915,1.5896410688000107
000660.KS,2025-07-10,297000.0,U2,Uptrend,High,0.05693950177935947,1.9076832827643802
000660.KS,2025-07-11,294500.0,U2,Uptrend,High,-0.008417508417508435,1.7639284461797844
000660.KS,2025-07-14,300000.0,U2,Uptrend,Medium,0.018675721561969505,1.8157281424734277
000660.KS,2025-07-15,298500.0,U2,Uptrend,Medium,-0.0050000000000000044,1.7050282614478567
000660.KS,2025-07-16,296000.0,U2,Uptrend,Medium,-0.008375209380234505,1.5839636808686561
000660.KS,2025-07-17,269500.0,U2,Uptrend,High,-0.08952702702702697,0.9223215138807808
000660.KS,2025-07-18,269000.0,U2,Uptrend,High,-0.0018552875695733162,0.880723332071348
000660.KS,2025-07-21,272500.0,U2,Uptrend,High,0.013011152416356975,0.9346566274677031
000660.KS,2025-07-22,268500.0,U2,Uptrend,High,-0.014678899082568808,0.8092919550593899
000660.KS,2025-07-23,269000.0,U2,Uptrend,High,0.0018621973929235924,0.7937674479402309
000660.KS,2025-07-24,269500.0,U2,Uptrend,High,0.0018587360594795044,0.7789592739491029
000660.KS,2025-07-25,266000.0,U2,Uptrend,Medium,-0.012987012987012991,0.6642310912975524
000660.KS,2025-07-28,262000.0,U2,Uptrend,Medium,-0.015037593984962405,0.5363832685550494
000660.KS,2025-07-29,262500.0,U2,Uptrend,Medium,0.001908396946564972,0.5241248653795579
000660.KS,2025-07-30,263500.0,U2,Uptrend,Medium,0.003809523809523707,0.5252530791087516
000660.KS,2025-07-31,273500.0,U2,Uptrend,Medium,0.03795066413662229,0.7715239788408734
000660.KS,2025-08-01,258000.0,U2,Uptrend,High,-0.05667276051188297,0.3161318719159546
000660.KS,2025-08-04,258000.0,U2,Uptrend,High,0.0,0.29046139193966025
000660.KS,2025-08-05,263500.0,U2,Uptrend,High,0.02131782945736438,0.42398391983942646
000660.KS,2025-08-06,258500.0,U2,Uptrend,High,-0.018975332068311146,0.2499890392366929
000660.KS,2025-08-07,262000.0,U2,Uptrend,Medium,0.013539651837524147,0.3307180650562789
000660.KS,2025-08-08,256500.0,U2,Uptrend,Medium,-0.020992366412213692,0.1369310515000593
000660.KS,2025-08-11,267000.0,U2,Uptrend,Medium,0.040935672514619936,0.44177612609403305
000660.KS,2025-08-12,269000.0,U2,Uptrend,Medium,0.0074906367041198685,0.4808520500072719
000660.KS,2025-08-13,278000.0,U2,Uptrend,High,0.03345724907063197,0.7506191135252791
000660.KS,2025-08-14,276500.0,U2,Uptrend,Medium,-0.0053956834532373765,0.675127056665922
000660.KS,2025-08-18,267500.0,U2,Uptrend,Medium,-0.032549728752260365,0.33780342493825183
000660.KS,2025-08-19,263000.0,U2,Uptrend,Medium,-0.016822429906542036,0.14463388957146422
000660.KS,2025-08-20,255500.0,U2,Uptrend,Medium,-0.028517110266159662,-0.17517706960597232
000660.KS,2025-08-21,245000.0,U2,Uptrend,Medium,-0.04109589041095896,-0.6338599241598565
000660.KS,2025-08-22,251000.0,U2,Uptrend,Medium,0.02448979591836742,-0.44554000006768746
000660.KS,2025-08-25,259500.0,U2,Uptrend,Medium,0.03386454183266929,-0.12808550009660885
000660.KS,2025-08-26,261500.0,U2,Uptrend,Medium,0.007707129094412402,-0.0795263982582972
000660.KS,2025-08-27,260000.0,U2,Uptrend,Medium,-0.005736137667303964,-0.20533735870369038
000660.KS,2025-08-28,268500.0,U2,Uptrend,Medium,0.0326923076923078,0.1781811725768995
000660.KS,2025-08-29,269000.0,U2,Uptrend,Medium,0.0018621973929235924,0.16870114419100873
000660.KS,2025-09-01,256000.0,U2,Uptrend,Medium,-0.048327137546468446,-0.6245060175945341
000660.KS,2025-09-02,260500.0,U2,Uptrend,Medium,0.017578125,-0.4061667638013492
000660.KS,2025-09-03,262500.0,U2,Uptrend,Medium,0.007677543186180413,-0.33003906270868005
000660.KS,2025-09-04,265500.0,U2,Uptrend,Medium,0.011428571428571344,-0.1680474054592793
000660.KS,2025-09-05,273500.0,U2,Uptrend,Medium,0.030131826741996326,0.3357605419746858
000660.KS,2025-09-08,277000.0,U2,Uptrend,Medium,0.01279707495429605,0.5549979955097261
000660.KS,2025-09-09,288000.0,U2,Uptrend,Medium,0.03971119133573997,1.3125766056348265
000660.KS,2025-09-10,304000.0,U2,Uptrend,Medium,0.05555555555555558,2.3443600063868897
000660.KS,2025-09-11,307000.0,U2,Uptrend,Medium,0.009868421052631637,2.420178372660155
000660.KS,2025-09-12,328500.0,U2,Uptrend,High,0.07003257328990231,3.485026238487138
