ticker,date,price,sax_symbol,trend,volatility,daily_return,zscore
000990.KS,2020-01-03,27600.0,D2,Downtrend,Unknown,-0.010752688172043001,0.0
000990.KS,2020-01-06,28000.0,D2,Downtrend,Unknown,0.01449275362318847,0.0
000990.KS,2020-01-07,28000.0,D2,Downtrend,Unknown,0.0,0.0
000990.KS,2020-01-08,28950.0,D2,Downtrend,Unknown,0.03392857142857153,0.0
000990.KS,2020-01-09,29050.0,D2,Downtrend,Unknown,0.003454231433505983,0.0
000990.KS,2020-01-10,28150.0,D2,Downtrend,Unknown,-0.030981067125645412,0.0
000990.KS,2020-01-13,28800.0,D2,Downtrend,Unknown,0.023090586145648295,0.0
000990.KS,2020-01-14,30150.0,D2,Downtrend,Unknown,0.046875,0.0
000990.KS,2020-01-15,28800.0,D2,Downtrend,Unknown,-0.04477611940298509,0.0
000990.KS,2020-01-16,29100.0,D2,Downtrend,Unknown,0.01041666666666674,0.0
000990.KS,2020-01-17,28450.0,D2,Downtrend,Unknown,-0.022336769759450203,0.0
000990.KS,2020-01-20,29000.0,D2,Downtrend,Unknown,0.019332161687170446,0.0
000990.KS,2020-01-21,29100.0,D2,Downtrend,Unknown,0.0034482758620688614,0.0
000990.KS,2020-01-22,31300.0,D2,Downtrend,Unknown,0.07560137457044669,0.0
000990.KS,2020-01-23,30300.0,D2,Downtrend,Unknown,-0.03194888178913735,0.0
000990.KS,2020-01-28,29800.0,D2,Downtrend,Unknown,-0.01650165016501648,0.0
000990.KS,2020-01-29,29350.0,D2,Downtrend,Unknown,-0.015100671140939603,0.0
000990.KS,2020-01-30,28850.0,D2,Downtrend,Unknown,-0.017035775127768327,0.0
000990.KS,2020-01-31,27350.0,D2,Downtrend,Unknown,-0.051993067590987874,0.0
000990.KS,2020-02-03,28800.0,D2,Downtrend,High,0.05301645338208405,0.0
000990.KS,2020-02-04,29150.0,D2,Downtrend,High,0.012152777777777679,0.0
000990.KS,2020-02-05,28300.0,D2,Downtrend,High,-0.029159519725557415,0.0
000990.KS,2020-02-06,28800.0,D2,Downtrend,High,0.0176678445229681,0.0
000990.KS,2020-02-07,28300.0,D2,Downtrend,High,-0.01736111111111116,0.0
000990.KS,2020-02-10,29050.0,D2,Downtrend,High,0.026501766784452263,0.0
000990.KS,2020-02-11,28000.0,D2,Downtrend,High,-0.03614457831325302,0.0
000990.KS,2020-02-12,28700.0,D2,Downtrend,High,0.02499999999999991,0.0
000990.KS,2020-02-13,29850.0,D2,Downtrend,High,0.04006968641114983,0.0
000990.KS,2020-02-14,30150.0,D2,Downtrend,High,0.01005025125628145,0.0
000990.KS,2020-02-17,29850.0,D2,Downtrend,High,-0.00995024875621886,0.0
000990.KS,2020-02-18,28700.0,D2,Downtrend,High,-0.038525963149078746,0.0
000990.KS,2020-02-19,28700.0,D2,Downtrend,High,0.0,0.0
000990.KS,2020-02-20,28550.0,D2,Downtrend,High,-0.005226480836236891,0.0
000990.KS,2020-02-21,27800.0,D2,Downtrend,Medium,-0.02626970227670755,0.0
000990.KS,2020-02-24,27000.0,D2,Downtrend,Medium,-0.02877697841726623,0.0
000990.KS,2020-02-25,27750.0,D2,Downtrend,Medium,0.02777777777777768,0.0
000990.KS,2020-02-26,27300.0,D2,Downtrend,Medium,-0.01621621621621616,0.0
000990.KS,2020-02-27,25700.0,D2,Downtrend,High,-0.05860805860805862,0.0
000990.KS,2020-02-28,23800.0,D2,Downtrend,High,-0.07392996108949412,0.0
000990.KS,2020-03-02,25650.0,D2,Downtrend,High,0.07773109243697474,0.0
000990.KS,2020-03-03,25200.0,D2,Downtrend,High,-0.01754385964912286,0.0
000990.KS,2020-03-04,25800.0,D2,Downtrend,High,0.023809523809523725,0.0
000990.KS,2020-03-05,25650.0,D2,Downtrend,High,-0.005813953488372103,0.0
000990.KS,2020-03-06,25300.0,D2,Downtrend,High,-0.013645224171540016,0.0
000990.KS,2020-03-09,25300.0,D2,Downtrend,High,0.0,0.0
000990.KS,2020-03-10,24700.0,D2,Downtrend,High,-0.02371541501976282,0.0
000990.KS,2020-03-11,22950.0,D2,Downtrend,High,-0.07085020242914974,0.0
000990.KS,2020-03-12,22950.0,D2,Downtrend,High,0.0,0.0
000990.KS,2020-03-13,20950.0,D2,Downtrend,High,-0.08714596949891062,0.0
000990.KS,2020-03-16,18950.0,D2,Downtrend,High,-0.09546539379474939,0.0
000990.KS,2020-03-17,18800.0,D2,Downtrend,High,-0.0079155672823219,0.0
000990.KS,2020-03-18,16550.0,D2,Downtrend,High,-0.11968085106382975,0.0
000990.KS,2020-03-19,15000.0,D2,Downtrend,High,-0.09365558912386707,0.0
000990.KS,2020-03-20,17300.0,D2,Downtrend,High,0.15333333333333332,0.0
000990.KS,2020-03-23,17750.0,D2,Downtrend,High,0.026011560693641522,0.0
000990.KS,2020-03-24,20600.0,D2,Downtrend,High,0.16056338028169015,0.0
000990.KS,2020-03-25,21250.0,D2,Downtrend,High,0.031553398058252524,0.0
000990.KS,2020-03-26,20550.0,D2,Downtrend,High,-0.03294117647058825,0.0
000990.KS,2020-03-27,21050.0,D2,Downtrend,High,0.024330900243308973,-1.3073115272468088
000990.KS,2020-03-30,21050.0,D2,Downtrend,High,0.0,-1.2627693431249976
000990.KS,2020-03-31,21650.0,D2,Downtrend,High,0.028503562945368266,-1.0791512480216385
000990.KS,2020-04-01,20900.0,D2,Downtrend,High,-0.034642032332563466,-1.2213516447127546
000990.KS,2020-04-02,21350.0,D2,Downtrend,High,0.021531100478468845,-1.0761602985804797
000990.KS,2020-04-03,20900.0,D2,Downtrend,High,-0.021077283372365363,-1.1451993648196663
000990.KS,2020-04-06,22150.0,D2,Downtrend,High,0.05980861244019131,-0.817099808654438
000990.KS,2020-04-07,23450.0,D2,Downtrend,High,0.05869074492099324,-0.48650163404588287
000990.KS,2020-04-08,23750.0,D2,Downtrend,High,0.01279317697228155,-0.39571600473476826
000990.KS,2020-04-09,24350.0,D2,Downtrend,High,0.025263157894736876,-0.2298964249955895
000990.KS,2020-04-10,23700.0,D2,Downtrend,High,-0.026694045174537995,-0.36987362778748684
000990.KS,2020-04-13,22200.0,D2,Downtrend,High,-0.06329113924050633,-0.7125941445697211
000990.KS,2020-04-14,22850.0,D2,Downtrend,High,0.029279279279279313,-0.5312208790747677
000990.KS,2020-04-16,23800.0,D2,Downtrend,High,0.04157549234135671,-0.27695164344156303
000990.KS,2020-04-17,24050.0,D2,Downtrend,High,0.010504201680672232,-0.19541976298757524
000990.KS,2020-04-20,23700.0,D2,Downtrend,High,-0.014553014553014498,-0.2574241472020963
000990.KS,2020-04-21,24300.0,D2,Downtrend,High,0.025316455696202445,-0.07864448234236869
000990.KS,2020-04-22,25500.0,D2,Downtrend,High,0.04938271604938271,0.2587512601485994
000990.KS,2020-04-23,26250.0,D2,Downtrend,High,0.02941176470588225,0.478143347819361
000990.KS,2020-04-24,26100.0,D2,Downtrend,High,-0.005714285714285672,0.45473645774224963
000990.KS,2020-04-27,26300.0,D2,Downtrend,High,0.00766283524904221,0.5156298581194131
000990.KS,2020-04-28,26050.0,D2,Downtrend,High,-0.009505703422053258,0.4647671259039646
000990.KS,2020-04-29,26750.0,D2,Downtrend,High,0.026871401151631558,0.6767925541404307
000990.KS,2020-05-04,25450.0,D2,Downtrend,High,-0.04859813084112152,0.3300876086726351
000990.KS,2020-05-06,26600.0,D2,Downtrend,High,0.04518664047151266,0.671767931099453
000990.KS,2020-05-07,27200.0,D2,Downtrend,High,0.022556390977443552,0.8525769605627291
000990.KS,2020-05-08,28050.0,D2,Downtrend,High,0.03125,1.107648358583083
000990.KS,2020-05-11,27800.0,D2,Downtrend,High,-0.0089126559714795,1.037608693616443
000990.KS,2020-05-12,27400.0,D2,Downtrend,High,-0.014388489208633115,0.9350534575048506
000990.KS,2020-05-13,27550.0,D2,Downtrend,High,0.005474452554744547,1.004929123305324
000990.KS,2020-05-14,28400.0,D2,Downtrend,High,0.030852994555353952,1.2815489391004364
000990.KS,2020-05-15,28600.0,D2,Downtrend,Medium,0.007042253521126751,1.360881301447565
000990.KS,2020-05-18,28150.0,D2,Downtrend,Medium,-0.01573426573426573,1.232265446703787
000990.KS,2020-05-19,27800.0,D2,Downtrend,Medium,-0.01243339253996445,1.1373659305307053
000990.KS,2020-05-20,28350.0,D2,Downtrend,Medium,0.019784172661870603,1.3079361600198978
000990.KS,2020-05-21,28100.0,D2,Downtrend,Medium,-0.00881834215167554,1.2277981547066672
000990.KS,2020-05-22,27300.0,D2,Downtrend,Medium,-0.028469750889679735,0.9809665366583261
000990.KS,2020-05-25,32150.0,D2,Downtrend,High,0.1776556776556777,2.3424026677853815
000990.KS,2020-05-26,32700.0,D2,Downtrend,High,0.01710730948678063,2.3714337200912716
000990.KS,2020-05-27,30600.0,D2,Downtrend,High,-0.06422018348623848,1.7170096724966997
000990.KS,2020-05-28,29300.0,D2,Downtrend,High,-0.042483660130718914,1.3164835407692232
000990.KS,2020-05-29,28600.0,D2,Downtrend,High,-0.023890784982935176,1.1039084861576525
000990.KS,2020-06-01,30700.0,D2,Downtrend,High,0.07342657342657333,1.603629680169669
000990.KS,2020-06-02,30350.0,D2,Downtrend,High,-0.01140065146579805,1.4659340558953475
000990.KS,2020-06-03,30400.0,D2,Downtrend,High,0.0016474464579900872,1.4332486766900983
000990.KS,2020-06-04,30250.0,D2,Downtrend,High,-0.004934210526315819,1.3530778610210537
000990.KS,2020-06-05,30450.0,D2,Downtrend,High,0.006611570247933907,1.3593907925682251
000990.KS,2020-06-08,30650.0,D2,Downtrend,High,0.006568144499178974,1.3617180513919627
000990.KS,2020-06-09,30050.0,D2,Downtrend,High,-0.019575856443719397,1.1773897901061616
000990.KS,2020-06-10,29950.0,D2,Downtrend,High,-0.0033277870216306127,1.1162463584407263
000990.KS,2020-06-11,29750.0,D2,Downtrend,High,-0.006677796327211993,1.0340157521122006
000990.KS,2020-06-12,28850.0,D2,Downtrend,High,-0.030252100840336138,0.7946982360956282
000990.KS,2020-06-15,27000.0,D2,Downtrend,High,-0.06412478336221838,0.32705408628533933
000990.KS,2020-06-16,28050.0,D2,Downtrend,High,0.03888888888888897,0.5596386135506111
000990.KS,2020-06-17,27950.0,D2,Downtrend,High,-0.0035650623885917776,0.5130855742521344
000990.KS,2020-06-18,27900.0,D2,Downtrend,High,-0.0017889087656529634,0.474379536473422
000990.KS,2020-06-19,29200.0,D2,Downtrend,High,0.04659498207885315,0.8311890643969161
000990.KS,2020-06-22,28850.0,D2,Downtrend,High,-0.011986301369863006,0.7005410178972606
000990.KS,2020-06-23,28450.0,D2,Downtrend,High,-0.013864818024263426,0.5520290316791551
000990.KS,2020-06-24,29500.0,D2,Downtrend,High,0.03690685413005279,0.8578111208978133
000990.KS,2020-06-25,28300.0,D2,Downtrend,High,-0.04067796610169494,0.4443212314018877
000990.KS,2020-06-26,28850.0,D2,Downtrend,High,0.019434628975264934,0.6025122731524563
000990.KS,2020-06-29,28750.0,D2,Downtrend,Medium,-0.0034662045060658286,0.5428449431224421
000990.KS,2020-06-30,28850.0,D2,Downtrend,Medium,0.003478260869565153,0.5541900808502732
000990.KS,2020-07-01,28500.0,D2,Downtrend,Medium,-0.012131715771230511,0.3980626024266933
000990.KS,2020-07-02,28650.0,D2,Downtrend,Medium,0.0052631578947368585,0.4296135806876635
000990.KS,2020-07-03,28600.0,D2,Downtrend,Medium,-0.0017452006980802626,0.38160069024512766
000990.KS,2020-07-06,30400.0,D2,Downtrend,Medium,0.06293706293706292,1.1155420752297593
000990.KS,2020-07-07,29400.0,D2,Downtrend,High,-0.03289473684210531,0.6585215300359349
000990.KS,2020-07-08,29200.0,D2,Downtrend,High,-0.006802721088435382,0.5447850384312015
000990.KS,2020-07-09,29100.0,D2,Downtrend,High,-0.003424657534246589,0.473806986387628
000990.KS,2020-07-10,30450.0,D2,Downtrend,High,0.046391752577319645,1.0999162146785746
000990.KS,2020-07-13,30500.0,D2,Downtrend,Medium,0.0016420361247948545,1.1199198337985778
000990.KS,2020-07-14,30750.0,D2,Downtrend,Medium,0.008196721311475308,1.2348767309510897
000990.KS,2020-07-15,31850.0,D2,Downtrend,Medium,0.03577235772357734,1.7987147580039418
000990.KS,2020-07-16,30900.0,D2,Downtrend,Medium,-0.02982731554160123,1.2737609349974952
000990.KS,2020-07-17,31350.0,D2,Downtrend,Medium,0.014563106796116498,1.5269036862241199
000990.KS,2020-07-20,31350.0,D2,Downtrend,Medium,0.0,1.4926457307668228
000990.KS,2020-07-21,30900.0,D2,Downtrend,Medium,-0.014354066985645897,1.1816089763287247
000990.KS,2020-07-22,30400.0,D2,Downtrend,Medium,-0.016181229773462813,0.8444106859205847
000990.KS,2020-07-23,30750.0,D2,Downtrend,Medium,0.011513157894736947,1.0392187878914532
000990.KS,2020-07-24,30150.0,D2,Downtrend,Medium,-0.019512195121951237,0.6253299304744327
000990.KS,2020-07-27,31050.0,D2,Downtrend,Medium,0.029850746268656803,1.1952841092453448
000990.KS,2020-07-28,33300.0,D2,Downtrend,Medium,0.07246376811594213,2.6313318442398286
000990.KS,2020-07-29,33450.0,D2,Downtrend,Medium,0.0045045045045044585,2.581270076157355
000990.KS,2020-07-30,35150.0,D2,Downtrend,High,0.05082212257100149,3.3215216815992354
000990.KS,2020-07-31,34100.0,D2,Downtrend,High,-0.02987197724039825,2.4997252376240366
000990.KS,2020-08-03,34900.0,D2,Downtrend,Medium,0.02346041055718473,2.7312503536185315
000990.KS,2020-08-04,35200.0,D2,Downtrend,Medium,0.008595988538681931,2.6853641647255015
000990.KS,2020-08-05,34300.0,D2,Downtrend,Medium,-0.025568181818181768,2.106400168284686
000990.KS,2020-08-06,34200.0,D2,Downtrend,Medium,-0.002915451895043719,1.9528667573302148
000990.KS,2020-08-07,33750.0,D2,Downtrend,Medium,-0.013157894736842146,1.6581872808106757
000990.KS,2020-08-10,34100.0,D2,Downtrend,Medium,0.010370370370370363,1.748115583737439
000990.KS,2020-08-11,33550.0,D2,Downtrend,Medium,-0.016129032258064502,1.4353106990565927
000990.KS,2020-08-12,34700.0,D2,Downtrend,Medium,0.03427719821162434,1.8846990321184713
000990.KS,2020-08-13,36900.0,D2,Downtrend,Medium,0.06340057636887608,2.681410866160502
000990.KS,2020-08-14,36900.0,D2,Downtrend,Medium,0.0,2.515022317035281
000990.KS,2020-08-18,34500.0,D2,Downtrend,High,-0.06504065040650409,1.4649021110525853
000990.KS,2020-08-19,38600.0,D1,Downtrend,High,0.11884057971014483,2.8983501089923998
000990.KS,2020-08-20,36600.0,D2,Downtrend,High,-0.051813471502590636,2.017322404905065
000990.KS,2020-08-21,35750.0,D2,Downtrend,High,-0.023224043715846965,1.6305947027983376
000990.KS,2020-08-24,36250.0,D2,Downtrend,High,0.013986013986013957,1.7337125259382762
000990.KS,2020-08-25,36100.0,D2,Downtrend,High,-0.004137931034482789,1.6116017952525132
000990.KS,2020-08-26,35550.0,D2,Downtrend,High,-0.015235457063711877,1.3686581049018673
000990.KS,2020-08-27,35050.0,D2,Downtrend,High,-0.01406469760900142,1.1581534416254387
000990.KS,2020-08-28,35550.0,D2,Downtrend,High,0.014265335235378096,1.2821781685707971
000990.KS,2020-08-31,35550.0,D2,Downtrend,High,0.0,1.2389123200533005
000990.KS,2020-09-01,34850.0,D2,Downtrend,High,-0.019690576652601988,0.9763733066554261
000990.KS,2020-09-02,35150.0,D2,Downtrend,High,0.008608321377331363,1.0407544839269927
000990.KS,2020-09-03,35850.0,D2,Downtrend,High,0.019914651493598834,1.2264341691222982
000990.KS,2020-09-04,34700.0,D2,Downtrend,High,-0.03207810320781035,0.8254688527761966
000990.KS,2020-09-07,37200.0,D2,Downtrend,High,0.07204610951008639,1.5725729822039396
000990.KS,2020-09-08,37050.0,D2,Downtrend,High,-0.0040322580645161255,1.479968104247578
000990.KS,2020-09-09,37150.0,D2,Downtrend,High,0.0026990553306343035,1.4618376428873616
000990.KS,2020-09-10,37300.0,D2,Downtrend,High,0.004037685060565233,1.4615521047231517
000990.KS,2020-09-11,39000.0,D1,Downtrend,High,0.04557640750670244,1.9281776443250043
000990.KS,2020-09-14,38850.0,D1,Downtrend,High,-0.0038461538461538325,1.7996326103473832
000990.KS,2020-09-15,38150.0,D2,Downtrend,High,-0.018018018018018056,1.524078253767954
000990.KS,2020-09-16,37600.0,D2,Downtrend,Medium,-0.014416775884665833,1.311066310311146
000990.KS,2020-09-17,36750.0,D2,Downtrend,Medium,-0.022606382978723416,1.0107681756503335
000990.KS,2020-09-18,37050.0,D2,Downtrend,Medium,0.008163265306122547,1.0743683955877987
000990.KS,2020-09-21,37000.0,D2,Downtrend,Medium,-0.0013495276653171517,1.02709830876013
000990.KS,2020-09-22,35550.0,D2,Downtrend,Medium,-0.03918918918918923,0.5326097764760448
000990.KS,2020-09-23,36900.0,D2,Downtrend,Medium,0.03797468354430378,0.9505564756285597
000990.KS,2020-09-24,35500.0,D2,Downtrend,Medium,-0.03794037940379402,0.4538373865328574
000990.KS,2020-09-25,34850.0,D2,Downtrend,Medium,-0.018309859154929553,0.1993747462826363
000990.KS,2020-09-28,37950.0,D2,Downtrend,High,0.0889526542324246,1.2810404876882997
000990.KS,2020-09-29,37500.0,D2,Downtrend,High,-0.011857707509881465,1.0828902272180576
000990.KS,2020-10-05,37450.0,D2,Downtrend,High,-0.0013333333333332975,1.0385123368686255
000990.KS,2020-10-06,37100.0,D2,Downtrend,High,-0.009345794392523366,0.8843119721384486
000990.KS,2020-10-07,36950.0,D2,Downtrend,High,-0.0040431266846361336,0.8059364121598193
000990.KS,2020-10-08,36500.0,D2,Downtrend,Medium,-0.012178619756427644,0.5982194796999318
000990.KS,2020-10-12,37350.0,D2,Downtrend,Medium,0.023287671232876672,0.9274292695146483
000990.KS,2020-10-13,37400.0,D2,Downtrend,Medium,0.0013386880856760541,0.923721017824042
000990.KS,2020-10-14,36150.0,D2,Downtrend,High,-0.03342245989304815,0.35191622439343584
000990.KS,2020-10-15,35850.0,D2,Downtrend,Medium,-0.008298755186721962,0.18780927521419916
000990.KS,2020-10-16,36100.0,D2,Downtrend,Medium,0.0069735006973501434,0.2751390242680784
000990.KS,2020-10-19,35300.0,D2,Downtrend,Medium,-0.02216066481994461,-0.14227809039428438
000990.KS,2020-10-20,35000.0,D2,Downtrend,Medium,-0.008498583569405138,-0.3397603816507059
000990.KS,2020-10-21,34950.0,D2,Downtrend,Medium,-0.0014285714285714457,-0.4327412929243699
000990.KS,2020-10-22,33550.0,D2,Downtrend,Medium,-0.04005722460658079,-1.302852942089627
000990.KS,2020-10-23,32450.0,D2,Downtrend,High,-0.032786885245901676,-2.097829615991306
000990.KS,2020-10-26,31050.0,D2,Downtrend,High,-0.04314329738058553,-2.969978528355917
000990.KS,2020-10-27,31550.0,D2,Downtrend,Medium,0.016103059581320522,-2.5432875370654098
000990.KS,2020-10-28,32650.0,D2,Downtrend,Medium,0.034865293185419866,-1.8506913115062629
000990.KS,2020-10-29,33400.0,D2,Downtrend,High,0.02297090352220521,-1.3682698016260793
000990.KS,2020-10-30,31950.0,D2,Downtrend,Medium,-0.04341317365269459,-2.123128826094055
000990.KS,2020-11-02,32100.0,D2,Downtrend,Medium,0.0046948356807512415,-1.9486356950198627
000990.KS,2020-11-03,32900.0,D2,Downtrend,Medium,0.024922118380062308,-1.463240857358716
000990.KS,2020-11-04,35500.0,D2,Downtrend,High,0.07902735562310026,-0.07819831644976914
000990.KS,2020-11-05,35700.0,D2,Downtrend,High,0.005633802816901401,0.016264271958013905
000990.KS,2020-11-06,34950.0,D2,Downtrend,High,-0.021008403361344574,-0.4044136482593872
000990.KS,2020-11-09,35000.0,D2,Downtrend,High,0.0014306151645206988,-0.3873161657621302
000990.KS,2020-11-10,34150.0,D2,Downtrend,High,-0.024285714285714244,-0.8647379706203405
000990.KS,2020-11-11,34300.0,D2,Downtrend,Medium,0.004392386530014614,-0.7762277204136843
000990.KS,2020-11-12,33800.0,D2,Downtrend,High,-0.014577259475218707,-1.0179463085814713
000990.KS,2020-11-13,34550.0,D2,Downtrend,High,0.022189349112426093,-0.5858904797815025
000990.KS,2020-11-16,34700.0,D2,Downtrend,High,0.004341534008682979,-0.5059202061832149
000990.KS,2020-11-17,34000.0,D2,Downtrend,High,-0.02017291066282423,-0.8630886557846452
000990.KS,2020-11-18,33750.0,D2,Downtrend,High,-0.007352941176470562,-0.9712234530699257
000990.KS,2020-11-19,33900.0,D2,Downtrend,Medium,0.004444444444444473,-0.8651850895311771
000990.KS,2020-11-20,34000.0,D2,Downtrend,Medium,0.002949852507374562,-0.7862679204434109
000990.KS,2020-11-23,34750.0,D2,Downtrend,Medium,0.022058823529411686,-0.3610424870076606
000990.KS,2020-11-24,34700.0,D2,Downtrend,Medium,-0.0014388489208633226,-0.38031478629998633
000990.KS,2020-11-25,36600.0,D2,Downtrend,Medium,0.05475504322766578,0.6480404364610605
000990.KS,2020-11-26,37300.0,D2,Downtrend,Medium,0.0191256830601092,1.0068081314066293
000990.KS,2020-11-27,36600.0,D2,Downtrend,Medium,-0.018766756032171594,0.615034039779025
000990.KS,2020-11-30,35450.0,D2,Downtrend,Medium,-0.031420765027322384,-0.013098301816431995
000990.KS,2020-12-01,35800.0,D2,Downtrend,Medium,0.009873060648801113,0.17073212174177052
000990.KS,2020-12-02,36700.0,D2,Downtrend,Medium,0.025139664804469275,0.6487137675903683
000990.KS,2020-12-03,35850.0,D2,Downtrend,Medium,-0.023160762942779245,0.17941156571529873
000990.KS,2020-12-04,34950.0,D2,Downtrend,Medium,-0.025104602510460206,-0.2890104262921439
000990.KS,2020-12-07,35300.0,D2,Downtrend,Medium,0.010014306151645114,-0.08309382674914968
000990.KS,2020-12-08,35000.0,D2,Downtrend,Medium,-0.008498583569405138,-0.22943816709417045
000990.KS,2020-12-09,35150.0,D2,Downtrend,Medium,0.004285714285714226,-0.1280843517726198
000990.KS,2020-12-10,35350.0,D2,Downtrend,Medium,0.005689900426742556,0.017805634568379775
000990.KS,2020-12-11,35850.0,D2,Downtrend,Medium,0.014144271570014189,0.34776174569376483
000990.KS,2020-12-14,35200.0,D2,Downtrend,Medium,-0.018131101813110173,-0.012293925295966731
000990.KS,2020-12-15,34900.0,D2,Downtrend,Medium,-0.008522727272727293,-0.17220452646957643
000990.KS,2020-12-16,34950.0,D2,Downtrend,Medium,0.0014326647564470996,-0.12312927060974672
000990.KS,2020-12-17,36350.0,D2,Downtrend,Medium,0.0400572246065809,0.7739782968609283
000990.KS,2020-12-18,35600.0,D2,Downtrend,Medium,-0.02063273727647863,0.3152998737939329
000990.KS,2020-12-21,36500.0,D2,Downtrend,Medium,0.02528089887640439,0.8789344695960877
000990.KS,2020-12-22,39000.0,D1,Downtrend,Medium,0.06849315068493156,2.3609841696247074
000990.KS,2020-12-23,40100.0,D1,Downtrend,Medium,0.028205128205128105,2.784389958206449
000990.KS,2020-12-24,42950.0,D1,Downtrend,Medium,0.07107231920199508,3.7714337666648854
000990.KS,2020-12-28,46250.0,D1,Downtrend,High,0.07683352735739235,4.417436641180078
000990.KS,2020-12-29,49150.0,U1,Uptrend,High,0.06270270270270273,4.492218004654178
000990.KS,2020-12-30,51000.0,U1,Uptrend,High,0.03763987792472023,4.208783399973481
000990.KS,2021-01-04,51100.0,U1,Uptrend,High,0.0019607843137254832,3.661353297633298
000990.KS,2021-01-05,49900.0,U1,Uptrend,High,-0.023483365949119372,3.0398633309089544
000990.KS,2021-01-06,53600.0,U1,Uptrend,High,0.07414829659318634,3.4058577363453817
000990.KS,2021-01-07,54000.0,U1,Uptrend,High,0.00746268656716409,3.1283203872733254
000990.KS,2021-01-08,54900.0,U1,Uptrend,High,0.016666666666666607,2.9815388389935373
000990.KS,2021-01-11,56200.0,U1,Uptrend,High,0.023679417122040025,2.907308791529439
000990.KS,2021-01-12,61900.0,U2,Uptrend,High,0.10142348754448394,3.350845234941318
000990.KS,2021-01-13,59500.0,U1,Uptrend,High,-0.03877221324717284,2.760171092431179
000990.KS,2021-01-14,59400.0,U1,Uptrend,High,-0.001680672268907557,2.5434847692865437
000990.KS,2021-01-15,59900.0,U1,Uptrend,High,0.008417508417508435,2.4256038818678904
000990.KS,2021-01-18,63500.0,U2,Uptrend,High,0.06010016694490816,2.626294536402857
000990.KS,2021-01-19,63400.0,U2,Uptrend,High,-0.0015748031496063408,2.4356015300001883
000990.KS,2021-01-20,69200.0,U2,Uptrend,High,0.09148264984227139,2.78874595515283
000990.KS,2021-01-21,71300.0,U2,Uptrend,High,0.030346820809248554,2.7528693501129884
000990.KS,2021-01-22,69200.0,U2,Uptrend,High,-0.029453015427770013,2.3919824891715975
000990.KS,2021-01-25,70300.0,U2,Uptrend,High,0.01589595375722541,2.3309134780362055
000990.KS,2021-01-26,67300.0,U2,Uptrend,High,-0.042674253200568946,1.9710470677676002
000990.KS,2021-01-27,66200.0,U2,Uptrend,High,-0.01634472511144136,1.7956646183200624
000990.KS,2021-01-28,66900.0,U2,Uptrend,High,0.010574018126888296,1.7695802119462176
000990.KS,2021-01-29,61500.0,U2,Uptrend,High,-0.08071748878923768,1.2968244969552327
000990.KS,2021-02-01,63300.0,U2,Uptrend,High,0.029268292682926855,1.3844666287885368
000990.KS,2021-02-02,63700.0,U2,Uptrend,High,0.006319115323854652,1.3636150311354986
000990.KS,2021-02-03,64100.0,U2,Uptrend,High,0.006279434850863463,1.343811729109487
000990.KS,2021-02-04,61700.0,U2,Uptrend,High,-0.03744149765990634,1.1234597770916865
000990.KS,2021-02-05,60800.0,U2,Uptrend,High,-0.014586709886547866,1.021034882303125
000990.KS,2021-02-08,59700.0,U1,Uptrend,High,-0.018092105263157854,0.9074644969031397
000990.KS,2021-02-09,60900.0,U2,Uptrend,High,0.0201005025125629,0.965081305726058
000990.KS,2021-02-10,61700.0,U2,Uptrend,High,0.013136288998357948,0.9917725470737986
000990.KS,2021-02-15,64900.0,U2,Uptrend,High,0.05186385737439214,1.1916197287366315
000990.KS,2021-02-16,66500.0,U2,Uptrend,High,0.024653312788905923,1.267517684286194
000990.KS,2021-02-17,64700.0,U2,Uptrend,High,-0.02706766917293235,1.0959387486979173
000990.KS,2021-02-18,61600.0,U2,Uptrend,High,-0.04791344667697062,0.8341976409441118
000990.KS,2021-02-19,60600.0,U2,Uptrend,High,-0.016233766233766267,0.731667894404173
000990.KS,2021-02-22,58700.0,U1,Uptrend,High,-0.031353135313531344,0.5622165780865698
000990.KS,2021-02-23,57000.0,U1,Uptrend,High,-0.028960817717206155,0.4077311066405761
000990.KS,2021-02-24,56600.0,U1,Uptrend,High,-0.007017543859649145,0.35436952819853035
000990.KS,2021-02-25,58200.0,U1,Uptrend,High,0.028268551236749095,0.45790726582483604
000990.KS,2021-02-26,56400.0,U1,Uptrend,High,-0.030927835051546393,0.29171306762345145
000990.KS,2021-03-02,56400.0,U1,Uptrend,High,0.0,0.2678870516590004
000990.KS,2021-03-03,56400.0,U1,Uptrend,Medium,0.0,0.24383747967817562
000990.KS,2021-03-04,53900.0,U1,Uptrend,Medium,-0.04432624113475181,0.010786715419263855
000990.KS,2021-03-05,53600.0,U1,Uptrend,Medium,-0.005565862708719838,-0.04078000056563092
000990.KS,2021-03-08,51200.0,U1,Uptrend,Medium,-0.04477611940298509,-0.27947820726246814
000990.KS,2021-03-09,50700.0,U1,Uptrend,Medium,-0.009765625,-0.3553551969910764
000990.KS,2021-03-10,50100.0,U1,Uptrend,Medium,-0.011834319526627168,-0.4446973755018952
000990.KS,2021-03-11,51600.0,U1,Uptrend,Medium,0.029940119760478945,-0.339679364492297
000990.KS,2021-03-12,52400.0,U1,Uptrend,Medium,0.015503875968992276,-0.299240247465616
000990.KS,2021-03-15,52400.0,U1,Uptrend,Medium,0.0,-0.3375795603025331
000990.KS,2021-03-16,56700.0,U1,Uptrend,High,0.08206106870229002,0.07053833503256353
000990.KS,2021-03-17,57400.0,U1,Uptrend,High,0.012345679012345734,0.1102826777635747
000990.KS,2021-03-18,57500.0,U1,Uptrend,High,0.0017421602787457413,0.08364951554628436
000990.KS,2021-03-19,57300.0,U1,Uptrend,Medium,-0.003478260869565264,0.019818131632646317
000990.KS,2021-03-22,57100.0,U1,Uptrend,Medium,-0.003490401396160525,-0.05310070000498824
000990.KS,2021-03-23,54800.0,U1,Uptrend,Medium,-0.04028021015761818,-0.42889256133376275
000990.KS,2021-03-24,55200.0,U1,Uptrend,Medium,0.007299270072992803,-0.4377452542225507
000990.KS,2021-03-25,54200.0,U1,Uptrend,Medium,-0.018115942028985477,-0.6680666325892592
000990.KS,2021-03-26,55300.0,U1,Uptrend,Medium,0.02029520295202958,-0.5518163122108084
000990.KS,2021-03-29,54400.0,U1,Uptrend,Medium,-0.016274864376130238,-0.7554325069565869
000990.KS,2021-03-30,57100.0,U1,Uptrend,High,0.049632352941176405,-0.3065355839381071
000990.KS,2021-03-31,56300.0,U1,Uptrend,High,-0.014010507880910628,-0.47569545197841534
000990.KS,2021-04-01,57700.0,U1,Uptrend,Medium,0.0248667850799289,-0.24129452972670062
000990.KS,2021-04-02,57500.0,U1,Uptrend,Medium,-0.0034662045060658286,-0.31046609343536236
000990.KS,2021-04-05,57800.0,U1,Uptrend,Medium,0.00521739130434784,-0.26853186068706275
000990.KS,2021-04-06,56800.0,U1,Uptrend,Medium,-0.01730103806228378,-0.47571615904293296
000990.KS,2021-04-07,55900.0,U1,Uptrend,Medium,-0.015845070422535246,-0.6571853747403321
000990.KS,2021-04-08,56100.0,U1,Uptrend,Medium,0.003577817531305927,-0.6173997287679492
000990.KS,2021-04-09,55700.0,U1,Uptrend,Medium,-0.007130124777183555,-0.6746679808675753
000990.KS,2021-04-12,55000.0,U1,Uptrend,Medium,-0.012567324955116699,-0.7930655514453822
000990.KS,2021-04-13,55200.0,U1,Uptrend,Medium,0.0036363636363636598,-0.736901210716526
000990.KS,2021-04-14,54700.0,U1,Uptrend,Medium,-0.009057971014492794,-0.8127837639078427
000990.KS,2021-04-15,53900.0,U1,Uptrend,Medium,-0.014625228519195566,-0.9357784464249128
000990.KS,2021-04-16,54100.0,U1,Uptrend,Medium,0.0037105751391466324,-0.8676336395953371
000990.KS,2021-04-19,57900.0,U1,Uptrend,Medium,0.07024029574861368,-0.10064668446965264
000990.KS,2021-04-20,60600.0,U2,Uptrend,Medium,0.04663212435233155,0.5058528475681885
000990.KS,2021-04-21,60800.0,U2,Uptrend,Medium,0.0033003300330032292,0.6055786327578991
000990.KS,2021-04-22,60700.0,U2,Uptrend,Medium,-0.00164473684210531,0.6602655648781255
000990.KS,2021-04-23,60900.0,U2,Uptrend,Medium,0.0032948929159801743,0.762920544081782
000990.KS,2021-04-26,58900.0,U1,Uptrend,Medium,-0.03284072249589487,0.3096135564226014
000990.KS,2021-04-27,59000.0,U1,Uptrend,Medium,0.001697792869269854,0.3878301659624382
000990.KS,2021-04-28,56200.0,U1,Uptrend,Medium,-0.0474576271186441,-0.3472263591183768
000990.KS,2021-04-29,57200.0,U1,Uptrend,Medium,0.017793594306049876,-0.0482619776004684
000990.KS,2021-04-30,55300.0,U1,Uptrend,Medium,-0.03321678321678323,-0.5518530853214145
000990.KS,2021-05-03,55100.0,U1,Uptrend,Medium,-0.003616636528028905,-0.5841289405006569
000990.KS,2021-05-04,55400.0,U1,Uptrend,Medium,0.005444646098003547,-0.4715310134293502
000990.KS,2021-05-06,55400.0,U1,Uptrend,Medium,0.0,-0.4489424805296602
000990.KS,2021-05-07,55700.0,U1,Uptrend,Medium,0.005415162454873723,-0.3401182591944066
000990.KS,2021-05-10,59000.0,U1,Uptrend,Medium,0.05924596050269293,0.6764562419129931
000990.KS,2021-05-11,55800.0,U1,Uptrend,High,-0.05423728813559325,-0.2782165550377256
000990.KS,2021-05-12,57900.0,U1,Uptrend,High,0.037634408602150504,0.43825783988348666
000990.KS,2021-05-13,57600.0,U1,Uptrend,High,-0.005181347150259086,0.4294038300584951
000990.KS,2021-05-14,55400.0,U1,Uptrend,High,-0.03819444444444442,-0.3472887994949378
000990.KS,2021-05-17,52100.0,U1,Uptrend,High,-0.05956678700361007,-1.6265578817409008
000990.KS,2021-05-18,52500.0,U1,Uptrend,High,0.007677543186180413,-1.4260348510695775
000990.KS,2021-05-20,52500.0,U1,Uptrend,Medium,0.0,-1.3757555199758822
000990.KS,2021-05-21,54100.0,U1,Uptrend,High,0.030476190476190546,-0.7021203153937913
000990.KS,2021-05-24,51200.0,U1,Uptrend,High,-0.05360443622920519,-1.7943698434245718
000990.KS,2021-05-25,52100.0,U1,Uptrend,High,0.017578125,-1.3862221183744332
000990.KS,2021-05-26,51700.0,U1,Uptrend,High,-0.007677543186180413,-1.4845112160858662
000990.KS,2021-05-27,52100.0,U1,Uptrend,High,0.007736943907156624,-1.285436317901866
000990.KS,2021-05-28,52000.0,U1,Uptrend,High,-0.0019193857965451588,-1.2785124812381743
000990.KS,2021-05-31,51600.0,U1,Uptrend,High,-0.007692307692307665,-1.3940230220080723
000990.KS,2021-06-01,52100.0,U1,Uptrend,High,0.009689922480620172,-1.1897456538105067
000990.KS,2021-06-02,53800.0,U1,Uptrend,High,0.03262955854126681,-0.5931192254473207
000990.KS,2021-06-03,56600.0,U1,Uptrend,High,0.052044609665427455,0.42431713071433647
000990.KS,2021-06-04,57500.0,U1,Uptrend,High,0.01590106007067127,0.7455441147800954
000990.KS,2021-06-07,56500.0,U1,Uptrend,High,-0.017391304347826098,0.3249395139331646
000990.KS,2021-06-08,55600.0,U1,Uptrend,High,-0.015929203539822967,-0.060807288131955683
000990.KS,2021-06-09,54000.0,U1,Uptrend,Medium,-0.02877697841726623,-0.736284012159597
000990.KS,2021-06-10,54400.0,U1,Uptrend,Medium,0.007407407407407307,-0.5536959484553301
000990.KS,2021-06-11,54400.0,U1,Uptrend,Medium,0.0,-0.5338620990529512
000990.KS,2021-06-14,55400.0,U1,Uptrend,Medium,0.018382352941176405,-0.104924449012717
000990.KS,2021-06-15,55500.0,U1,Uptrend,Medium,0.0018050541516245744,-0.050931653272788244
000990.KS,2021-06-16,56700.0,U1,Uptrend,Medium,0.021621621621621623,0.4548919099245006
000990.KS,2021-06-17,55600.0,U1,Uptrend,Medium,-0.01940035273368612,-0.01189085406943187
000990.KS,2021-06-18,56700.0,U1,Uptrend,Medium,0.019784172661870603,0.438655282462456
000990.KS,2021-06-21,56500.0,U1,Uptrend,Medium,-0.003527336860670194,0.339520955995179
000990.KS,2021-06-22,56000.0,U1,Uptrend,Medium,-0.008849557522123908,0.12462008192642335
000990.KS,2021-06-23,56800.0,U1,Uptrend,Medium,0.014285714285714235,0.44426499875410336
000990.KS,2021-06-24,59600.0,U1,Uptrend,Medium,0.04929577464788726,1.573786513916887
000990.KS,2021-06-25,60100.0,U1,Uptrend,Medium,0.008389261744966348,1.7098261150781513
000990.KS,2021-06-28,59900.0,U1,Uptrend,Medium,-0.0033277870216306127,1.5868233302238504
000990.KS,2021-06-29,60700.0,U2,Uptrend,Medium,0.013355592654423987,1.8330613404243612
000990.KS,2021-06-30,62400.0,U2,Uptrend,Medium,0.028006589785831926,2.348634981327657
000990.KS,2021-07-01,62400.0,U2,Uptrend,Medium,0.0,2.2158053293487874
000990.KS,2021-07-02,60600.0,U2,Uptrend,Medium,-0.028846153846153855,1.5229761841481353
000990.KS,2021-07-05,60600.0,U2,Uptrend,Medium,0.0,1.4689996712045925
000990.KS,2021-07-06,61800.0,U2,Uptrend,Medium,0.01980198019801982,1.789912628377521
000990.KS,2021-07-07,62200.0,U2,Uptrend,Medium,0.006472491909385036,1.8301411725716488
000990.KS,2021-07-08,59900.0,U1,Uptrend,Medium,-0.036977491961414755,1.0598840159242486
000990.KS,2021-07-09,60600.0,U2,Uptrend,Medium,0.011686143572620988,1.2380059933594334
000990.KS,2021-07-12,64300.0,U2,Uptrend,Medium,0.06105610561056096,2.255575190596352
000990.KS,2021-07-13,64500.0,U2,Uptrend,Medium,0.0031104199066873672,2.181648555079962
000990.KS,2021-07-14,64400.0,U2,Uptrend,Medium,-0.0015503875968991832,2.0443614925213245
000990.KS,2021-07-15,66200.0,U2,Uptrend,Medium,0.02795031055900621,2.4132749195432353
000990.KS,2021-07-16,63400.0,U2,Uptrend,Medium,-0.04229607250755285,1.6252190820805017
000990.KS,2021-07-19,64300.0,U2,Uptrend,Medium,0.014195583596214423,1.807485084126444
000990.KS,2021-07-20,65000.0,U2,Uptrend,Medium,0.010886469673405896,1.921439194911404
000990.KS,2021-07-21,65000.0,U2,Uptrend,Medium,0.0,1.8418735681797718
000990.KS,2021-07-22,66300.0,U2,Uptrend,Medium,0.020000000000000018,2.0540647970609998
000990.KS,2021-07-23,65200.0,U2,Uptrend,Medium,-0.016591251885369585,1.715274786067416
000990.KS,2021-07-26,63700.0,U2,Uptrend,Medium,-0.02300613496932513,1.3245063159428399
000990.KS,2021-07-27,63300.0,U2,Uptrend,Medium,-0.006279434850863463,1.1921547289750394
000990.KS,2021-07-28,61800.0,U2,Uptrend,Medium,-0.023696682464455,0.8280829698529452
000990.KS,2021-07-29,61300.0,U2,Uptrend,Medium,-0.008090614886731351,0.6932541976999057
000990.KS,2021-07-30,61000.0,U2,Uptrend,Medium,-0.004893964110929905,0.6052997579667068
000990.KS,2021-08-02,64100.0,U2,Uptrend,Medium,0.050819672131147575,1.2548169814411758
000990.KS,2021-08-03,65900.0,U2,Uptrend,Medium,0.02808112324492984,1.5924972732306342
000990.KS,2021-08-04,66600.0,U2,Uptrend,Medium,0.01062215477996964,1.6689106137970886
000990.KS,2021-08-05,66300.0,U2,Uptrend,Medium,-0.0045045045045044585,1.5433005320128372
000990.KS,2021-08-06,67200.0,U2,Uptrend,Medium,0.013574660633484115,1.6574124403474229
000990.KS,2021-08-09,66200.0,U2,Uptrend,Medium,-0.014880952380952328,1.4003416821724868
000990.KS,2021-08-10,66000.0,U2,Uptrend,Medium,-0.0030211480362537513,1.3173075892354653
000990.KS,2021-08-11,62600.0,U2,Uptrend,Medium,-0.051515151515151514,0.6085923946648574
000990.KS,2021-08-12,64300.0,U2,Uptrend,Medium,0.02715654952076685,0.9250580961901447
000990.KS,2021-08-13,61900.0,U2,Uptrend,Medium,-0.03732503888024885,0.4081286238134014
000990.KS,2021-08-17,60600.0,U2,Uptrend,Medium,-0.021001615508885352,0.10792392067704513
000990.KS,2021-08-18,60000.0,U1,Uptrend,Medium,-0.00990099009900991,-0.05024748266038532
000990.KS,2021-08-19,57000.0,U1,Uptrend,Medium,-0.050000000000000044,-0.7494362805841777
000990.KS,2021-08-20,58200.0,U1,Uptrend,Medium,0.021052631578947434,-0.5156599471685243
000990.KS,2021-08-23,58200.0,U1,Uptrend,Medium,0.0,-0.5569292207629857
000990.KS,2021-08-24,59000.0,U1,Uptrend,Medium,0.013745704467353903,-0.41057456456501057
000990.KS,2021-08-25,58800.0,U1,Uptrend,Medium,-0.003389830508474523,-0.5075813138249398
000990.KS,2021-08-26,60700.0,U2,Uptrend,Medium,0.03231292517006801,-0.045836532233474316
000990.KS,2021-08-27,60200.0,U2,Uptrend,Medium,-0.008237232289950547,-0.19752291301256883
000990.KS,2021-08-30,59900.0,U1,Uptrend,Medium,-0.004983388704318914,-0.29126111850947395
000990.KS,2021-08-31,59800.0,U1,Uptrend,Medium,-0.0016694490818029983,-0.33738262672528074
000990.KS,2021-09-01,60200.0,U2,Uptrend,Medium,0.006688963210702337,-0.25322484761931424
000990.KS,2021-09-02,59700.0,U1,Uptrend,Medium,-0.00830564784053156,-0.43444110631836513
000990.KS,2021-09-03,61500.0,U2,Uptrend,Medium,0.03015075376884413,0.05503074185690864
000990.KS,2021-09-06,61700.0,U2,Uptrend,Medium,0.003252032520325132,0.08163031214706572
000990.KS,2021-09-07,60900.0,U2,Uptrend,Medium,-0.012965964343598091,-0.20276571671260155
000990.KS,2021-09-08,61100.0,U2,Uptrend,Medium,0.003284072249589487,-0.17413852232696608
000990.KS,2021-09-09,59400.0,U1,Uptrend,Medium,-0.02782324058919805,-0.7689248065064336
000990.KS,2021-09-10,59800.0,U1,Uptrend,Medium,0.006734006734006703,-0.6796956136816195
000990.KS,2021-09-13,59000.0,U1,Uptrend,Medium,-0.013377926421404673,-0.9924314814688189
000990.KS,2021-09-14,58900.0,U1,Uptrend,Medium,-0.0016949152542372614,-1.0653973678952497
000990.KS,2021-09-15,58500.0,U1,Uptrend,Medium,-0.006791171477079749,-1.259840102309354
000990.KS,2021-09-16,56700.0,U1,Uptrend,Medium,-0.03076923076923077,-1.9321117766106255
000990.KS,2021-09-17,57600.0,U1,Uptrend,Medium,0.015873015873015817,-1.558559695832006
000990.KS,2021-09-23,56900.0,U1,Uptrend,Medium,-0.01215277777777779,-1.754975958618378
000990.KS,2021-09-24,56700.0,U1,Uptrend,Medium,-0.0035149384885764245,-1.7655177502516917
000990.KS,2021-09-27,56400.0,U1,Uptrend,Medium,-0.005291005291005346,-1.7958207892591653
000990.KS,2021-09-28,54600.0,U1,Uptrend,Medium,-0.03191489361702127,-2.2620896767321734
000990.KS,2021-09-29,53300.0,U1,Uptrend,Medium,-0.023809523809523836,-2.494123560628974
000990.KS,2021-09-30,54600.0,U1,Uptrend,Medium,0.024390243902439046,-1.9904202137920237
000990.KS,2021-10-01,53200.0,U1,Uptrend,Medium,-0.02564102564102566,-2.2652297217203583
000990.KS,2021-10-05,51600.0,U1,Uptrend,Medium,-0.03007518796992481,-2.5230537367989423
000990.KS,2021-10-06,49700.0,U1,Uptrend,Medium,-0.036821705426356544,-2.7762874790265544
000990.KS,2021-10-07,51800.0,U1,Uptrend,Medium,0.04225352112676051,-2.127986597855938
000990.KS,2021-10-08,50400.0,U1,Uptrend,Medium,-0.027027027027026973,-2.3103053781240597
000990.KS,2021-10-12,50500.0,U1,Uptrend,Medium,0.001984126984126977,-2.1575237072204367
000990.KS,2021-10-13,49850.0,U1,Uptrend,Medium,-0.012871287128712883,-2.1711779861080496
000990.KS,2021-10-14,51000.0,U1,Uptrend,Medium,0.02306920762286868,-1.8358032746932995
000990.KS,2021-10-15,53500.0,U1,Uptrend,Medium,0.0490196078431373,-1.269838024014387
000990.KS,2021-10-18,52900.0,U1,Uptrend,Medium,-0.01121495327102806,-1.3453201202446412
000990.KS,2021-10-19,53000.0,U1,Uptrend,Medium,0.001890359168241984,-1.2787584160400418
000990.KS,2021-10-20,53200.0,U1,Uptrend,Medium,0.0037735849056603765,-1.1968809187196474
000990.KS,2021-10-21,54200.0,U1,Uptrend,Medium,0.018796992481203034,-0.9581356505139899
000990.KS,2021-10-22,54700.0,U1,Uptrend,Medium,0.009225092250922495,-0.8266276802969241
000990.KS,2021-10-25,55900.0,U1,Uptrend,Medium,0.021937842778793515,-0.5482832938110733
000990.KS,2021-10-26,57400.0,U1,Uptrend,Medium,0.02683363148479434,-0.20660532121718286
000990.KS,2021-10-27,57000.0,U1,Uptrend,Medium,-0.006968641114982632,-0.27301972224326865
000990.KS,2021-10-28,57500.0,U1,Uptrend,Medium,0.00877192982456143,-0.14882164210168222
000990.KS,2021-10-29,57500.0,U1,Uptrend,Medium,0.0,-0.135438577904908
000990.KS,2021-11-01,57300.0,U1,Uptrend,Medium,-0.003478260869565264,-0.16648689165459887
000990.KS,2021-11-02,58600.0,U1,Uptrend,Medium,0.022687609075043635,0.14362048489776794
000990.KS,2021-11-03,58400.0,U1,Uptrend,Medium,-0.0034129692832765013,0.13037562979919007
000990.KS,2021-11-04,58800.0,U1,Uptrend,Medium,0.006849315068493178,0.2621429492167691
000990.KS,2021-11-05,59100.0,U1,Uptrend,Medium,0.005102040816326481,0.37633547641220616
000990.KS,2021-11-08,58400.0,U1,Uptrend,Medium,-0.011844331641285955,0.25136814631464566
000990.KS,2021-11-09,60300.0,U2,Uptrend,Medium,0.03253424657534243,0.8072132621586745
000990.KS,2021-11-10,59600.0,U1,Uptrend,Medium,-0.011608623548922004,0.6761477186431377
000990.KS,2021-11-11,59400.0,U1,Uptrend,Medium,-0.003355704697986628,0.6451629323597604
000990.KS,2021-11-12,60500.0,U2,Uptrend,Medium,0.0185185185185186,1.0127447658227067
000990.KS,2021-11-15,64800.0,U2,Uptrend,Medium,0.07107438016528933,2.2256510882107707
000990.KS,2021-11-16,66000.0,U2,Uptrend,Medium,0.0185185185185186,2.436458034982777
000990.KS,2021-11-17,67400.0,U2,Uptrend,Medium,0.021212121212121238,2.633314112624797
000990.KS,2021-11-18,67500.0,U2,Uptrend,Medium,0.0014836795252226587,2.472308639456343
000990.KS,2021-11-19,72400.0,U2,Uptrend,Medium,0.07259259259259254,3.278598143648884
000990.KS,2021-11-22,76600.0,U2,Uptrend,Medium,0.058011049723756924,3.6459924628355207
000990.KS,2021-11-23,77800.0,U2,Uptrend,Medium,0.015665796344647598,3.415888989427503
000990.KS,2021-11-24,73000.0,U2,Uptrend,High,-0.06169665809768643,2.3998655015913752
000990.KS,2021-11-25,73800.0,U2,Uptrend,High,0.010958904109588996,2.3750393528795297
000990.KS,2021-11-26,72900.0,U2,Uptrend,High,-0.012195121951219523,2.11280478566797
000990.KS,2021-11-29,73500.0,U2,Uptrend,High,0.008230452674897082,2.087105664542081
000990.KS,2021-11-30,67000.0,U2,Uptrend,High,-0.08843537414965985,1.1021458017374242
000990.KS,2021-12-01,68100.0,U2,Uptrend,High,0.016417910447761086,1.2269232604804203
000990.KS,2021-12-02,68400.0,U2,Uptrend,High,0.004405286343612369,1.232717432258242
000990.KS,2021-12-03,68800.0,U2,Uptrend,High,0.005847953216374213,1.2554623356693657
000990.KS,2021-12-06,69000.0,U2,Uptrend,High,0.0029069767441860517,1.2499901210645208
000990.KS,2021-12-07,71400.0,U2,Uptrend,High,0.034782608695652195,1.525778621298539
000990.KS,2021-12-08,68900.0,U2,Uptrend,High,-0.03501400560224088,1.156666257155838
000990.KS,2021-12-09,68900.0,U2,Uptrend,High,0.0,1.1232072162624875
000990.KS,2021-12-10,69200.0,U2,Uptrend,High,0.004354136429608024,1.1295972198575395
000990.KS,2021-12-13,71000.0,U2,Uptrend,High,0.026011560693641522,1.319127349718736
000990.KS,2021-12-14,70300.0,U2,Uptrend,High,-0.009859154929577452,1.1902264992946445
000990.KS,2021-12-15,71100.0,U2,Uptrend,High,0.011379800853485111,1.2492815676987556
000990.KS,2021-12-16,71400.0,U2,Uptrend,High,0.00421940928270037,1.2427431104158944
000990.KS,2021-12-17,69800.0,U2,Uptrend,High,-0.022408963585434205,1.011370480929182
000990.KS,2021-12-20,69000.0,U2,Uptrend,Medium,-0.011461318051575908,0.884223145940405
000990.KS,2021-12-21,69900.0,U2,Uptrend,Medium,0.01304347826086949,0.9634178981808195
000990.KS,2021-12-22,70200.0,U2,Uptrend,Medium,0.0042918454935623185,0.9680901877342498
000990.KS,2021-12-23,70900.0,U2,Uptrend,Medium,0.009971509971509862,1.0188773811705556
000990.KS,2021-12-24,71000.0,U2,Uptrend,Medium,0.0014104372355430161,0.9974946158123897
000990.KS,2021-12-27,70000.0,U2,Uptrend,Medium,-0.014084507042253502,0.8462231247623684
000990.KS,2021-12-28,71500.0,U2,Uptrend,Medium,0.021428571428571352,0.9966458559001456
000990.KS,2021-12-29,73100.0,U2,Uptrend,Medium,0.02237762237762242,1.1570931276635474
000990.KS,2021-12-30,72700.0,U2,Uptrend,Medium,-0.005471956224350261,1.0779440120980566
000990.KS,2022-01-04,76800.0,U2,Uptrend,Medium,0.05639614855570829,1.5419028771095873
000990.KS,2022-01-05,74400.0,U2,Uptrend,Medium,-0.03125,1.2078871763205352
000990.KS,2022-01-06,72300.0,U2,Uptrend,Medium,-0.028225806451612878,0.9138304111973157
000990.KS,2022-01-07,77900.0,U2,Uptrend,Medium,0.0774550484094052,1.607247836335527
000990.KS,2022-01-10,78000.0,U2,Uptrend,Medium,0.0012836970474967568,1.5801096167023367
000990.KS,2022-01-11,78000.0,U2,Uptrend,Medium,0.0,1.5331755718047237
000990.KS,2022-01-12,82100.0,U2,Uptrend,Medium,0.0525641025641026,2.009699233812058
000990.KS,2022-01-13,82200.0,U2,Uptrend,Medium,0.0012180267965895553,1.9537990034848731
000990.KS,2022-01-14,84500.0,U2,Uptrend,Medium,0.027980535279805263,2.171916753396056
000990.KS,2022-01-17,83600.0,U2,Uptrend,Medium,-0.010650887573964485,1.9784306665606821
000990.KS,2022-01-18,83900.0,U2,Uptrend,Medium,0.0035885167464115852,1.946524072179077
000990.KS,2022-01-19,82800.0,U2,Uptrend,Medium,-0.013110846245530383,1.742528695326634
000990.KS,2022-01-20,84900.0,U2,Uptrend,Medium,0.0253623188405796,1.9374196747636943
000990.KS,2022-01-21,78300.0,U2,Uptrend,High,-0.07773851590106007,1.0484208349426323
000990.KS,2022-01-24,79000.0,U2,Uptrend,High,0.008939974457215838,1.1100260669063773
000990.KS,2022-01-25,76500.0,U2,Uptrend,High,-0.03164556962025311,0.7489937456609436
000990.KS,2022-01-26,76500.0,U2,Uptrend,High,0.0,0.7244624169945251
000990.KS,2022-01-27,72300.0,U2,Uptrend,High,-0.05490196078431375,0.10218679974453906
000990.KS,2022-01-28,72300.0,U2,Uptrend,High,0.0,0.07080511067381834
000990.KS,2022-02-03,74000.0,U2,Uptrend,High,0.023513139695712226,0.29773628304815764
000990.KS,2022-02-04,74100.0,U2,Uptrend,High,0.0013513513513514486,0.28439427448334337
000990.KS,2022-02-07,72000.0,U2,Uptrend,High,-0.028340080971659964,-0.09394422701541551
000990.KS,2022-02-08,72000.0,U2,Uptrend,High,0.0,-0.13165445407509616
000990.KS,2022-02-09,72000.0,U2,Uptrend,Medium,0.0,-0.1759302530073654
000990.KS,2022-02-10,70700.0,U2,Uptrend,Medium,-0.018055555555555602,-0.4737359907203685
000990.KS,2022-02-11,69300.0,U2,Uptrend,Medium,-0.01980198019801982,-0.8116421811995608
000990.KS,2022-02-14,67500.0,U2,Uptrend,Medium,-0.025974025974025983,-1.202877775918326
000990.KS,2022-02-15,66700.0,U2,Uptrend,Medium,-0.011851851851851891,-1.3749085799135878
000990.KS,2022-02-16,71700.0,U2,Uptrend,High,0.07496251874062976,-0.36054981423704413
000990.KS,2022-02-17,71400.0,U2,Uptrend,High,-0.004184100418409997,-0.44206761763315916
000990.KS,2022-02-18,71500.0,U2,Uptrend,High,0.0014005602240896309,-0.4172874901893962
000990.KS,2022-02-21,71500.0,U2,Uptrend,High,0.0,-0.4002722306402118
000990.KS,2022-02-22,71500.0,U2,Uptrend,High,0.0,-0.3804214660579687
000990.KS,2022-02-23,71500.0,U2,Uptrend,Medium,0.0,-0.37464624926498247
000990.KS,2022-02-24,69700.0,U2,Uptrend,Medium,-0.025174825174825166,-0.7401762857784678
000990.KS,2022-02-25,70000.0,U2,Uptrend,Medium,0.004304160688665792,-0.6637867275443413
000990.KS,2022-02-28,70000.0,U2,Uptrend,Medium,0.0,-0.6491238229092532
000990.KS,2022-03-02,69900.0,U2,Uptrend,Medium,-0.0014285714285714457,-0.6873619530502384
000990.KS,2022-03-03,70700.0,U2,Uptrend,Medium,0.011444921316166035,-0.5304059361179162
000990.KS,2022-03-04,70700.0,U2,Uptrend,Medium,0.0,-0.5421699249478167
000990.KS,2022-03-07,67800.0,U2,Uptrend,Medium,-0.04101838755304099,-1.1596775925865928
000990.KS,2022-03-08,67800.0,U2,Uptrend,Medium,0.0,-1.150220499950144
000990.KS,2022-03-10,67800.0,U2,Uptrend,Medium,0.0,-1.1262848780116175
000990.KS,2022-03-11,67800.0,U2,Uptrend,Medium,0.0,-1.1179599244603298
000990.KS,2022-03-14,68300.0,U2,Uptrend,Medium,0.007374631268436627,-1.00829958073481
000990.KS,2022-03-15,68300.0,U2,Uptrend,Medium,0.0,-1.0022094250652704
000990.KS,2022-03-16,68300.0,U2,Uptrend,Medium,0.0,-0.9860194530899159
000990.KS,2022-03-17,68300.0,U2,Uptrend,Medium,0.0,-0.9737549644995702
000990.KS,2022-03-18,71900.0,U2,Uptrend,Medium,0.052708638360175586,-0.23007275992840293
000990.KS,2022-03-21,71900.0,U2,Uptrend,Medium,0.0,-0.23191805181503572
000990.KS,2022-03-22,72600.0,U2,Uptrend,Medium,0.009735744089012455,-0.09659319683725266
000990.KS,2022-03-23,74900.0,U2,Uptrend,Medium,0.031680440771349794,0.36424319705973596
000990.KS,2022-03-24,76600.0,U2,Uptrend,Medium,0.022696929238985364,0.6969430890898184
000990.KS,2022-03-25,76000.0,U2,Uptrend,Medium,-0.007832898172323799,0.5515178172045819
000990.KS,2022-03-28,76600.0,U2,Uptrend,Medium,0.007894736842105177,0.6564909150543123
000990.KS,2022-03-29,76600.0,U2,Uptrend,Medium,0.0,0.6361832440853243
000990.KS,2022-03-30,76800.0,U2,Uptrend,Medium,0.0026109660574411553,0.655020548597066
000990.KS,2022-03-31,74900.0,U2,Uptrend,Medium,-0.02473958333333337,0.2456378472809677
000990.KS,2022-04-01,73400.0,U2,Uptrend,Medium,-0.020026702269692942,-0.06989025540327656
000990.KS,2022-04-04,72900.0,U2,Uptrend,Medium,-0.006811989100817484,-0.1754489892397131
000990.KS,2022-04-05,72800.0,U2,Uptrend,Medium,-0.00137174211248281,-0.1830384117743754
000990.KS,2022-04-06,70300.0,U2,Uptrend,Medium,-0.03434065934065933,-0.6919030920428498
000990.KS,2022-04-07,70000.0,U2,Uptrend,Medium,-0.004267425320056861,-0.7436479919025731
000990.KS,2022-04-08,69700.0,U2,Uptrend,Medium,-0.004285714285714337,-0.7791746153548386
000990.KS,2022-04-11,68600.0,U2,Uptrend,Medium,-0.015781922525107572,-0.9760790248332676
000990.KS,2022-04-12,69300.0,U2,Uptrend,Medium,0.010204081632652962,-0.8018057452010722
000990.KS,2022-04-13,71700.0,U2,Uptrend,Medium,0.03463203463203457,-0.2705960100281819
000990.KS,2022-04-14,72500.0,U2,Uptrend,Medium,0.01115760111576014,-0.06497069162862402
000990.KS,2022-04-15,70800.0,U2,Uptrend,Medium,-0.02344827586206899,-0.4197628209254606
000990.KS,2022-04-18,70900.0,U2,Uptrend,Medium,0.0014124293785311437,-0.36771578489935675
000990.KS,2022-04-19,72500.0,U2,Uptrend,Medium,0.02256699576868826,0.09339837374640111
000990.KS,2022-04-20,72500.0,U2,Uptrend,Medium,0.0,0.15217720984924163
000990.KS,2022-04-21,73200.0,U2,Uptrend,Medium,0.009655172413793212,0.48345862202656015
000990.KS,2022-04-22,71400.0,U2,Uptrend,Medium,-0.024590163934426257,-0.10006218073439375
000990.KS,2022-04-25,69200.0,U2,Uptrend,Medium,-0.03081232492997199,-0.8809414298761787
000990.KS,2022-04-26,68500.0,U2,Uptrend,Medium,-0.010115606936416222,-1.1199487842182319
000990.KS,2022-04-27,68000.0,U2,Uptrend,Medium,-0.007299270072992692,-1.285765075785841
000990.KS,2022-04-28,67200.0,U2,Uptrend,Medium,-0.0117647058823529,-1.5394648601020684
000990.KS,2022-04-29,67700.0,U2,Uptrend,Medium,0.007440476190476275,-1.2979898599882675
000990.KS,2022-05-02,66900.0,U2,Uptrend,Medium,-0.011816838995568735,-1.5443566374408384
000990.KS,2022-05-03,67700.0,U2,Uptrend,Medium,0.01195814648729443,-1.1993501923720427
000990.KS,2022-05-04,67900.0,U2,Uptrend,Medium,0.002954209748892156,-1.087827595492343
000990.KS,2022-05-06,66200.0,U2,Uptrend,Medium,-0.025036818851251863,-1.6549517680725017
000990.KS,2022-05-10,66500.0,U2,Uptrend,Medium,0.004531722054380571,-1.4845622506516576
000990.KS,2022-05-11,68000.0,U2,Uptrend,Medium,0.022556390977443552,-0.917952042524491
000990.KS,2022-05-12,68300.0,U2,Uptrend,Medium,0.004411764705882337,-0.8009753410324203
000990.KS,2022-05-13,69400.0,U2,Uptrend,Medium,0.016105417276720324,-0.4217889764069451
000990.KS,2022-05-16,71300.0,U2,Uptrend,Medium,0.027377521613832778,0.24138791166328427
000990.KS,2022-05-17,72400.0,U2,Uptrend,Medium,0.015427769985974837,0.6400189265587166
000990.KS,2022-05-18,74200.0,U2,Uptrend,Medium,0.024861878453038777,1.2660601449731594
000990.KS,2022-05-19,73600.0,U2,Uptrend,Medium,-0.008086253369272267,1.027518490438045
000990.KS,2022-05-20,73500.0,U2,Uptrend,Medium,-0.0013586956521739468,0.9722859444508224
000990.KS,2022-05-23,74200.0,U2,Uptrend,Medium,0.00952380952380949,1.1914181746879768
000990.KS,2022-05-24,69800.0,U2,Uptrend,Medium,-0.05929919137466311,-0.34709016323182407
000990.KS,2022-05-25,70200.0,U2,Uptrend,Medium,0.005730659025787954,-0.2094942538507709
000990.KS,2022-05-26,69400.0,U2,Uptrend,Medium,-0.01139601139601143,-0.4869775643875724
000990.KS,2022-05-27,69400.0,U2,Uptrend,Medium,0.0,-0.4828063624982628
000990.KS,2022-05-30,69900.0,U2,Uptrend,Medium,0.007204610951008661,-0.30724041249889456
000990.KS,2022-05-31,68700.0,U2,Uptrend,Medium,-0.01716738197424894,-0.7137441817047807
000990.KS,2022-06-02,68600.0,U2,Uptrend,Medium,-0.0014556040756914523,-0.7330502133632406
000990.KS,2022-06-03,68000.0,U2,Uptrend,Medium,-0.008746355685131157,-0.9440790601136664
000990.KS,2022-06-07,66400.0,U2,Uptrend,Medium,-0.02352941176470591,-1.4781023355907468
000990.KS,2022-06-08,66100.0,U2,Uptrend,Medium,-0.004518072289156572,-1.5521078865880737
000990.KS,2022-06-09,65700.0,U2,Uptrend,Medium,-0.006051437216338829,-1.6501050250921994
000990.KS,2022-06-10,64400.0,U2,Uptrend,Medium,-0.019786910197869156,-2.001949487980246
000990.KS,2022-06-13,62000.0,U2,Uptrend,Medium,-0.037267080745341574,-2.595612889700473
000990.KS,2022-06-14,61800.0,U2,Uptrend,Medium,-0.003225806451612856,-2.489104085316505
000990.KS,2022-06-15,59800.0,U1,Uptrend,Medium,-0.032362459546925515,-2.8232185078389307
000990.KS,2022-06-16,58900.0,U1,Uptrend,Medium,-0.015050167224080258,-2.8027018667275763
000990.KS,2022-06-17,59000.0,U1,Uptrend,Medium,0.001697792869269854,-2.568731201394993
000990.KS,2022-06-20,55400.0,U1,Uptrend,Medium,-0.06101694915254241,-3.0834492783838714
000990.KS,2022-06-21,56000.0,U1,Uptrend,Medium,0.010830324909747224,-2.72545998782532
000990.KS,2022-06-22,51600.0,U1,Uptrend,Medium,-0.07857142857142863,-3.2727784524266204
000990.KS,2022-06-23,51400.0,U1,Uptrend,Medium,-0.003875968992248069,-3.018224954459121
000990.KS,2022-06-24,52600.0,U1,Uptrend,Medium,0.023346303501945442,-2.6161665791480475
000990.KS,2022-06-27,53400.0,U1,Uptrend,Medium,0.015209125475285079,-2.341344007621321
000990.KS,2022-06-28,52200.0,U1,Uptrend,Medium,-0.022471910112359605,-2.3953247253901306
000990.KS,2022-06-29,52100.0,U1,Uptrend,Medium,-0.0019157088122605526,-2.2737416350767092
000990.KS,2022-06-30,49950.0,U1,Uptrend,Medium,-0.041266794625719805,-2.4351150930629464
000990.KS,2022-07-01,48450.0,U1,Uptrend,Medium,-0.03003003003003002,-2.476067316724183
000990.KS,2022-07-04,48000.0,D1,Downtrend,Medium,-0.009287925696594423,-2.3765551794515702
000990.KS,2022-07-05,48800.0,U1,Uptrend,Medium,0.016666666666666607,-2.138111418087574
000990.KS,2022-07-06,47850.0,D1,Downtrend,Medium,-0.01946721311475408,-2.1325358308922775
000990.KS,2022-07-07,49900.0,U1,Uptrend,Medium,0.0428422152560084,-1.7881250773593185
000990.KS,2022-07-08,49000.0,U1,Uptrend,Medium,-0.018036072144288595,-1.8091186521000335
000990.KS,2022-07-11,48400.0,U1,Uptrend,Medium,-0.01224489795918371,-1.7932261926974267
000990.KS,2022-07-12,40800.0,D1,Downtrend,High,-0.15702479338842978,-2.4911735152410053
000990.KS,2022-07-13,41450.0,D1,Downtrend,High,0.01593137254901955,-2.274563836522458
000990.KS,2022-07-14,42850.0,D1,Downtrend,High,0.033775633293124274,-2.0144748367219343
000990.KS,2022-07-15,43100.0,D1,Downtrend,High,0.005834305717619559,-1.8926964120510714
000990.KS,2022-07-18,44000.0,D1,Downtrend,High,0.02088167053364276,-1.7255936880666252
000990.KS,2022-07-19,44400.0,D1,Downtrend,High,0.009090909090909038,-1.6190154021983851
000990.KS,2022-07-20,44100.0,D1,Downtrend,High,-0.006756756756756799,-1.5857379919232566
000990.KS,2022-07-21,44750.0,D1,Downtrend,High,0.01473922902494329,-1.4662325896472241
000990.KS,2022-07-22,44300.0,D1,Downtrend,High,-0.010055865921787754,-1.4524998501556963
000990.KS,2022-07-25,44300.0,D1,Downtrend,High,0.0,-1.3988067178506802
000990.KS,2022-07-26,44450.0,D1,Downtrend,High,0.003386004514672747,-1.3348764602845191
000990.KS,2022-07-27,44300.0,D1,Downtrend,High,-0.003374578177727794,-1.3009179970484055
000990.KS,2022-07-28,44500.0,D1,Downtrend,High,0.004514672686230181,-1.2380859633130221
000990.KS,2022-07-29,45000.0,D1,Downtrend,High,0.011235955056179803,-1.1520894096679457
000990.KS,2022-08-01,44750.0,D1,Downtrend,High,-0.005555555555555536,-1.1355225475181367
000990.KS,2022-08-02,43850.0,D1,Downtrend,High,-0.020111731843575398,-1.1761502566272886
000990.KS,2022-08-03,43600.0,D1,Downtrend,High,-0.005701254275940704,-1.1582910841930159
000990.KS,2022-08-04,43900.0,D1,Downtrend,High,0.006880733944954143,-1.093754193484728
000990.KS,2022-08-05,44200.0,D1,Downtrend,High,0.006833712984054774,-1.031972939956229
000990.KS,2022-08-08,43650.0,D1,Downtrend,High,-0.012443438914027105,-1.0461004400359066
000990.KS,2022-08-09,43050.0,D1,Downtrend,Medium,-0.013745704467353903,-1.064940707333279
000990.KS,2022-08-10,41800.0,D1,Downtrend,Medium,-0.029036004645760727,-1.1423378946560079
000990.KS,2022-08-11,42700.0,D1,Downtrend,Medium,0.021531100478468845,-1.0303482178939798
000990.KS,2022-08-12,44800.0,D1,Downtrend,Medium,0.049180327868852514,-0.8119836593406661
000990.KS,2022-08-16,45850.0,D1,Downtrend,Medium,0.0234375,-0.6882201797863804
000990.KS,2022-08-17,45250.0,D1,Downtrend,Medium,-0.013086150490730697,-0.7230670885568302
000990.KS,2022-08-18,45550.0,D1,Downtrend,Medium,0.006629834254143541,-0.6706480082289094
000990.KS,2022-08-19,45200.0,D1,Downtrend,Medium,-0.007683863885839748,-0.6823988223887397
000990.KS,2022-08-22,44150.0,D1,Downtrend,Medium,-0.023230088495575174,-0.7716259613769835
000990.KS,2022-08-23,43300.0,D1,Downtrend,Medium,-0.01925254813137034,-0.8426652482111973
000990.KS,2022-08-24,43350.0,D1,Downtrend,Medium,0.0011547344110853786,-0.8155536400682473
000990.KS,2022-08-25,44700.0,D1,Downtrend,Medium,0.03114186851211076,-0.6346421741540855
000990.KS,2022-08-26,46500.0,D1,Downtrend,Medium,0.04026845637583887,-0.3846592176467342
000990.KS,2022-08-29,43400.0,D1,Downtrend,Medium,-0.06666666666666665,-0.76987956124512
000990.KS,2022-08-30,46300.0,D1,Downtrend,High,0.06682027649769595,-0.345566645523358
000990.KS,2022-08-31,46500.0,D1,Downtrend,High,0.004319654427645814,-0.2850710910457685
000990.KS,2022-09-01,44550.0,D1,Downtrend,High,-0.041935483870967794,-0.5652589347424968
000990.KS,2022-09-02,43700.0,D1,Downtrend,High,-0.019079685746352437,-0.6942043348701957
000990.KS,2022-09-05,43750.0,D1,Downtrend,High,0.0011441647597254523,-0.675264525889033
000990.KS,2022-09-06,42850.0,D1,Downtrend,High,-0.020571428571428574,-0.8406254031305341
000990.KS,2022-09-07,41300.0,D1,Downtrend,High,-0.03617269544924151,-1.1709059413283143
000990.KS,2022-09-08,41650.0,D1,Downtrend,High,0.008474576271186418,-1.0992727377697964
000990.KS,2022-09-13,44100.0,D1,Downtrend,High,0.05882352941176472,-0.5034638352969106
000990.KS,2022-09-14,42900.0,D1,Downtrend,High,-0.027210884353741527,-0.816689062987175
000990.KS,2022-09-15,42500.0,D1,Downtrend,High,-0.009324009324009341,-0.921811358867685
000990.KS,2022-09-16,42100.0,D1,Downtrend,High,-0.009411764705882342,-1.0539348154460662
000990.KS,2022-09-19,41950.0,D1,Downtrend,High,-0.0035629453681710332,-1.0783012568273385
000990.KS,2022-09-20,41100.0,D1,Downtrend,High,-0.020262216924910592,-1.3326816730439663
000990.KS,2022-09-21,41350.0,D1,Downtrend,High,0.006082725060827299,-1.241120373785599
000990.KS,2022-09-22,40450.0,D1,Downtrend,High,-0.021765417170495738,-1.5836605299130364
000990.KS,2022-09-23,39550.0,D1,Downtrend,High,-0.02224969097651419,-1.9272844946488341
000990.KS,2022-09-26,37950.0,D2,Downtrend,High,-0.04045512010113783,-2.5382240870740107
000990.KS,2022-09-27,40050.0,D1,Downtrend,High,0.05533596837944654,-1.6575493412837412
000990.KS,2022-09-28,37450.0,D2,Downtrend,High,-0.06491885143570542,-2.587281175335529
000990.KS,2022-09-29,36200.0,D2,Downtrend,Medium,-0.03337783711615483,-2.8645338133142877
000990.KS,2022-09-30,37350.0,D2,Downtrend,High,0.03176795580110503,-2.317125833175232
000990.KS,2022-10-04,39650.0,D1,Downtrend,High,0.061579651941097824,-1.401129030555982
000990.KS,2022-10-05,39000.0,D1,Downtrend,High,-0.016393442622950838,-1.6363067713543262
000990.KS,2022-10-06,40150.0,D1,Downtrend,High,0.029487179487179382,-1.1642688326565245
000990.KS,2022-10-07,40700.0,D1,Downtrend,High,0.013698630136986356,-0.9188568703547154
000990.KS,2022-10-11,39300.0,D1,Downtrend,High,-0.03439803439803435,-1.4875842386638674
000990.KS,2022-10-12,39450.0,D1,Downtrend,High,0.003816793893129722,-1.3905366180888823
000990.KS,2022-10-13,39100.0,D1,Downtrend,High,-0.008871989860583018,-1.4813721271422684
000990.KS,2022-10-14,40900.0,D1,Downtrend,High,0.04603580562659837,-0.7282928245750482
000990.KS,2022-10-17,41500.0,D1,Downtrend,High,0.014669926650366705,-0.4677216910623994
000990.KS,2022-10-18,41600.0,D1,Downtrend,High,0.002409638554216942,-0.4092714735274296
000990.KS,2022-10-19,40350.0,D1,Downtrend,High,-0.030048076923076872,-0.890404292859488
000990.KS,2022-10-20,39750.0,D1,Downtrend,High,-0.014869888475836479,-1.0965712481676408
000990.KS,2022-10-21,40200.0,D1,Downtrend,High,0.01132075471698113,-0.8848931082443494
000990.KS,2022-10-24,41000.0,D1,Downtrend,High,0.01990049751243772,-0.540716303173228
000990.KS,2022-10-25,43300.0,D1,Downtrend,High,0.056097560975609806,0.401201109656755
000990.KS,2022-10-26,43800.0,D1,Downtrend,High,0.011547344110854452,0.609743512126602
000990.KS,2022-10-27,44700.0,D1,Downtrend,High,0.020547945205479534,0.9746004173341086
000990.KS,2022-10-28,42850.0,D1,Downtrend,Medium,-0.04138702460850108,0.2371733286362579
000990.KS,2022-10-31,44250.0,D1,Downtrend,Medium,0.03267211201866971,0.8198681580943603
000990.KS,2022-11-01,44000.0,D1,Downtrend,Medium,-0.005649717514124242,0.7150194296400738
000990.KS,2022-11-02,43150.0,D1,Downtrend,Medium,-0.01931818181818179,0.3676755310047196
000990.KS,2022-11-03,43000.0,D1,Downtrend,Medium,-0.0034762456546929554,0.3128302004171556
000990.KS,2022-11-04,42950.0,D1,Downtrend,Medium,-0.0011627906976744429,0.30221119365294097
000990.KS,2022-11-07,43550.0,D1,Downtrend,Medium,0.01396973224679865,0.5532359586684671
000990.KS,2022-11-08,44150.0,D1,Downtrend,Medium,0.013777267508610747,0.7922929285522485
000990.KS,2022-11-09,44600.0,D1,Downtrend,Medium,0.010192525481313774,0.9524894393570659
000990.KS,2022-11-10,44850.0,D1,Downtrend,Medium,0.005605381165919354,1.0314039558194423
000990.KS,2022-11-11,46150.0,D1,Downtrend,Medium,0.02898550724637672,1.5347853245894885
000990.KS,2022-11-14,45600.0,D1,Downtrend,Medium,-0.011917659804983716,1.317598348561388
000990.KS,2022-11-15,49000.0,U1,Uptrend,Medium,0.07456140350877183,2.5447874252499196
000990.KS,2022-11-16,49150.0,U1,Uptrend,Medium,0.003061224489795844,2.471515312542829
000990.KS,2022-11-17,48000.0,D1,Downtrend,Medium,-0.02339776195320442,1.977049125642531
000990.KS,2022-11-18,48100.0,D1,Downtrend,Medium,0.002083333333333437,1.9302228015409437
000990.KS,2022-11-21,47200.0,D1,Downtrend,Medium,-0.018711018711018657,1.5600257262457853
000990.KS,2022-11-22,45950.0,D1,Downtrend,Medium,-0.026483050847457612,1.106036330679105
000990.KS,2022-11-23,46700.0,D1,Downtrend,Medium,0.016322089227421177,1.3334068399239158
000990.KS,2022-11-24,46700.0,D1,Downtrend,Medium,0.0,1.3303290680028645
000990.KS,2022-11-25,45950.0,D1,Downtrend,Medium,-0.016059957173447548,1.0554570411437918
000990.KS,2022-11-28,45700.0,D1,Downtrend,Medium,-0.005440696409140355,0.9794754431821331
000990.KS,2022-11-29,44950.0,D1,Downtrend,Medium,-0.01641137855579866,0.7451125181053366
000990.KS,2022-11-30,44600.0,D1,Downtrend,Medium,-0.007786429365962189,0.6272938893139552
000990.KS,2022-12-01,46050.0,D1,Downtrend,Medium,0.032511210762331766,1.0902230733323002
000990.KS,2022-12-02,44450.0,D1,Downtrend,Medium,-0.034744842562432154,0.5537048380188817
000990.KS,2022-12-05,43950.0,D1,Downtrend,Medium,-0.011248593925759276,0.38128367494706006
000990.KS,2022-12-06,43150.0,D1,Downtrend,Medium,-0.018202502844141044,0.10623529882833965
000990.KS,2022-12-07,41950.0,D1,Downtrend,Medium,-0.02780996523754342,-0.2939771500294123
000990.KS,2022-12-08,42350.0,D1,Downtrend,Medium,0.009535160905840279,-0.15161850685360392
000990.KS,2022-12-09,42200.0,D1,Downtrend,Medium,-0.0035419126328217754,-0.19756588305483314
000990.KS,2022-12-12,41700.0,D1,Downtrend,Medium,-0.011848341232227444,-0.3590171907270454
000990.KS,2022-12-13,41600.0,D1,Downtrend,Medium,-0.0023980815347721673,-0.38912881121033605
000990.KS,2022-12-14,42150.0,D1,Downtrend,Medium,0.013221153846153744,-0.20775748722700027
000990.KS,2022-12-15,41250.0,D1,Downtrend,Medium,-0.02135231316725983,-0.5075877209240908
000990.KS,2022-12-16,40550.0,D1,Downtrend,Medium,-0.016969696969696968,-0.7336462684889122
000990.KS,2022-12-19,40900.0,D1,Downtrend,Medium,0.008631319358816336,-0.6212937557219729
000990.KS,2022-12-20,40650.0,D1,Downtrend,Medium,-0.006112469437652757,-0.714268878753324
000990.KS,2022-12-21,39700.0,D1,Downtrend,Medium,-0.02337023370233704,-1.054914974209141
000990.KS,2022-12-22,40200.0,D1,Downtrend,Medium,0.012594458438287104,-0.8873990595143335
000990.KS,2022-12-23,39000.0,D1,Downtrend,Medium,-0.02985074626865669,-1.3206393455487058
000990.KS,2022-12-26,39200.0,D1,Downtrend,Medium,0.00512820512820511,-1.3104073118473218
000990.KS,2022-12-27,39150.0,D1,Downtrend,Medium,-0.0012755102040816757,-1.3633256728216536
000990.KS,2022-12-28,38100.0,D2,Downtrend,Medium,-0.026819923371647514,-1.7094100929043503
000990.KS,2022-12-29,37150.0,D2,Downtrend,Medium,-0.02493438320209973,-1.9987293390617096
000990.KS,2023-01-02,36600.0,D2,Downtrend,Medium,-0.014804845222072704,-2.102330814197491
000990.KS,2023-01-03,37500.0,D2,Downtrend,Medium,0.024590163934426146,-1.7403242459886212
000990.KS,2023-01-04,39800.0,D1,Downtrend,Medium,0.06133333333333324,-0.9849243750012882
000990.KS,2023-01-05,39450.0,D1,Downtrend,Medium,-0.008793969849246186,-1.1010906871328638
000990.KS,2023-01-06,42000.0,D1,Downtrend,Medium,0.06463878326996197,-0.27412587932909965
000990.KS,2023-01-09,43100.0,D1,Downtrend,Medium,0.026190476190476097,0.08345537246987254
000990.KS,2023-01-10,44000.0,D1,Downtrend,Medium,0.02088167053364276,0.37310148792435066
000990.KS,2023-01-11,44100.0,D1,Downtrend,Medium,0.002272727272727204,0.3929060085309798
000990.KS,2023-01-12,43550.0,D1,Downtrend,Medium,-0.012471655328798237,0.1904763479922027
000990.KS,2023-01-13,43200.0,D1,Downtrend,Medium,-0.008036739380022917,0.05262731346260063
000990.KS,2023-01-16,43450.0,D1,Downtrend,Medium,0.0057870370370369795,0.12082460951679819
000990.KS,2023-01-17,42950.0,D1,Downtrend,Medium,-0.011507479861910253,-0.06372882884551812
000990.KS,2023-01-18,42750.0,D1,Downtrend,Medium,-0.00465657741559955,-0.1300495486749135
000990.KS,2023-01-19,43850.0,D1,Downtrend,Medium,0.025730994152046716,0.2519710357663367
000990.KS,2023-01-20,44000.0,D1,Downtrend,Medium,0.003420752565564511,0.3087026779285813
000990.KS,2023-01-25,45300.0,D1,Downtrend,Medium,0.02954545454545454,0.7435806473439039
000990.KS,2023-01-26,45300.0,D1,Downtrend,Medium,0.0,0.7349888060905386
000990.KS,2023-01-27,45500.0,D1,Downtrend,Medium,0.004415011037527616,0.7916728936324041
000990.KS,2023-01-30,45350.0,D1,Downtrend,Medium,-0.003296703296703285,0.7242197915479237
000990.KS,2023-01-31,45400.0,D1,Downtrend,Medium,0.0011025358324145973,0.7243830493531539
000990.KS,2023-02-01,44950.0,D1,Downtrend,Medium,-0.009911894273127775,0.558303209374223
000990.KS,2023-02-02,46650.0,D1,Downtrend,Medium,0.037819799777530694,1.1065072521732169
000990.KS,2023-02-03,45900.0,D1,Downtrend,Medium,-0.01607717041800638,0.8399489724244901
000990.KS,2023-02-06,45000.0,D1,Downtrend,Medium,-0.019607843137254943,0.5362707179001057
000990.KS,2023-02-07,46450.0,D1,Downtrend,Medium,0.03222222222222215,1.004803478492016
000990.KS,2023-02-08,46850.0,D1,Downtrend,Medium,0.008611410118406937,1.1290963545831527
000990.KS,2023-02-09,46850.0,D1,Downtrend,Medium,0.0,1.1150620532994167
000990.KS,2023-02-10,46600.0,D1,Downtrend,Medium,-0.005336179295624355,1.0667425199638634
000990.KS,2023-02-13,46700.0,D1,Downtrend,Medium,0.0021459227467810482,1.1381478200022612
000990.KS,2023-02-14,47900.0,D1,Downtrend,Medium,0.025695931477516032,1.5505777365908693
000990.KS,2023-02-15,46650.0,D1,Downtrend,Medium,-0.02609603340292277,1.144223680467429
000990.KS,2023-02-16,51400.0,U1,Uptrend,Medium,0.10182207931404075,2.635298124865229
000990.KS,2023-02-17,48900.0,U1,Uptrend,High,-0.048638132295719894,1.7561074559022996
000990.KS,2023-02-20,47800.0,D1,Downtrend,High,-0.02249488752556239,1.384566820096632
000990.KS,2023-02-21,47100.0,D1,Downtrend,High,-0.014644351464435101,1.1551131951980174
000990.KS,2023-02-22,45300.0,D1,Downtrend,High,-0.03821656050955413,0.5839022326012027
000990.KS,2023-02-23,47050.0,D1,Downtrend,High,0.03863134657836653,1.130476186304228
000990.KS,2023-02-24,46200.0,D1,Downtrend,High,-0.018065887353878818,0.8492098976979806
000990.KS,2023-02-27,45550.0,D1,Downtrend,High,-0.01406926406926412,0.6363747370012828
000990.KS,2023-02-28,45300.0,D1,Downtrend,High,-0.005488474204171201,0.5627492028740654
000990.KS,2023-03-02,44750.0,D1,Downtrend,High,-0.012141280353200834,0.3864138038477514
000990.KS,2023-03-03,45600.0,D1,Downtrend,High,0.018994413407821265,0.6450553033083871
000990.KS,2023-03-06,46300.0,D1,Downtrend,High,0.015350877192982448,0.8445953079635443
000990.KS,2023-03-07,45200.0,D1,Downtrend,High,-0.023758099352051865,0.48215721888496876
000990.KS,2023-03-08,53000.0,U1,Uptrend,High,0.17256637168141586,2.6955049568834633
000990.KS,2023-03-09,50200.0,U1,Uptrend,High,-0.05283018867924527,1.7846105790602336
000990.KS,2023-03-10,46550.0,D1,Downtrend,High,-0.07270916334661359,0.7142314743166192
000990.KS,2023-03-13,46600.0,D1,Downtrend,High,0.0010741138560688146,0.7046756464476391
000990.KS,2023-03-14,45150.0,D1,Downtrend,High,-0.0311158798283262,0.2754436269565547
000990.KS,2023-03-15,45350.0,D1,Downtrend,High,0.0044296788482836025,0.31492816316582967
000990.KS,2023-03-16,47150.0,D1,Downtrend,High,0.03969128996692395,0.806335541130122
000990.KS,2023-03-17,48300.0,D1,Downtrend,High,0.024390243902439046,1.102065443787483
000990.KS,2023-03-20,48900.0,U1,Uptrend,High,0.012422360248447228,1.2328509294111667
000990.KS,2023-03-21,47700.0,D1,Downtrend,High,-0.024539877300613466,0.8576021905752236
000990.KS,2023-03-22,47950.0,D1,Downtrend,High,0.00524109014675056,0.9005171661947099
000990.KS,2023-03-23,47400.0,D1,Downtrend,High,-0.01147028154327423,0.7129859173105824
000990.KS,2023-03-24,56600.0,U1,Uptrend,High,0.19409282700421948,3.173072139334592
000990.KS,2023-03-27,59500.0,U1,Uptrend,High,0.051236749116607694,3.5406311782374633
000990.KS,2023-03-28,61400.0,U2,Uptrend,High,0.031932773109243806,3.5832020028972535
000990.KS,2023-03-29,62800.0,U2,Uptrend,High,0.0228013029315961,3.513791150039709
000990.KS,2023-03-30,61100.0,U2,Uptrend,High,-0.027070063694267565,2.9397159903513335
000990.KS,2023-03-31,72300.0,U2,Uptrend,High,0.18330605564648117,4.356789003477929
000990.KS,2023-04-03,75400.0,U2,Uptrend,High,0.042876901798063694,4.104891389454938
000990.KS,2023-04-04,77700.0,U2,Uptrend,High,0.0305039787798409,3.822036839732811
000990.KS,2023-04-05,74400.0,U2,Uptrend,High,-0.0424710424710425,3.0576783483588534
000990.KS,2023-04-06,74300.0,U2,Uptrend,High,-0.0013440860215053752,2.788668086995116
000990.KS,2023-04-07,75600.0,U2,Uptrend,High,0.01749663526244949,2.699755618408559
000990.KS,2023-04-10,75800.0,U2,Uptrend,High,0.002645502645502562,2.523698371788826
000990.KS,2023-04-11,77500.0,U2,Uptrend,High,0.02242744063324542,2.503320421139382
000990.KS,2023-04-12,75900.0,U2,Uptrend,High,-0.020645161290322567,2.210597059572881
000990.KS,2023-04-13,73200.0,U2,Uptrend,High,-0.035573122529644285,1.8673345033842215
000990.KS,2023-04-14,71600.0,U2,Uptrend,High,-0.021857923497267784,1.6510345339354011
000990.KS,2023-04-17,70800.0,U2,Uptrend,High,-0.011173184357541888,1.5187781132967475
000990.KS,2023-04-18,69300.0,U2,Uptrend,High,-0.021186440677966156,1.3381065631099183
000990.KS,2023-04-19,68100.0,U2,Uptrend,High,-0.017316017316017285,1.1924978574505107
000990.KS,2023-04-20,65900.0,U2,Uptrend,High,-0.032305433186490484,0.9713885303403357
000990.KS,2023-04-21,65300.0,U2,Uptrend,High,-0.009104704097116834,0.8903091281360511
000990.KS,2023-04-24,63800.0,U2,Uptrend,High,-0.02297090352220521,0.7369083034978644
000990.KS,2023-04-25,62000.0,U2,Uptrend,High,-0.028213166144200663,0.5613869313342995
000990.KS,2023-04-26,61000.0,U2,Uptrend,High,-0.016129032258064502,0.45553050683088425
000990.KS,2023-04-27,61600.0,U2,Uptrend,High,0.009836065573770592,0.48591353027452905
000990.KS,2023-04-28,60500.0,U2,Uptrend,Medium,-0.017857142857142905,0.37238614356065247
000990.KS,2023-05-02,60200.0,U2,Uptrend,Medium,-0.0049586776859503745,0.32756200060852253
000990.KS,2023-05-03,64000.0,U2,Uptrend,Medium,0.06312292358803995,0.6355546657732178
000990.KS,2023-05-04,62500.0,U2,Uptrend,Medium,-0.0234375,0.4826195435206982
000990.KS,2023-05-08,61300.0,U2,Uptrend,Medium,-0.019199999999999995,0.35739619392591276
000990.KS,2023-05-09,59500.0,U1,Uptrend,Medium,-0.029363784665579096,0.179912348605492
000990.KS,2023-05-10,59000.0,U1,Uptrend,Medium,-0.008403361344537785,0.11758723714681814
000990.KS,2023-05-11,58600.0,U1,Uptrend,Medium,-0.006779661016949157,0.0641155866621779
000990.KS,2023-05-12,60200.0,U2,Uptrend,Medium,0.027303754266211566,0.19245054412773863
000990.KS,2023-05-15,56900.0,U1,Uptrend,Medium,-0.054817275747508276,-0.12694778462162848
000990.KS,2023-05-16,57800.0,U1,Uptrend,Medium,0.01581722319859402,-0.05371098357716662
000990.KS,2023-05-17,59700.0,U1,Uptrend,Medium,0.03287197231833905,0.10673364728158287
000990.KS,2023-05-18,59700.0,U1,Uptrend,Medium,0.0,0.08896461187497243
000990.KS,2023-05-19,62500.0,U2,Uptrend,Medium,0.04690117252931314,0.3319867063962264
000990.KS,2023-05-22,60300.0,U2,Uptrend,Medium,-0.03520000000000001,0.10018178299549209
000990.KS,2023-05-23,60200.0,U2,Uptrend,Medium,-0.0016583747927031434,0.07018279938845093
000990.KS,2023-05-24,59600.0,U1,Uptrend,Medium,-0.009966777408637828,-0.010506125046881972
000990.KS,2023-05-25,59100.0,U1,Uptrend,Medium,-0.008389261744966459,-0.08399682193457388
000990.KS,2023-05-26,61500.0,U2,Uptrend,Medium,0.04060913705583746,0.13364858384258038
000990.KS,2023-05-30,62000.0,U2,Uptrend,Medium,0.008130081300812941,0.15899440250558705
000990.KS,2023-05-31,60400.0,U2,Uptrend,Medium,-0.02580645161290318,-0.036113816582282
000990.KS,2023-06-01,60700.0,U2,Uptrend,Medium,0.004966887417218624,-0.03029738288231765
000990.KS,2023-06-02,63300.0,U2,Uptrend,Medium,0.04283360790774293,0.2280299064754431
000990.KS,2023-06-05,61900.0,U2,Uptrend,Medium,-0.02211690363349128,0.05386517475161947
000990.KS,2023-06-07,61500.0,U2,Uptrend,Medium,-0.00646203554119551,-0.013154959585298779
000990.KS,2023-06-08,61900.0,U2,Uptrend,Medium,0.006504065040650486,0.0035501911508473783
000990.KS,2023-06-09,63500.0,U2,Uptrend,Medium,0.025848142164781818,0.16421248818130488
000990.KS,2023-06-12,61900.0,U2,Uptrend,Medium,-0.025196850393700787,-0.06717712405876985
000990.KS,2023-06-13,63100.0,U2,Uptrend,Medium,0.01938610662358653,0.04927011923534998
000990.KS,2023-06-14,61900.0,U2,Uptrend,Medium,-0.019017432646592725,-0.14696906930931997
000990.KS,2023-06-15,64200.0,U2,Uptrend,Medium,0.037156704361873905,0.13672357247880007
000990.KS,2023-06-16,64200.0,U2,Uptrend,Medium,0.0,0.10428849804974913
000990.KS,2023-06-19,64900.0,U2,Uptrend,Medium,0.010903426791277315,0.1734728940608488
000990.KS,2023-06-20,67200.0,U2,Uptrend,Medium,0.035439137134052334,0.5055998410587498
000990.KS,2023-06-21,63800.0,U2,Uptrend,Medium,-0.05059523809523814,-0.10012082895843753
000990.KS,2023-06-22,62500.0,U2,Uptrend,Medium,-0.020376175548589393,-0.34954387922829355
000990.KS,2023-06-23,63400.0,U2,Uptrend,Medium,0.014399999999999968,-0.20280311850364358
000990.KS,2023-06-26,63900.0,U2,Uptrend,Medium,0.007886435331230235,-0.12134027566530053
000990.KS,2023-06-27,62600.0,U2,Uptrend,Medium,-0.020344287949921713,-0.35321613344971564
000990.KS,2023-06-28,62900.0,U2,Uptrend,Medium,0.004792332268370503,-0.305701955983099
000990.KS,2023-06-29,63000.0,U2,Uptrend,Medium,0.0015898251192367763,-0.26419502419439755
000990.KS,2023-06-30,63100.0,U2,Uptrend,Medium,0.0015873015873015817,-0.21608347219273105
000990.KS,2023-07-03,62700.0,U2,Uptrend,Medium,-0.006339144215530945,-0.2590695189966538
000990.KS,2023-07-04,62100.0,U2,Uptrend,Medium,-0.009569377990430672,-0.3510962810482736
000990.KS,2023-07-05,62800.0,U2,Uptrend,Medium,0.011272141706924366,-0.1730738058463628
000990.KS,2023-07-06,60100.0,U1,Uptrend,Medium,-0.042993630573248454,-0.7437968107953151
000990.KS,2023-07-07,58900.0,U1,Uptrend,Medium,-0.019966722129783676,-1.0207135363576765
000990.KS,2023-07-10,58100.0,U1,Uptrend,Medium,-0.01358234295415961,-1.2674875741944234
000990.KS,2023-07-11,59100.0,U1,Uptrend,Medium,0.01721170395869187,-1.0314961389614694
000990.KS,2023-07-12,61200.0,U2,Uptrend,Medium,0.035532994923857864,-0.35957896315820737
000990.KS,2023-07-13,60700.0,U2,Uptrend,Medium,-0.008169934640522847,-0.5141173906511398
000990.KS,2023-07-14,60700.0,U2,Uptrend,Medium,0.0,-0.4982938965763253
000990.KS,2023-07-17,60700.0,U2,Uptrend,Medium,0.0,-0.4784041124065967
000990.KS,2023-07-18,60700.0,U2,Uptrend,Medium,0.0,-0.45529305782635915
000990.KS,2023-07-19,60700.0,U2,Uptrend,Medium,0.0,-0.4286857421894187
000990.KS,2023-07-20,60700.0,U2,Uptrend,Medium,0.0,-0.4020822146349961
000990.KS,2023-07-21,60700.0,U2,Uptrend,Medium,0.0,-0.3796007344690782
000990.KS,2023-07-24,60700.0,U2,Uptrend,Medium,0.0,-0.3680906262898966
000990.KS,2023-07-25,60700.0,U2,Uptrend,Medium,0.0,-0.3651871287685198
000990.KS,2023-07-26,60700.0,U2,Uptrend,Medium,0.0,-0.3569665783915135
000990.KS,2023-07-27,58800.0,U1,Uptrend,Medium,-0.03130148270181221,-1.3193130699520146
000990.KS,2023-07-28,59200.0,U1,Uptrend,Medium,0.006802721088435382,-1.0958929986922001
000990.KS,2023-07-31,59000.0,U1,Uptrend,Medium,-0.0033783783783783994,-1.1610495522785613
000990.KS,2023-08-01,61200.0,U2,Uptrend,Medium,0.03728813559322042,-0.016374820746777242
000990.KS,2023-08-02,59100.0,U1,Uptrend,Medium,-0.03431372549019607,-1.0725414522928274
000990.KS,2023-08-03,57800.0,U1,Uptrend,Medium,-0.021996615905245376,-1.6915482106929887
000990.KS,2023-08-04,57400.0,U1,Uptrend,Medium,-0.00692041522491349,-1.8422474693117439
000990.KS,2023-08-07,57000.0,U1,Uptrend,Medium,-0.006968641114982632,-1.9831981864430863
000990.KS,2023-08-08,54900.0,U1,Uptrend,Medium,-0.0368421052631579,-2.757412067590018
000990.KS,2023-08-09,55500.0,U1,Uptrend,Medium,0.010928961748633892,-2.4213779215327147
000990.KS,2023-08-10,55000.0,U1,Uptrend,Medium,-0.009009009009009028,-2.517100151064182
000990.KS,2023-08-11,54200.0,U1,Uptrend,Medium,-0.014545454545454528,-2.64734110333707
000990.KS,2023-08-14,53300.0,U1,Uptrend,Medium,-0.016605166051660514,-2.765468710479826
000990.KS,2023-08-16,52300.0,U1,Uptrend,Medium,-0.018761726078799223,-2.8589139820619383
000990.KS,2023-08-17,52300.0,U1,Uptrend,Medium,0.0,-2.638920350071469
000990.KS,2023-08-18,53700.0,U1,Uptrend,Medium,0.026768642447418722,-2.0699119908116614
000990.KS,2023-08-21,52200.0,U1,Uptrend,Medium,-0.027932960893854775,-2.375244424793987
000990.KS,2023-08-22,51300.0,U1,Uptrend,Medium,-0.017241379310344862,-2.4654455946548812
000990.KS,2023-08-23,51600.0,U1,Uptrend,Medium,0.005847953216374213,-2.235243744221245
000990.KS,2023-08-24,52700.0,U1,Uptrend,Medium,0.02131782945736438,-1.8466477115822624
000990.KS,2023-08-25,51600.0,U1,Uptrend,Medium,-0.020872865275142316,-2.020954885604206
000990.KS,2023-08-28,52500.0,U1,Uptrend,Medium,0.01744186046511631,-1.7157429805321311
000990.KS,2023-08-29,53600.0,U1,Uptrend,Medium,0.020952380952381056,-1.3928301639440748
000990.KS,2023-08-30,53500.0,U1,Uptrend,Medium,-0.001865671641791078,-1.3653174191283084
000990.KS,2023-08-31,53500.0,U1,Uptrend,Medium,0.0,-1.316736911666292
000990.KS,2023-09-01,54700.0,U1,Uptrend,Medium,0.02242990654205612,-0.9990141864998703
000990.KS,2023-09-04,54000.0,U1,Uptrend,Medium,-0.012797074954296161,-1.1257897307540585
000990.KS,2023-09-05,53500.0,U1,Uptrend,Medium,-0.0092592592592593,-1.201150305209772
000990.KS,2023-09-06,52900.0,U1,Uptrend,Medium,-0.01121495327102806,-1.2950134190058988
000990.KS,2023-09-07,52700.0,U1,Uptrend,Medium,-0.003780718336483968,-1.2940350247220667
000990.KS,2023-09-08,51500.0,U1,Uptrend,Medium,-0.022770398481973486,-1.515780851355695
000990.KS,2023-09-11,51200.0,U1,Uptrend,Medium,-0.005825242718446644,-1.52974286597197
000990.KS,2023-09-12,50100.0,U1,Uptrend,Medium,-0.021484375,-1.7191973133593141
000990.KS,2023-09-13,49350.0,U1,Uptrend,Medium,-0.014970059880239472,-1.8454273779519477
000990.KS,2023-09-14,51800.0,U1,Uptrend,Medium,0.049645390070921946,-1.2408761169883002
000990.KS,2023-09-15,52500.0,U1,Uptrend,Medium,0.013513513513513598,-1.043706785742528
000990.KS,2023-09-18,51500.0,U1,Uptrend,Medium,-0.01904761904761909,-1.2386550810462322
000990.KS,2023-09-19,50800.0,U1,Uptrend,Medium,-0.013592233009708687,-1.3632606310889188
000990.KS,2023-09-20,51000.0,U1,Uptrend,Medium,0.003937007874015741,-1.2749017978343256
000990.KS,2023-09-21,49050.0,U1,Uptrend,Medium,-0.038235294117647034,-1.6775779067674363
000990.KS,2023-09-22,49400.0,U1,Uptrend,Medium,0.007135575942915473,-1.5446051889473724
000990.KS,2023-09-25,49600.0,U1,Uptrend,Medium,0.004048582995951344,-1.4541862095305407
000990.KS,2023-09-26,48300.0,D1,Downtrend,Medium,-0.02620967741935487,-1.7062833193307763
000990.KS,2023-09-27,48800.0,U1,Uptrend,Medium,0.010351966873705987,-1.536214409229954
000990.KS,2023-10-04,48350.0,U1,Uptrend,Medium,-0.009221311475409832,-1.5970039631438862
000990.KS,2023-10-05,49050.0,U1,Uptrend,Medium,0.014477766287487093,-1.379301300842079
000990.KS,2023-10-06,49750.0,U1,Uptrend,Medium,0.014271151885830724,-1.170469834760908
000990.KS,2023-10-10,49600.0,U1,Uptrend,Medium,-0.0030150753768843908,-1.1655601021041389
000990.KS,2023-10-11,51100.0,U1,Uptrend,Medium,0.030241935483870996,-0.7809851760326643
000990.KS,2023-10-12,52000.0,U1,Uptrend,Medium,0.017612524461839474,-0.5403447494201509
000990.KS,2023-10-13,51100.0,U1,Uptrend,Medium,-0.017307692307692357,-0.7337667741294922
000990.KS,2023-10-16,50800.0,U1,Uptrend,Medium,-0.005870841487279899,-0.7818767891507645
000990.KS,2023-10-17,52600.0,U1,Uptrend,Medium,0.03543307086614167,-0.2994140591497274
000990.KS,2023-10-18,52600.0,U1,Uptrend,Medium,0.0,-0.27191788353731017
000990.KS,2023-10-19,50900.0,U1,Uptrend,Medium,-0.03231939163498099,-0.7016851369754383
000990.KS,2023-10-20,50200.0,U1,Uptrend,Medium,-0.013752455795677854,-0.8706268641980655
000990.KS,2023-10-23,50800.0,U1,Uptrend,Medium,0.01195219123505975,-0.6779584769314245
000990.KS,2023-10-24,51400.0,U1,Uptrend,Medium,0.011811023622047223,-0.4766162575419243
000990.KS,2023-10-25,51700.0,U1,Uptrend,Medium,0.005836575875486361,-0.3563164610506644
000990.KS,2023-10-26,48350.0,U1,Uptrend,Medium,-0.06479690522243708,-1.4234394575624625
000990.KS,2023-10-27,47800.0,D1,Downtrend,Medium,-0.011375387797311287,-1.5722479396121345
000990.KS,2023-10-30,48750.0,U1,Uptrend,Medium,0.01987447698744771,-1.23189701331248
000990.KS,2023-10-31,48400.0,U1,Uptrend,Medium,-0.007179487179487132,-1.3399106670729228
000990.KS,2023-11-01,48750.0,U1,Uptrend,Medium,0.00723140495867769,-1.2468124670714713
000990.KS,2023-11-02,51900.0,U1,Uptrend,Medium,0.06461538461538452,0.06860841990926513
000990.KS,2023-11-03,52100.0,U1,Uptrend,Medium,0.003853564547206201,0.20917900011064672
000990.KS,2023-11-06,55300.0,U1,Uptrend,Medium,0.061420345489443307,1.7662476965891916
000990.KS,2023-11-07,54600.0,U1,Uptrend,Medium,-0.012658227848101222,1.5107080530101882
000990.KS,2023-11-08,54600.0,U1,Uptrend,Medium,0.0,1.519329974389522
000990.KS,2023-11-09,55300.0,U1,Uptrend,Medium,0.012820512820512775,1.8777483304882328
000990.KS,2023-11-10,54200.0,U1,Uptrend,Medium,-0.019891500904159143,1.3457746509723385
000990.KS,2023-11-13,53900.0,U1,Uptrend,Medium,-0.005535055350553542,1.199906192088839
000990.KS,2023-11-14,54600.0,U1,Uptrend,Medium,0.01298701298701288,1.5247860177346395
000990.KS,2023-11-15,54600.0,U1,Uptrend,Medium,0.0,1.4786101837480903
000990.KS,2023-11-16,55000.0,U1,Uptrend,Medium,0.0073260073260073,1.617778782790758
000990.KS,2023-11-17,55300.0,U1,Uptrend,Medium,0.005454545454545379,1.7192057317753917
000990.KS,2023-11-20,56600.0,U1,Uptrend,Medium,0.02350813743218816,2.2039666767077413
000990.KS,2023-11-21,56200.0,U1,Uptrend,Medium,-0.007067137809187329,1.921569342027353
000990.KS,2023-11-22,56100.0,U1,Uptrend,Medium,-0.001779359430605032,1.7929194933948593
000990.KS,2023-11-23,55800.0,U1,Uptrend,Medium,-0.005347593582887722,1.6071727170055496
000990.KS,2023-11-24,56400.0,U1,Uptrend,Medium,0.010752688172043001,1.7748320432428675
000990.KS,2023-11-27,60000.0,U1,Uptrend,Medium,0.06382978723404253,2.942245213047539
000990.KS,2023-11-28,60500.0,U2,Uptrend,Medium,0.008333333333333304,2.866979940481498
000990.KS,2023-11-29,58100.0,U1,Uptrend,Medium,-0.03966942148760333,1.9402889880985763
000990.KS,2023-11-30,61900.0,U2,Uptrend,Medium,0.06540447504302915,2.9349156156035505
000990.KS,2023-12-01,59600.0,U1,Uptrend,Medium,-0.037156704361874016,2.1142175011032145
000990.KS,2023-12-04,59500.0,U1,Uptrend,Medium,-0.001677852348993314,1.9883612143353289
000990.KS,2023-12-05,58800.0,U1,Uptrend,Medium,-0.0117647058823529,1.7146366247415061
000990.KS,2023-12-06,58700.0,U1,Uptrend,Medium,-0.00170068027210879,1.6208664918933633
000990.KS,2023-12-07,59900.0,U1,Uptrend,Medium,0.020442930153321992,1.8620394013555452
000990.KS,2023-12-08,59000.0,U1,Uptrend,Medium,-0.015025041736227096,1.5551801125626525
000990.KS,2023-12-11,58900.0,U1,Uptrend,Medium,-0.0016949152542372614,1.470075738453878
000990.KS,2023-12-12,60300.0,U2,Uptrend,Medium,0.02376910016977929,1.7508281272752473
000990.KS,2023-12-13,60500.0,U2,Uptrend,Medium,0.0033167495854062867,1.7245868524416244
000990.KS,2023-12-14,61200.0,U2,Uptrend,Medium,0.011570247933884392,1.8098558267950051
000990.KS,2023-12-15,60800.0,U2,Uptrend,Medium,-0.006535947712418277,1.641104667645654
000990.KS,2023-12-18,60600.0,U2,Uptrend,Medium,-0.003289473684210509,1.5301735834793937
000990.KS,2023-12-19,59700.0,U1,Uptrend,Medium,-0.014851485148514865,1.274148104452157
000990.KS,2023-12-20,59500.0,U1,Uptrend,Medium,-0.00335008375209378,1.1862413212010046
000990.KS,2023-12-21,59000.0,U1,Uptrend,Medium,-0.008403361344537785,1.0372511702660383
000990.KS,2023-12-22,59400.0,U1,Uptrend,Medium,0.006779661016949046,1.092502224264876
000990.KS,2023-12-26,59900.0,U1,Uptrend,Medium,0.008417508417508435,1.1679106417684026
000990.KS,2023-12-27,57500.0,U1,Uptrend,Medium,-0.04006677796327207,0.5903299384075233
000990.KS,2023-12-28,58600.0,U1,Uptrend,Medium,0.019130434782608674,0.8196464952924024
000990.KS,2024-01-02,54800.0,U1,Uptrend,Medium,-0.06484641638225253,-0.10844406494178184
000990.KS,2024-01-03,52500.0,U1,Uptrend,Medium,-0.041970802919708006,-0.690501239788519
000990.KS,2024-01-04,52000.0,U1,Uptrend,Medium,-0.00952380952380949,-0.8314085757214578
000990.KS,2024-01-05,51800.0,U1,Uptrend,Medium,-0.0038461538461538325,-0.9000068626981245
000990.KS,2024-01-08,51300.0,U1,Uptrend,Medium,-0.009652509652509633,-1.0274947787265332
000990.KS,2024-01-09,51900.0,U1,Uptrend,Medium,0.011695906432748648,-0.8757430702853515
000990.KS,2024-01-10,52800.0,U1,Uptrend,Medium,0.01734104046242768,-0.6606041561221144
000990.KS,2024-01-11,52800.0,U1,Uptrend,Medium,0.0,-0.674378131603428
000990.KS,2024-01-12,51900.0,U1,Uptrend,Medium,-0.017045454545454586,-0.8988742019371002
000990.KS,2024-01-15,51300.0,U1,Uptrend,Medium,-0.011560693641618491,-1.0409599424367582
000990.KS,2024-01-16,50500.0,U1,Uptrend,Medium,-0.015594541910331383,-1.2393971686303953
000990.KS,2024-01-17,49800.0,U1,Uptrend,Medium,-0.013861386138613874,-1.411380172024733
000990.KS,2024-01-18,50500.0,U1,Uptrend,Medium,0.014056224899598346,-1.2316768678146603
000990.KS,2024-01-19,51700.0,U1,Uptrend,Medium,0.023762376237623783,-0.9318912298810996
000990.KS,2024-01-22,51800.0,U1,Uptrend,Medium,0.0019342359767891004,-0.9074534937958288
000990.KS,2024-01-23,51700.0,U1,Uptrend,Medium,-0.0019305019305019266,-0.9657922977180261
000990.KS,2024-01-24,50900.0,U1,Uptrend,Medium,-0.015473887814313358,-1.211043852119347
000990.KS,2024-01-25,50600.0,U1,Uptrend,Medium,-0.005893909626719096,-1.3148221085102698
000990.KS,2024-01-26,50400.0,U1,Uptrend,Medium,-0.0039525691699604515,-1.3978203588903881
000990.KS,2024-01-29,50500.0,U1,Uptrend,Medium,0.001984126984126977,-1.396837121789861
000990.KS,2024-01-30,50700.0,U1,Uptrend,Medium,0.003960396039603964,-1.327896034679554
000990.KS,2024-01-31,49850.0,U1,Uptrend,Medium,-0.0167652859960552,-1.5293754441840839
000990.KS,2024-02-01,50100.0,U1,Uptrend,Medium,0.005015045135406293,-1.4139402338804563
000990.KS,2024-02-02,51200.0,U1,Uptrend,Medium,0.02195608782435121,-1.097401353457866
000990.KS,2024-02-05,49400.0,U1,Uptrend,Medium,-0.03515625,-1.515028222987722
000990.KS,2024-02-06,49700.0,U1,Uptrend,Medium,0.006072874493927127,-1.3904483199404756
000990.KS,2024-02-07,49950.0,U1,Uptrend,Medium,0.005030181086519203,-1.2913692611042904
000990.KS,2024-02-08,50100.0,U1,Uptrend,Medium,0.0030030030030030463,-1.2232932245025325
000990.KS,2024-02-13,49600.0,U1,Uptrend,Medium,-0.009980039920159722,-1.3061000061814645
000990.KS,2024-02-14,48800.0,U1,Uptrend,Medium,-0.016129032258064502,-1.4493608833496896
000990.KS,2024-02-15,48850.0,U1,Uptrend,Medium,0.0010245901639345245,-1.3894422655528027
000990.KS,2024-02-16,49750.0,U1,Uptrend,Medium,0.0184237461617196,-1.144692223377239
000990.KS,2024-02-19,49400.0,U1,Uptrend,Medium,-0.007035175879396949,-1.1851520351717013
000990.KS,2024-02-20,49500.0,U1,Uptrend,Medium,0.002024291497975783,-1.1256352390040023
000990.KS,2024-02-21,49350.0,U1,Uptrend,Medium,-0.00303030303030305,-1.123027938823401
000990.KS,2024-02-22,49350.0,U1,Uptrend,Medium,0.0,-1.0886394300895241
000990.KS,2024-02-23,48750.0,U1,Uptrend,Medium,-0.012158054711246202,-1.1813358184426708
000990.KS,2024-02-26,48000.0,D1,Downtrend,Medium,-0.01538461538461533,-1.3017506689729388
000990.KS,2024-02-27,47500.0,D1,Downtrend,Medium,-0.01041666666666663,-1.366559514300668
000990.KS,2024-02-28,47200.0,D1,Downtrend,Medium,-0.0063157894736841635,-1.3806486426279865
000990.KS,2024-02-29,46400.0,D1,Downtrend,Medium,-0.016949152542372836,-1.5129905407296707
000990.KS,2024-03-04,47950.0,D1,Downtrend,Medium,0.03340517241379315,-1.135544440025694
000990.KS,2024-03-05,46600.0,D1,Downtrend,Medium,-0.028154327424400383,-1.3880410111318797
000990.KS,2024-03-06,45800.0,D1,Downtrend,Medium,-0.01716738197424894,-1.5098995595037725
000990.KS,2024-03-07,45450.0,D1,Downtrend,Medium,-0.007641921397379958,-1.5306928172514178
000990.KS,2024-03-08,46150.0,D1,Downtrend,Medium,0.015401540154015292,-1.3375635308410085
000990.KS,2024-03-11,45100.0,D1,Downtrend,Medium,-0.02275189599133265,-1.5180448994837934
000990.KS,2024-03-12,45400.0,D1,Downtrend,Medium,0.006651884700665134,-1.4066425269702432
000990.KS,2024-03-13,45100.0,D1,Downtrend,Medium,-0.0066079295154185536,-1.43693697556071
000990.KS,2024-03-14,44400.0,D1,Downtrend,Medium,-0.01552106430155209,-1.557856950004353
000990.KS,2024-03-15,43500.0,D1,Downtrend,Medium,-0.020270270270270285,-1.7311218777523447
000990.KS,2024-03-18,43950.0,D1,Downtrend,Medium,0.010344827586206806,-1.60077570169018
000990.KS,2024-03-19,44250.0,D1,Downtrend,Medium,0.006825938566553003,-1.5105114724135302
000990.KS,2024-03-20,44650.0,D1,Downtrend,Medium,0.009039548022598876,-1.39228628487132
000990.KS,2024-03-21,45500.0,D1,Downtrend,Medium,0.01903695408734607,-1.162021917660687
000990.KS,2024-03-22,45450.0,D1,Downtrend,Medium,-0.001098901098901095,-1.1623301024321209
000990.KS,2024-03-25,44300.0,D1,Downtrend,Medium,-0.025302530253025313,-1.4787368281943059
000990.KS,2024-03-26,43700.0,D1,Downtrend,Medium,-0.013544018058690765,-1.6746245791302314
000990.KS,2024-03-27,44100.0,D1,Downtrend,Medium,0.009153318077803174,-1.5427698108887002
000990.KS,2024-03-28,43900.0,D1,Downtrend,Medium,-0.0045351473922902175,-1.6345474311006494
000990.KS,2024-03-29,43250.0,D1,Downtrend,Medium,-0.014806378132118492,-1.8101956814462452
000990.KS,2024-04-01,46900.0,D1,Downtrend,Medium,0.08439306358381504,-0.521530779602377
000990.KS,2024-04-02,46350.0,D1,Downtrend,Medium,-0.011727078891258014,-0.688565494282171
000990.KS,2024-04-03,45150.0,D1,Downtrend,Medium,-0.02588996763754048,-1.0788332316339133
000990.KS,2024-04-04,45350.0,D1,Downtrend,Medium,0.0044296788482836025,-0.974725043929792
000990.KS,2024-04-05,43950.0,D1,Downtrend,Medium,-0.030871003307607503,-1.4251050629859967
000990.KS,2024-04-08,44450.0,D1,Downtrend,Medium,0.011376564277588264,-1.2136624668102451
000990.KS,2024-04-09,44300.0,D1,Downtrend,Medium,-0.003374578177727794,-1.2357117181694712
000990.KS,2024-04-11,43800.0,D1,Downtrend,Medium,-0.011286681715575675,-1.3760813746481824
000990.KS,2024-04-12,42000.0,D1,Downtrend,Medium,-0.04109589041095896,-1.9493715871797208
000990.KS,2024-04-15,41000.0,D1,Downtrend,Medium,-0.023809523809523836,-2.184123196488237
000990.KS,2024-04-16,40800.0,D1,Downtrend,Medium,-0.004878048780487809,-2.1290668879067245
000990.KS,2024-04-17,41700.0,D1,Downtrend,Medium,0.022058823529411686,-1.7468638251049624
000990.KS,2024-04-18,41950.0,D1,Downtrend,Medium,0.005995203836930418,-1.6084069462095827
000990.KS,2024-04-19,41100.0,D1,Downtrend,Medium,-0.020262216924910592,-1.824917097307083
000990.KS,2024-04-22,40950.0,D1,Downtrend,Medium,-0.0036496350364964014,-1.8091403112914977
000990.KS,2024-04-23,40500.0,D1,Downtrend,Medium,-0.01098901098901095,-1.8786567247746202
000990.KS,2024-04-24,40850.0,D1,Downtrend,Medium,0.00864197530864197,-1.6978874149044214
000990.KS,2024-04-25,40050.0,D1,Downtrend,Medium,-0.019583843329253336,-1.876021737659892
000990.KS,2024-04-26,41600.0,D1,Downtrend,Medium,0.03870162297128599,-1.335568313665419
000990.KS,2024-04-29,41550.0,D1,Downtrend,Medium,-0.0012019230769231282,-1.3122169015884189
000990.KS,2024-04-30,41400.0,D1,Downtrend,Medium,-0.0036101083032491488,-1.3172398567977412
000990.KS,2024-05-02,42650.0,D1,Downtrend,Medium,0.030193236714975757,-0.8821630623550902
000990.KS,2024-05-03,43000.0,D1,Downtrend,Medium,0.008206330597889888,-0.7427421971638416
000990.KS,2024-05-07,42800.0,D1,Downtrend,Medium,-0.0046511627906976605,-0.7830219485228742
000990.KS,2024-05-08,44450.0,D1,Downtrend,Medium,0.03855140186915884,-0.19064828087364238
000990.KS,2024-05-09,43350.0,D1,Downtrend,Medium,-0.02474690663667045,-0.5511764662898538
000990.KS,2024-05-10,43100.0,D1,Downtrend,Medium,-0.005767012687427964,-0.6161045145593497
000990.KS,2024-05-13,42900.0,D1,Downtrend,Medium,-0.004640371229698403,-0.6648316616381063
000990.KS,2024-05-14,42800.0,D1,Downtrend,Medium,-0.002331002331002363,-0.6767384494950034
000990.KS,2024-05-16,43150.0,D1,Downtrend,Medium,0.008177570093457875,-0.516335313012933
000990.KS,2024-05-17,42250.0,D1,Downtrend,Medium,-0.02085747392815762,-0.8491116492479432
000990.KS,2024-05-20,41900.0,D1,Downtrend,Medium,-0.008284023668639007,-0.9693137656220366
000990.KS,2024-05-21,41850.0,D1,Downtrend,Medium,-0.0011933174224343368,-0.9713072904802316
000990.KS,2024-05-22,43900.0,D1,Downtrend,Medium,0.04898446833930703,-0.041819187869956094
000990.KS,2024-05-23,44700.0,D1,Downtrend,Medium,0.018223234624145768,0.3780616501445579
000990.KS,2024-05-24,42700.0,D1,Downtrend,Medium,-0.044742729306487705,-0.560974503527378
000990.KS,2024-05-27,41150.0,D1,Downtrend,Medium,-0.03629976580796257,-1.316614743964115
000990.KS,2024-05-28,40850.0,D1,Downtrend,Medium,-0.007290400972053468,-1.4374642573902785
000990.KS,2024-05-29,40450.0,D1,Downtrend,Medium,-0.009791921664626724,-1.6032593130760504
000990.KS,2024-05-30,39950.0,D1,Downtrend,Medium,-0.012360939431396822,-1.7976471066076538
000990.KS,2024-05-31,40550.0,D1,Downtrend,Medium,0.015018773466833446,-1.4660393021214928
000990.KS,2024-06-03,41650.0,D1,Downtrend,Medium,0.027127003699136898,-0.8422669952387135
000990.KS,2024-06-04,42750.0,D1,Downtrend,Medium,0.026410564225690214,-0.2051791923814916
000990.KS,2024-06-05,43150.0,D1,Downtrend,Medium,0.009356725146198785,0.044168506661433196
000990.KS,2024-06-07,43450.0,D1,Downtrend,Medium,0.006952491309385911,0.2496499599310553
000990.KS,2024-06-10,42750.0,D1,Downtrend,Medium,-0.016110471806674354,-0.14344680690070086
000990.KS,2024-06-11,42700.0,D1,Downtrend,Medium,-0.0011695906432748204,-0.14912945224917498
000990.KS,2024-06-12,42950.0,D1,Downtrend,Medium,0.005854800936768045,0.025837552132569733
000990.KS,2024-06-13,40600.0,D1,Downtrend,Medium,-0.05471478463329449,-1.3793197225059537
000990.KS,2024-06-14,40200.0,D1,Downtrend,Medium,-0.009852216748768461,-1.5597440904509803
000990.KS,2024-06-17,43650.0,D1,Downtrend,High,0.08582089552238803,0.5218937410157003
000990.KS,2024-06-18,45400.0,D1,Downtrend,High,0.04009163802978244,1.5440967241319838
000990.KS,2024-06-19,45850.0,D1,Downtrend,High,0.009911894273127775,1.769131443006588
000990.KS,2024-06-20,57100.0,U1,Uptrend,High,0.2453653217011995,5.64649786464462
000990.KS,2024-06-21,52200.0,U1,Uptrend,High,-0.08581436077057791,3.3039496740983387
000990.KS,2024-06-24,53400.0,U1,Uptrend,High,0.02298850574712641,3.322006742695646
000990.KS,2024-06-25,51400.0,U1,Uptrend,High,-0.03745318352059923,2.480629763072654
000990.KS,2024-06-26,50200.0,U1,Uptrend,High,-0.023346303501945553,2.0041301584991165
000990.KS,2024-06-27,48350.0,U1,Uptrend,High,-0.03685258964143423,1.403289167908199
000990.KS,2024-06-28,48900.0,U1,Uptrend,High,0.011375387797311287,1.507277039954854
000990.KS,2024-07-01,48400.0,U1,Uptrend,High,-0.010224948875255602,1.3444515215436923
000990.KS,2024-07-02,47350.0,D1,Downtrend,High,-0.02169421487603307,1.0345027124979436
000990.KS,2024-07-03,49000.0,U1,Uptrend,High,0.03484688489968324,1.4611326212289928
000990.KS,2024-07-04,52000.0,U1,Uptrend,High,0.061224489795918435,2.1794184817305986
000990.KS,2024-07-05,50900.0,U1,Uptrend,High,-0.02115384615384619,1.799953887500489
000990.KS,2024-07-08,50800.0,U1,Uptrend,High,-0.0019646365422396617,1.702192236977105
000990.KS,2024-07-09,52000.0,U1,Uptrend,High,0.023622047244094446,1.9119975561641986
000990.KS,2024-07-10,50600.0,U1,Uptrend,High,-0.02692307692307694,1.5084830733528833
000990.KS,2024-07-11,50700.0,U1,Uptrend,High,0.0019762845849802257,1.4734551656170847
000990.KS,2024-07-12,50300.0,U1,Uptrend,High,-0.007889546351084853,1.3288609556581594
000990.KS,2024-07-15,52200.0,U1,Uptrend,High,0.0377733598409542,1.70022855178185
000990.KS,2024-07-16,52600.0,U1,Uptrend,High,0.00766283524904221,1.7137076700570566
000990.KS,2024-07-17,53500.0,U1,Uptrend,High,0.017110266159695797,1.826891487399358
000990.KS,2024-07-18,53900.0,U1,Uptrend,High,0.007476635514018781,1.826677376827828
000990.KS,2024-07-19,55000.0,U1,Uptrend,Medium,0.020408163265306145,1.9615811336279438
000990.KS,2024-07-22,53700.0,U1,Uptrend,Medium,-0.023636363636363678,1.6209477366865501
000990.KS,2024-07-23,52700.0,U1,Uptrend,Medium,-0.01862197392923648,1.3631306336617697
000990.KS,2024-07-24,52400.0,U1,Uptrend,Medium,-0.005692599620493399,1.2584609634579234
000990.KS,2024-07-25,50800.0,U1,Uptrend,Medium,-0.03053435114503822,0.8980577189681437
000990.KS,2024-07-26,52700.0,U1,Uptrend,Medium,0.03740157480314954,1.2459716305997113
000990.KS,2024-07-29,51300.0,U1,Uptrend,Medium,-0.026565464895635715,0.9269171955719346
000990.KS,2024-07-30,51300.0,U1,Uptrend,Medium,0.0,0.8966487433915827
000990.KS,2024-07-31,54300.0,U1,Uptrend,Medium,0.0584795321637428,1.4563909405044895
000990.KS,2024-08-01,54500.0,U1,Uptrend,Medium,0.0036832412523020164,1.440746584912582
000990.KS,2024-08-02,48700.0,U1,Uptrend,High,-0.10642201834862386,0.26220434557999617
000990.KS,2024-08-05,42250.0,D1,Downtrend,High,-0.13244353182751545,-1.0289838969524252
000990.KS,2024-08-06,43200.0,D1,Downtrend,High,0.022485207100591653,-0.8389768381092535
000990.KS,2024-08-07,41300.0,D1,Downtrend,High,-0.04398148148148151,-1.207973836879009
000990.KS,2024-08-08,40750.0,D1,Downtrend,High,-0.013317191283293006,-1.3009259036650824
000990.KS,2024-08-09,41950.0,D1,Downtrend,High,0.02944785276073625,-1.0553552558595118
000990.KS,2024-08-12,43800.0,D1,Downtrend,High,0.0441001191895114,-0.698584226840165
000990.KS,2024-08-13,43150.0,D1,Downtrend,High,-0.014840182648401812,-0.8348459043943003
000990.KS,2024-08-14,42550.0,D1,Downtrend,High,-0.01390498261877171,-0.9588476274118002
000990.KS,2024-08-16,43600.0,D1,Downtrend,High,0.024676850763807323,-0.7479210470183085
000990.KS,2024-08-19,42650.0,D1,Downtrend,High,-0.02178899082568808,-0.9257532051139155
000990.KS,2024-08-20,42400.0,D1,Downtrend,High,-0.0058616647127783805,-0.9734022221556758
000990.KS,2024-08-21,42500.0,D1,Downtrend,High,0.002358490566037652,-0.9628172690897304
000990.KS,2024-08-22,41850.0,D1,Downtrend,High,-0.015294117647058791,-1.099966142941713
000990.KS,2024-08-23,41100.0,D1,Downtrend,High,-0.017921146953404965,-1.2556797340848345
000990.KS,2024-08-26,40350.0,D1,Downtrend,High,-0.018248175182481785,-1.4101322141654924
000990.KS,2024-08-27,40450.0,D1,Downtrend,High,0.0024783147459728205,-1.3890601672462188
000990.KS,2024-08-28,41650.0,D1,Downtrend,High,0.02966625463535233,-1.1481536706986388
000990.KS,2024-08-29,40850.0,D1,Downtrend,High,-0.019207683073229287,-1.293113865173783
000990.KS,2024-08-30,40750.0,D1,Downtrend,High,-0.002447980416156681,-1.2938975048448846
000990.KS,2024-09-02,40500.0,D1,Downtrend,High,-0.006134969325153339,-1.3200003061383963
000990.KS,2024-09-03,40300.0,D1,Downtrend,Medium,-0.004938271604938316,-1.3390554990525683
000990.KS,2024-09-04,38050.0,D2,Downtrend,Medium,-0.05583126550868489,-1.7258220940158078
000990.KS,2024-09-05,37400.0,D2,Downtrend,Medium,-0.01708278580814715,-1.7902362989616303
000990.KS,2024-09-06,36500.0,D2,Downtrend,Medium,-0.024064171122994638,-1.9064645312538244
000990.KS,2024-09-09,36650.0,D2,Downtrend,Medium,0.004109589041095818,-1.8374191695494644
000990.KS,2024-09-10,36700.0,D2,Downtrend,Medium,0.0013642564802183177,-1.7637759491200353
000990.KS,2024-09-11,35700.0,D2,Downtrend,Medium,-0.027247956403269713,-1.8537699931850764
000990.KS,2024-09-12,36650.0,D2,Downtrend,Medium,0.026610644257702987,-1.6283966317122411
000990.KS,2024-09-13,37600.0,D2,Downtrend,Medium,0.02592087312414737,-1.4306413846994803
000990.KS,2024-09-19,37000.0,D2,Downtrend,Medium,-0.015957446808510634,-1.4735390358092846
000990.KS,2024-09-20,36150.0,D2,Downtrend,Medium,-0.02297297297297296,-1.5544760969863867
000990.KS,2024-09-23,37950.0,D2,Downtrend,Medium,0.049792531120331995,-1.2158167445476513
000990.KS,2024-09-24,40200.0,D1,Downtrend,Medium,0.059288537549407216,-0.8204569360521545
000990.KS,2024-09-25,40200.0,D1,Downtrend,Medium,0.0,-0.7956919977601962
000990.KS,2024-09-26,40900.0,D1,Downtrend,Medium,0.017412935323383172,-0.6597164595384257
000990.KS,2024-09-27,40600.0,D1,Downtrend,Medium,-0.007334963325183352,-0.6864525507182546
000990.KS,2024-09-30,40300.0,D1,Downtrend,Medium,-0.007389162561576401,-0.7140011005897846
000990.KS,2024-10-02,40450.0,D1,Downtrend,Medium,0.003722084367245637,-0.6668286038122169
000990.KS,2024-10-04,40750.0,D1,Downtrend,Medium,0.007416563658838138,-0.5934922910161357
000990.KS,2024-10-07,41350.0,D1,Downtrend,Medium,0.014723926380368013,-0.4729948131192278
000990.KS,2024-10-08,40150.0,D1,Downtrend,Medium,-0.029020556227327687,-0.6459961321034285
000990.KS,2024-10-10,39800.0,D1,Downtrend,Medium,-0.008717310087173136,-0.6779914662608908
000990.KS,2024-10-11,40500.0,D1,Downtrend,Medium,0.017587939698492372,-0.5368017956651125
000990.KS,2024-10-14,40500.0,D1,Downtrend,Medium,0.0,-0.5131581316933348
000990.KS,2024-10-15,40850.0,D1,Downtrend,Medium,0.00864197530864197,-0.43065785191442213
000990.KS,2024-10-16,40300.0,D1,Downtrend,Medium,-0.01346389228886169,-0.5006539954848505
000990.KS,2024-10-17,40200.0,D1,Downtrend,Medium,-0.002481389578163795,-0.4927895388994564
000990.KS,2024-10-18,38650.0,D1,Downtrend,Medium,-0.03855721393034828,-0.7476855926132093
000990.KS,2024-10-21,37850.0,D2,Downtrend,Medium,-0.02069857697283317,-0.8738036447675254
000990.KS,2024-10-22,36800.0,D2,Downtrend,Medium,-0.02774108322324964,-1.0609503696649365
000990.KS,2024-10-23,36900.0,D2,Downtrend,Medium,0.0027173913043478937,-1.024482128568847
000990.KS,2024-10-24,36050.0,D2,Downtrend,Medium,-0.023035230352303482,-1.1824082463551202
000990.KS,2024-10-25,35600.0,D2,Downtrend,Medium,-0.012482662968099856,-1.262377067030036
000990.KS,2024-10-28,37050.0,D2,Downtrend,Medium,0.04073033707865159,-0.9188131965294875
000990.KS,2024-10-29,37550.0,D2,Downtrend,Medium,0.013495276653171295,-0.7924299499930344
000990.KS,2024-10-30,37250.0,D2,Downtrend,Medium,-0.007989347536617841,-0.853145560005168
000990.KS,2024-10-31,39000.0,D1,Downtrend,Medium,0.046979865771812124,-0.3748966906299799
000990.KS,2024-11-01,37250.0,D2,Downtrend,Medium,-0.04487179487179482,-0.8969018235147491
000990.KS,2024-11-04,37350.0,D2,Downtrend,Medium,0.0026845637583892135,-0.9615507937648778
000990.KS,2024-11-05,37800.0,D2,Downtrend,Medium,0.012048192771084265,-0.7986101813788467
000990.KS,2024-11-06,36600.0,D2,Downtrend,Medium,-0.031746031746031744,-1.2841975039044449
000990.KS,2024-11-07,36600.0,D2,Downtrend,Medium,0.0,-1.247761911738138
000990.KS,2024-11-08,36000.0,D2,Downtrend,Medium,-0.016393442622950838,-1.4573049955801387
000990.KS,2024-11-11,34000.0,D2,Downtrend,Medium,-0.05555555555555558,-2.1975738758349626
000990.KS,2024-11-12,32550.0,D2,Downtrend,Medium,-0.04264705882352937,-2.6085314303294465
000990.KS,2024-11-13,31600.0,D2,Downtrend,Medium,-0.029185867895545337,-2.7948173789317656
000990.KS,2024-11-14,32350.0,D2,Downtrend,Medium,0.023734177215189778,-2.3719792106386994
000990.KS,2024-11-15,31850.0,D2,Downtrend,Medium,-0.015455950540958274,-2.4095955937250264
000990.KS,2024-11-18,31950.0,D2,Downtrend,Medium,0.0031397174254317317,-2.266917096302224
000990.KS,2024-11-19,34000.0,D2,Downtrend,High,0.06416275430359941,-1.4852805424012696
000990.KS,2024-11-20,33650.0,D2,Downtrend,High,-0.010294117647058787,-1.5570443203711724
000990.KS,2024-11-21,33600.0,D2,Downtrend,High,-0.0014858841010401136,-1.5255313686086658
000990.KS,2024-11-22,33150.0,D2,Downtrend,High,-0.013392857142857095,-1.6264146030030653
000990.KS,2024-11-25,33600.0,D2,Downtrend,Medium,0.013574660633484115,-1.4144360311984956
000990.KS,2024-11-26,33700.0,D2,Downtrend,Medium,0.0029761904761904656,-1.330086904718301
000990.KS,2024-11-27,32500.0,D2,Downtrend,High,-0.035608308605341255,-1.6807292854929632
000990.KS,2024-11-28,32300.0,D2,Downtrend,Medium,-0.006153846153846176,-1.6869156438104076
000990.KS,2024-11-29,31400.0,D2,Downtrend,Medium,-0.02786377708978327,-1.9081331328846225
000990.KS,2024-12-02,30250.0,D2,Downtrend,Medium,-0.0366242038216561,-2.17580617264928
000990.KS,2024-12-03,32850.0,D2,Downtrend,High,0.08595041322314056,-1.2745421548138272
000990.KS,2024-12-04,32800.0,D2,Downtrend,High,-0.0015220700152207556,-1.2479769659836937
000990.KS,2024-12-05,31750.0,D2,Downtrend,High,-0.03201219512195119,-1.529852105195531
000990.KS,2024-12-06,31950.0,D2,Downtrend,High,0.006299212598425141,-1.4121672119842505
000990.KS,2024-12-09,29200.0,D2,Downtrend,High,-0.0860719874804382,-2.1543898510280717
000990.KS,2024-12-10,31700.0,D2,Downtrend,High,0.08561643835616439,-1.3470403401915287
000990.KS,2024-12-11,33100.0,D2,Downtrend,High,0.04416403785488954,-0.9034322236734916
000990.KS,2024-12-12,33550.0,D2,Downtrend,High,0.013595166163141936,-0.7552628982216736
000990.KS,2024-12-13,34150.0,D2,Downtrend,High,0.017883755588673722,-0.5638526879898186
000990.KS,2024-12-16,34050.0,D2,Downtrend,High,-0.002928257686676372,-0.5752950185966702
000990.KS,2024-12-17,35200.0,D2,Downtrend,High,0.03377386196769461,-0.22723717922413145
000990.KS,2024-12-18,34750.0,D2,Downtrend,High,-0.01278409090909094,-0.35278174520528466
000990.KS,2024-12-19,34150.0,D2,Downtrend,High,-0.01726618705035976,-0.5113796365942516
000990.KS,2024-12-20,33200.0,D2,Downtrend,High,-0.027818448023426035,-0.7641717781552353
000990.KS,2024-12-23,33600.0,D2,Downtrend,High,0.012048192771084265,-0.6196753153025161
000990.KS,2024-12-24,33950.0,D2,Downtrend,High,0.01041666666666674,-0.48896374390067926
000990.KS,2024-12-26,33050.0,D2,Downtrend,High,-0.026509572901325495,-0.7390493499904108
000990.KS,2024-12-27,31700.0,D2,Downtrend,High,-0.0408472012102874,-1.1267070806602637
000990.KS,2024-12-30,33150.0,D2,Downtrend,High,0.045741324921135584,-0.6436334539942442
000990.KS,2025-01-02,32900.0,D2,Downtrend,High,-0.007541478129713397,-0.6989516113129804
000990.KS,2025-01-03,33050.0,D2,Downtrend,High,0.004559270516717229,-0.6257842531882761
000990.KS,2025-01-06,34150.0,D2,Downtrend,High,0.033282904689863946,-0.2218192917452909
000990.KS,2025-01-07,33900.0,D2,Downtrend,High,-0.007320644216691097,-0.2826524123449531
000990.KS,2025-01-08,34400.0,D2,Downtrend,High,0.014749262536873253,-0.06795478419043044
000990.KS,2025-01-09,34000.0,D2,Downtrend,High,-0.011627906976744207,-0.1855968108835575
000990.KS,2025-01-10,34750.0,D2,Downtrend,Medium,0.022058823529411686,0.15767522007474066
000990.KS,2025-01-13,33600.0,D2,Downtrend,Medium,-0.03309352517985609,-0.28950165878093487
000990.KS,2025-01-14,33000.0,D2,Downtrend,Medium,-0.017857142857142905,-0.5312366270728034
000990.KS,2025-01-15,33750.0,D2,Downtrend,Medium,0.022727272727272707,-0.1491730557123462
000990.KS,2025-01-16,33500.0,D2,Downtrend,Medium,-0.007407407407407418,-0.24233755479295443
000990.KS,2025-01-17,33650.0,D2,Downtrend,Medium,0.004477611940298498,-0.14359995100476478
000990.KS,2025-01-20,34100.0,D2,Downtrend,Medium,0.013372956909361022,0.11105277826350608
000990.KS,2025-01-21,34150.0,D2,Downtrend,Medium,0.0014662756598240456,0.155060077339778
000990.KS,2025-01-22,34450.0,D2,Downtrend,Medium,0.008784773060029227,0.32440735176670743
000990.KS,2025-01-23,33550.0,D2,Downtrend,Medium,-0.026124818577648812,-0.12262737447567784
000990.KS,2025-01-24,33950.0,D2,Downtrend,Medium,0.011922503725782407,0.13100811762280637
000990.KS,2025-01-31,32350.0,D2,Downtrend,Medium,-0.04712812960235646,-0.74370086784344
000990.KS,2025-02-03,30450.0,D2,Downtrend,Medium,-0.0587326120556414,-1.8693867491435132
000990.KS,2025-02-04,31350.0,D2,Downtrend,Medium,0.029556650246305383,-1.298688742290907
000990.KS,2025-02-05,32300.0,D2,Downtrend,Medium,0.030303030303030276,-0.6770436518687964
000990.KS,2025-02-06,33300.0,D2,Downtrend,Medium,0.030959752321981338,0.04743146541496796
000990.KS,2025-02-07,38900.0,D1,Downtrend,High,0.16816816816816815,3.769150614168746
000990.KS,2025-02-10,42650.0,D1,Downtrend,High,0.09640102827763486,4.943470978261139
000990.KS,2025-02-11,42800.0,D1,Downtrend,High,0.003516998827667095,4.2083554425771235
000990.KS,2025-02-12,42800.0,D1,Downtrend,High,0.0,3.6401325027012685
000990.KS,2025-02-13,41400.0,D1,Downtrend,High,-0.032710280373831724,2.8157360726024305
000990.KS,2025-02-14,42500.0,D1,Downtrend,High,0.02657004830917864,2.9290036905702617
000990.KS,2025-02-17,44300.0,D1,Downtrend,High,0.04235294117647048,3.170914180280346
000990.KS,2025-02-18,45450.0,D1,Downtrend,High,0.025959367945823875,3.161845219040942
000990.KS,2025-02-19,44400.0,D1,Downtrend,High,-0.02310231023102305,2.639780372996957
000990.KS,2025-02-20,45700.0,D1,Downtrend,High,0.029279279279279313,2.741135976968353
000990.KS,2025-02-21,46450.0,D1,Downtrend,High,0.01641137855579866,2.692257896091672
000990.KS,2025-02-24,45850.0,D1,Downtrend,High,-0.012917115177610294,2.3800006549329837
000990.KS,2025-02-25,46600.0,D1,Downtrend,High,0.016357688113413316,2.3772062338224975
000990.KS,2025-02-26,48750.0,U1,Uptrend,High,0.04613733905579398,2.6154852207980865
000990.KS,2025-02-27,48150.0,D1,Downtrend,High,-0.012307692307692353,2.3327375683266776
000990.KS,2025-02-28,43200.0,D1,Downtrend,High,-0.10280373831775702,1.3379192018243964
000990.KS,2025-03-04,44750.0,D1,Downtrend,High,0.03587962962962954,1.564124514670696
000990.KS,2025-03-05,44500.0,D1,Downtrend,High,-0.005586592178770999,1.4603740309460629
000990.KS,2025-03-06,40400.0,D1,Downtrend,High,-0.09213483146067414,0.683148235663112
000990.KS,2025-03-07,41600.0,D1,Downtrend,High,0.02970297029702973,0.8757845236398983
000990.KS,2025-03-10,45400.0,D1,Downtrend,High,0.09134615384615374,1.513717443139887
000990.KS,2025-03-11,44000.0,D1,Downtrend,High,-0.03083700440528636,1.216757829230004
000990.KS,2025-03-12,45350.0,D1,Downtrend,High,0.030681818181818254,1.406902762274354
000990.KS,2025-03-13,43850.0,D1,Downtrend,High,-0.03307607497243659,1.1044880792021872
000990.KS,2025-03-14,44700.0,D1,Downtrend,High,0.019384264538198304,1.2155702035408953
000990.KS,2025-03-17,47250.0,D1,Downtrend,High,0.057046979865771785,1.6058241523000383
000990.KS,2025-03-18,46650.0,D1,Downtrend,High,-0.012698412698412653,1.4428684615962626
000990.KS,2025-03-19,46550.0,D1,Downtrend,High,-0.002143622722400873,1.373033095711393
000990.KS,2025-03-20,47750.0,D1,Downtrend,High,0.025778732545649774,1.5181642719409645
000990.KS,2025-03-21,49000.0,U1,Uptrend,High,0.02617801047120416,1.6567959940767016
000990.KS,2025-03-24,47800.0,D1,Downtrend,High,-0.024489795918367308,1.4024290323926236
000990.KS,2025-03-25,45100.0,D1,Downtrend,High,-0.05648535564853552,0.926732482145731
000990.KS,2025-03-26,44700.0,D1,Downtrend,High,-0.008869179600886956,0.8321307903769551
000990.KS,2025-03-27,44600.0,D1,Downtrend,High,-0.0022371364653244186,0.7879862096608483
000990.KS,2025-03-28,44000.0,D1,Downtrend,High,-0.013452914798206317,0.6639158416034373
000990.KS,2025-03-31,42750.0,D1,Downtrend,High,-0.02840909090909094,0.4335951406525754
000990.KS,2025-04-01,44150.0,D1,Downtrend,High,0.03274853801169586,0.6428483170969657
000990.KS,2025-04-02,43500.0,D1,Downtrend,High,-0.014722536806342057,0.5083386552361164
000990.KS,2025-04-03,43600.0,D1,Downtrend,High,0.0022988505747125743,0.5013259886422494
000990.KS,2025-04-04,41500.0,D1,Downtrend,High,-0.04816513761467889,0.11220404090451357
000990.KS,2025-04-07,37800.0,D2,Downtrend,High,-0.08915662650602407,-0.559454024103461
000990.KS,2025-04-08,38200.0,D2,Downtrend,High,0.010582010582010692,-0.5065590771467313
000990.KS,2025-04-09,36750.0,D2,Downtrend,High,-0.0379581151832461,-0.7816204138497092
000990.KS,2025-04-10,39650.0,D1,Downtrend,High,0.07891156462585025,-0.27394897781242544
000990.KS,2025-04-11,41600.0,D1,Downtrend,High,0.049180327868852514,0.06608654126307882
000990.KS,2025-04-14,41750.0,D1,Downtrend,High,0.0036057692307691624,0.06997802219235541
000990.KS,2025-04-15,41800.0,D1,Downtrend,High,0.0011976047904191933,0.05274090094514962
000990.KS,2025-04-16,40450.0,D1,Downtrend,High,-0.03229665071770338,-0.23651067923713867
000990.KS,2025-04-17,40800.0,D1,Downtrend,High,0.008652657601977642,-0.19555509257929826
000990.KS,2025-04-18,40900.0,D1,Downtrend,High,0.002450980392156854,-0.20456274218518228
000990.KS,2025-04-21,41150.0,D1,Downtrend,High,0.006112469437652868,-0.1810876064220655
000990.KS,2025-04-22,40200.0,D1,Downtrend,High,-0.023086269744835963,-0.41423366606624523
000990.KS,2025-04-23,40900.0,D1,Downtrend,High,0.017412935323383172,-0.2920393183180122
000990.KS,2025-04-24,40850.0,D1,Downtrend,High,-0.0012224938875305957,-0.34115441182810124
000990.KS,2025-04-25,42000.0,D1,Downtrend,High,0.028151774785801775,-0.11073202856104905
000990.KS,2025-04-28,39100.0,D1,Downtrend,High,-0.06904761904761902,-0.8672292754164742
000990.KS,2025-04-29,39050.0,D1,Downtrend,High,-0.0012787723785165905,-0.9889987982318776
000990.KS,2025-04-30,38350.0,D1,Downtrend,High,-0.017925736235595346,-1.301136375689922
000990.KS,2025-05-02,38400.0,D1,Downtrend,High,0.0013037809647979959,-1.4118735389198749
000990.KS,2025-05-07,38600.0,D1,Downtrend,High,0.005208333333333259,-1.4699183285710908
000990.KS,2025-05-08,38400.0,D1,Downtrend,High,-0.005181347150259086,-1.527324615848403
000990.KS,2025-05-09,38100.0,D2,Downtrend,High,-0.0078125,-1.5673738895583589
000990.KS,2025-05-12,39250.0,D1,Downtrend,High,0.030183727034120755,-1.1623176282957561
000990.KS,2025-05-13,39800.0,D1,Downtrend,Medium,0.014012738853503182,-0.9626439823559244
000990.KS,2025-05-14,39800.0,D1,Downtrend,Medium,0.0,-0.9484510438018383
000990.KS,2025-05-15,39400.0,D1,Downtrend,Medium,-0.01005025125628145,-1.0483158528698449
000990.KS,2025-05-16,39600.0,D1,Downtrend,Medium,0.0050761421319796,-0.9556894729589906
000990.KS,2025-05-19,38550.0,D1,Downtrend,Medium,-0.02651515151515149,-1.2374226573184954
000990.KS,2025-05-20,39250.0,D1,Downtrend,Medium,0.018158236057068677,-0.9893893818445302
000990.KS,2025-05-21,39150.0,D1,Downtrend,Medium,-0.002547770700636942,-0.98660865337182
000990.KS,2025-05-22,38200.0,D2,Downtrend,Medium,-0.024265644955300147,-1.2361789700458081
000990.KS,2025-05-23,38150.0,D2,Downtrend,Medium,-0.0013089005235602524,-1.2096897679484102
000990.KS,2025-05-26,38250.0,D2,Downtrend,Medium,0.002621231979030192,-1.1424446197112272
000990.KS,2025-05-27,38500.0,D1,Downtrend,Medium,0.006535947712418277,-1.0433900113344248
000990.KS,2025-05-28,39100.0,D1,Downtrend,Medium,0.01558441558441559,-0.8301836318588169
000990.KS,2025-05-29,39500.0,D1,Downtrend,Medium,0.010230179028132946,-0.6781607290122406
000990.KS,2025-05-30,39000.0,D1,Downtrend,Medium,-0.012658227848101222,-0.8128899353087898
000990.KS,2025-06-02,42300.0,D1,Downtrend,Medium,0.08461538461538454,0.28151352922278144
000990.KS,2025-06-04,42850.0,D1,Downtrend,Medium,0.013002364066193817,0.4491664873035886
000990.KS,2025-06-05,44050.0,D1,Downtrend,Medium,0.028004667444574194,0.8264038793047433
000990.KS,2025-06-09,44050.0,D1,Downtrend,Medium,0.0,0.8404293823821344
000990.KS,2025-06-10,44500.0,D1,Downtrend,Medium,0.010215664018161208,0.983837961229494
000990.KS,2025-06-11,45850.0,D1,Downtrend,Medium,0.030337078651685445,1.4205946599160924
000990.KS,2025-06-12,45150.0,D1,Downtrend,Medium,-0.01526717557251911,1.1754411225504455
000990.KS,2025-06-13,44050.0,D1,Downtrend,Medium,-0.02436323366555926,0.823128783769895
000990.KS,2025-06-16,43950.0,D1,Downtrend,Medium,-0.002270147559591429,0.8289728960438679
000990.KS,2025-06-17,44250.0,D1,Downtrend,Medium,0.006825938566553003,0.9607160887285716
000990.KS,2025-06-18,47250.0,D1,Downtrend,Medium,0.06779661016949157,1.9669877999363619
000990.KS,2025-06-19,46900.0,D1,Downtrend,Medium,-0.007407407407407418,1.8714241462254206
000990.KS,2025-06-20,47050.0,D1,Downtrend,Medium,0.0031982942430703876,1.9854404567587813
000990.KS,2025-06-23,46350.0,D1,Downtrend,Medium,-0.014877789585547307,1.778797709214363
000990.KS,2025-06-24,47000.0,D1,Downtrend,Medium,0.014023732470334505,1.9627439887598555
000990.KS,2025-06-25,46950.0,D1,Downtrend,Medium,-0.0010638297872340718,1.8932768832055689
000990.KS,2025-06-26,46250.0,D1,Downtrend,Medium,-0.014909478168264156,1.6217765337840921
000990.KS,2025-06-27,46100.0,D1,Downtrend,Medium,-0.00324324324324321,1.5366462792956694
000990.KS,2025-06-30,46800.0,D1,Downtrend,Medium,0.015184381778741818,1.7065205627627742
000990.KS,2025-07-01,46700.0,D1,Downtrend,Medium,-0.002136752136752129,1.6313902699663931
000990.KS,2025-07-02,45650.0,D1,Downtrend,Medium,-0.0224839400428265,1.268700634465046
000990.KS,2025-07-03,46250.0,D1,Downtrend,Medium,0.013143483023001057,1.4244792742843353
000990.KS,2025-07-04,46000.0,D1,Downtrend,Medium,-0.00540540540540535,1.303251225235819
000990.KS,2025-07-07,46150.0,D1,Downtrend,Medium,0.003260869565217428,1.3043186509802693
000990.KS,2025-07-08,46400.0,D1,Downtrend,Medium,0.005417118093174356,1.3336675935659184
000990.KS,2025-07-09,46100.0,D1,Downtrend,Medium,-0.006465517241379337,1.2066009914867808
000990.KS,2025-07-10,46200.0,D1,Downtrend,Medium,0.002169197396963085,1.195336225246733
000990.KS,2025-07-11,46050.0,D1,Downtrend,Medium,-0.0032467532467532756,1.1146763918904543
000990.KS,2025-07-14,46800.0,D1,Downtrend,Medium,0.016286644951140072,1.298642592775035
000990.KS,2025-07-15,48000.0,D1,Downtrend,Medium,0.02564102564102555,1.5925173104075625
000990.KS,2025-07-16,46800.0,D1,Downtrend,Medium,-0.025000000000000022,1.1979482242265787
000990.KS,2025-07-17,46650.0,D1,Downtrend,Medium,-0.0032051282051281937,1.116644462642991
000990.KS,2025-07-18,47300.0,D1,Downtrend,Medium,0.013933547695605508,1.25916862903787
000990.KS,2025-07-21,47050.0,D1,Downtrend,Medium,-0.005285412262156397,1.1489187029881593
000990.KS,2025-07-22,45600.0,D1,Downtrend,Medium,-0.03081827842720508,0.7141678572025918
000990.KS,2025-07-23,45900.0,D1,Downtrend,Medium,0.006578947368421018,0.7740115088072508
000990.KS,2025-07-24,45700.0,D1,Downtrend,Medium,-0.004357298474945481,0.6943404186476347
000990.KS,2025-07-25,45300.0,D1,Downtrend,Medium,-0.008752735229759279,0.5649115828592371
000990.KS,2025-07-28,46150.0,D1,Downtrend,Medium,0.01876379690949226,0.7767793261129881
000990.KS,2025-07-29,45700.0,D1,Downtrend,Medium,-0.009750812567713929,0.623818480643983
000990.KS,2025-07-30,46100.0,D1,Downtrend,Medium,0.00875273522975939,0.7120301336283773
000990.KS,2025-07-31,45700.0,D1,Downtrend,Medium,-0.008676789587852451,0.5702470827313537
000990.KS,2025-08-01,43700.0,D1,Downtrend,Medium,-0.043763676148796504,-0.04838633256324788
000990.KS,2025-08-04,45500.0,D1,Downtrend,Medium,0.041189931350114506,0.47048333350083366
000990.KS,2025-08-05,45950.0,D1,Downtrend,Medium,0.009890109890109855,0.5843690962961484
000990.KS,2025-08-06,45000.0,D1,Downtrend,Medium,-0.020674646354733373,0.25756389835926313
000990.KS,2025-08-07,45450.0,D1,Downtrend,Medium,0.010000000000000009,0.3790982671801905
000990.KS,2025-08-08,45900.0,D1,Downtrend,Medium,0.00990099009900991,0.5023699730925532
000990.KS,2025-08-11,46200.0,D1,Downtrend,Medium,0.006535947712418277,0.577444729590503
000990.KS,2025-08-12,46900.0,D1,Downtrend,Medium,0.015151515151515138,0.7909016473246151
000990.KS,2025-08-13,47300.0,D1,Downtrend,Medium,0.008528784648187626,0.9095337197821863
000990.KS,2025-08-14,46600.0,D1,Downtrend,Medium,-0.014799154334038,0.6325051271683042
000990.KS,2025-08-18,45900.0,D1,Downtrend,Medium,-0.015021459227467782,0.3430260874956452
000990.KS,2025-08-19,44450.0,D1,Downtrend,Medium,-0.031590413943355156,-0.27763855687522926
000990.KS,2025-08-20,43000.0,D1,Downtrend,Medium,-0.032620922384701934,-0.9764410324326425
000990.KS,2025-08-21,43050.0,D1,Downtrend,Medium,0.0011627906976743319,-1.071611345220442
000990.KS,2025-08-22,43150.0,D1,Downtrend,Medium,0.0023228803716608404,-1.159775925095931
000990.KS,2025-08-25,44350.0,D1,Downtrend,Medium,0.02780996523754342,-0.6359435979792714
000990.KS,2025-08-26,46650.0,D1,Downtrend,Medium,0.05186020293122895,0.7020925496334066
000990.KS,2025-08-27,46150.0,D1,Downtrend,Medium,-0.010718113612004254,0.36253026926552223
000990.KS,2025-08-28,45550.0,D1,Downtrend,Medium,-0.013001083423618609,-0.1571858394317728
000990.KS,2025-08-29,45950.0,D1,Downtrend,Medium,0.008781558726673966,0.13933753909681315
000990.KS,2025-09-01,44300.0,D1,Downtrend,Medium,-0.03590859630032639,-1.3156821724936665
000990.KS,2025-09-02,43950.0,D1,Downtrend,Medium,-0.007900677200902928,-1.6184273873441688
000990.KS,2025-09-03,44500.0,D1,Downtrend,Medium,0.012514220705347023,-1.1355331397640829
000990.KS,2025-09-04,44700.0,D1,Downtrend,Medium,0.004494382022471877,-0.9359794745076605
000990.KS,2025-09-05,44800.0,D1,Downtrend,Medium,0.0022371364653244186,-0.8407513153886811
000990.KS,2025-09-08,45100.0,D1,Downtrend,Medium,0.006696428571428603,-0.6053138772725968
000990.KS,2025-09-09,46400.0,D1,Downtrend,Medium,0.02882483370288247,0.5166820325668653
000990.KS,2025-09-10,50400.0,U1,Uptrend,Medium,0.0862068965517242,3.610926955427699
000990.KS,2025-09-11,51300.0,U1,Uptrend,Medium,0.017857142857142794,3.761607211198207
000990.KS,2025-09-12,51500.0,U1,Uptrend,Medium,0.003898635477582957,3.445085345030108
