ticker,date,price,sax_symbol,trend,volatility,daily_return,zscore
005930.KS,2020-01-03,55500.0,D2,Downtrend,Unknown,0.005434782608695565,0.0
005930.KS,2020-01-06,55500.0,D2,Downtrend,Unknown,0.0,0.0
005930.KS,2020-01-07,55800.0,D2,Downtrend,Unknown,0.00540540540540535,0.0
005930.KS,2020-01-08,56800.0,D2,Downtrend,Unknown,0.017921146953405076,0.0
005930.KS,2020-01-09,58600.0,D1,Downtrend,Unknown,0.03169014084507049,0.0
005930.KS,2020-01-10,59500.0,D1,Downtrend,Unknown,0.015358361774743923,0.0
005930.KS,2020-01-13,60000.0,D1,Downtrend,Unknown,0.008403361344537785,0.0
005930.KS,2020-01-14,60000.0,D1,Downtrend,Unknown,0.0,0.0
005930.KS,2020-01-15,59000.0,D1,Downtrend,Unknown,-0.01666666666666672,0.0
005930.KS,2020-01-16,60700.0,D1,Downtrend,Unknown,0.028813559322034,0.0
005930.KS,2020-01-17,61300.0,D1,Downtrend,Unknown,0.009884678747940745,0.0
005930.KS,2020-01-20,62400.0,D1,Downtrend,Unknown,0.01794453507340954,0.0
005930.KS,2020-01-21,61400.0,D1,Downtrend,Unknown,-0.01602564102564108,0.0
005930.KS,2020-01-22,62300.0,D1,Downtrend,Unknown,0.014657980456026065,0.0
005930.KS,2020-01-23,60800.0,D1,Downtrend,Unknown,-0.024077046548956704,0.0
005930.KS,2020-01-28,58800.0,D1,Downtrend,Unknown,-0.03289473684210531,0.0
005930.KS,2020-01-29,59100.0,D1,Downtrend,Unknown,0.005102040816326481,0.0
005930.KS,2020-01-30,57200.0,D2,Downtrend,Unknown,-0.032148900169204686,0.0
005930.KS,2020-01-31,56400.0,D2,Downtrend,Unknown,-0.013986013986013957,0.0
005930.KS,2020-02-03,57200.0,D2,Downtrend,Medium,0.014184397163120588,0.0
005930.KS,2020-02-04,58900.0,D1,Downtrend,Medium,0.029720279720279796,0.0
005930.KS,2020-02-05,59500.0,D1,Downtrend,Medium,0.01018675721561979,0.0
005930.KS,2020-02-06,61100.0,D1,Downtrend,Medium,0.026890756302520913,0.0
005930.KS,2020-02-07,60400.0,D1,Downtrend,Medium,-0.011456628477905073,0.0
005930.KS,2020-02-10,59700.0,D1,Downtrend,Medium,-0.011589403973509937,0.0
005930.KS,2020-02-11,59900.0,D1,Downtrend,Medium,0.003350083752093891,0.0
005930.KS,2020-02-12,60500.0,D1,Downtrend,Medium,0.01001669449081799,0.0
005930.KS,2020-02-13,60700.0,D1,Downtrend,Medium,0.0033057851239668423,0.0
005930.KS,2020-02-14,61800.0,D1,Downtrend,Medium,0.01812191103789118,0.0
005930.KS,2020-02-17,61500.0,D1,Downtrend,Medium,-0.004854368932038833,0.0
005930.KS,2020-02-18,59800.0,D1,Downtrend,Medium,-0.027642276422764178,0.0
005930.KS,2020-02-19,60200.0,D1,Downtrend,Medium,0.006688963210702337,0.0
005930.KS,2020-02-20,60000.0,D1,Downtrend,Medium,-0.0033222591362126463,0.0
005930.KS,2020-02-21,59200.0,D1,Downtrend,Medium,-0.013333333333333308,0.0
005930.KS,2020-02-24,56800.0,D2,Downtrend,Medium,-0.04054054054054057,0.0
005930.KS,2020-02-25,57900.0,D2,Downtrend,Medium,0.01936619718309851,0.0
005930.KS,2020-02-26,56500.0,D2,Downtrend,Medium,-0.024179620034542326,0.0
005930.KS,2020-02-27,55900.0,D2,Downtrend,Medium,-0.010619469026548645,0.0
005930.KS,2020-02-28,54200.0,D2,Downtrend,Medium,-0.030411449016100156,0.0
005930.KS,2020-03-02,55000.0,D2,Downtrend,Medium,0.014760147601476037,0.0
005930.KS,2020-03-03,55400.0,D2,Downtrend,Medium,0.0072727272727273196,0.0
005930.KS,2020-03-04,57400.0,D2,Downtrend,Medium,0.036101083032491044,0.0
005930.KS,2020-03-05,57800.0,D2,Downtrend,Medium,0.006968641114982521,0.0
005930.KS,2020-03-06,56500.0,D2,Downtrend,Medium,-0.02249134948096887,0.0
005930.KS,2020-03-09,56500.0,D2,Downtrend,Medium,0.0,0.0
005930.KS,2020-03-10,54600.0,D2,Downtrend,Medium,-0.03362831858407078,0.0
005930.KS,2020-03-11,52100.0,D2,Downtrend,Medium,-0.045787545787545736,0.0
005930.KS,2020-03-12,52100.0,D2,Downtrend,Medium,0.0,0.0
005930.KS,2020-03-13,49950.0,D2,Downtrend,Medium,-0.041266794625719805,0.0
005930.KS,2020-03-16,48900.0,D2,Downtrend,Medium,-0.02102102102102099,0.0
005930.KS,2020-03-17,47300.0,D2,Downtrend,Medium,-0.03271983640081799,0.0
005930.KS,2020-03-18,45600.0,D2,Downtrend,Medium,-0.03594080338266381,0.0
005930.KS,2020-03-19,42950.0,D2,Downtrend,Medium,-0.058114035087719285,0.0
005930.KS,2020-03-20,45400.0,D2,Downtrend,Medium,0.057043073341094264,0.0
005930.KS,2020-03-23,42500.0,D2,Downtrend,High,-0.06387665198237891,0.0
005930.KS,2020-03-24,46950.0,D2,Downtrend,High,0.1047058823529412,0.0
005930.KS,2020-03-25,48650.0,D2,Downtrend,High,0.03620873269435565,0.0
005930.KS,2020-03-26,47800.0,D2,Downtrend,High,-0.0174717368961973,0.0
005930.KS,2020-03-27,48300.0,D2,Downtrend,High,0.010460251046025215,-1.5246606725248228
005930.KS,2020-03-30,47850.0,D2,Downtrend,High,-0.009316770186335366,-1.5551846796382907
005930.KS,2020-03-31,47750.0,D2,Downtrend,High,-0.002089864158829724,-1.5186687966853625
005930.KS,2020-04-01,45800.0,D2,Downtrend,High,-0.0408376963350785,-1.7991938160303558
005930.KS,2020-04-02,46800.0,D2,Downtrend,High,0.02183406113537112,-1.5575880266084732
005930.KS,2020-04-03,47000.0,D2,Downtrend,High,0.004273504273504258,-1.4659220850327839
005930.KS,2020-04-06,48700.0,D2,Downtrend,High,0.036170212765957555,-1.1320769309067729
005930.KS,2020-04-07,49600.0,D2,Downtrend,High,0.01848049281314168,-0.945568344577868
005930.KS,2020-04-08,48600.0,D2,Downtrend,High,-0.020161290322580627,-1.0803344961730776
005930.KS,2020-04-09,49100.0,D2,Downtrend,High,0.010288065843621297,-0.9622933901806393
005930.KS,2020-04-10,49250.0,D2,Downtrend,High,0.003054989816700715,-0.9066103636043035
005930.KS,2020-04-13,48300.0,D2,Downtrend,High,-0.019289340101522834,-1.033470995714431
005930.KS,2020-04-14,49000.0,D2,Downtrend,High,0.01449275362318847,-0.8840062787437947
005930.KS,2020-04-16,49000.0,D2,Downtrend,High,0.0,-0.8552150391617231
005930.KS,2020-04-17,51400.0,D2,Downtrend,High,0.048979591836734615,-0.4159243045601718
005930.KS,2020-04-20,50100.0,D2,Downtrend,High,-0.02529182879377434,-0.6185165904848825
005930.KS,2020-04-21,49250.0,D2,Downtrend,High,-0.01696606786427146,-0.7430963268258255
005930.KS,2020-04-22,49850.0,D2,Downtrend,Medium,0.012182741116751217,-0.611181533892858
005930.KS,2020-04-23,49850.0,D2,Downtrend,Medium,0.0,-0.5872818365280342
005930.KS,2020-04-24,49350.0,D2,Downtrend,Medium,-0.010030090270812475,-0.6553974132731414
005930.KS,2020-04-27,49850.0,D2,Downtrend,Medium,0.010131712259371817,-0.5446458707924562
005930.KS,2020-04-28,50100.0,D2,Downtrend,Medium,0.005015045135406293,-0.4790225610711014
005930.KS,2020-04-29,50000.0,D2,Downtrend,Medium,-0.001996007984031989,-0.47454252712645534
005930.KS,2020-05-04,48500.0,D2,Downtrend,Medium,-0.030000000000000027,-0.7254122570275193
005930.KS,2020-05-06,49200.0,D2,Downtrend,Medium,0.014432989690721598,-0.5690886100439839
005930.KS,2020-05-07,48800.0,D2,Downtrend,Medium,-0.008130081300813052,-0.6198004024991827
005930.KS,2020-05-08,48800.0,D2,Downtrend,Medium,0.0,-0.59432784042129
005930.KS,2020-05-11,48400.0,D2,Downtrend,Medium,-0.008196721311475419,-0.6476542573129033
005930.KS,2020-05-12,47900.0,D2,Downtrend,Medium,-0.010330578512396715,-0.7231336111763632
005930.KS,2020-05-13,48550.0,D2,Downtrend,Medium,0.013569937369519725,-0.5639135986883825
005930.KS,2020-05-14,48000.0,D2,Downtrend,Medium,-0.011328527291452062,-0.6590658595746792
005930.KS,2020-05-15,47850.0,D2,Downtrend,Medium,-0.0031250000000000444,-0.6716987610473892
005930.KS,2020-05-18,48800.0,D2,Downtrend,Medium,0.01985370950888199,-0.4245775280753737
005930.KS,2020-05-19,50300.0,D2,Downtrend,Medium,0.03073770491803285,-0.024462785431003026
005930.KS,2020-05-20,50000.0,D2,Downtrend,Medium,-0.005964214711729587,-0.06141245486153993
005930.KS,2020-05-21,49950.0,D2,Downtrend,Medium,-0.0010000000000000009,-0.035393806483264005
005930.KS,2020-05-22,48750.0,D2,Downtrend,Medium,-0.024024024024024038,-0.3456670928079702
005930.KS,2020-05-25,48850.0,D2,Downtrend,Medium,0.002051282051282133,-0.2861747807002477
005930.KS,2020-05-26,49250.0,D2,Downtrend,Medium,0.008188331627430934,-0.13257981202780422
005930.KS,2020-05-27,49900.0,D2,Downtrend,Medium,0.013197969543147225,0.10781497976969202
005930.KS,2020-05-28,50400.0,D2,Downtrend,Medium,0.01002004008016022,0.29756705237986253
005930.KS,2020-05-29,50700.0,D2,Downtrend,Medium,0.005952380952380931,0.4333769017308382
005930.KS,2020-06-01,51200.0,D2,Downtrend,Medium,0.009861932938856066,0.6501967521752481
005930.KS,2020-06-02,51400.0,D2,Downtrend,Medium,0.00390625,0.81097828000351
005930.KS,2020-06-03,54500.0,D2,Downtrend,Medium,0.060311284046692615,2.1318446492478897
005930.KS,2020-06-04,54600.0,D2,Downtrend,Medium,0.0018348623853210455,2.2613685003763
005930.KS,2020-06-05,55500.0,D2,Downtrend,Medium,0.016483516483516425,2.6986156826089616
005930.KS,2020-06-08,54900.0,D2,Downtrend,Medium,-0.010810810810810811,2.42855857271827
005930.KS,2020-06-09,55500.0,D2,Downtrend,Medium,0.010928961748633892,2.540492891846087
005930.KS,2020-06-10,55400.0,D2,Downtrend,Medium,-0.0018018018018017834,2.3815200845645337
005930.KS,2020-06-11,54300.0,D2,Downtrend,Medium,-0.019855595667869985,1.8677003147354552
005930.KS,2020-06-12,52300.0,D2,Downtrend,Medium,-0.036832412523020275,1.0807872560666314
005930.KS,2020-06-15,49900.0,D2,Downtrend,Medium,-0.04588910133843216,0.16869464426421998
005930.KS,2020-06-16,52100.0,D2,Downtrend,Medium,0.044088176352705455,0.9641311192754829
005930.KS,2020-06-17,52200.0,D2,Downtrend,Medium,0.0019193857965451588,0.9908059031962728
005930.KS,2020-06-18,52300.0,D2,Downtrend,Medium,0.0019157088122605526,1.0021113194106983
005930.KS,2020-06-19,52900.0,D2,Downtrend,Medium,0.011472275334607929,1.2586540380517137
005930.KS,2020-06-22,52000.0,D2,Downtrend,Medium,-0.017013232514177745,0.8390000510426414
005930.KS,2020-06-23,51400.0,D2,Downtrend,Medium,-0.011538461538461497,0.5563416655960087
005930.KS,2020-06-24,52900.0,D2,Downtrend,Medium,0.029182879377431803,1.1735901549005252
005930.KS,2020-06-25,51900.0,D2,Downtrend,Medium,-0.018903591682419618,0.7112041150630627
005930.KS,2020-06-26,53300.0,D2,Downtrend,Medium,0.026974951830443183,1.2790447751702094
005930.KS,2020-06-29,52400.0,D2,Downtrend,Medium,-0.016885553470919357,0.8569632647835054
005930.KS,2020-06-30,52800.0,D2,Downtrend,Medium,0.007633587786259444,1.009237106370336
005930.KS,2020-07-01,52600.0,D2,Downtrend,Medium,-0.0037878787878787845,0.8918436808063317
005930.KS,2020-07-02,52900.0,D2,Downtrend,Medium,0.005703422053231932,1.000593534559519
005930.KS,2020-07-03,53600.0,D2,Downtrend,Medium,0.013232514177693666,1.2811083026998664
005930.KS,2020-07-06,55000.0,D2,Downtrend,Medium,0.026119402985074647,1.8382097553633443
005930.KS,2020-07-07,53400.0,D2,Downtrend,Medium,-0.029090909090909056,1.0791841911702234
005930.KS,2020-07-08,53000.0,D2,Downtrend,Medium,-0.0074906367041198685,0.8692564761730827
005930.KS,2020-07-09,52800.0,D2,Downtrend,Medium,-0.0037735849056603765,0.7530469283276908
005930.KS,2020-07-10,52700.0,D2,Downtrend,Medium,-0.0018939393939394478,0.6817434030206263
005930.KS,2020-07-13,53400.0,D2,Downtrend,Medium,0.013282732447817747,0.9683117278293059
005930.KS,2020-07-14,53800.0,D2,Downtrend,Medium,0.0074906367041198685,1.1128899724765509
005930.KS,2020-07-15,54700.0,D2,Downtrend,Medium,0.016728624535315983,1.4700039738979047
005930.KS,2020-07-16,53800.0,D2,Downtrend,Medium,-0.01645338208409508,1.0332484663941892
005930.KS,2020-07-17,54400.0,D2,Downtrend,Medium,0.011152416356877248,1.2552158744918376
005930.KS,2020-07-20,54200.0,D2,Downtrend,Medium,-0.003676470588235281,1.1277823530741908
005930.KS,2020-07-21,55300.0,D2,Downtrend,Medium,0.02029520295202958,1.5468267490727692
005930.KS,2020-07-22,54700.0,D2,Downtrend,Medium,-0.010849909584086825,1.2432598838510427
005930.KS,2020-07-23,54100.0,D2,Downtrend,Medium,-0.010968921389396757,0.9526588622686923
005930.KS,2020-07-24,54200.0,D2,Downtrend,Medium,0.001848428835489857,0.9634240002160975
005930.KS,2020-07-27,55600.0,D2,Downtrend,Medium,0.02583025830258312,1.502912778321515
005930.KS,2020-07-28,58600.0,D1,Downtrend,Medium,0.05395683453237421,2.5903568132380186
005930.KS,2020-07-29,59000.0,D1,Downtrend,Medium,0.006825938566553003,2.5629856974140246
005930.KS,2020-07-30,59000.0,D1,Downtrend,Medium,0.0,2.4091490465395298
005930.KS,2020-07-31,57900.0,D2,Downtrend,Medium,-0.01864406779661021,1.9121384040563607
005930.KS,2020-08-03,56800.0,D2,Downtrend,Medium,-0.01899827288428324,1.460956080633895
005930.KS,2020-08-04,57300.0,D2,Downtrend,Medium,0.008802816901408494,1.5986957197909342
005930.KS,2020-08-05,56900.0,D2,Downtrend,Medium,-0.006980802792321161,1.4078095298799462
005930.KS,2020-08-06,58000.0,D2,Downtrend,Medium,0.019332161687170446,1.7660795610263391
005930.KS,2020-08-07,57500.0,D2,Downtrend,Medium,-0.008620689655172376,1.5430961408357693
005930.KS,2020-08-10,57800.0,D2,Downtrend,Medium,0.00521739130434784,1.609007631917981
005930.KS,2020-08-11,58200.0,D1,Downtrend,Medium,0.006920415224913601,1.693125352763329
005930.KS,2020-08-12,59000.0,D1,Downtrend,Medium,0.013745704467353903,1.911727324195249
005930.KS,2020-08-13,58700.0,D1,Downtrend,Medium,-0.005084745762711895,1.7319560370236156
005930.KS,2020-08-14,58000.0,D2,Downtrend,Medium,-0.011925042589437829,1.4377658401358728
005930.KS,2020-08-18,58400.0,D1,Downtrend,Medium,0.006896551724137945,1.5522484001318244
005930.KS,2020-08-19,57800.0,D2,Downtrend,Medium,-0.010273972602739767,1.2924437706221936
005930.KS,2020-08-20,55400.0,D2,Downtrend,Medium,-0.04152249134948094,0.32650835027839686
005930.KS,2020-08-21,55900.0,D2,Downtrend,Medium,0.00902527075812265,0.5021391262601542
005930.KS,2020-08-24,56100.0,D2,Downtrend,Medium,0.003577817531305927,0.5590189360653864
005930.KS,2020-08-25,56400.0,D2,Downtrend,Medium,0.005347593582887722,0.6591699218226988
005930.KS,2020-08-26,56400.0,D2,Downtrend,Medium,0.0,0.6334303688926124
005930.KS,2020-08-27,55600.0,D2,Downtrend,Medium,-0.014184397163120588,0.27829274046997726
005930.KS,2020-08-28,55400.0,D2,Downtrend,Medium,-0.003597122302158251,0.18575285888657697
005930.KS,2020-08-31,54000.0,D2,Downtrend,Medium,-0.02527075812274371,-0.4101255438812706
005930.KS,2020-09-01,54200.0,D2,Downtrend,Medium,0.0037037037037037646,-0.3181481689833251
005930.KS,2020-09-02,54400.0,D2,Downtrend,Medium,0.0036900369003689537,-0.22366045208324112
005930.KS,2020-09-03,56400.0,D2,Downtrend,Medium,0.03676470588235303,0.6329500095793005
005930.KS,2020-09-04,55600.0,D2,Downtrend,Medium,-0.014184397163120588,0.27834748899507716
005930.KS,2020-09-07,56500.0,D2,Downtrend,Medium,0.01618705035971213,0.6415690591800356
005930.KS,2020-09-08,58700.0,D1,Downtrend,Medium,0.038938053097345104,1.570478263850977
005930.KS,2020-09-09,58400.0,D1,Downtrend,Medium,-0.005110732538330498,1.3894516673351407
005930.KS,2020-09-10,59200.0,D1,Downtrend,Medium,0.013698630136986356,1.6791114402710212
005930.KS,2020-09-11,59000.0,D1,Downtrend,Medium,-0.0033783783783783994,1.5348403826364623
005930.KS,2020-09-14,60400.0,D1,Downtrend,Medium,0.023728813559322104,2.0412891744591537
005930.KS,2020-09-15,61000.0,D1,Downtrend,Medium,0.009933774834437026,2.1858455034411826
005930.KS,2020-09-16,61000.0,D1,Downtrend,Medium,0.0,2.098586768490018
005930.KS,2020-09-17,59500.0,D1,Downtrend,Medium,-0.024590163934426257,1.42524369956004
005930.KS,2020-09-18,59300.0,D1,Downtrend,Medium,-0.003361344537815114,1.306053681816755
005930.KS,2020-09-21,59200.0,D1,Downtrend,Medium,-0.001686340640809414,1.2226204780894714
005930.KS,2020-09-22,58200.0,D1,Downtrend,Medium,-0.016891891891891886,0.7784747365900908
005930.KS,2020-09-23,58600.0,D1,Downtrend,Medium,0.0068728522336769515,0.9191667583437949
005930.KS,2020-09-24,57800.0,D2,Downtrend,Medium,-0.013651877133105783,0.5493047295273574
005930.KS,2020-09-25,57900.0,D2,Downtrend,Medium,0.0017301038062282892,0.5678693436429288
005930.KS,2020-09-28,58200.0,D1,Downtrend,Medium,0.005181347150259086,0.6763945579922225
005930.KS,2020-09-29,58200.0,D1,Downtrend,Medium,0.0,0.6531694035261693
005930.KS,2020-10-05,58700.0,D1,Downtrend,Medium,0.00859106529209619,0.852681650970912
005930.KS,2020-10-06,59000.0,D1,Downtrend,Medium,0.005110732538330387,0.9641012916048866
005930.KS,2020-10-07,59900.0,D1,Downtrend,Medium,0.015254237288135686,1.3565265339534693
005930.KS,2020-10-08,59700.0,D1,Downtrend,Medium,-0.0033388981636059967,1.2364386256744078
005930.KS,2020-10-12,60400.0,D1,Downtrend,Medium,0.011725293132328396,1.539018016378139
005930.KS,2020-10-13,60900.0,D1,Downtrend,Medium,0.008278145695364225,1.7295345993915259
005930.KS,2020-10-14,60900.0,D1,Downtrend,Medium,0.0,1.6641233500297783
005930.KS,2020-10-15,60000.0,D1,Downtrend,Medium,-0.014778325123152691,1.1899872192642376
005930.KS,2020-10-16,59500.0,D1,Downtrend,Medium,-0.008333333333333304,0.9107100667652734
005930.KS,2020-10-19,60000.0,D1,Downtrend,Medium,0.008403361344537785,1.1359396821991714
005930.KS,2020-10-20,60900.0,D1,Downtrend,Medium,0.014999999999999902,1.5451506940652642
005930.KS,2020-10-21,60900.0,D1,Downtrend,Low,0.0,1.4984203910228109
005930.KS,2020-10-22,60100.0,D1,Downtrend,Low,-0.013136288998357948,1.0601696231432154
005930.KS,2020-10-23,60200.0,D1,Downtrend,Low,0.0016638935108153063,1.090716703029018
005930.KS,2020-10-26,60400.0,D1,Downtrend,Low,0.0033222591362125353,1.1635049161410091
005930.KS,2020-10-27,59800.0,D1,Downtrend,Low,-0.009933774834437137,0.8173537645386711
005930.KS,2020-10-28,59000.0,D1,Downtrend,Low,-0.013377926421404673,0.3789964383056401
005930.KS,2020-10-29,58100.0,D2,Downtrend,Low,-0.015254237288135575,-0.10605745441925644
005930.KS,2020-10-30,56600.0,D2,Downtrend,Medium,-0.025817555938037917,-0.9108168210096008
005930.KS,2020-11-02,57400.0,D2,Downtrend,Medium,0.014134275618374659,-0.48209658258816696
005930.KS,2020-11-03,58800.0,D1,Downtrend,Medium,0.024390243902439046,0.27025743783448647
005930.KS,2020-11-04,58500.0,D1,Downtrend,Medium,-0.005102040816326481,0.09176740687944762
005930.KS,2020-11-05,60300.0,D1,Downtrend,Medium,0.03076923076923066,1.0518810991262706
005930.KS,2020-11-06,60100.0,D1,Downtrend,Medium,-0.0033167495854062867,0.914283421673902
005930.KS,2020-11-09,60200.0,D1,Downtrend,Medium,0.0016638935108153063,0.9404969418193029
005930.KS,2020-11-10,60200.0,D1,Downtrend,Medium,0.0,0.9159854502424678
005930.KS,2020-11-11,61300.0,D1,Downtrend,Medium,0.0182724252491695,1.4576407383660719
005930.KS,2020-11-12,61000.0,D1,Downtrend,Medium,-0.004893964110929905,1.2622112370885343
005930.KS,2020-11-13,63200.0,D1,Downtrend,Medium,0.0360655737704918,2.2537751860197743
005930.KS,2020-11-16,66300.0,D1,Downtrend,Medium,0.049050632911392444,3.3463706095223436
005930.KS,2020-11-17,65700.0,D1,Downtrend,Medium,-0.009049773755656076,2.811914146928409
005930.KS,2020-11-18,64800.0,D1,Downtrend,Medium,-0.013698630136986356,2.3052163341327216
005930.KS,2020-11-19,64600.0,D1,Downtrend,Medium,-0.0030864197530864335,2.1113427227163735
005930.KS,2020-11-20,64700.0,D1,Downtrend,Medium,0.001547987616099089,2.044019693942056
005930.KS,2020-11-23,67500.0,U1,Uptrend,Medium,0.043276661514683123,2.8547792725252386
005930.KS,2020-11-24,67700.0,U1,Uptrend,Medium,0.002962962962963056,2.702761369528845
005930.KS,2020-11-25,66600.0,D1,Downtrend,Medium,-0.01624815361890697,2.2077793617037877
005930.KS,2020-11-26,68000.0,U1,Uptrend,Medium,0.021021021021021102,2.504760809019001
005930.KS,2020-11-27,68200.0,U1,Uptrend,Medium,0.002941176470588225,2.442741061735707
005930.KS,2020-11-30,66700.0,D1,Downtrend,Medium,-0.021994134897360684,1.9109307244250124
005930.KS,2020-12-01,67800.0,U1,Uptrend,Medium,0.016491754122938573,2.164467037512288
005930.KS,2020-12-02,69500.0,U1,Uptrend,Medium,0.025073746312684442,2.5154617758455657
005930.KS,2020-12-03,69700.0,U1,Uptrend,Medium,0.0028776978417266452,2.4288162179935306
005930.KS,2020-12-04,71500.0,U1,Uptrend,Medium,0.02582496413199431,2.7277485743908767
005930.KS,2020-12-07,72900.0,U1,Uptrend,Medium,0.019580419580419672,2.839771429139921
005930.KS,2020-12-08,71700.0,U1,Uptrend,Medium,-0.016460905349794275,2.3699114794987577
005930.KS,2020-12-09,73900.0,U1,Uptrend,Medium,0.030683403068340276,2.6746237164690734
005930.KS,2020-12-10,72900.0,U1,Uptrend,Medium,-0.013531799729364025,2.292659301803951
005930.KS,2020-12-11,73400.0,U1,Uptrend,Medium,0.006858710562414272,2.253191377580084
005930.KS,2020-12-14,73800.0,U1,Uptrend,Medium,0.005449591280654031,2.197142318865622
005930.KS,2020-12-15,73800.0,U1,Uptrend,Medium,0.0,2.0752894509390045
005930.KS,2020-12-16,73800.0,U1,Uptrend,Medium,0.0,1.9683819996753043
005930.KS,2020-12-17,73300.0,U1,Uptrend,Medium,-0.006775067750677488,1.7883160653839225
005930.KS,2020-12-18,73000.0,U1,Uptrend,Medium,-0.004092769440654842,1.6596110362428818
005930.KS,2020-12-21,73000.0,U1,Uptrend,Medium,0.0,1.5933823823127
005930.KS,2020-12-22,72300.0,U1,Uptrend,Medium,-0.009589041095890427,1.4150589492942813
005930.KS,2020-12-23,73900.0,U1,Uptrend,Medium,0.022130013831258566,1.629255492088194
005930.KS,2020-12-24,77800.0,U2,Uptrend,Medium,0.05277401894451961,2.1800778532331653
005930.KS,2020-12-28,78700.0,U2,Uptrend,Medium,0.011568123393316254,2.2010199335775624
005930.KS,2020-12-29,78300.0,U2,Uptrend,Medium,-0.0050825921219822545,2.028892870858298
005930.KS,2020-12-30,81000.0,U2,Uptrend,Medium,0.034482758620689724,2.3094532821480507
005930.KS,2021-01-04,83000.0,U2,Uptrend,Medium,0.024691358024691468,2.442843964143176
005930.KS,2021-01-05,83900.0,U2,Uptrend,Medium,0.010843373493975905,2.40548000477663
005930.KS,2021-01-06,82200.0,U2,Uptrend,Medium,-0.020262216924910592,2.053945864664588
005930.KS,2021-01-07,82900.0,U2,Uptrend,Medium,0.008515815085158085,2.0362068269884945
005930.KS,2021-01-08,88800.0,U2,Uptrend,Medium,0.07117008443908324,2.6035708381119305
005930.KS,2021-01-11,91000.0,U2,Uptrend,Medium,0.024774774774774855,2.6561558187354235
005930.KS,2021-01-12,90600.0,U2,Uptrend,Medium,-0.00439560439560438,2.435917538757312
005930.KS,2021-01-13,89700.0,U2,Uptrend,Medium,-0.009933774834437137,2.2022970935593933
005930.KS,2021-01-14,89700.0,U2,Uptrend,Medium,0.0,2.0853810041574268
005930.KS,2021-01-15,88000.0,U2,Uptrend,Medium,-0.018952062430323324,1.8189499609929842
005930.KS,2021-01-18,85000.0,U2,Uptrend,Medium,-0.03409090909090906,1.4529067530401176
005930.KS,2021-01-19,87000.0,U2,Uptrend,Medium,0.0235294117647058,1.5922674105908001
005930.KS,2021-01-20,87200.0,U2,Uptrend,Medium,0.0022988505747125743,1.5508605728033455
005930.KS,2021-01-21,88100.0,U2,Uptrend,Medium,0.010321100917431103,1.5774439679956231
005930.KS,2021-01-22,86800.0,U2,Uptrend,Medium,-0.014755959137343955,1.3986445991335468
005930.KS,2021-01-25,89400.0,U2,Uptrend,Medium,0.02995391705069128,1.59392679002719
005930.KS,2021-01-26,86700.0,U2,Uptrend,Medium,-0.030201342281879207,1.2889500048824365
005930.KS,2021-01-27,85600.0,U2,Uptrend,Medium,-0.012687427912341454,1.1483495431628221
005930.KS,2021-01-28,83700.0,U2,Uptrend,Medium,-0.02219626168224298,0.9311613992709504
005930.KS,2021-01-29,82000.0,U2,Uptrend,Medium,-0.020310633213859064,0.7328343453073848
005930.KS,2021-02-01,83000.0,U2,Uptrend,Medium,0.012195121951219523,0.8093413138979012
005930.KS,2021-02-02,84400.0,U2,Uptrend,Medium,0.01686746987951815,0.9273433703629663
005930.KS,2021-02-03,84600.0,U2,Uptrend,Medium,0.0023696682464455776,0.9206611047598572
005930.KS,2021-02-04,82500.0,U2,Uptrend,Medium,-0.024822695035460973,0.6677249420240944
005930.KS,2021-02-05,83500.0,U2,Uptrend,Medium,0.0121212121212122,0.7532619194563759
005930.KS,2021-02-08,83000.0,U2,Uptrend,Medium,-0.005988023952095856,0.6712348905647446
005930.KS,2021-02-09,82700.0,U2,Uptrend,Medium,-0.0036144578313253017,0.6114621643317578
005930.KS,2021-02-10,81600.0,U2,Uptrend,Medium,-0.013301088270858519,0.45428907515026073
005930.KS,2021-02-15,84200.0,U2,Uptrend,Medium,0.031862745098039325,0.7456494682515203
005930.KS,2021-02-16,84900.0,U2,Uptrend,Medium,0.008313539192398967,0.8051653748436653
005930.KS,2021-02-17,83200.0,U2,Uptrend,Medium,-0.020023557126030656,0.5655855234837528
005930.KS,2021-02-18,82100.0,U2,Uptrend,Medium,-0.013221153846153855,0.397240638754856
005930.KS,2021-02-19,82600.0,U2,Uptrend,Medium,0.006090133982947554,0.43730430189447334
005930.KS,2021-02-22,82200.0,U2,Uptrend,Medium,-0.004842615012106588,0.3569012548484413
005930.KS,2021-02-23,82000.0,U2,Uptrend,Medium,-0.0024330900243308973,0.3027059946415727
005930.KS,2021-02-24,82000.0,U2,Uptrend,Medium,0.0,0.2744617277356403
005930.KS,2021-02-25,85300.0,U2,Uptrend,Medium,0.040243902439024426,0.7374952265450524
005930.KS,2021-02-26,82500.0,U2,Uptrend,Medium,-0.03282532239155922,0.2854549947006652
005930.KS,2021-03-02,83600.0,U2,Uptrend,Medium,0.01333333333333342,0.4305953246965802
005930.KS,2021-03-03,84000.0,U2,Uptrend,Medium,0.004784688995215225,0.4698081216330543
005930.KS,2021-03-04,82400.0,U2,Uptrend,Medium,-0.01904761904761909,0.16848631490729146
005930.KS,2021-03-05,82100.0,U2,Uptrend,Medium,-0.00364077669902918,0.08278716694435947
005930.KS,2021-03-08,82000.0,U2,Uptrend,Medium,-0.0012180267965895553,0.03375690227571565
005930.KS,2021-03-09,81400.0,U2,Uptrend,Medium,-0.007317073170731714,-0.10795931179766896
005930.KS,2021-03-10,80900.0,U2,Uptrend,Medium,-0.00614250614250611,-0.2416637709884481
005930.KS,2021-03-11,82000.0,U2,Uptrend,Medium,0.013597033374536549,-0.05090912262835549
005930.KS,2021-03-12,82800.0,U2,Uptrend,Medium,0.009756097560975618,0.08096603635902608
005930.KS,2021-03-15,81800.0,U2,Uptrend,Medium,-0.012077294685990392,-0.16389898212720247
005930.KS,2021-03-16,82800.0,U2,Uptrend,Medium,0.012224938875305513,0.021296600850926276
005930.KS,2021-03-17,82300.0,U2,Uptrend,Medium,-0.006038647342995196,-0.12697014363969644
005930.KS,2021-03-18,82900.0,U2,Uptrend,Medium,0.007290400972053357,-0.023761020597909816
005930.KS,2021-03-19,81900.0,U2,Uptrend,Medium,-0.012062726176115812,-0.3150589670812338
005930.KS,2021-03-22,82000.0,U2,Uptrend,Medium,0.0012210012210012167,-0.3478575716223409
005930.KS,2021-03-23,81800.0,U2,Uptrend,Medium,-0.0024390243902439046,-0.4727785714861666
005930.KS,2021-03-24,81000.0,U2,Uptrend,Medium,-0.009779951100244544,-0.8175293281487923
005930.KS,2021-03-25,81200.0,U2,Uptrend,Medium,0.0024691358024691024,-0.8603680031061482
005930.KS,2021-03-26,81500.0,U2,Uptrend,Medium,0.003694581280788256,-0.8031650095489294
005930.KS,2021-03-29,81600.0,U2,Uptrend,Low,0.0012269938650306678,-0.8031099484110432
005930.KS,2021-03-30,82200.0,U2,Uptrend,Low,0.007352941176470562,-0.6291155946217486
005930.KS,2021-03-31,81400.0,U2,Uptrend,Low,-0.009732360097323589,-0.9335756161323318
005930.KS,2021-04-01,82900.0,U2,Uptrend,Low,0.01842751842751844,-0.36971841699865726
005930.KS,2021-04-02,84800.0,U2,Uptrend,Medium,0.022919179734619988,0.33748212536073324
005930.KS,2021-04-05,85400.0,U2,Uptrend,Medium,0.007075471698113178,0.5429960556117842
005930.KS,2021-04-06,86000.0,U2,Uptrend,Medium,0.007025761124121788,0.7462128585995105
005930.KS,2021-04-07,85600.0,U2,Uptrend,Medium,-0.0046511627906976605,0.6321937822258238
005930.KS,2021-04-08,84700.0,U2,Uptrend,Medium,-0.010514018691588745,0.3497034142205066
005930.KS,2021-04-09,83600.0,U2,Uptrend,Medium,-0.012987012987012991,-0.05718180861130524
005930.KS,2021-04-12,83200.0,U2,Uptrend,Medium,-0.004784688995215336,-0.197521577896557
005930.KS,2021-04-13,84000.0,U2,Uptrend,Low,0.009615384615384581,0.2389365463095655
005930.KS,2021-04-14,84000.0,U2,Uptrend,Low,0.0,0.2852206778115792
005930.KS,2021-04-15,84100.0,U2,Uptrend,Low,0.0011904761904761862,0.34758936656794764
005930.KS,2021-04-16,83900.0,U2,Uptrend,Low,-0.0023781212841854638,0.27733607576077546
005930.KS,2021-04-19,83300.0,U2,Uptrend,Low,-0.007151370679380209,-0.01612393886166311
005930.KS,2021-04-20,83900.0,U2,Uptrend,Low,0.007202881152460927,0.39032727316891574
005930.KS,2021-04-21,82600.0,U2,Uptrend,Low,-0.015494636471990453,-0.37267392412573536
005930.KS,2021-04-22,82400.0,U2,Uptrend,Low,-0.002421307506053294,-0.49584063256459915
005930.KS,2021-04-23,82800.0,U2,Uptrend,Low,0.004854368932038833,-0.1629384859312255
005930.KS,2021-04-26,83500.0,U2,Uptrend,Medium,0.008454106280193274,0.4317194932660052
005930.KS,2021-04-27,82900.0,U2,Uptrend,Medium,-0.007185628742514938,-0.04781142194948439
005930.KS,2021-04-28,82100.0,U2,Uptrend,Medium,-0.00965018094089265,-0.705607782129517
005930.KS,2021-04-29,81700.0,U2,Uptrend,Low,-0.00487210718635811,-1.007109468357793
005930.KS,2021-04-30,81500.0,U2,Uptrend,Low,-0.002447980416156681,-1.131775901409294
005930.KS,2021-05-03,81700.0,U2,Uptrend,Low,0.0024539877300613355,-0.9383054321847024
005930.KS,2021-05-04,82600.0,U2,Uptrend,Low,0.01101591187270512,-0.20005619219095827
005930.KS,2021-05-06,82300.0,U2,Uptrend,Low,-0.003631961259079941,-0.43065271797332927
005930.KS,2021-05-07,81900.0,U2,Uptrend,Low,-0.004860267314702349,-0.7413268888313369
005930.KS,2021-05-10,83200.0,U2,Uptrend,Low,0.015873015873015817,0.31648299942928215
005930.KS,2021-05-11,81200.0,U2,Uptrend,Low,-0.024038461538461564,-1.3066998882079786
005930.KS,2021-05-12,80000.0,U2,Uptrend,Low,-0.014778325123152691,-2.1585079969121637
005930.KS,2021-05-13,78500.0,U2,Uptrend,Medium,-0.018750000000000044,-3.060704167859484
005930.KS,2021-05-14,80100.0,U2,Uptrend,Medium,0.020382165605095537,-1.788095076531258
005930.KS,2021-05-17,79600.0,U2,Uptrend,Medium,-0.006242197253433224,-2.0432223217046905
005930.KS,2021-05-18,79600.0,U2,Uptrend,Medium,0.0,-1.9420850090730282
005930.KS,2021-05-20,79500.0,U2,Uptrend,Medium,-0.0012562814070351536,-1.9160606145759291
005930.KS,2021-05-21,80100.0,U2,Uptrend,Medium,0.007547169811320753,-1.4771134386944178
005930.KS,2021-05-24,79700.0,U2,Uptrend,Medium,-0.004993757802746579,-1.6679053338518837
005930.KS,2021-05-25,79900.0,U2,Uptrend,Medium,0.0025094102885820924,-1.5015727709679418
005930.KS,2021-05-26,79800.0,U2,Uptrend,Medium,-0.0012515644555695093,-1.5061606307663937
005930.KS,2021-05-27,79600.0,U2,Uptrend,Medium,-0.0025062656641604564,-1.5643173529938406
005930.KS,2021-05-28,80100.0,U2,Uptrend,Medium,0.00628140703517599,-1.2178041531202055
005930.KS,2021-05-31,80500.0,U2,Uptrend,Medium,0.004993757802746579,-0.9484420377734707
005930.KS,2021-06-01,80600.0,U2,Uptrend,Medium,0.001242236024844745,-0.8674111523698159
005930.KS,2021-06-02,80800.0,U2,Uptrend,Medium,0.002481389578163684,-0.7322504388330301
005930.KS,2021-06-03,82800.0,U2,Uptrend,Medium,0.024752475247524774,0.4458809012598814
005930.KS,2021-06-04,82200.0,U2,Uptrend,Medium,-0.007246376811594235,0.07577644249346378
005930.KS,2021-06-07,81900.0,U2,Uptrend,Medium,-0.0036496350364964014,-0.10268939052420996
005930.KS,2021-06-08,81900.0,U2,Uptrend,Medium,0.0,-0.0938630915514373
005930.KS,2021-06-09,81100.0,U2,Uptrend,Medium,-0.009768009768009733,-0.5647309896061734
005930.KS,2021-06-10,81000.0,U2,Uptrend,Low,-0.0012330456226880004,-0.6057056048947995
005930.KS,2021-06-11,81000.0,U2,Uptrend,Low,0.0,-0.5911354335775925
005930.KS,2021-06-14,80500.0,U2,Uptrend,Low,-0.006172839506172867,-0.8614971037005682
005930.KS,2021-06-15,80900.0,U2,Uptrend,Low,0.00496894409937898,-0.6125233434125087
005930.KS,2021-06-16,81800.0,U2,Uptrend,Low,0.011124845488257096,-0.07877787448221535
005930.KS,2021-06-17,80900.0,U2,Uptrend,Low,-0.011002444987775029,-0.599829554613945
005930.KS,2021-06-18,80500.0,U2,Uptrend,Low,-0.0049443757725586845,-0.8277048150765913
005930.KS,2021-06-21,79900.0,U2,Uptrend,Low,-0.007453416149068359,-1.155424600725365
005930.KS,2021-06-22,80000.0,U2,Uptrend,Low,0.0012515644555695093,-1.0724706408159346
005930.KS,2021-06-23,80100.0,U2,Uptrend,Low,0.0012499999999999734,-0.9921963851967329
005930.KS,2021-06-24,81200.0,U2,Uptrend,Low,0.013732833957553092,-0.35457706317288207
005930.KS,2021-06-25,81600.0,U2,Uptrend,Low,0.0049261083743843415,-0.12837796385781888
005930.KS,2021-06-28,81900.0,U2,Uptrend,Low,0.003676470588235281,0.05247129554595814
005930.KS,2021-06-29,81000.0,U2,Uptrend,Low,-0.01098901098901095,-0.4369322826832527
005930.KS,2021-06-30,80700.0,U2,Uptrend,Low,-0.0037037037037036535,-0.5890469491939437
005930.KS,2021-07-01,80100.0,U2,Uptrend,Low,-0.0074349442379182396,-0.9465030965821614
005930.KS,2021-07-02,80000.0,U2,Uptrend,Low,-0.0012484394506866447,-1.0026961441335596
005930.KS,2021-07-05,80400.0,U2,Uptrend,Low,0.004999999999999893,-0.7091053354842755
005930.KS,2021-07-06,81200.0,U2,Uptrend,Low,0.00995024875621886,-0.11789684389848584
005930.KS,2021-07-07,80800.0,U2,Uptrend,Low,-0.0049261083743842304,-0.3831207970821688
005930.KS,2021-07-08,79900.0,U2,Uptrend,Low,-0.011138613861386149,-1.0173193400345548
005930.KS,2021-07-09,79400.0,U2,Uptrend,Low,-0.006257822277847325,-1.3644511867658238
005930.KS,2021-07-12,79700.0,U2,Uptrend,Low,0.0037783375314861534,-1.115793728235099
005930.KS,2021-07-13,79800.0,U2,Uptrend,Low,0.0012547051442910462,-1.0174702293311102
005930.KS,2021-07-14,79500.0,U2,Uptrend,Low,-0.003759398496240629,-1.2336189656872
005930.KS,2021-07-15,80600.0,U2,Uptrend,Low,0.01383647798742138,-0.2813140138522517
005930.KS,2021-07-16,79800.0,U2,Uptrend,Low,-0.00992555831265507,-0.9579315847773587
005930.KS,2021-07-19,79000.0,U2,Uptrend,Low,-0.010025062656641603,-1.6117732416270902
005930.KS,2021-07-20,79000.0,U2,Uptrend,Low,0.0,-1.564831601022235
005930.KS,2021-07-21,78500.0,U2,Uptrend,Low,-0.006329113924050667,-1.976203454754628
005930.KS,2021-07-22,79700.0,U2,Uptrend,Low,0.015286624203821653,-0.8598154379767613
005930.KS,2021-07-23,79300.0,U2,Uptrend,Low,-0.005018820577164407,-1.1972867184383538
005930.KS,2021-07-26,78800.0,U2,Uptrend,Low,-0.006305170239596425,-1.6031287507930148
005930.KS,2021-07-27,78500.0,U2,Uptrend,Low,-0.0038071065989847552,-1.7972645027989829
005930.KS,2021-07-28,79200.0,U2,Uptrend,Low,0.008917197452229297,-1.1206623262987314
005930.KS,2021-07-29,79000.0,U2,Uptrend,Low,-0.002525252525252486,-1.2746645986105523
005930.KS,2021-07-30,78500.0,U2,Uptrend,Low,-0.006329113924050667,-1.687423072060567
005930.KS,2021-08-02,79300.0,U2,Uptrend,Low,0.010191082802547768,-0.9101933555187949
005930.KS,2021-08-03,81400.0,U2,Uptrend,Low,0.02648171500630525,1.1736182262245185
005930.KS,2021-08-04,82900.0,U2,Uptrend,Medium,0.01842751842751844,2.522901113616063
005930.KS,2021-08-05,82100.0,U2,Uptrend,Medium,-0.00965018094089265,1.6831897846097428
005930.KS,2021-08-06,81500.0,U2,Uptrend,Medium,-0.0073081607795371095,1.0926256525980553
005930.KS,2021-08-09,81500.0,U2,Uptrend,Medium,0.0,1.0606140950102738
005930.KS,2021-08-10,80200.0,U2,Uptrend,Medium,-0.015950920245398792,-0.16784771799506557
005930.KS,2021-08-11,78500.0,U2,Uptrend,Medium,-0.021197007481296715,-1.7136970551058872
005930.KS,2021-08-12,77000.0,U2,Uptrend,Medium,-0.019108280254777066,-2.8506062571889537
005930.KS,2021-08-13,74400.0,U1,Uptrend,Medium,-0.03376623376623378,-4.182237466227064
005930.KS,2021-08-17,74200.0,U1,Uptrend,Medium,-0.0026881720430107503,-3.7214882755104273
005930.KS,2021-08-18,73900.0,U1,Uptrend,Medium,-0.0040431266846361336,-3.4343533269361712
005930.KS,2021-08-19,73100.0,U1,Uptrend,Medium,-0.010825439783491153,-3.4149523778987234
005930.KS,2021-08-20,72700.0,U1,Uptrend,Medium,-0.005471956224350261,-3.223970196545229
005930.KS,2021-08-23,73300.0,U1,Uptrend,Medium,0.008253094910591452,-2.7108116290007103
005930.KS,2021-08-24,75600.0,U2,Uptrend,Medium,0.03137789904502042,-1.6614390093638907
005930.KS,2021-08-25,75700.0,U2,Uptrend,Medium,0.001322751322751392,-1.555019653404938
005930.KS,2021-08-26,74600.0,U1,Uptrend,Medium,-0.014531043593130732,-1.9021362886333826
005930.KS,2021-08-27,74300.0,U1,Uptrend,Medium,-0.004021447721179627,-1.9301103081647735
005930.KS,2021-08-30,74600.0,U1,Uptrend,Medium,0.004037685060565233,-1.7375396557631806
005930.KS,2021-08-31,76700.0,U2,Uptrend,Medium,0.02815013404825728,-0.9058936454491519
005930.KS,2021-09-01,76800.0,U2,Uptrend,Medium,0.0013037809647979959,-0.8386029732849248
005930.KS,2021-09-02,76000.0,U2,Uptrend,Medium,-0.01041666666666663,-1.1074988110389832
005930.KS,2021-09-03,76600.0,U2,Uptrend,Medium,0.007894736842105177,-0.8497702476711728
005930.KS,2021-09-06,77300.0,U2,Uptrend,Medium,0.009138381201044377,-0.5609102375611653
005930.KS,2021-09-07,76100.0,U2,Uptrend,Medium,-0.015523932729624823,-0.9876673312045613
005930.KS,2021-09-08,76300.0,U2,Uptrend,Medium,0.0026281208935610145,-0.8816991611209386
005930.KS,2021-09-09,75300.0,U1,Uptrend,Medium,-0.013106159895150737,-1.2210911253810333
005930.KS,2021-09-10,75300.0,U1,Uptrend,Medium,0.0,-1.1797191368481301
005930.KS,2021-09-13,76300.0,U2,Uptrend,Medium,0.013280212483399723,-0.7744411529872031
005930.KS,2021-09-14,76600.0,U2,Uptrend,Medium,0.003931847968545288,-0.6395548605280743
005930.KS,2021-09-15,77000.0,U2,Uptrend,Medium,0.005221932114882533,-0.46990321461618223
005930.KS,2021-09-16,76100.0,U2,Uptrend,Medium,-0.011688311688311637,-0.7853188451827141
005930.KS,2021-09-17,77200.0,U2,Uptrend,Medium,0.014454664914586024,-0.3466680031952687
005930.KS,2021-09-23,77400.0,U2,Uptrend,Medium,0.002590673575129543,-0.2469589884006504
005930.KS,2021-09-24,77300.0,U2,Uptrend,Medium,-0.0012919896640827266,-0.26101629591323705
005930.KS,2021-09-27,77700.0,U2,Uptrend,Medium,0.005174644243208348,-0.08164285291488542
005930.KS,2021-09-28,76300.0,U2,Uptrend,Medium,-0.018018018018018056,-0.6190610512839421
005930.KS,2021-09-29,74100.0,U1,Uptrend,Medium,-0.028833551769331556,-1.4524018046883451
005930.KS,2021-09-30,74100.0,U1,Uptrend,Medium,0.0,-1.3989998283606448
005930.KS,2021-10-01,73200.0,U1,Uptrend,Medium,-0.012145748987854255,-1.683288553022569
005930.KS,2021-10-05,72200.0,U1,Uptrend,Medium,-0.013661202185792365,-1.9814796942570863
005930.KS,2021-10-06,71300.0,U1,Uptrend,Medium,-0.012465373961218829,-2.2026902304285034
005930.KS,2021-10-07,71600.0,U1,Uptrend,Medium,0.004207573632538653,-1.9860068045027808
005930.KS,2021-10-08,71500.0,U1,Uptrend,Medium,-0.0013966480446927498,-1.92253543795594
005930.KS,2021-10-12,69000.0,U1,Uptrend,Medium,-0.034965034965035,-2.6006993341149665
005930.KS,2021-10-13,68800.0,U1,Uptrend,Medium,-0.0028985507246376274,-2.486005936767935
005930.KS,2021-10-14,69400.0,U1,Uptrend,Medium,0.008720930232558155,-2.164318370503496
005930.KS,2021-10-15,70100.0,U1,Uptrend,Medium,0.01008645533141217,-1.8635618370974916
005930.KS,2021-10-18,70200.0,U1,Uptrend,Medium,0.0014265335235377208,-1.7544429821606016
005930.KS,2021-10-19,70600.0,U1,Uptrend,Medium,0.005698005698005604,-1.56924989384138
005930.KS,2021-10-20,70300.0,U1,Uptrend,Medium,-0.004249291784702569,-1.5905549127907421
005930.KS,2021-10-21,70200.0,U1,Uptrend,Medium,-0.0014224751066855834,-1.55453337492656
005930.KS,2021-10-22,70400.0,U1,Uptrend,Medium,0.002849002849002913,-1.4436151340541399
005930.KS,2021-10-25,70200.0,U1,Uptrend,Medium,-0.0028409090909090606,-1.445461226019429
005930.KS,2021-10-26,71100.0,U1,Uptrend,Medium,0.012820512820512775,-1.1523299661407032
005930.KS,2021-10-27,70100.0,U1,Uptrend,Medium,-0.01406469760900142,-1.380532084687344
005930.KS,2021-10-28,70700.0,U1,Uptrend,Medium,0.008559201141226769,-1.1738756798749994
005930.KS,2021-10-29,69800.0,U1,Uptrend,Medium,-0.012729844413012725,-1.3737294869570573
005930.KS,2021-11-01,69900.0,U1,Uptrend,Medium,0.0014326647564470996,-1.2992907493973278
005930.KS,2021-11-02,71500.0,U1,Uptrend,Medium,0.022889842632331847,-0.8311753771679182
005930.KS,2021-11-03,70400.0,U1,Uptrend,Medium,-0.01538461538461533,-1.108881266005898
005930.KS,2021-11-04,70600.0,U1,Uptrend,Medium,0.0028409090909091717,-1.0392089915563816
005930.KS,2021-11-05,70200.0,U1,Uptrend,Medium,-0.005665722379603388,-1.1427753096233317
005930.KS,2021-11-08,70600.0,U1,Uptrend,Medium,0.005698005698005604,-1.0036937042706455
005930.KS,2021-11-09,70500.0,U1,Uptrend,Low,-0.0014164305949008194,-1.0243050975572627
005930.KS,2021-11-10,70200.0,U1,Uptrend,Low,-0.004255319148936176,-1.1063716264194574
005930.KS,2021-11-11,69900.0,U1,Uptrend,Low,-0.004273504273504258,-1.1794149414840598
005930.KS,2021-11-12,70600.0,U1,Uptrend,Low,0.010014306151645114,-0.9020811228551119
005930.KS,2021-11-15,71400.0,U1,Uptrend,Low,0.011331444759206777,-0.5986056706921001
005930.KS,2021-11-16,71300.0,U1,Uptrend,Low,-0.0014005602240896309,-0.6157964898323607
005930.KS,2021-11-17,70700.0,U1,Uptrend,Low,-0.008415147265077194,-0.805931656570991
005930.KS,2021-11-18,70200.0,U1,Uptrend,Low,-0.007072135785007094,-0.9578201274838287
005930.KS,2021-11-19,71200.0,U1,Uptrend,Medium,0.014245014245014342,-0.5968313970611785
005930.KS,2021-11-22,74900.0,U1,Uptrend,Medium,0.05196629213483139,0.6838396996422438
005930.KS,2021-11-23,75300.0,U1,Uptrend,Medium,0.005340453938584844,0.8260654224893178
005930.KS,2021-11-24,74800.0,U1,Uptrend,Medium,-0.006640106241699861,0.6598706820904093
005930.KS,2021-11-25,73700.0,U1,Uptrend,Medium,-0.014705882352941124,0.28070395092916467
005930.KS,2021-11-26,72300.0,U1,Uptrend,Medium,-0.018995929443690662,-0.19917862597370334
005930.KS,2021-11-29,72300.0,U1,Uptrend,Medium,0.0,-0.18624600725191484
005930.KS,2021-11-30,71300.0,U1,Uptrend,Medium,-0.013831258644536604,-0.5142010659499655
005930.KS,2021-12-01,74400.0,U1,Uptrend,Medium,0.04347826086956519,0.6176659839602469
005930.KS,2021-12-02,75800.0,U2,Uptrend,Medium,0.018817204301075252,1.1286597008530521
005930.KS,2021-12-03,75600.0,U2,Uptrend,Medium,-0.0026385224274406704,1.0702310168990241
005930.KS,2021-12-06,76300.0,U2,Uptrend,Medium,0.0092592592592593,1.3454493858305443
005930.KS,2021-12-07,77400.0,U2,Uptrend,Medium,0.014416775884665833,1.723172552589015
005930.KS,2021-12-08,77400.0,U2,Uptrend,Medium,0.0,1.698987480877577
005930.KS,2021-12-09,78200.0,U2,Uptrend,Medium,0.010335917312661591,1.921722482911661
005930.KS,2021-12-10,76900.0,U2,Uptrend,Medium,-0.01662404092071612,1.4378406998375826
005930.KS,2021-12-13,76800.0,U2,Uptrend,Medium,-0.0013003901170350884,1.3946574838303742
005930.KS,2021-12-14,77000.0,U2,Uptrend,Medium,0.0026041666666667407,1.4570403647486627
005930.KS,2021-12-15,77600.0,U2,Uptrend,Medium,0.007792207792207684,1.6522686822189234
005930.KS,2021-12-16,77800.0,U2,Uptrend,Medium,0.002577319587628857,1.6877091422482549
005930.KS,2021-12-17,78000.0,U2,Uptrend,Medium,0.0025706940874035134,1.7381992717098633
005930.KS,2021-12-20,77100.0,U2,Uptrend,Medium,-0.011538461538461497,1.440187726022417
005930.KS,2021-12-21,78100.0,U2,Uptrend,Medium,0.012970168612191912,1.760436175975638
005930.KS,2021-12-22,79400.0,U2,Uptrend,Medium,0.016645326504481472,2.147768877729608
005930.KS,2021-12-23,79900.0,U2,Uptrend,Medium,0.006297229219143663,2.2177663349489967
005930.KS,2021-12-24,80500.0,U2,Uptrend,Medium,0.007509386733416834,2.269742199968756
005930.KS,2021-12-27,80200.0,U2,Uptrend,Medium,-0.003726708074534124,2.068552717125601
005930.KS,2021-12-28,80300.0,U2,Uptrend,Medium,0.0012468827930174342,1.9914163481348692
005930.KS,2021-12-29,78800.0,U2,Uptrend,Medium,-0.018679950186799466,1.5064151563341852
005930.KS,2021-12-30,78300.0,U2,Uptrend,Low,-0.006345177664974666,1.3187503255943946
005930.KS,2022-01-04,78700.0,U2,Uptrend,Low,0.005108556832694733,1.3762549063907907
005930.KS,2022-01-05,77400.0,U2,Uptrend,Medium,-0.016518424396442133,0.9923315399277367
005930.KS,2022-01-06,76900.0,U2,Uptrend,Low,-0.006459948320413411,0.8291180768693042
005930.KS,2022-01-07,78300.0,U2,Uptrend,Medium,0.01820546163849146,1.1708852212221792
005930.KS,2022-01-10,78000.0,U2,Uptrend,Medium,-0.003831417624521105,1.0544100555932916
005930.KS,2022-01-11,78900.0,U2,Uptrend,Medium,0.011538461538461497,1.2564083748711017
005930.KS,2022-01-12,78900.0,U2,Uptrend,Medium,0.0,1.2143987020624565
005930.KS,2022-01-13,77900.0,U2,Uptrend,Medium,-0.012674271229404344,0.9113787476221928
005930.KS,2022-01-14,77300.0,U2,Uptrend,Medium,-0.007702182284980763,0.7212192936355706
005930.KS,2022-01-17,77500.0,U2,Uptrend,Medium,0.002587322121604174,0.7489303300489957
005930.KS,2022-01-18,77000.0,U2,Uptrend,Medium,-0.006451612903225823,0.5858463396733415
005930.KS,2022-01-19,76300.0,U2,Uptrend,Medium,-0.009090909090909038,0.3667616566296604
005930.KS,2022-01-20,76500.0,U2,Uptrend,Medium,0.002621231979030192,0.4016729169669173
005930.KS,2022-01-21,75600.0,U2,Uptrend,Low,-0.0117647058823529,0.11994923454783014
005930.KS,2022-01-24,75100.0,U1,Uptrend,Low,-0.006613756613756627,-0.047814691859309616
005930.KS,2022-01-25,74000.0,U1,Uptrend,Low,-0.01464713715046606,-0.402459459397011
005930.KS,2022-01-26,74000.0,U1,Uptrend,Low,0.0,-0.4325943941261638
005930.KS,2022-01-27,71300.0,U1,Uptrend,Medium,-0.03648648648648645,-1.2642186474009494
005930.KS,2022-01-28,73300.0,U1,Uptrend,Medium,0.028050490883590573,-0.6732898564496627
005930.KS,2022-02-03,73300.0,U1,Uptrend,Medium,0.0,-0.6985834325838374
005930.KS,2022-02-04,74000.0,U1,Uptrend,Medium,0.009549795361528002,-0.5069938493453021
005930.KS,2022-02-07,73000.0,U1,Uptrend,Medium,-0.013513513513513487,-0.8606300360335152
005930.KS,2022-02-08,73000.0,U1,Uptrend,Medium,0.0,-0.8906662180476291
005930.KS,2022-02-09,73000.0,U1,Uptrend,Medium,0.0,-0.9270699513367954
005930.KS,2022-02-10,75400.0,U1,Uptrend,Medium,0.03287671232876721,-0.13373038796532016
005930.KS,2022-02-11,74900.0,U1,Uptrend,Medium,-0.006631299734747964,-0.34862538403261695
005930.KS,2022-02-14,73700.0,U1,Uptrend,Medium,-0.01602136181575431,-0.8200137864035982
005930.KS,2022-02-15,73700.0,U1,Uptrend,Medium,0.0,-0.8518376163113935
005930.KS,2022-02-16,74800.0,U1,Uptrend,Medium,0.014925373134328401,-0.4722838238153379
005930.KS,2022-02-17,75000.0,U1,Uptrend,Medium,0.002673796791443861,-0.4446724134045283
005930.KS,2022-02-18,74300.0,U1,Uptrend,Medium,-0.009333333333333305,-0.7805723284973652
005930.KS,2022-02-21,74300.0,U1,Uptrend,Medium,0.0,-0.7741038178853559
005930.KS,2022-02-22,74300.0,U1,Uptrend,Medium,0.0,-0.7639158088662855
005930.KS,2022-02-23,74300.0,U1,Uptrend,Medium,0.0,-0.7585820377854499
005930.KS,2022-02-24,71500.0,U1,Uptrend,Medium,-0.037685060565275874,-1.8873041882619597
005930.KS,2022-02-25,71900.0,U1,Uptrend,Medium,0.005594405594405494,-1.7108282966363129
005930.KS,2022-02-28,71900.0,U1,Uptrend,Medium,0.0,-1.700353314610723
005930.KS,2022-03-02,71700.0,U1,Uptrend,Medium,-0.0027816411682892728,-1.7946213842934435
005930.KS,2022-03-03,72900.0,U1,Uptrend,Medium,0.01673640167364021,-1.2755447739762809
005930.KS,2022-03-04,72900.0,U1,Uptrend,Medium,0.0,-1.2391418572551407
005930.KS,2022-03-07,70100.0,U1,Uptrend,Medium,-0.0384087791495199,-2.2299758967415872
005930.KS,2022-03-08,69500.0,U1,Uptrend,Medium,-0.008559201141226769,-2.304904628388703
005930.KS,2022-03-10,69500.0,U1,Uptrend,Medium,0.0,-2.169747746557749
005930.KS,2022-03-11,70000.0,U1,Uptrend,Medium,0.007194244604316502,-1.894415280293863
005930.KS,2022-03-14,70200.0,U1,Uptrend,Medium,0.0028571428571428914,-1.745377428632316
005930.KS,2022-03-15,70200.0,U1,Uptrend,Medium,0.0,-1.6699793586445648
005930.KS,2022-03-16,70400.0,U1,Uptrend,Medium,0.002849002849002913,-1.5398981322124448
005930.KS,2022-03-17,70400.0,U1,Uptrend,Medium,0.0,-1.4801621444610435
005930.KS,2022-03-18,70700.0,U1,Uptrend,Medium,0.0042613636363635354,-1.3348016199359187
005930.KS,2022-03-21,69900.0,U1,Uptrend,Medium,-0.011315417256011262,-1.5249149569513518
005930.KS,2022-03-22,70300.0,U1,Uptrend,Medium,0.005722460658083017,-1.3505985893767791
005930.KS,2022-03-23,70500.0,U1,Uptrend,Medium,0.002844950213371167,-1.2440707049682675
005930.KS,2022-03-24,69800.0,U1,Uptrend,Medium,-0.009929078014184411,-1.4058904826955136
005930.KS,2022-03-25,69800.0,U1,Uptrend,Medium,0.0,-1.362467360143314
005930.KS,2022-03-28,69700.0,U1,Uptrend,Medium,-0.0014326647564469885,-1.354656586991841
005930.KS,2022-03-29,70200.0,U1,Uptrend,Medium,0.007173601147776099,-1.1740620490904976
005930.KS,2022-03-30,69900.0,U1,Uptrend,Medium,-0.004273504273504258,-1.2408467730527233
005930.KS,2022-03-31,69600.0,U1,Uptrend,Medium,-0.0042918454935622075,-1.3121484059437525
005930.KS,2022-04-01,69100.0,U1,Uptrend,Medium,-0.007183908045977017,-1.4356039384376815
005930.KS,2022-04-04,69300.0,U1,Uptrend,Medium,0.0028943560057888007,-1.3295263619407314
005930.KS,2022-04-05,69200.0,U1,Uptrend,Low,-0.0014430014430014682,-1.3285229641325889
005930.KS,2022-04-06,68500.0,U1,Uptrend,Low,-0.010115606936416222,-1.5140705648765989
005930.KS,2022-04-07,68000.0,U1,Uptrend,Low,-0.007299270072992692,-1.6213794566322428
005930.KS,2022-04-08,67800.0,U1,Uptrend,Low,-0.002941176470588225,-1.6407751991018766
005930.KS,2022-04-11,67900.0,U1,Uptrend,Low,0.001474926253687281,-1.5620852647238104
005930.KS,2022-04-12,67000.0,U1,Uptrend,Low,-0.013254786450662692,-1.8275767141172996
005930.KS,2022-04-13,68700.0,U1,Uptrend,Low,0.025373134328358304,-1.220506675264321
005930.KS,2022-04-14,67500.0,U1,Uptrend,Low,-0.017467248908296984,-1.6149771104990693
005930.KS,2022-04-15,66600.0,D1,Downtrend,Low,-0.013333333333333308,-1.8837429461514132
005930.KS,2022-04-18,66700.0,D1,Downtrend,Low,0.0015015015015014122,-1.8010009834669762
005930.KS,2022-04-19,67300.0,U1,Uptrend,Low,0.008995502248875464,-1.5423498859787048
005930.KS,2022-04-20,67400.0,U1,Uptrend,Low,0.0014858841010401136,-1.4653640797804768
005930.KS,2022-04-21,67700.0,U1,Uptrend,Low,0.004451038575667754,-1.3220052833950973
005930.KS,2022-04-22,67000.0,U1,Uptrend,Low,-0.010339734121122546,-1.546880859341004
005930.KS,2022-04-25,66300.0,D1,Downtrend,Low,-0.010447761194029903,-1.7551346222407949
005930.KS,2022-04-26,66100.0,D1,Downtrend,Low,-0.003016591251885359,-1.756916446149596
005930.KS,2022-04-27,65000.0,D1,Downtrend,Medium,-0.016641452344931973,-2.069935256373126
005930.KS,2022-04-28,64800.0,D1,Downtrend,Low,-0.003076923076923088,-2.0295577120851465
005930.KS,2022-04-29,67400.0,U1,Uptrend,Medium,0.04012345679012341,-1.0561474870238945
005930.KS,2022-05-02,67300.0,U1,Uptrend,Medium,-0.0014836795252225476,-1.0564267027660443
005930.KS,2022-05-03,67500.0,U1,Uptrend,Medium,0.002971768202080227,-0.9531257928387817
005930.KS,2022-05-04,67900.0,U1,Uptrend,Medium,0.00592592592592589,-0.7801127983651079
005930.KS,2022-05-06,66500.0,D1,Downtrend,Medium,-0.020618556701030966,-1.2474576671006512
005930.KS,2022-05-10,65700.0,D1,Downtrend,Medium,-0.012030075187969946,-1.4817719494847519
005930.KS,2022-05-11,65700.0,D1,Downtrend,Medium,0.0,-1.4492344480513337
005930.KS,2022-05-12,64900.0,D1,Downtrend,Medium,-0.0121765601217656,-1.6950646556797622
005930.KS,2022-05-13,66500.0,D1,Downtrend,Medium,0.024653312788905923,-1.0705358957135809
005930.KS,2022-05-16,66300.0,D1,Downtrend,Medium,-0.003007518796992459,-1.1131101327359112
005930.KS,2022-05-17,67600.0,U1,Uptrend,Medium,0.019607843137254832,-0.596149726434165
005930.KS,2022-05-18,68100.0,U1,Uptrend,Medium,0.007396449704142105,-0.37130361476341733
005930.KS,2022-05-19,67500.0,U1,Uptrend,Medium,-0.008810572687224627,-0.5953922651066182
005930.KS,2022-05-20,68000.0,U1,Uptrend,Medium,0.007407407407407307,-0.35205716588794533
005930.KS,2022-05-23,67900.0,U1,Uptrend,Medium,-0.0014705882352941124,-0.36883327634367535
005930.KS,2022-05-24,66500.0,D1,Downtrend,Medium,-0.020618556701030966,-1.0300157658778097
005930.KS,2022-05-25,66400.0,D1,Downtrend,Medium,-0.0015037593984962294,-1.0479051943744613
005930.KS,2022-05-26,65900.0,D1,Downtrend,Medium,-0.0075301204819276935,-1.2678368488649052
005930.KS,2022-05-27,66500.0,D1,Downtrend,Medium,0.009104704097116834,-0.9325075829469168
005930.KS,2022-05-30,67700.0,U1,Uptrend,Medium,0.018045112781954975,-0.2727945502400532
005930.KS,2022-05-31,67400.0,U1,Uptrend,Medium,-0.004431314623338234,-0.40864547021795716
005930.KS,2022-06-02,66700.0,D1,Downtrend,Medium,-0.010385756676557834,-0.8011045331079576
005930.KS,2022-06-03,66800.0,D1,Downtrend,Medium,0.0014992503748125774,-0.7132487981381276
005930.KS,2022-06-07,65500.0,D1,Downtrend,Medium,-0.019461077844311392,-1.460155988714467
005930.KS,2022-06-08,65300.0,D1,Downtrend,Medium,-0.003053435114503844,-1.5214880552317933
005930.KS,2022-06-09,65200.0,D1,Downtrend,Medium,-0.0015313935681470214,-1.5255859801205622
005930.KS,2022-06-10,63800.0,D1,Downtrend,Medium,-0.021472392638036797,-2.244035872371229
005930.KS,2022-06-13,62100.0,D1,Downtrend,Medium,-0.026645768025078342,-2.9694799289767637
005930.KS,2022-06-14,61900.0,D1,Downtrend,Medium,-0.0032206119162641045,-2.8474103339080923
005930.KS,2022-06-15,60700.0,D1,Downtrend,Medium,-0.01938610662358642,-3.154739801608218
005930.KS,2022-06-16,60900.0,D1,Downtrend,Medium,0.0032948929159801743,-2.8359994265564152
005930.KS,2022-06-17,59800.0,D1,Downtrend,Medium,-0.01806239737274218,-3.0419426872599113
005930.KS,2022-06-20,58700.0,D1,Downtrend,Medium,-0.018394648829431426,-3.1799330565320902
005930.KS,2022-06-21,58500.0,D1,Downtrend,Medium,-0.0034071550255536653,-2.9862270124583015
005930.KS,2022-06-22,57600.0,D2,Downtrend,Medium,-0.01538461538461533,-3.0218111897846995
005930.KS,2022-06-23,57400.0,D2,Downtrend,Medium,-0.00347222222222221,-2.839338392805317
005930.KS,2022-06-24,58400.0,D1,Downtrend,Medium,0.017421602787456525,-2.3583992392828543
005930.KS,2022-06-27,58800.0,D1,Downtrend,Medium,0.006849315068493178,-2.1206778836443934
005930.KS,2022-06-28,59400.0,D1,Downtrend,Medium,0.010204081632652962,-1.8524824276234217
005930.KS,2022-06-29,58000.0,D2,Downtrend,Medium,-0.023569023569023573,-2.156851049817004
005930.KS,2022-06-30,57000.0,D2,Downtrend,Medium,-0.017241379310344862,-2.3051879117453726
005930.KS,2022-07-01,56200.0,D2,Downtrend,Medium,-0.01403508771929829,-2.376492542282151
005930.KS,2022-07-04,57100.0,D2,Downtrend,Medium,0.016014234875444844,-2.02492966899552
005930.KS,2022-07-05,57200.0,D2,Downtrend,Medium,0.0017513134851139256,-1.9032419729510301
005930.KS,2022-07-06,56400.0,D2,Downtrend,Medium,-0.013986013986013957,-2.003266288998095
005930.KS,2022-07-07,58200.0,D1,Downtrend,Medium,0.03191489361702127,-1.4877313639360918
005930.KS,2022-07-08,58700.0,D1,Downtrend,Medium,0.00859106529209619,-1.3144398951105958
005930.KS,2022-07-11,58800.0,D1,Downtrend,Medium,0.0017035775127767216,-1.2447838728657228
005930.KS,2022-07-12,58100.0,D2,Downtrend,Medium,-0.011904761904761862,-1.368135817005562
005930.KS,2022-07-13,58000.0,D2,Downtrend,Medium,-0.0017211703958691649,-1.3428192919564075
005930.KS,2022-07-14,57500.0,D2,Downtrend,Medium,-0.008620689655172376,-1.409694536689235
005930.KS,2022-07-15,60000.0,D1,Downtrend,Medium,0.04347826086956519,-0.7826802457557013
005930.KS,2022-07-18,61900.0,D1,Downtrend,Medium,0.03166666666666673,-0.3069206748531554
005930.KS,2022-07-19,60900.0,D1,Downtrend,Medium,-0.016155088852988664,-0.526221047873988
005930.KS,2022-07-20,60500.0,D1,Downtrend,Medium,-0.006568144499178974,-0.5992281895487972
005930.KS,2022-07-21,61800.0,D1,Downtrend,Medium,0.02148760330578514,-0.26077550770629804
005930.KS,2022-07-22,61300.0,D1,Downtrend,Medium,-0.008090614886731351,-0.3658131658068178
005930.KS,2022-07-25,61100.0,D1,Downtrend,Medium,-0.0032626427406199365,-0.3966647057583484
005930.KS,2022-07-26,61700.0,D1,Downtrend,Medium,0.009819967266775809,-0.23348004399296
005930.KS,2022-07-27,61800.0,D1,Downtrend,Medium,0.0016207455429497752,-0.19632449607159366
005930.KS,2022-07-28,61900.0,D1,Downtrend,Medium,0.0016181229773462036,-0.1500626125214632
005930.KS,2022-07-29,61400.0,D1,Downtrend,Medium,-0.008077544426494332,-0.2553978993763205
005930.KS,2022-08-01,61300.0,D1,Downtrend,Medium,-0.0016286644951140072,-0.25827488100190277
005930.KS,2022-08-02,61700.0,D1,Downtrend,Medium,0.006525285481239873,-0.12913977359438678
005930.KS,2022-08-03,61300.0,D1,Downtrend,Medium,-0.00648298217179899,-0.2149450544245941
005930.KS,2022-08-04,61500.0,D1,Downtrend,Medium,0.0032626427406199365,-0.14339126118584844
005930.KS,2022-08-05,61500.0,D1,Downtrend,Medium,0.0,-0.12545445104656472
005930.KS,2022-08-08,60800.0,D1,Downtrend,Medium,-0.011382113821138184,-0.2998021300868388
005930.KS,2022-08-09,60000.0,D1,Downtrend,Medium,-0.013157894736842146,-0.4959235164170551
005930.KS,2022-08-10,59100.0,D1,Downtrend,Medium,-0.015000000000000013,-0.7197235822498164
005930.KS,2022-08-11,59900.0,D1,Downtrend,Medium,0.013536379018612488,-0.469427591921176
005930.KS,2022-08-12,60200.0,D1,Downtrend,Medium,0.005008347245408995,-0.35609099022275087
005930.KS,2022-08-16,61000.0,D1,Downtrend,Medium,0.013289036544850585,-0.0894723643167887
005930.KS,2022-08-17,60400.0,D1,Downtrend,Low,-0.00983606557377048,-0.24264426116087998
005930.KS,2022-08-18,61500.0,D1,Downtrend,Medium,0.01821192052980125,0.14502309908897668
005930.KS,2022-08-19,60900.0,D1,Downtrend,Low,-0.009756097560975618,-0.022608430822653285
005930.KS,2022-08-22,60000.0,D1,Downtrend,Medium,-0.014778325123152691,-0.30034241004738194
005930.KS,2022-08-23,59100.0,D1,Downtrend,Medium,-0.015000000000000013,-0.5893008246935625
005930.KS,2022-08-24,59000.0,D1,Downtrend,Medium,-0.0016920473773265332,-0.6009164591167296
005930.KS,2022-08-25,59700.0,D1,Downtrend,Medium,0.011864406779660941,-0.3108916647716045
005930.KS,2022-08-26,60000.0,D1,Downtrend,Medium,0.005025125628140614,-0.1541202337895865
005930.KS,2022-08-29,58600.0,D1,Downtrend,Medium,-0.023333333333333317,-0.7316841113237115
005930.KS,2022-08-30,58800.0,D1,Downtrend,Medium,0.0034129692832765013,-0.6291396656837004
005930.KS,2022-08-31,59700.0,D1,Downtrend,Medium,0.015306122448979664,-0.15499991972686458
005930.KS,2022-09-01,58400.0,D1,Downtrend,Medium,-0.021775544388609736,-0.8174729432382183
005930.KS,2022-09-02,57500.0,D2,Downtrend,Medium,-0.015410958904109595,-1.324977036331839
005930.KS,2022-09-05,57100.0,D2,Downtrend,Medium,-0.006956521739130417,-1.5401200168816405
005930.KS,2022-09-06,57100.0,D2,Downtrend,Medium,0.0,-1.4895363313118968
005930.KS,2022-09-07,56000.0,D2,Downtrend,Medium,-0.019264448336252182,-2.053766504101878
005930.KS,2022-09-08,55600.0,D2,Downtrend,Medium,-0.0071428571428571175,-2.1587230758302947
005930.KS,2022-09-13,58100.0,D2,Downtrend,Medium,0.04496402877697836,-0.7052898031375701
005930.KS,2022-09-14,56800.0,D2,Downtrend,Medium,-0.022375215146299476,-1.3978101903751643
005930.KS,2022-09-15,56000.0,D2,Downtrend,Medium,-0.014084507042253502,-1.7745436800837295
005930.KS,2022-09-16,56200.0,D2,Downtrend,Medium,0.0035714285714285587,-1.609040263504667
005930.KS,2022-09-19,56400.0,D2,Downtrend,Medium,0.003558718861210064,-1.4722269536286001
005930.KS,2022-09-20,55800.0,D2,Downtrend,Medium,-0.010638297872340385,-1.7423294780656249
005930.KS,2022-09-21,55300.0,D2,Downtrend,Medium,-0.008960573476702538,-1.914494702864827
005930.KS,2022-09-22,54400.0,D2,Downtrend,Medium,-0.016274864376130238,-2.229343922561935
005930.KS,2022-09-23,54500.0,D2,Downtrend,Medium,0.0018382352941177516,-2.0623777264964693
005930.KS,2022-09-26,53900.0,D2,Downtrend,Medium,-0.011009174311926606,-2.2131124361498
005930.KS,2022-09-27,54200.0,D2,Downtrend,Medium,0.005565862708719838,-1.9988254133790648
005930.KS,2022-09-28,52900.0,D2,Downtrend,Medium,-0.023985239852398532,-2.4308365710705977
005930.KS,2022-09-29,52600.0,D2,Downtrend,Medium,-0.005671077504725952,-2.404812930455896
005930.KS,2022-09-30,53100.0,D2,Downtrend,Medium,0.009505703422053147,-2.102386921593717
005930.KS,2022-10-04,55200.0,D2,Downtrend,Medium,0.039548022598870025,-1.286034167927838
005930.KS,2022-10-05,56000.0,D2,Downtrend,Medium,0.01449275362318847,-0.96306103666067
005930.KS,2022-10-06,56300.0,D2,Downtrend,Medium,0.005357142857142838,-0.8309264502472021
005930.KS,2022-10-07,56200.0,D2,Downtrend,Medium,-0.001776198934280604,-0.8467834056018708
005930.KS,2022-10-11,55400.0,D2,Downtrend,Medium,-0.014234875444839812,-1.11385892977236
005930.KS,2022-10-12,55800.0,D2,Downtrend,Medium,0.0072202166064982976,-0.947027446035401
005930.KS,2022-10-13,55200.0,D2,Downtrend,Medium,-0.010752688172043001,-1.1389577965179212
005930.KS,2022-10-14,56300.0,D2,Downtrend,Medium,0.019927536231884035,-0.7206874286794998
005930.KS,2022-10-17,56600.0,D2,Downtrend,Medium,0.005328596802841812,-0.5881735417059007
005930.KS,2022-10-18,56500.0,D2,Downtrend,Medium,-0.0017667844522968323,-0.6008890861992129
005930.KS,2022-10-19,55800.0,D2,Downtrend,Medium,-0.012389380530973493,-0.8278715296509771
005930.KS,2022-10-20,55500.0,D2,Downtrend,Medium,-0.005376344086021501,-0.9071743636986066
005930.KS,2022-10-21,55900.0,D2,Downtrend,Medium,0.007207207207207134,-0.7330490098619963
005930.KS,2022-10-24,57500.0,D2,Downtrend,Medium,0.028622540250447193,-0.11837341062921063
005930.KS,2022-10-25,57700.0,D2,Downtrend,Medium,0.003478260869565153,-0.01850618406479812
005930.KS,2022-10-26,59400.0,D1,Downtrend,Medium,0.029462738301559765,0.659101978658548
005930.KS,2022-10-27,59500.0,D1,Downtrend,Medium,0.0016835016835017313,0.7273021143171294
005930.KS,2022-10-28,57300.0,D2,Downtrend,Medium,-0.036974789915966366,-0.1214259697046539
005930.KS,2022-10-31,59400.0,D1,Downtrend,Medium,0.03664921465968596,0.7524336441782069
005930.KS,2022-11-01,60000.0,D1,Downtrend,Medium,0.010101010101010166,1.0271421130987015
005930.KS,2022-11-02,59600.0,D1,Downtrend,Medium,-0.00666666666666671,0.8850547728822189
005930.KS,2022-11-03,59200.0,D1,Downtrend,Medium,-0.006711409395973145,0.74687309604732
005930.KS,2022-11-04,59400.0,D1,Downtrend,Medium,0.0033783783783782884,0.8659656295785529
005930.KS,2022-11-07,60200.0,D1,Downtrend,Medium,0.013468013468013407,1.2310394981493795
005930.KS,2022-11-08,61800.0,D1,Downtrend,Medium,0.02657807308970095,1.8894502004219604
005930.KS,2022-11-09,62000.0,D1,Downtrend,Medium,0.003236245954692629,1.9018985541971438
005930.KS,2022-11-10,60400.0,D1,Downtrend,Medium,-0.02580645161290318,1.2162734729714313
005930.KS,2022-11-11,62900.0,D1,Downtrend,Medium,0.041390728476821126,2.1812045586537714
005930.KS,2022-11-14,61900.0,D1,Downtrend,Medium,-0.015898251192368873,1.749410501722161
005930.KS,2022-11-15,62400.0,D1,Downtrend,Medium,0.008077544426494443,1.8984874670714993
005930.KS,2022-11-16,62700.0,D1,Downtrend,Medium,0.004807692307692291,1.9812749708610806
005930.KS,2022-11-17,61400.0,D1,Downtrend,Medium,-0.020733652312599715,1.4635243626230394
005930.KS,2022-11-18,61800.0,D1,Downtrend,Medium,0.006514657980456029,1.5838507856515252
005930.KS,2022-11-21,61400.0,D1,Downtrend,Medium,-0.006472491909385147,1.3955510277227707
005930.KS,2022-11-22,60600.0,D1,Downtrend,Medium,-0.013029315960912058,1.0747105615909394
005930.KS,2022-11-23,61000.0,D1,Downtrend,Medium,0.0066006600660066805,1.2067704965012471
005930.KS,2022-11-24,61400.0,D1,Downtrend,Medium,0.006557377049180246,1.3340013154157642
005930.KS,2022-11-25,61000.0,D1,Downtrend,Medium,-0.006514657980456029,1.1592712211155622
005930.KS,2022-11-28,60100.0,D1,Downtrend,Medium,-0.014754098360655776,0.8197514416681894
005930.KS,2022-11-29,60600.0,D1,Downtrend,Medium,0.008319467554076532,0.9909765457555372
005930.KS,2022-11-30,62200.0,D1,Downtrend,Medium,0.0264026402640265,1.5150237664106099
005930.KS,2022-12-01,62600.0,D1,Downtrend,Medium,0.006430868167202508,1.5908671134393213
005930.KS,2022-12-02,60400.0,D1,Downtrend,Medium,-0.03514376996805113,0.8068295249354565
005930.KS,2022-12-05,60300.0,D1,Downtrend,Medium,-0.0016556291390728006,0.7510634681454836
005930.KS,2022-12-06,59200.0,D1,Downtrend,Medium,-0.018242122719734688,0.3567496610029113
005930.KS,2022-12-07,58900.0,D1,Downtrend,Medium,-0.0050675675675675436,0.2360586935529742
005930.KS,2022-12-08,59200.0,D1,Downtrend,Medium,0.005093378607809784,0.3332841555562257
005930.KS,2022-12-09,60400.0,D1,Downtrend,Medium,0.020270270270270174,0.7259245273569109
005930.KS,2022-12-12,59500.0,D1,Downtrend,Medium,-0.01490066225165565,0.396792261175217
005930.KS,2022-12-13,59700.0,D1,Downtrend,Medium,0.003361344537815114,0.44727150035508156
005930.KS,2022-12-14,60500.0,D1,Downtrend,Medium,0.01340033500837512,0.701598984865854
005930.KS,2022-12-15,59300.0,D1,Downtrend,Medium,-0.01983471074380161,0.266024484396987
005930.KS,2022-12-16,59500.0,D1,Downtrend,Medium,0.003372681281618828,0.31477123918365796
005930.KS,2022-12-19,59500.0,D1,Downtrend,Medium,0.0,0.29009914910799633
005930.KS,2022-12-20,58600.0,D1,Downtrend,Medium,-0.015126050420168013,-0.0600535781993866
005930.KS,2022-12-21,58000.0,D2,Downtrend,Medium,-0.010238907849829393,-0.31430627221770174
005930.KS,2022-12-22,59100.0,D1,Downtrend,Medium,0.018965517241379404,0.07248241831773698
005930.KS,2022-12-23,58100.0,D2,Downtrend,Medium,-0.016920473773265665,-0.3667197033666414
005930.KS,2022-12-26,57900.0,D2,Downtrend,Medium,-0.0034423407917383297,-0.5141753551296938
005930.KS,2022-12-27,58100.0,D2,Downtrend,Medium,0.003454231433505983,-0.4920728568955081
005930.KS,2022-12-28,56600.0,D2,Downtrend,Medium,-0.025817555938037917,-1.2116036019611214
005930.KS,2022-12-29,55300.0,D2,Downtrend,Medium,-0.02296819787985871,-1.796753268263325
005930.KS,2023-01-02,55500.0,D2,Downtrend,Medium,0.003616636528029016,-1.6821237732934429
005930.KS,2023-01-03,55400.0,D2,Downtrend,Medium,-0.0018018018018017834,-1.7055840065114167
005930.KS,2023-01-04,57800.0,D2,Downtrend,Medium,0.04332129963898912,-0.6482686215714243
005930.KS,2023-01-05,58200.0,D1,Downtrend,Medium,0.006920415224913601,-0.4908019140191305
005930.KS,2023-01-06,59000.0,D1,Downtrend,Medium,0.013745704467353903,-0.14669911043409833
005930.KS,2023-01-09,60700.0,D1,Downtrend,Medium,0.028813559322034,0.6586372830005193
005930.KS,2023-01-10,60400.0,D1,Downtrend,Medium,-0.0049423393739703725,0.48527926801888477
005930.KS,2023-01-11,60500.0,D1,Downtrend,Medium,0.0016556291390728006,0.5106653552732553
005930.KS,2023-01-12,60500.0,D1,Downtrend,Medium,0.0,0.48486115185706496
005930.KS,2023-01-13,60800.0,D1,Downtrend,Medium,0.0049586776859504855,0.619968703261683
005930.KS,2023-01-16,61100.0,D1,Downtrend,Medium,0.004934210526315708,0.7619476422767087
005930.KS,2023-01-17,61000.0,D1,Downtrend,Medium,-0.0016366612111292644,0.6791208494316789
005930.KS,2023-01-18,60400.0,D1,Downtrend,Medium,-0.00983606557377048,0.31320218286723456
005930.KS,2023-01-19,61500.0,D1,Downtrend,Medium,0.01821192052980125,0.9245900376507945
005930.KS,2023-01-20,61800.0,D1,Downtrend,Medium,0.004878048780487809,1.0652355230897406
005930.KS,2023-01-25,63300.0,D1,Downtrend,Medium,0.024271844660194164,1.8449145899078347
005930.KS,2023-01-26,63800.0,D1,Downtrend,Medium,0.00789889415481837,2.0138764362521018
005930.KS,2023-01-27,64600.0,D1,Downtrend,Medium,0.012539184952978122,2.296308522358246
005930.KS,2023-01-30,63300.0,D1,Downtrend,Medium,-0.020123839009287936,1.5560869967995485
005930.KS,2023-01-31,61400.0,D1,Downtrend,Medium,-0.03001579778830965,0.5694294571609183
005930.KS,2023-02-01,61000.0,D1,Downtrend,Medium,-0.006514657980456029,0.3524161296305898
005930.KS,2023-02-02,63500.0,D1,Downtrend,Medium,0.040983606557376984,1.5641655684419076
005930.KS,2023-02-03,63500.0,D1,Downtrend,Medium,0.0,1.525397765586644
005930.KS,2023-02-06,61600.0,D1,Downtrend,Medium,-0.0299212598425197,0.5976337504980346
005930.KS,2023-02-07,62000.0,D1,Downtrend,Medium,0.006493506493506551,0.7771915389404705
005930.KS,2023-02-08,63100.0,D1,Downtrend,Medium,0.01774193548387104,1.3110548542246017
005930.KS,2023-02-09,63300.0,D1,Downtrend,Medium,0.0031695721077653616,1.3804485898003915
005930.KS,2023-02-10,62900.0,D1,Downtrend,Medium,-0.006319115323854652,1.1783527244836531
005930.KS,2023-02-13,62900.0,D1,Downtrend,Medium,0.0,1.174593559489963
005930.KS,2023-02-14,63200.0,D1,Downtrend,Medium,0.004769475357710551,1.2875757219158463
005930.KS,2023-02-15,62200.0,D1,Downtrend,Medium,-0.015822784810126556,0.809184154198081
005930.KS,2023-02-16,63700.0,D1,Downtrend,Medium,0.02411575562700974,1.4735463790546721
005930.KS,2023-02-17,62600.0,D1,Downtrend,Medium,-0.017268445839874413,0.9403175999223741
005930.KS,2023-02-20,62700.0,D1,Downtrend,Medium,0.0015974440894568342,0.9658128562310137
005930.KS,2023-02-21,62100.0,D1,Downtrend,Medium,-0.009569377990430672,0.6843155578226475
005930.KS,2023-02-22,61100.0,D1,Downtrend,Medium,-0.01610305958132041,0.22781586944923307
005930.KS,2023-02-23,62000.0,D1,Downtrend,Medium,0.014729950900163713,0.6216542983795825
005930.KS,2023-02-24,61300.0,D1,Downtrend,Medium,-0.011290322580645107,0.2981054463628107
005930.KS,2023-02-27,60500.0,D1,Downtrend,Medium,-0.013050570962479635,-0.05243119120497802
005930.KS,2023-02-28,60600.0,D1,Downtrend,Medium,0.0016528925619834212,0.008418223147344858
005930.KS,2023-03-02,60800.0,D1,Downtrend,Medium,0.0033003300330032292,0.09719012881139999
005930.KS,2023-03-03,60500.0,D1,Downtrend,Medium,-0.004934210526315819,-0.042095929900996726
005930.KS,2023-03-06,61500.0,D1,Downtrend,Medium,0.016528925619834656,0.4003881397643808
005930.KS,2023-03-07,60700.0,D1,Downtrend,Medium,-0.013008130081300862,0.01850999407518272
005930.KS,2023-03-08,60300.0,D1,Downtrend,Medium,-0.00658978583196046,-0.17571971560748942
005930.KS,2023-03-09,60100.0,D1,Downtrend,Medium,-0.0033167495854062867,-0.2661646143971718
005930.KS,2023-03-10,59500.0,D1,Downtrend,Medium,-0.009983361064891838,-0.5447089783011877
005930.KS,2023-03-13,60000.0,D1,Downtrend,Medium,0.008403361344537785,-0.31519525853709623
005930.KS,2023-03-14,59000.0,D1,Downtrend,Medium,-0.01666666666666672,-0.7644068030769056
005930.KS,2023-03-15,59800.0,D1,Downtrend,Medium,0.013559322033898313,-0.39918708356160115
005930.KS,2023-03-16,59900.0,D1,Downtrend,Medium,0.0016722408026756952,-0.35644910599971913
005930.KS,2023-03-17,61300.0,D1,Downtrend,Medium,0.023372287145241977,0.2796490116331572
005930.KS,2023-03-20,60200.0,D1,Downtrend,Medium,-0.01794453507340943,-0.24591205219448792
005930.KS,2023-03-21,60300.0,D1,Downtrend,Medium,0.0016611295681063787,-0.22004820845486533
005930.KS,2023-03-22,61100.0,D1,Downtrend,Medium,0.013266998341625147,0.14481522696006155
005930.KS,2023-03-23,62300.0,D1,Downtrend,Medium,0.019639934533551617,0.6914145977344426
005930.KS,2023-03-24,63000.0,D1,Downtrend,Medium,0.011235955056179803,0.9973337360735659
005930.KS,2023-03-27,62100.0,D1,Downtrend,Medium,-0.014285714285714235,0.5343187743997572
005930.KS,2023-03-28,62900.0,D1,Downtrend,Medium,0.012882447665056418,0.9094913153395452
005930.KS,2023-03-29,62700.0,D1,Downtrend,Medium,-0.0031796502384737746,0.803946620387401
005930.KS,2023-03-30,63200.0,D1,Downtrend,Medium,0.00797448165869219,1.0992890734736744
005930.KS,2023-03-31,64000.0,D1,Downtrend,Medium,0.012658227848101333,1.6555682843399488
005930.KS,2023-04-03,63100.0,D1,Downtrend,Medium,-0.014062499999999978,1.0437345187603033
005930.KS,2023-04-04,63600.0,D1,Downtrend,Medium,0.007923930269413626,1.377391094935399
005930.KS,2023-04-05,63900.0,D1,Downtrend,Medium,0.004716981132075526,1.5549601824472374
005930.KS,2023-04-06,62300.0,D1,Downtrend,Medium,-0.025039123630672955,0.3643345155732759
005930.KS,2023-04-07,65000.0,D1,Downtrend,Medium,0.043338683788122,2.2163891914966958
005930.KS,2023-04-10,65700.0,D1,Downtrend,Medium,0.010769230769230864,2.523582121357292
005930.KS,2023-04-11,65900.0,D1,Downtrend,Medium,0.003044140030441511,2.477810067262629
005930.KS,2023-04-12,66000.0,D1,Downtrend,Medium,0.0015174506828528056,2.375881708842228
005930.KS,2023-04-13,66100.0,D1,Downtrend,Medium,0.0015151515151514694,2.2844834438076886
005930.KS,2023-04-14,65100.0,D1,Downtrend,Medium,-0.015128593040847238,1.6234688557060457
005930.KS,2023-04-17,65300.0,D1,Downtrend,Medium,0.003072196620583778,1.668350048696781
005930.KS,2023-04-18,65600.0,D1,Downtrend,Medium,0.004594180704440953,1.7559473471435296
005930.KS,2023-04-19,65500.0,D1,Downtrend,Medium,-0.0015243902439023849,1.6291901827670268
005930.KS,2023-04-20,65300.0,D1,Downtrend,Medium,-0.003053435114503844,1.4760152182186728
005930.KS,2023-04-21,65700.0,D1,Downtrend,Medium,0.006125574272588086,1.6402806335161126
005930.KS,2023-04-24,65200.0,D1,Downtrend,Medium,-0.007610350076103556,1.3638956939496838
005930.KS,2023-04-25,63600.0,D1,Downtrend,Medium,-0.024539877300613466,0.5266867020431605
005930.KS,2023-04-26,64100.0,D1,Downtrend,Medium,0.007861635220125729,0.7622509441488007
005930.KS,2023-04-27,64600.0,D1,Downtrend,Medium,0.007800312012480548,0.9887017744444517
005930.KS,2023-04-28,65500.0,D1,Downtrend,Medium,0.01393188854489158,1.4152066049923673
005930.KS,2023-05-02,65700.0,D1,Downtrend,Medium,0.003053435114503733,1.4722708929457282
005930.KS,2023-05-03,65400.0,D1,Downtrend,Medium,-0.004566210045662156,1.275640746919496
005930.KS,2023-05-04,65100.0,D1,Downtrend,Medium,-0.004587155963302725,1.0915280639619827
005930.KS,2023-05-08,65900.0,D1,Downtrend,Medium,0.01228878648233489,1.4355992989907067
005930.KS,2023-05-09,65300.0,D1,Downtrend,Low,-0.009104704097116834,1.118057268356639
005930.KS,2023-05-10,64600.0,D1,Downtrend,Low,-0.01071975497702915,0.7664014952200495
005930.KS,2023-05-11,64200.0,D1,Downtrend,Low,-0.006191950464396245,0.5645432326185826
005930.KS,2023-05-12,64100.0,D1,Downtrend,Low,-0.0015576323987538387,0.5089590354859602
005930.KS,2023-05-15,64500.0,D1,Downtrend,Low,0.006240249609984483,0.6781111212818606
005930.KS,2023-05-16,65400.0,D1,Downtrend,Low,0.013953488372093092,1.0789250617619093
005930.KS,2023-05-17,65000.0,D1,Downtrend,Low,-0.006116207951070374,0.8681161927747063
005930.KS,2023-05-18,66200.0,D1,Downtrend,Medium,0.01846153846153853,1.3755988298547428
005930.KS,2023-05-19,68400.0,U1,Uptrend,Medium,0.0332326283987916,2.2346291059891836
005930.KS,2023-05-22,68500.0,U1,Uptrend,Medium,0.0014619883040936088,2.151021189470771
005930.KS,2023-05-23,68400.0,U1,Uptrend,Medium,-0.0014598540145985828,1.9975396706325985
005930.KS,2023-05-24,68500.0,U1,Uptrend,Medium,0.0014619883040936088,1.9377926244160593
005930.KS,2023-05-25,68800.0,U1,Uptrend,Medium,0.004379562043795637,1.9615362504942238
005930.KS,2023-05-26,70300.0,U1,Uptrend,Medium,0.021802325581395277,2.3911368258303276
005930.KS,2023-05-30,72300.0,U1,Uptrend,Medium,0.028449502133712556,2.8784920305012154
005930.KS,2023-05-31,71400.0,U1,Uptrend,Medium,-0.012448132780082943,2.4038097627030597
005930.KS,2023-06-01,70900.0,U1,Uptrend,Medium,-0.007002801120448154,2.112132168354457
005930.KS,2023-06-02,72200.0,U1,Uptrend,Medium,0.01833568406205921,2.3837935866382054
005930.KS,2023-06-05,71700.0,U1,Uptrend,Medium,-0.006925207756232732,2.1153711564557063
005930.KS,2023-06-07,71000.0,U1,Uptrend,Medium,-0.009762900976290068,1.8235651774724004
005930.KS,2023-06-08,70900.0,U1,Uptrend,Medium,-0.0014084507042253502,1.7327462093609884
005930.KS,2023-06-09,72000.0,U1,Uptrend,Medium,0.015514809590973178,1.9824580015581754
005930.KS,2023-06-12,71000.0,U1,Uptrend,Medium,-0.01388888888888884,1.636572739271314
005930.KS,2023-06-13,72000.0,U1,Uptrend,Medium,0.014084507042253502,1.8730583198092112
005930.KS,2023-06-14,71900.0,U1,Uptrend,Medium,-0.001388888888888884,1.7829886825746122
005930.KS,2023-06-15,71500.0,U1,Uptrend,Medium,-0.0055632823365785455,1.6025848870371517
005930.KS,2023-06-16,71800.0,U1,Uptrend,Medium,0.00419580419580412,1.6436269971003155
005930.KS,2023-06-19,71200.0,U1,Uptrend,Medium,-0.00835654596100277,1.4239626230853135
005930.KS,2023-06-20,71400.0,U1,Uptrend,Medium,0.002808988764045006,1.442526842791752
005930.KS,2023-06-21,70500.0,U1,Uptrend,Medium,-0.012605042016806678,1.1274281492941591
005930.KS,2023-06-22,71300.0,U1,Uptrend,Medium,0.01134751773049647,1.3301039851423138
005930.KS,2023-06-23,71600.0,U1,Uptrend,Medium,0.004207573632538653,1.3795430677024565
005930.KS,2023-06-26,72400.0,U1,Uptrend,Medium,0.011173184357541999,1.5702193453824342
005930.KS,2023-06-27,72600.0,U1,Uptrend,Medium,0.0027624309392264568,1.5752583682053993
005930.KS,2023-06-28,72700.0,U1,Uptrend,Low,0.0013774104683195176,1.548500233911053
005930.KS,2023-06-29,72400.0,U1,Uptrend,Low,-0.004126547455295726,1.404450858565931
005930.KS,2023-06-30,72200.0,U1,Uptrend,Low,-0.002762430939226568,1.3013092341290688
005930.KS,2023-07-03,73000.0,U1,Uptrend,Low,0.011080332409972193,1.4924670410074954
005930.KS,2023-07-04,73000.0,U1,Uptrend,Low,0.0,1.440719374405398
005930.KS,2023-07-05,72000.0,U1,Uptrend,Low,-0.013698630136986356,1.1077715393251986
005930.KS,2023-07-06,71600.0,U1,Uptrend,Low,-0.005555555555555536,0.9516363027641601
005930.KS,2023-07-07,69900.0,U1,Uptrend,Low,-0.023743016759776525,0.404512826736909
005930.KS,2023-07-10,69500.0,U1,Uptrend,Low,-0.005722460658083017,0.26246831077529414
005930.KS,2023-07-11,71500.0,U1,Uptrend,Medium,0.02877697841726623,0.8608037096856175
005930.KS,2023-07-12,71900.0,U1,Uptrend,Medium,0.005594405594405494,0.9541136666016565
005930.KS,2023-07-13,71900.0,U1,Uptrend,Medium,0.0,0.9229057805883226
005930.KS,2023-07-14,73400.0,U1,Uptrend,Medium,0.020862308762169768,1.3463374828911658
005930.KS,2023-07-17,73300.0,U1,Uptrend,Medium,-0.0013623978201634523,1.2702092520716466
005930.KS,2023-07-18,72000.0,U1,Uptrend,Medium,-0.017735334242837686,0.8356460920991174
005930.KS,2023-07-19,71700.0,U1,Uptrend,Medium,-0.004166666666666652,0.7148774435954307
005930.KS,2023-07-20,71000.0,U1,Uptrend,Medium,-0.009762900976290068,0.4699898722060017
005930.KS,2023-07-21,70300.0,U1,Uptrend,Medium,-0.009859154929577452,0.22234551723773754
005930.KS,2023-07-24,70400.0,U1,Uptrend,Medium,0.0014224751066855834,0.22548680272575977
005930.KS,2023-07-25,70000.0,U1,Uptrend,Medium,-0.005681818181818232,0.059647191001203394
005930.KS,2023-07-26,69800.0,U1,Uptrend,Medium,-0.0028571428571428914,-0.04114458805642704
005930.KS,2023-07-27,71700.0,U1,Uptrend,Medium,0.027220630372492893,0.6130405338473907
005930.KS,2023-07-28,70600.0,U1,Uptrend,Medium,-0.015341701534170138,0.18623819022948146
005930.KS,2023-07-31,69800.0,U1,Uptrend,Medium,-0.011331444759206777,-0.14285782041958567
005930.KS,2023-08-01,71100.0,U1,Uptrend,Medium,0.018624641833810962,0.3268304397160184
005930.KS,2023-08-02,69900.0,U1,Uptrend,Medium,-0.016877637130801704,-0.17857204274546232
005930.KS,2023-08-03,68800.0,U1,Uptrend,Medium,-0.01573676680972813,-0.6707960769337612
005930.KS,2023-08-04,68300.0,U1,Uptrend,Medium,-0.007267441860465129,-0.9491986050917499
005930.KS,2023-08-07,68500.0,U1,Uptrend,Medium,0.002928257686676483,-0.9499511889354146
005930.KS,2023-08-08,67600.0,U1,Uptrend,Medium,-0.013138686131386912,-1.4921763882835481
005930.KS,2023-08-09,68900.0,U1,Uptrend,Medium,0.019230769230769162,-0.9521826542943107
005930.KS,2023-08-10,68000.0,U1,Uptrend,Medium,-0.013062409288824406,-1.5427023212719368
005930.KS,2023-08-11,67500.0,U1,Uptrend,Medium,-0.007352941176470562,-1.9773082313525039
005930.KS,2023-08-14,67300.0,U1,Uptrend,Medium,-0.002962962962962945,-2.1711754640552083
005930.KS,2023-08-16,67000.0,U1,Uptrend,Medium,-0.004457652303120341,-2.280502553420909
005930.KS,2023-08-17,66700.0,D1,Downtrend,Medium,-0.004477611940298498,-2.3627296910630733
005930.KS,2023-08-18,66300.0,D1,Downtrend,Medium,-0.005997001499250421,-2.4773853560326375
005930.KS,2023-08-21,66600.0,D1,Downtrend,Medium,0.004524886877828038,-2.219597904762102
005930.KS,2023-08-22,66600.0,D1,Downtrend,Medium,0.0,-2.1306075878605637
005930.KS,2023-08-23,67100.0,U1,Uptrend,Medium,0.007507507507507505,-1.7858330967928306
005930.KS,2023-08-24,68200.0,U1,Uptrend,Medium,0.016393442622950838,-1.1763013568211582
005930.KS,2023-08-25,67100.0,U1,Uptrend,Medium,-0.016129032258064502,-1.6667471599159447
005930.KS,2023-08-28,66800.0,D1,Downtrend,Medium,-0.0044709388971684305,-1.7370621598171525
005930.KS,2023-08-29,66800.0,D1,Downtrend,Medium,0.0,-1.6639376436823181
005930.KS,2023-08-30,67100.0,U1,Uptrend,Medium,0.004491017964071808,-1.4612402079605649
005930.KS,2023-08-31,66900.0,U1,Uptrend,Low,-0.0029806259314456574,-1.4959405175285752
005930.KS,2023-09-01,71000.0,U1,Uptrend,Medium,0.06128550074738426,0.4118779239039958
005930.KS,2023-09-04,71200.0,U1,Uptrend,Medium,0.0028169014084507005,0.5134171595212812
005930.KS,2023-09-05,70700.0,U1,Uptrend,Medium,-0.0070224719101124045,0.2822644208200375
005930.KS,2023-09-06,70000.0,U1,Uptrend,Medium,-0.00990099009900991,-0.02983431435732765
005930.KS,2023-09-07,70400.0,U1,Uptrend,Medium,0.005714285714285783,0.1714360497855607
005930.KS,2023-09-08,70300.0,U1,Uptrend,Medium,-0.0014204545454545858,0.13404976936705093
005930.KS,2023-09-11,70800.0,U1,Uptrend,Medium,0.007112375533428139,0.38183551345009564
005930.KS,2023-09-12,70500.0,U1,Uptrend,Medium,-0.004237288135593209,0.24449580108472796
005930.KS,2023-09-13,70900.0,U1,Uptrend,Medium,0.005673758865248235,0.4412538963035391
005930.KS,2023-09-14,71700.0,U1,Uptrend,Medium,0.01128349788434413,0.8118252421820127
005930.KS,2023-09-15,72000.0,U1,Uptrend,Medium,0.004184100418409997,0.9454517435750807
005930.KS,2023-09-18,70200.0,U1,Uptrend,Medium,-0.025000000000000022,0.10042468948696093
005930.KS,2023-09-19,69800.0,U1,Uptrend,Medium,-0.005698005698005715,-0.07095172613966194
005930.KS,2023-09-20,69600.0,U1,Uptrend,Medium,-0.002865329512893977,-0.145571667440458
005930.KS,2023-09-21,68900.0,U1,Uptrend,Medium,-0.010057471264367845,-0.46476684361293075
005930.KS,2023-09-22,68800.0,U1,Uptrend,Medium,-0.0014513788098693414,-0.4906355228352729
005930.KS,2023-09-25,69400.0,U1,Uptrend,Medium,0.008720930232558155,-0.1667907333373711
005930.KS,2023-09-26,68600.0,U1,Uptrend,Medium,-0.011527377521613813,-0.5498109793936726
005930.KS,2023-09-27,68400.0,U1,Uptrend,Medium,-0.002915451895043719,-0.6288522729112385
005930.KS,2023-10-04,67500.0,U1,Uptrend,Medium,-0.013157894736842146,-1.0747088986763949
005930.KS,2023-10-05,66700.0,D1,Downtrend,Low,-0.011851851851851891,-1.449639233815695
005930.KS,2023-10-06,66000.0,D1,Downtrend,Low,-0.010494752623688153,-1.7416760489591443
005930.KS,2023-10-10,66400.0,D1,Downtrend,Low,0.0060606060606061,-1.478604190536889
005930.KS,2023-10-11,68200.0,U1,Uptrend,Medium,0.027108433734939652,-0.5383965619191861
005930.KS,2023-10-12,68900.0,U1,Uptrend,Medium,0.01026392961876832,-0.15569284463366864
005930.KS,2023-10-13,68000.0,U1,Uptrend,Medium,-0.013062409288824406,-0.5999897955798108
005930.KS,2023-10-16,67300.0,U1,Uptrend,Medium,-0.010294117647058787,-0.9523958870402465
005930.KS,2023-10-17,69400.0,U1,Uptrend,Medium,0.031203566121842385,0.25038796119204537
005930.KS,2023-10-18,70500.0,U1,Uptrend,Medium,0.015850144092218965,0.9185112694328593
005930.KS,2023-10-19,69500.0,U1,Uptrend,Medium,-0.014184397163120588,0.35857922048349006
005930.KS,2023-10-20,68800.0,U1,Uptrend,Medium,-0.010071942446043147,-0.041758418426959036
005930.KS,2023-10-23,68400.0,U1,Uptrend,Medium,-0.005813953488372103,-0.26845748831250815
005930.KS,2023-10-24,68500.0,U1,Uptrend,Medium,0.0014619883040936088,-0.18896305557097592
005930.KS,2023-10-25,68000.0,U1,Uptrend,Medium,-0.007299270072992692,-0.47940903493410775
005930.KS,2023-10-26,66700.0,D1,Downtrend,Medium,-0.019117647058823573,-1.2425222670988887
005930.KS,2023-10-27,67300.0,U1,Uptrend,Medium,0.008995502248875464,-0.8481225339429732
005930.KS,2023-10-30,67300.0,U1,Uptrend,Medium,0.0,-0.8195210007624643
005930.KS,2023-10-31,66900.0,U1,Uptrend,Medium,-0.005943536404160454,-1.0381839224775031
005930.KS,2023-11-01,68600.0,U1,Uptrend,Medium,0.025411061285500747,0.06356602498957613
005930.KS,2023-11-02,69700.0,U1,Uptrend,Medium,0.016034985422740622,0.7782328049114914
005930.KS,2023-11-03,69600.0,U1,Uptrend,Medium,-0.0014347202295552641,0.7020655174744989
005930.KS,2023-11-06,70900.0,U1,Uptrend,Medium,0.018678160919540332,1.4839711889895746
005930.KS,2023-11-07,70900.0,U1,Uptrend,Medium,0.0,1.432639405009692
005930.KS,2023-11-08,69900.0,U1,Uptrend,Medium,-0.014104372355430161,0.7856728351046763
005930.KS,2023-11-09,70300.0,U1,Uptrend,Medium,0.005722460658083017,1.0105349241792076
005930.KS,2023-11-10,70500.0,U1,Uptrend,Medium,0.002844950213371167,1.0978737332086395
005930.KS,2023-11-13,70400.0,U1,Uptrend,Medium,-0.0014184397163120588,1.0033270496825157
005930.KS,2023-11-14,70800.0,U1,Uptrend,Medium,0.005681818181818121,1.2034809592288505
005930.KS,2023-11-15,72200.0,U1,Uptrend,Medium,0.019774011299435124,1.9493059388901672
005930.KS,2023-11-16,72800.0,U1,Uptrend,Medium,0.008310249307479145,2.180616188627025
005930.KS,2023-11-17,72500.0,U1,Uptrend,Medium,-0.004120879120879106,1.9261338612749686
005930.KS,2023-11-20,72700.0,U1,Uptrend,Medium,0.0027586206896552667,1.9496083408714995
005930.KS,2023-11-21,72800.0,U1,Uptrend,Medium,0.0013755158184318717,1.9198136554417293
005930.KS,2023-11-22,72800.0,U1,Uptrend,Medium,0.0,1.8358621407486722
005930.KS,2023-11-23,72400.0,U1,Uptrend,Low,-0.005494505494505475,1.5546142146911377
005930.KS,2023-11-24,71700.0,U1,Uptrend,Medium,-0.00966850828729282,1.1456320896344159
005930.KS,2023-11-27,71300.0,U1,Uptrend,Medium,-0.00557880055788007,0.9036937671258235
005930.KS,2023-11-28,72700.0,U1,Uptrend,Medium,0.019635343618513268,1.599377348330743
005930.KS,2023-11-29,72700.0,U1,Uptrend,Low,0.0,1.5435968419429504
005930.KS,2023-11-30,72800.0,U1,Uptrend,Low,0.0013755158184318717,1.544891089056445
005930.KS,2023-12-01,72000.0,U1,Uptrend,Low,-0.01098901098901095,1.1001865693226753
005930.KS,2023-12-04,72600.0,U1,Uptrend,Low,0.008333333333333304,1.387881858873616
005930.KS,2023-12-05,71200.0,U1,Uptrend,Low,-0.019283746556473802,0.6492586383943716
005930.KS,2023-12-06,71700.0,U1,Uptrend,Low,0.0070224719101124045,0.8894363535322256
005930.KS,2023-12-07,71500.0,U1,Uptrend,Low,-0.002789400278940035,0.7725099786620813
005930.KS,2023-12-08,72600.0,U1,Uptrend,Low,0.01538461538461533,1.301340989828402
005930.KS,2023-12-11,73000.0,U1,Uptrend,Low,0.005509641873278293,1.4604564068195456
005930.KS,2023-12-12,73500.0,U1,Uptrend,Low,0.006849315068493178,1.6461955678645204
005930.KS,2023-12-13,72800.0,U1,Uptrend,Low,-0.00952380952380949,1.2724090617640609
005930.KS,2023-12-14,73100.0,U1,Uptrend,Low,0.004120879120879106,1.3887999311102415
005930.KS,2023-12-15,73300.0,U1,Uptrend,Low,0.002735978112175186,1.455960736884381
005930.KS,2023-12-18,72900.0,U1,Uptrend,Low,-0.00545702592087316,1.2302540852009674
005930.KS,2023-12-19,73400.0,U1,Uptrend,Low,0.006858710562414272,1.4102511400741946
005930.KS,2023-12-20,74800.0,U1,Uptrend,Medium,0.019073569482288777,1.9447960933144957
005930.KS,2023-12-21,75000.0,U1,Uptrend,Medium,0.002673796791443861,1.930585507336716
005930.KS,2023-12-22,75900.0,U2,Uptrend,Low,0.01200000000000001,2.1809379398421003
005930.KS,2023-12-26,76600.0,U2,Uptrend,Low,0.00922266139657446,2.3112699521426427
005930.KS,2023-12-27,78000.0,U2,Uptrend,Low,0.018276762402088753,2.64347085470805
005930.KS,2023-12-28,78500.0,U2,Uptrend,Low,0.0064102564102563875,2.617780108013055
005930.KS,2024-01-02,79600.0,U2,Uptrend,Low,0.014012738853503182,2.770710578368249
005930.KS,2024-01-03,77000.0,U2,Uptrend,Medium,-0.03266331658291455,1.831932978863369
005930.KS,2024-01-04,76600.0,U2,Uptrend,Medium,-0.0051948051948051965,1.6492879229250121
005930.KS,2024-01-05,76600.0,U2,Uptrend,Medium,0.0,1.5990352511738493
005930.KS,2024-01-08,76500.0,U2,Uptrend,Medium,-0.0013054830287205776,1.5083204894033861
005930.KS,2024-01-09,74700.0,U1,Uptrend,Medium,-0.02352941176470591,0.8852860642115167
005930.KS,2024-01-10,73600.0,U1,Uptrend,Medium,-0.014725568942436373,0.49812565670833087
005930.KS,2024-01-11,73200.0,U1,Uptrend,Medium,-0.005434782608695676,0.33883540433602116
005930.KS,2024-01-12,73100.0,U1,Uptrend,Medium,-0.001366120218579181,0.285673114720367
005930.KS,2024-01-15,73900.0,U1,Uptrend,Medium,0.010943912448700521,0.5418807895931785
005930.KS,2024-01-16,72600.0,U1,Uptrend,Medium,-0.017591339648173165,0.07697292228506177
005930.KS,2024-01-17,71000.0,U1,Uptrend,Medium,-0.02203856749311295,-0.49696381092019276
005930.KS,2024-01-18,71700.0,U1,Uptrend,Medium,0.009859154929577452,-0.2750101073540848
005930.KS,2024-01-19,74700.0,U1,Uptrend,Medium,0.04184100418410042,0.7691132617823147
005930.KS,2024-01-22,75100.0,U1,Uptrend,Medium,0.0053547523427042165,0.8862085749446945
005930.KS,2024-01-23,75200.0,U1,Uptrend,Medium,0.0013315579227697327,0.9034041076558684
005930.KS,2024-01-24,74000.0,U1,Uptrend,Medium,-0.015957446808510634,0.4185196196705753
005930.KS,2024-01-25,74100.0,U1,Uptrend,Medium,0.0013513513513514486,0.43164280757862283
005930.KS,2024-01-26,73400.0,U1,Uptrend,Medium,-0.009446693657219951,0.10260923084769577
005930.KS,2024-01-29,74400.0,U1,Uptrend,Medium,0.013623978201634968,0.5169932550320542
005930.KS,2024-01-30,74300.0,U1,Uptrend,Medium,-0.0013440860215053752,0.44610574513391643
005930.KS,2024-01-31,72700.0,U1,Uptrend,Medium,-0.021534320323014833,-0.32981167557122093
005930.KS,2024-02-01,73600.0,U1,Uptrend,Medium,0.012379642365887289,0.078844163922629
005930.KS,2024-02-02,75200.0,U1,Uptrend,Medium,0.021739130434782705,0.8225233460346693
005930.KS,2024-02-05,74300.0,U1,Uptrend,Medium,-0.01196808510638303,0.35852173039676954
005930.KS,2024-02-06,74400.0,U1,Uptrend,Medium,0.0013458950201883368,0.3828088144520225
005930.KS,2024-02-07,75000.0,U1,Uptrend,Medium,0.008064516129032251,0.663247426199651
005930.KS,2024-02-08,74100.0,U1,Uptrend,Medium,-0.01200000000000001,0.1673260483276139
005930.KS,2024-02-13,75200.0,U1,Uptrend,Medium,0.014844804318488558,0.7284549065384547
005930.KS,2024-02-14,74000.0,U1,Uptrend,Medium,-0.015957446808510634,0.060220806717290666
005930.KS,2024-02-15,73200.0,U1,Uptrend,Medium,-0.010810810810810811,-0.3820926554503711
005930.KS,2024-02-16,72800.0,U1,Uptrend,Medium,-0.005464480874316946,-0.6053760477421818
005930.KS,2024-02-19,73800.0,U1,Uptrend,Medium,0.013736263736263687,-0.06618781356459587
005930.KS,2024-02-20,73300.0,U1,Uptrend,Medium,-0.006775067750677488,-0.3473504714402663
005930.KS,2024-02-21,73000.0,U1,Uptrend,Medium,-0.004092769440654842,-0.5155873395127955
005930.KS,2024-02-22,73100.0,U1,Uptrend,Medium,0.00136986301369868,-0.46873025835820614
005930.KS,2024-02-23,72900.0,U1,Uptrend,Medium,-0.002735978112175075,-0.5972445314232077
005930.KS,2024-02-26,72800.0,U1,Uptrend,Medium,-0.00137174211248281,-0.6780083805168623
005930.KS,2024-02-27,72900.0,U1,Uptrend,Medium,0.0013736263736263687,-0.6236743478928091
005930.KS,2024-02-28,73200.0,U1,Uptrend,Medium,0.004115226337448652,-0.4583716910613595
005930.KS,2024-02-29,73400.0,U1,Uptrend,Medium,0.002732240437158362,-0.3505692175143825
005930.KS,2024-03-04,74900.0,U1,Uptrend,Medium,0.02043596730245234,0.4883624716725357
005930.KS,2024-03-05,73700.0,U1,Uptrend,Medium,-0.01602136181575431,-0.2198239384754431
005930.KS,2024-03-06,72900.0,U1,Uptrend,Medium,-0.01085481682496603,-0.7177644506343972
005930.KS,2024-03-07,72200.0,U1,Uptrend,Medium,-0.009602194787380003,-1.1471587993902919
005930.KS,2024-03-08,73300.0,U1,Uptrend,Medium,0.015235457063711877,-0.5154946027478235
005930.KS,2024-03-11,72400.0,U1,Uptrend,Medium,-0.012278308321964526,-1.0613850291790787
005930.KS,2024-03-12,73300.0,U1,Uptrend,Medium,0.012430939226519389,-0.5164133580494917
005930.KS,2024-03-13,74100.0,U1,Uptrend,Medium,0.01091405184174632,-0.03365747710038529
005930.KS,2024-03-14,74300.0,U1,Uptrend,Medium,0.0026990553306343035,0.07387007233012334
005930.KS,2024-03-15,72300.0,U1,Uptrend,Medium,-0.026917900403768513,-1.1404885994788547
005930.KS,2024-03-18,72800.0,U1,Uptrend,Medium,0.006915629322268302,-0.8270036769468565
005930.KS,2024-03-19,72800.0,U1,Uptrend,Medium,0.0,-0.8253112580843429
005930.KS,2024-03-20,76900.0,U2,Uptrend,Medium,0.05631868131868134,1.599872936900918
005930.KS,2024-03-21,79300.0,U2,Uptrend,Medium,0.031209362808842567,2.7819220652255936
005930.KS,2024-03-22,78900.0,U2,Uptrend,Medium,-0.0050441361916772065,2.398541276954305
005930.KS,2024-03-25,78200.0,U2,Uptrend,Medium,-0.008871989860583018,1.9529646363549478
005930.KS,2024-03-26,79900.0,U2,Uptrend,Medium,0.021739130434782705,2.651435710979065
005930.KS,2024-03-27,79800.0,U2,Uptrend,Medium,-0.0012515644555695093,2.5091216323022865
005930.KS,2024-03-28,80800.0,U2,Uptrend,Medium,0.012531328320801949,2.8385042976454713
005930.KS,2024-03-29,82400.0,U2,Uptrend,Medium,0.01980198019801982,3.3375604824868357
005930.KS,2024-04-01,82000.0,U2,Uptrend,Medium,-0.004854368932038833,2.9197209510347166
005930.KS,2024-04-02,85000.0,U2,Uptrend,Medium,0.03658536585365857,3.5941340067606027
005930.KS,2024-04-03,84100.0,U2,Uptrend,Medium,-0.010588235294117676,2.9852412933945986
005930.KS,2024-04-04,85300.0,U2,Uptrend,Medium,0.014268727705113005,3.055096041870921
005930.KS,2024-04-05,84500.0,U2,Uptrend,Medium,-0.009378663540445475,2.6015469725213483
005930.KS,2024-04-08,84500.0,U2,Uptrend,Medium,0.0,2.422492593154831
005930.KS,2024-04-09,83600.0,U2,Uptrend,Medium,-0.010650887573964485,2.0629308806567623
005930.KS,2024-04-11,84100.0,U2,Uptrend,Medium,0.005980861244019087,2.070829086003667
005930.KS,2024-04-12,83700.0,U2,Uptrend,Medium,-0.0047562425683710385,1.874984735690086
005930.KS,2024-04-15,82200.0,U2,Uptrend,Medium,-0.017921146953404965,1.4556477247113282
005930.KS,2024-04-16,80000.0,U2,Uptrend,Medium,-0.02676399026763987,0.9015355447699064
005930.KS,2024-04-17,78900.0,U2,Uptrend,Medium,-0.01375000000000004,0.6138111426461159
005930.KS,2024-04-18,79600.0,U2,Uptrend,Medium,0.008871989860582907,0.7600784176713963
005930.KS,2024-04-19,77600.0,U2,Uptrend,Medium,-0.025125628140703515,0.26983959953792785
005930.KS,2024-04-22,76100.0,U2,Uptrend,Medium,-0.019329896907216537,-0.09415269587023113
005930.KS,2024-04-23,75500.0,U1,Uptrend,Medium,-0.007884362680683266,-0.24502865483457054
005930.KS,2024-04-24,78600.0,U2,Uptrend,Medium,0.041059602649006655,0.4844704302234942
005930.KS,2024-04-25,76300.0,U2,Uptrend,Medium,-0.029262086513994867,-0.08243565187383733
005930.KS,2024-04-26,76700.0,U2,Uptrend,Medium,0.005242463958060384,0.0052666562794292555
005930.KS,2024-04-29,76700.0,U2,Uptrend,Medium,0.0,-0.00446929251386949
005930.KS,2024-04-30,77500.0,U2,Uptrend,Medium,0.010430247718383301,0.17244019372410838
005930.KS,2024-05-02,78000.0,U2,Uptrend,Medium,0.006451612903225712,0.27859875988614996
005930.KS,2024-05-03,77600.0,U2,Uptrend,Medium,-0.00512820512820511,0.17016519959993212
005930.KS,2024-05-07,81300.0,U2,Uptrend,Medium,0.04768041237113407,1.0497145746436933
005930.KS,2024-05-08,81300.0,U2,Uptrend,Medium,0.0,1.015986287920764
005930.KS,2024-05-09,79700.0,U2,Uptrend,Medium,-0.019680196801967975,0.605280160518863
005930.KS,2024-05-10,79200.0,U2,Uptrend,Medium,-0.006273525721455453,0.46387762714992375
005930.KS,2024-05-13,78400.0,U2,Uptrend,Medium,-0.010101010101010055,0.25524962105910504
005930.KS,2024-05-14,78300.0,U2,Uptrend,Medium,-0.0012755102040816757,0.21429234548650242
005930.KS,2024-05-16,78200.0,U2,Uptrend,Medium,-0.0012771392081737387,0.17061709819788531
005930.KS,2024-05-17,77400.0,U2,Uptrend,Medium,-0.010230179028132946,-0.04831637129558092
005930.KS,2024-05-20,78900.0,U2,Uptrend,Medium,0.019379844961240345,0.31058312474046285
005930.KS,2024-05-21,78400.0,U2,Uptrend,Medium,-0.006337135614702172,0.1637763667831116
005930.KS,2024-05-22,77700.0,U2,Uptrend,Medium,-0.008928571428571397,-0.03639035031179149
005930.KS,2024-05-23,78300.0,U2,Uptrend,Medium,0.007722007722007707,0.09832774585696571
005930.KS,2024-05-24,75900.0,U2,Uptrend,Medium,-0.03065134099616862,-0.5539314116005354
005930.KS,2024-05-27,77200.0,U2,Uptrend,Medium,0.017127799736495364,-0.23044410073144353
005930.KS,2024-05-28,77600.0,U2,Uptrend,Medium,0.005181347150259086,-0.14567903216554037
005930.KS,2024-05-29,75200.0,U1,Uptrend,Medium,-0.030927835051546393,-0.8250614609357231
005930.KS,2024-05-30,73500.0,U1,Uptrend,Medium,-0.022606382978723416,-1.2999179964882577
005930.KS,2024-05-31,73500.0,U1,Uptrend,Medium,0.0,-1.2840915752090412
005930.KS,2024-06-03,75700.0,U2,Uptrend,Medium,0.029931972789115635,-0.6907063905981629
005930.KS,2024-06-04,75300.0,U1,Uptrend,Medium,-0.005284015852047519,-0.8243564659131087
005930.KS,2024-06-05,77400.0,U2,Uptrend,Medium,0.027888446215139417,-0.26111275867391615
005930.KS,2024-06-07,77300.0,U2,Uptrend,Medium,-0.0012919896640827266,-0.3149671048435655
005930.KS,2024-06-10,75700.0,U2,Uptrend,Medium,-0.02069857697283317,-0.821245159654796
005930.KS,2024-06-11,75200.0,U1,Uptrend,Medium,-0.006605019815059454,-0.9939518307848537
005930.KS,2024-06-12,76500.0,U2,Uptrend,Medium,0.017287234042553168,-0.6164723026475171
005930.KS,2024-06-13,78600.0,U2,Uptrend,Medium,0.027450980392156765,0.010984724224590289
005930.KS,2024-06-14,79600.0,U2,Uptrend,Medium,0.012722646310432628,0.2964807225819461
005930.KS,2024-06-17,78100.0,U2,Uptrend,Medium,-0.018844221105527637,-0.22625351242153618
005930.KS,2024-06-18,79800.0,U2,Uptrend,Medium,0.02176696542893719,0.31529810221430593
005930.KS,2024-06-19,81200.0,U2,Uptrend,Medium,0.01754385964912286,0.7755515800071798
005930.KS,2024-06-20,81600.0,U2,Uptrend,Medium,0.0049261083743843415,0.8948237358139467
005930.KS,2024-06-21,80000.0,U2,Uptrend,Medium,-0.019607843137254943,0.33716880015466383
005930.KS,2024-06-24,80600.0,U2,Uptrend,Medium,0.007500000000000062,0.5289206364766871
005930.KS,2024-06-25,80800.0,U2,Uptrend,Medium,0.002481389578163684,0.5910972735895125
005930.KS,2024-06-26,81300.0,U2,Uptrend,Medium,0.006188118811881083,0.7505932888626997
005930.KS,2024-06-27,81600.0,U2,Uptrend,Medium,0.0036900369003689537,0.8456085764707679
005930.KS,2024-06-28,81500.0,U2,Uptrend,Medium,-0.001225490196078427,0.8208322717651371
005930.KS,2024-07-01,81800.0,U2,Uptrend,Medium,0.0036809815950920033,0.9255322988112824
005930.KS,2024-07-02,81800.0,U2,Uptrend,Medium,0.0,0.9708612311890918
005930.KS,2024-07-03,81800.0,U2,Uptrend,Medium,0.0,1.0035729892398788
005930.KS,2024-07-04,84600.0,U2,Uptrend,Medium,0.03422982885085579,2.031084411089714
005930.KS,2024-07-05,87100.0,U2,Uptrend,Medium,0.029550827423167947,2.812538021544477
005930.KS,2024-07-08,87400.0,U2,Uptrend,Medium,0.003444316877152742,2.78774415216631
005930.KS,2024-07-09,87800.0,U2,Uptrend,Medium,0.004576659038901587,2.7568619019534024
005930.KS,2024-07-10,87800.0,U2,Uptrend,Medium,0.0,2.6262661857444245
005930.KS,2024-07-11,87600.0,U2,Uptrend,Medium,-0.002277904328018221,2.4500133805263498
005930.KS,2024-07-12,84400.0,U2,Uptrend,Medium,-0.0365296803652968,1.4779027133524112
005930.KS,2024-07-15,86700.0,U2,Uptrend,Medium,0.027251184834123254,2.037758644305377
005930.KS,2024-07-16,87700.0,U2,Uptrend,Medium,0.011534025374855927,2.1818869491128443
005930.KS,2024-07-17,86700.0,U2,Uptrend,Medium,-0.011402508551881407,1.8266622538924944
005930.KS,2024-07-18,86900.0,U2,Uptrend,Medium,0.0023068050749712743,1.7914289454904875
005930.KS,2024-07-19,84400.0,U2,Uptrend,Medium,-0.028768699654775576,1.1178085812640817
005930.KS,2024-07-22,83000.0,U2,Uptrend,Medium,-0.016587677725118488,0.7363714250823152
005930.KS,2024-07-23,83900.0,U2,Uptrend,Medium,0.010843373493975905,0.9373340111795819
005930.KS,2024-07-24,82000.0,U2,Uptrend,Medium,-0.022646007151370662,0.4349031947703189
005930.KS,2024-07-25,80400.0,U2,Uptrend,Medium,-0.019512195121951237,0.011134229320451269
005930.KS,2024-07-26,80900.0,U2,Uptrend,Medium,0.006218905472636926,0.12254014851691547
005930.KS,2024-07-29,81200.0,U2,Uptrend,Medium,0.003708281829418958,0.18510537540979688
005930.KS,2024-07-30,81000.0,U2,Uptrend,Medium,-0.0024630541871921707,0.12050084820278131
005930.KS,2024-07-31,83900.0,U2,Uptrend,Medium,0.03580246913580254,0.8490487254404218
005930.KS,2024-08-01,83100.0,U2,Uptrend,Medium,-0.009535160905840279,0.6306457190066705
005930.KS,2024-08-02,79600.0,U2,Uptrend,Medium,-0.04211793020457277,-0.27146566844846254
005930.KS,2024-08-05,71400.0,U1,Uptrend,Medium,-0.10301507537688437,-2.2603035769483895
005930.KS,2024-08-06,72500.0,U1,Uptrend,Medium,0.01540616246498594,-1.8993829517920477
005930.KS,2024-08-07,74700.0,U1,Uptrend,High,0.030344827586206824,-1.3368882082947526
005930.KS,2024-08-08,73400.0,U1,Uptrend,High,-0.01740294511378848,-1.5932503298983722
005930.KS,2024-08-09,74700.0,U1,Uptrend,High,0.017711171662125436,-1.262208028476963
005930.KS,2024-08-12,75500.0,U1,Uptrend,High,0.010709504685408211,-1.0643910450712966
005930.KS,2024-08-13,76100.0,U2,Uptrend,High,0.007947019867549754,-0.9108124886862982
005930.KS,2024-08-14,77200.0,U2,Uptrend,High,0.014454664914586024,-0.6551590313435797
005930.KS,2024-08-16,80200.0,U2,Uptrend,High,0.03886010362694292,0.014369182652954674
005930.KS,2024-08-19,78300.0,U2,Uptrend,High,-0.023690773067331694,-0.4167062969357186
005930.KS,2024-08-20,78900.0,U2,Uptrend,High,0.00766283524904221,-0.29405456081829184
005930.KS,2024-08-21,78300.0,U2,Uptrend,High,-0.0076045627376425395,-0.4364089920059273
005930.KS,2024-08-22,78300.0,U2,Uptrend,High,0.0,-0.43970106915982904
005930.KS,2024-08-23,77700.0,U2,Uptrend,High,-0.007662835249042099,-0.5919261739719568
005930.KS,2024-08-26,76100.0,U2,Uptrend,High,-0.020592020592020588,-0.9849639050953999
005930.KS,2024-08-27,75800.0,U2,Uptrend,High,-0.003942181340341633,-1.0774465176393706
005930.KS,2024-08-28,76400.0,U2,Uptrend,High,0.0079155672823219,-0.9405252345236201
005930.KS,2024-08-29,74000.0,U1,Uptrend,High,-0.03141361256544506,-1.4959970292218912
005930.KS,2024-08-30,74300.0,U1,Uptrend,High,0.004054054054054124,-1.3947717525355219
005930.KS,2024-09-02,74400.0,U1,Uptrend,Medium,0.0013458950201883368,-1.3444159224259662
005930.KS,2024-09-03,72500.0,U1,Uptrend,Medium,-0.025537634408602128,-1.7398998078776386
005930.KS,2024-09-04,70000.0,U1,Uptrend,Medium,-0.03448275862068961,-2.212654731537508
005930.KS,2024-09-05,69000.0,U1,Uptrend,Medium,-0.014285714285714235,-2.304210915920076
005930.KS,2024-09-06,68900.0,U1,Uptrend,Medium,-0.0014492753623188692,-2.195558148514326
005930.KS,2024-09-09,67500.0,U1,Uptrend,Medium,-0.020319303338171224,-2.321003534524319
005930.KS,2024-09-10,66200.0,D1,Downtrend,Medium,-0.01925925925925931,-2.404523493085726
005930.KS,2024-09-11,64900.0,D1,Downtrend,Medium,-0.01963746223564955,-2.457344818338335
005930.KS,2024-09-12,66300.0,D1,Downtrend,Medium,0.02157164869029282,-2.0918749869621247
005930.KS,2024-09-13,64400.0,D1,Downtrend,Medium,-0.02865761689291102,-2.257458114092372
005930.KS,2024-09-19,63100.0,D1,Downtrend,Medium,-0.02018633540372672,-2.3064963914770686
005930.KS,2024-09-20,63000.0,D1,Downtrend,Medium,-0.0015847860538826808,-2.1838354484377014
005930.KS,2024-09-23,62600.0,D1,Downtrend,Medium,-0.006349206349206327,-2.1144030235809455
005930.KS,2024-09-24,63200.0,D1,Downtrend,Medium,0.009584664536741228,-1.927852876553921
005930.KS,2024-09-25,62200.0,D1,Downtrend,Medium,-0.015822784810126556,-1.9570241156843244
005930.KS,2024-09-26,64700.0,D1,Downtrend,Medium,0.04019292604501601,-1.5628775043214458
005930.KS,2024-09-27,64200.0,D1,Downtrend,Medium,-0.007727975270479082,-1.5612483631883223
005930.KS,2024-09-30,61500.0,D1,Downtrend,Medium,-0.04205607476635509,-1.813405149816608
005930.KS,2024-10-02,61300.0,D1,Downtrend,Medium,-0.003252032520325243,-1.7548366631958634
005930.KS,2024-10-04,60600.0,D1,Downtrend,Medium,-0.011419249592169667,-1.759435534981658
005930.KS,2024-10-07,61000.0,D1,Downtrend,Medium,0.0066006600660066805,-1.6484188638876263
005930.KS,2024-10-08,60300.0,D1,Downtrend,Medium,-0.011475409836065542,-1.6675562387641714
005930.KS,2024-10-10,58900.0,D1,Downtrend,Medium,-0.023217247097844118,-1.763241940327734
005930.KS,2024-10-11,59300.0,D1,Downtrend,Medium,0.00679117147707986,-1.658392419835423
005930.KS,2024-10-14,59300.0,D1,Downtrend,Medium,0.0,-1.6044485785525084
005930.KS,2024-10-15,61000.0,D1,Downtrend,Medium,0.02866779089376048,-1.360470474615486
005930.KS,2024-10-16,59500.0,D1,Downtrend,Medium,-0.024590163934426257,-1.4867968216248986
005930.KS,2024-10-17,59700.0,D1,Downtrend,Medium,0.003361344537815114,-1.424306572339392
005930.KS,2024-10-18,59200.0,D1,Downtrend,Medium,-0.008375209380234505,-1.441654809660886
005930.KS,2024-10-21,59000.0,D1,Downtrend,Medium,-0.0033783783783783994,-1.427437373791324
005930.KS,2024-10-22,57700.0,D2,Downtrend,Medium,-0.02203389830508473,-1.5334326025207674
005930.KS,2024-10-23,59100.0,D1,Downtrend,Medium,0.024263431542461023,-1.3235245525475334
005930.KS,2024-10-24,56600.0,D2,Downtrend,Medium,-0.04230118443316411,-1.574523663039155
005930.KS,2024-10-25,55900.0,D2,Downtrend,Medium,-0.012367491166077715,-1.6019280379980427
005930.KS,2024-10-28,58100.0,D2,Downtrend,Medium,0.03935599284436497,-1.2935632658232528
005930.KS,2024-10-29,59600.0,D1,Downtrend,Medium,0.025817555938037806,-1.078743590145415
005930.KS,2024-10-30,59100.0,D1,Downtrend,Medium,-0.008389261744966459,-1.1064025163891018
005930.KS,2024-10-31,59200.0,D1,Downtrend,Medium,0.0016920473773265332,-1.0625016932479352
005930.KS,2024-11-01,58300.0,D1,Downtrend,Medium,-0.015202702702702742,-1.1496808595423451
005930.KS,2024-11-04,58700.0,D1,Downtrend,Medium,0.006861063464836947,-1.0745876137770374
005930.KS,2024-11-05,57600.0,D2,Downtrend,Medium,-0.01873935264054516,-1.185300869451026
005930.KS,2024-11-06,57300.0,D2,Downtrend,Medium,-0.00520833333333337,-1.1837176328679175
005930.KS,2024-11-07,57300.0,D2,Downtrend,Medium,0.0,-1.1439243122225864
005930.KS,2024-11-08,57000.0,D2,Downtrend,Medium,-0.005235602094240788,-1.1443583350630235
005930.KS,2024-11-11,55000.0,D2,Downtrend,Medium,-0.03508771929824561,-1.3560558146458315
005930.KS,2024-11-12,53000.0,D2,Downtrend,Medium,-0.036363636363636376,-1.5554994339691584
005930.KS,2024-11-13,50600.0,D2,Downtrend,Medium,-0.04528301886792452,-1.7886815737667383
005930.KS,2024-11-14,49900.0,D2,Downtrend,Medium,-0.013833992094861691,-1.8036322573267687
005930.KS,2024-11-15,53500.0,D2,Downtrend,Medium,0.07214428857715438,-1.3115968096062611
005930.KS,2024-11-18,56700.0,D2,Downtrend,High,0.059813084112149584,-0.8831455293303238
005930.KS,2024-11-19,56300.0,D2,Downtrend,High,-0.007054673721340388,-0.9115140393274164
005930.KS,2024-11-20,55300.0,D2,Downtrend,High,-0.017761989342806372,-1.0252114601303628
005930.KS,2024-11-21,56400.0,D2,Downtrend,High,0.019891500904159143,-0.8517505874883817
005930.KS,2024-11-22,56000.0,D2,Downtrend,High,-0.007092198581560294,-0.8917767214346021
005930.KS,2024-11-25,57900.0,D2,Downtrend,Medium,0.03392857142857153,-0.5840991360987838
005930.KS,2024-11-26,58300.0,D1,Downtrend,Medium,0.006908462867012188,-0.4961387919946953
005930.KS,2024-11-27,56300.0,D2,Downtrend,High,-0.03430531732418529,-0.8086480171736428
005930.KS,2024-11-28,55500.0,D2,Downtrend,High,-0.014209591474245165,-0.9389960632918614
005930.KS,2024-11-29,54200.0,D2,Downtrend,High,-0.023423423423423406,-1.1647119746207435
005930.KS,2024-12-02,53600.0,D2,Downtrend,High,-0.011070110701106972,-1.2771384242767547
005930.KS,2024-12-03,53600.0,D2,Downtrend,High,0.0,-1.2870130275418603
005930.KS,2024-12-04,53100.0,D2,Downtrend,High,-0.009328358208955279,-1.3970662272638399
005930.KS,2024-12-05,53700.0,D2,Downtrend,High,0.011299435028248483,-1.2486352859303795
005930.KS,2024-12-06,54100.0,D2,Downtrend,High,0.007448789571694592,-1.139343686467627
005930.KS,2024-12-09,53400.0,D2,Downtrend,Medium,-0.012939001848428888,-1.2989944194653826
005930.KS,2024-12-10,54000.0,D2,Downtrend,Medium,0.011235955056179803,-1.1292898837171756
005930.KS,2024-12-11,54000.0,D2,Downtrend,Medium,0.0,-1.106532007446557
005930.KS,2024-12-12,55900.0,D2,Downtrend,Medium,0.03518518518518521,-0.5665995995364062
005930.KS,2024-12-13,56100.0,D2,Downtrend,Medium,0.003577817531305927,-0.4859104153555228
005930.KS,2024-12-16,55600.0,D2,Downtrend,Medium,-0.0089126559714795,-0.6070976112174522
005930.KS,2024-12-17,54200.0,D2,Downtrend,Medium,-0.025179856115107868,-0.998777845446813
005930.KS,2024-12-18,54900.0,D2,Downtrend,Medium,0.012915129151291449,-0.7589324621859449
005930.KS,2024-12-19,53100.0,D2,Downtrend,Medium,-0.032786885245901676,-1.2825772946064693
005930.KS,2024-12-20,53000.0,D2,Downtrend,Medium,-0.0018832391713747842,-1.2828845089075411
005930.KS,2024-12-23,53500.0,D2,Downtrend,Medium,0.009433962264151052,-1.0915826178768027
005930.KS,2024-12-24,54400.0,D2,Downtrend,Medium,0.016822429906542036,-0.7847487304911857
005930.KS,2024-12-26,53600.0,D2,Downtrend,Medium,-0.014705882352941124,-1.0505987974999735
005930.KS,2024-12-27,53700.0,D2,Downtrend,Medium,0.001865671641791078,-0.9874047742813208
005930.KS,2024-12-30,53200.0,D2,Downtrend,Medium,-0.009310986964618295,-1.1417185982706717
005930.KS,2025-01-02,53400.0,D2,Downtrend,Medium,0.003759398496240518,-1.0363677880841768
005930.KS,2025-01-03,54400.0,D2,Downtrend,Medium,0.01872659176029967,-0.6315350452154452
005930.KS,2025-01-06,55900.0,D2,Downtrend,Medium,0.02757352941176472,-0.01799906041254732
005930.KS,2025-01-07,55400.0,D2,Downtrend,Medium,-0.008944543828264706,-0.19697735400877
005930.KS,2025-01-08,57300.0,D2,Downtrend,Medium,0.03429602888086647,0.5936004949562542
005930.KS,2025-01-09,56100.0,D2,Downtrend,Medium,-0.020942408376963373,0.12525827236124273
005930.KS,2025-01-10,55300.0,D2,Downtrend,Medium,-0.014260249554367221,-0.17637015256172733
005930.KS,2025-01-13,54100.0,D2,Downtrend,Medium,-0.02169981916817365,-0.6732105072155021
005930.KS,2025-01-14,53900.0,D2,Downtrend,Medium,-0.003696857670979714,-0.7369883281940873
005930.KS,2025-01-15,53700.0,D2,Downtrend,Medium,-0.0037105751391465214,-0.801618063170216
005930.KS,2025-01-16,54300.0,D2,Downtrend,Medium,0.011173184357541999,-0.4976026275887325
005930.KS,2025-01-17,53700.0,D2,Downtrend,Medium,-0.011049723756906049,-0.7552093573683339
005930.KS,2025-01-20,53400.0,D2,Downtrend,Medium,-0.005586592178770999,-0.8728449610874609
005930.KS,2025-01-21,53500.0,D2,Downtrend,Medium,0.001872659176029856,-0.7976430129067619
005930.KS,2025-01-22,54300.0,D2,Downtrend,Medium,0.01495327102803734,-0.3942943662201635
005930.KS,2025-01-23,53700.0,D2,Downtrend,Medium,-0.011049723756906049,-0.6609832100708078
005930.KS,2025-01-24,53700.0,D2,Downtrend,Medium,0.0,-0.6389161701211453
005930.KS,2025-01-31,52400.0,D2,Downtrend,Medium,-0.02420856610800748,-1.2872330673792411
005930.KS,2025-02-03,51000.0,D2,Downtrend,Medium,-0.026717557251908386,-1.9846994512278038
005930.KS,2025-02-04,52700.0,D2,Downtrend,Medium,0.03333333333333344,-1.0446437261838706
005930.KS,2025-02-05,52900.0,D2,Downtrend,Medium,0.00379506641366234,-0.9160692550509099
005930.KS,2025-02-06,54000.0,D2,Downtrend,Medium,0.020793950850661602,-0.2582130315265762
005930.KS,2025-02-07,53700.0,D2,Downtrend,Medium,-0.005555555555555536,-0.40916157513741414
005930.KS,2025-02-10,55600.0,D2,Downtrend,Medium,0.035381750465549366,0.7710315073633456
005930.KS,2025-02-11,55700.0,D2,Downtrend,Medium,0.0017985611510791255,0.8607123839027037
005930.KS,2025-02-12,55800.0,D2,Downtrend,Medium,0.0017953321364452268,0.9099359180903909
005930.KS,2025-02-13,55800.0,D2,Downtrend,Medium,0.0,0.8802489229098824
005930.KS,2025-02-14,56000.0,D2,Downtrend,Medium,0.0035842293906809264,0.9895906320546617
005930.KS,2025-02-17,56000.0,D2,Downtrend,Medium,0.0,0.9947113887259817
005930.KS,2025-02-18,56900.0,D2,Downtrend,Medium,0.016071428571428514,1.559588469863979
005930.KS,2025-02-19,58700.0,D1,Downtrend,Medium,0.03163444639718804,2.650029128782985
005930.KS,2025-02-20,58400.0,D1,Downtrend,Medium,-0.005110732538330498,2.3359059075971533
005930.KS,2025-02-21,58200.0,D1,Downtrend,Medium,-0.003424657534246589,2.0972498133942596
005930.KS,2025-02-24,57300.0,D2,Downtrend,Medium,-0.015463917525773141,1.5226232509361162
005930.KS,2025-02-25,57200.0,D2,Downtrend,Medium,-0.0017452006980802626,1.431394794306509
005930.KS,2025-02-26,56600.0,D2,Downtrend,Medium,-0.010489510489510523,1.1096412212616142
005930.KS,2025-02-27,56300.0,D2,Downtrend,Medium,-0.005300353356890497,0.9797722922294817
005930.KS,2025-02-28,54500.0,D2,Downtrend,Medium,-0.03197158081705154,-0.12820902903165907
005930.KS,2025-03-04,54500.0,D2,Downtrend,Medium,0.0,-0.11794274547284195
005930.KS,2025-03-05,54000.0,D2,Downtrend,Medium,-0.00917431192660545,-0.4314132924857216
005930.KS,2025-03-06,54300.0,D2,Downtrend,Medium,0.005555555555555536,-0.25025422736988717
005930.KS,2025-03-07,53700.0,D2,Downtrend,Medium,-0.011049723756906049,-0.6318929122119658
005930.KS,2025-03-10,53700.0,D2,Downtrend,Medium,0.0,-0.6416563039482411
005930.KS,2025-03-11,53600.0,D2,Downtrend,Medium,-0.0018621973929237035,-0.7038231079406271
005930.KS,2025-03-12,54900.0,D2,Downtrend,Medium,0.02425373134328357,0.11584645871203957
005930.KS,2025-03-13,54700.0,D2,Downtrend,Medium,-0.0036429872495445936,-0.025664129438536427
005930.KS,2025-03-14,54700.0,D2,Downtrend,Medium,0.0,-0.03321377375388245
005930.KS,2025-03-17,57600.0,D2,Downtrend,Medium,0.05301645338208405,1.74814598885936
005930.KS,2025-03-18,57600.0,D2,Downtrend,Medium,0.0,1.6938627036319038
005930.KS,2025-03-19,58500.0,D1,Downtrend,Medium,0.015625,2.142990653956116
005930.KS,2025-03-20,60200.0,D1,Downtrend,Medium,0.029059829059828957,2.878333935920259
005930.KS,2025-03-21,61700.0,D1,Downtrend,Medium,0.024916943521594792,3.2831859873832228
005930.KS,2025-03-24,60500.0,D1,Downtrend,Medium,-0.01944894651539708,2.4959220517852616
005930.KS,2025-03-25,59800.0,D1,Downtrend,Medium,-0.011570247933884281,2.0539284992020903
005930.KS,2025-03-26,61400.0,D1,Downtrend,Medium,0.026755852842809347,2.5816494681937856
005930.KS,2025-03-27,61800.0,D1,Downtrend,Medium,0.006514657980456029,2.554040856550285
005930.KS,2025-03-28,60200.0,D1,Downtrend,Medium,-0.02588996763754048,1.8093768961541399
005930.KS,2025-03-31,57800.0,D2,Downtrend,Medium,-0.039867109634551534,0.8245876022644274
005930.KS,2025-04-01,58800.0,D1,Downtrend,Medium,0.01730103806228378,1.1816729410900153
005930.KS,2025-04-02,58800.0,D1,Downtrend,Medium,0.0,1.142381880898521
005930.KS,2025-04-03,57600.0,D2,Downtrend,Medium,-0.020408163265306145,0.6435597034016466
005930.KS,2025-04-04,56100.0,D2,Downtrend,Medium,-0.02604166666666663,0.03653926968000192
005930.KS,2025-04-07,53200.0,D2,Downtrend,Medium,-0.05169340463458105,-1.0901700022569665
005930.KS,2025-04-08,53500.0,D2,Downtrend,Medium,0.005639097744360999,-0.9522029875066506
005930.KS,2025-04-09,53000.0,D2,Downtrend,Medium,-0.009345794392523366,-1.1107120854023105
005930.KS,2025-04-10,56400.0,D2,Downtrend,Medium,0.0641509433962264,0.2077113475318754
005930.KS,2025-04-11,55200.0,D2,Downtrend,Medium,-0.021276595744680882,-0.25749578773735904
005930.KS,2025-04-14,56200.0,D2,Downtrend,Medium,0.018115942028985588,0.11756408840534614
005930.KS,2025-04-15,56600.0,D2,Downtrend,Medium,0.007117437722419906,0.25711459889172644
005930.KS,2025-04-16,54700.0,D2,Downtrend,Medium,-0.03356890459363959,-0.49560775356836334
005930.KS,2025-04-17,55100.0,D2,Downtrend,Medium,0.007312614259597838,-0.34443295533649254
005930.KS,2025-04-18,55300.0,D2,Downtrend,Medium,0.003629764065335772,-0.27781989808319607
005930.KS,2025-04-21,55400.0,D2,Downtrend,Medium,0.001808318264014508,-0.2535592019015262
005930.KS,2025-04-22,55000.0,D2,Downtrend,Medium,-0.0072202166064981865,-0.4268459946865981
005930.KS,2025-04-23,55700.0,D2,Downtrend,Medium,0.012727272727272698,-0.15457315900198168
005930.KS,2025-04-24,55700.0,D2,Downtrend,Medium,0.0,-0.16939516919517997
005930.KS,2025-04-25,55700.0,D2,Downtrend,Medium,0.0,-0.184499119950431
005930.KS,2025-04-28,55800.0,D2,Downtrend,Medium,0.0017953321364452268,-0.1701505286551542
005930.KS,2025-04-29,55800.0,D2,Downtrend,Medium,0.0,-0.21263234425926758
005930.KS,2025-04-30,55500.0,D2,Downtrend,Medium,-0.005376344086021501,-0.3721914769335045
005930.KS,2025-05-02,54300.0,D2,Downtrend,Medium,-0.021621621621621623,-0.9318931610838642
005930.KS,2025-05-07,54600.0,D2,Downtrend,Medium,0.005524861878453136,-0.8038556202821643
005930.KS,2025-05-08,54600.0,D2,Downtrend,Medium,0.0,-0.8164491216812976
005930.KS,2025-05-09,54800.0,D2,Downtrend,Medium,0.00366300366300365,-0.7162042834666462
005930.KS,2025-05-12,57600.0,D2,Downtrend,Medium,0.051094890510948954,0.5483576001274665
005930.KS,2025-05-13,56900.0,D2,Downtrend,Medium,-0.01215277777777779,0.2206091762423555
005930.KS,2025-05-14,57400.0,D2,Downtrend,Medium,0.008787346221441172,0.4362352476344371
005930.KS,2025-05-15,57300.0,D2,Downtrend,Medium,-0.0017421602787456303,0.3804146899431805
005930.KS,2025-05-16,56800.0,D2,Downtrend,Medium,-0.008726003490401424,0.14657654321597818
005930.KS,2025-05-19,55800.0,D2,Downtrend,Medium,-0.017605633802816878,-0.3006090777730652
005930.KS,2025-05-20,55900.0,D2,Downtrend,Medium,0.0017921146953405742,-0.23582003882046243
005930.KS,2025-05-21,55700.0,D2,Downtrend,Medium,-0.003577817531305927,-0.3089988411211788
005930.KS,2025-05-22,54700.0,D2,Downtrend,Medium,-0.01795332136445238,-0.7454196567670532
005930.KS,2025-05-23,54200.0,D2,Downtrend,Medium,-0.009140767824497242,-0.9473127440454315
005930.KS,2025-05-26,54700.0,D2,Downtrend,Medium,0.009225092250922495,-0.696225711877119
005930.KS,2025-05-27,53900.0,D2,Downtrend,Medium,-0.014625228519195566,-1.0334413624389602
005930.KS,2025-05-28,55900.0,D2,Downtrend,Medium,0.03710575139146566,-0.1205439650349609
005930.KS,2025-05-29,56100.0,D2,Downtrend,Medium,0.003577817531305927,-0.041904642080721984
005930.KS,2025-05-30,56200.0,D2,Downtrend,Medium,0.0017825311942958333,-0.009190314337952145
005930.KS,2025-06-02,56800.0,D2,Downtrend,Medium,0.01067615658362997,0.2471727981193076
005930.KS,2025-06-04,57800.0,D2,Downtrend,Medium,0.01760563380281699,0.6857385701192977
005930.KS,2025-06-05,59100.0,D1,Downtrend,Medium,0.02249134948096887,1.247536499967972
005930.KS,2025-06-09,59800.0,D1,Downtrend,Medium,0.011844331641285955,1.515956380613979
005930.KS,2025-06-10,59200.0,D1,Downtrend,Medium,-0.010033444816053505,1.1998074231804898
005930.KS,2025-06-11,59900.0,D1,Downtrend,Medium,0.011824324324324342,1.465663083458749
005930.KS,2025-06-12,59500.0,D1,Downtrend,Medium,-0.006677796327211993,1.2385758947017678
005930.KS,2025-06-13,58300.0,D1,Downtrend,Medium,-0.020168067226890796,0.6687856432528964
005930.KS,2025-06-16,57200.0,D2,Downtrend,Medium,-0.018867924528301883,0.1703732980638784
005930.KS,2025-06-17,58100.0,D2,Downtrend,Medium,0.01573426573426584,0.5762560516215598
005930.KS,2025-06-18,59800.0,D1,Downtrend,Medium,0.029259896729776358,1.3268946756545061
005930.KS,2025-06-19,59200.0,D1,Downtrend,Medium,-0.010033444816053505,1.0745274363151172
005930.KS,2025-06-20,59500.0,D1,Downtrend,Medium,0.0050675675675675436,1.265326552076009
005930.KS,2025-06-23,58000.0,D2,Downtrend,Medium,-0.025210084033613467,0.5949049841479069
005930.KS,2025-06-24,60500.0,D1,Downtrend,Medium,0.0431034482758621,1.773964674044306
005930.KS,2025-06-25,61300.0,D1,Downtrend,Medium,0.013223140495867813,2.159372929485842
005930.KS,2025-06-26,60200.0,D1,Downtrend,Medium,-0.01794453507340943,1.6924075290522984
005930.KS,2025-06-27,60800.0,D1,Downtrend,Medium,0.009966777408637828,1.9635291024268124
005930.KS,2025-06-30,59800.0,D1,Downtrend,Medium,-0.016447368421052655,1.4388022034201686
005930.KS,2025-07-01,60200.0,D1,Downtrend,Medium,0.006688963210702337,1.5955883048709938
005930.KS,2025-07-02,60800.0,D1,Downtrend,Medium,0.009966777408637828,1.8221760172884693
005930.KS,2025-07-03,63800.0,D1,Downtrend,Medium,0.049342105263157965,2.9188190999504786
005930.KS,2025-07-04,63300.0,D1,Downtrend,Medium,-0.00783699059561127,2.5093266249494475
005930.KS,2025-07-07,61700.0,D1,Downtrend,Medium,-0.025276461295418606,1.7950169649684036
005930.KS,2025-07-08,61400.0,D1,Downtrend,Medium,-0.004862236628849326,1.6164312049301905
005930.KS,2025-07-09,60400.0,D1,Downtrend,Medium,-0.016286644951140072,1.1857197751688027
005930.KS,2025-07-10,61000.0,D1,Downtrend,Medium,0.009933774834437026,1.3763418560823617
005930.KS,2025-07-11,62600.0,D1,Downtrend,Medium,0.026229508196721207,1.9153066535728047
005930.KS,2025-07-14,62500.0,D1,Downtrend,Medium,-0.0015974440894568342,1.7893627276893538
005930.KS,2025-07-15,63700.0,D1,Downtrend,Medium,0.019200000000000106,2.115623955684164
005930.KS,2025-07-16,64700.0,D1,Downtrend,Medium,0.01569858712715866,2.3302154316022543
005930.KS,2025-07-17,66700.0,D1,Downtrend,Medium,0.03091190108191655,2.7845093628188375
005930.KS,2025-07-18,67100.0,U1,Uptrend,Medium,0.0059970014992503096,2.6897511584541642
005930.KS,2025-07-21,67800.0,U1,Uptrend,Medium,0.010432190760059523,2.681795313681983
005930.KS,2025-07-22,66000.0,D1,Downtrend,Medium,-0.026548672566371723,2.0436586711170537
005930.KS,2025-07-23,66400.0,D1,Downtrend,Medium,0.0060606060606061,2.0437567199498514
005930.KS,2025-07-24,66000.0,D1,Downtrend,Medium,-0.0060240963855421326,1.8429571863061667
005930.KS,2025-07-25,65900.0,D1,Downtrend,Medium,-0.0015151515151514694,1.7366673015896423
005930.KS,2025-07-28,70400.0,U1,Uptrend,Medium,0.06828528072837625,2.700717319394992
005930.KS,2025-07-29,70600.0,U1,Uptrend,Medium,0.0028409090909091717,2.5533787923714835
005930.KS,2025-07-30,72600.0,U1,Uptrend,Medium,0.028328611898017053,2.7816828523625627
005930.KS,2025-07-31,71400.0,U1,Uptrend,Medium,-0.016528925619834656,2.3641183974561826
005930.KS,2025-08-01,68900.0,U1,Uptrend,Medium,-0.03501400560224088,1.7510535982089517
005930.KS,2025-08-04,69700.0,U1,Uptrend,Medium,0.011611030478954953,1.838626850816791
005930.KS,2025-08-05,69900.0,U1,Uptrend,Medium,0.0028694404591105283,1.8014387175760593
005930.KS,2025-08-06,68800.0,U1,Uptrend,Medium,-0.01573676680972813,1.5127520360424944
005930.KS,2025-08-07,70500.0,U1,Uptrend,Medium,0.024709302325581328,1.774282713977371
005930.KS,2025-08-08,71800.0,U1,Uptrend,Medium,0.018439716312056653,1.9314758681159978
005930.KS,2025-08-11,71000.0,U1,Uptrend,Medium,-0.011142061281337101,1.7001217803249333
005930.KS,2025-08-12,71100.0,U1,Uptrend,Medium,0.0014084507042253502,1.6483040213138798
005930.KS,2025-08-13,71900.0,U1,Uptrend,Medium,0.011251758087201136,1.7241550824064757
005930.KS,2025-08-14,71600.0,U1,Uptrend,Medium,-0.004172461752433909,1.6051285828377635
005930.KS,2025-08-18,70000.0,U1,Uptrend,Medium,-0.022346368715083775,1.2703388041893975
005930.KS,2025-08-19,70000.0,U1,Uptrend,Medium,0.0,1.2325648006094994
005930.KS,2025-08-20,70500.0,U1,Uptrend,Medium,0.0071428571428571175,1.2877105147831487
005930.KS,2025-08-21,70600.0,U1,Uptrend,Medium,0.0014184397163119478,1.2695642462154821
005930.KS,2025-08-22,71400.0,U1,Uptrend,Medium,0.011331444759206777,1.3844008898849354
005930.KS,2025-08-25,71500.0,U1,Uptrend,Medium,0.0014005602240896309,1.3612430136680116
005930.KS,2025-08-26,70300.0,U1,Uptrend,Medium,-0.016783216783216814,1.0989872562482166
005930.KS,2025-08-27,70600.0,U1,Uptrend,Medium,0.004267425320056972,1.1245367343848889
005930.KS,2025-08-28,69600.0,U1,Uptrend,Medium,-0.014164305949008527,0.9000229851278686
005930.KS,2025-08-29,69700.0,U1,Uptrend,Medium,0.001436781609195359,0.890668762628378
005930.KS,2025-09-01,67600.0,U1,Uptrend,Medium,-0.03012912482065999,0.4445107254193601
005930.KS,2025-09-02,69100.0,U1,Uptrend,Medium,0.022189349112426093,0.7235206023182823
005930.KS,2025-09-03,69800.0,U1,Uptrend,Medium,0.01013024602026058,0.8382825113839382
005930.KS,2025-09-04,70100.0,U1,Uptrend,Medium,0.004297994269341077,0.8705912798948358
005930.KS,2025-09-05,69500.0,U1,Uptrend,Medium,-0.008559201141226769,0.7189038887264413
005930.KS,2025-09-08,70100.0,U1,Uptrend,Medium,0.008633093525179936,0.8183941159207134
005930.KS,2025-09-09,71500.0,U1,Uptrend,Medium,0.0199714693295292,1.0927737603488568
005930.KS,2025-09-10,72600.0,U1,Uptrend,Medium,0.01538461538461533,1.301253770529624
005930.KS,2025-09-11,73400.0,U1,Uptrend,Medium,0.011019283746556363,1.433626985881693
005930.KS,2025-09-12,75400.0,U1,Uptrend,Medium,0.027247956403269713,1.8161896029835334
