ticker,date,price,sax_symbol,trend,volatility,daily_return,zscore
^DJI,2020-01-03,28634.880859375,D2,Downtrend,Unknown,-0.008102862451665471,0.0
^DJI,2020-01-06,28703.380859375,D2,Downtrend,Unknown,0.002392187358362108,0.0
^DJI,2020-01-07,28583.6796875,D2,Downtrend,Unknown,-0.00417028128015462,0.0
^DJI,2020-01-08,28745.08984375,D2,Downtrend,Unknown,0.005646934125160374,0.0
^DJI,2020-01-09,28956.900390625,D2,Downtrend,Unknown,0.007368581835240029,0.0
^DJI,2020-01-10,28823.76953125,D2,Downtrend,Unknown,-0.0045975521405634545,0.0
^DJI,2020-01-13,28907.05078125,D2,Downtrend,Unknown,0.0028893254197619456,0.0
^DJI,2020-01-14,28939.669921875,D2,Downtrend,Unknown,0.0011284146858094868,0.0
^DJI,2020-01-15,29030.220703125,D2,Downtrend,Unknown,0.0031289500362114975,0.0
^DJI,2020-01-16,29297.640625,D2,Downtrend,Unknown,0.009211777086014727,0.0
^DJI,2020-01-17,29348.099609375,D2,Downtrend,Unknown,0.0017222883241985176,0.0
^DJI,2020-01-21,29196.0390625,D2,Downtrend,Unknown,-0.005181274048368878,0.0
^DJI,2020-01-22,29186.26953125,D2,Downtrend,Unknown,-0.0003346183785096768,0.0
^DJI,2020-01-23,29160.08984375,D2,Downtrend,Unknown,-0.0008969864227412749,0.0
^DJI,2020-01-24,28989.73046875,D2,Downtrend,Unknown,-0.005842210223385602,0.0
^DJI,2020-01-27,28535.80078125,D2,Downtrend,Unknown,-0.01565829278714137,0.0
^DJI,2020-01-28,28722.849609375,D2,Downtrend,Unknown,0.006554882743921686,0.0
^DJI,2020-01-29,28734.44921875,D2,Downtrend,Unknown,0.0004038460505400021,0.0
^DJI,2020-01-30,28859.439453125,D2,Downtrend,Unknown,0.004349839226897023,0.0
^DJI,2020-01-31,28256.029296875,D2,Downtrend,Low,-0.020908588929112404,0.0
^DJI,2020-02-03,28399.810546875,D2,Downtrend,Low,0.005088515746120903,0.0
^DJI,2020-02-04,28807.630859375,D2,Downtrend,Low,0.014359965952127629,0.0
^DJI,2020-02-05,29290.849609375,D2,Downtrend,Low,0.01677398437791844,0.0
^DJI,2020-02-06,29379.76953125,D2,Downtrend,Low,0.003035757687497753,0.0
^DJI,2020-02-07,29102.509765625,D2,Downtrend,Low,-0.009437098045649739,0.0
^DJI,2020-02-10,29276.8203125,D2,Downtrend,Low,0.005989536582198474,0.0
^DJI,2020-02-11,29276.33984375,D2,Downtrend,Low,-1.6411234036728395e-05,0.0
^DJI,2020-02-12,29551.419921875,D2,Downtrend,Low,0.009395985959758768,0.0
^DJI,2020-02-13,29423.310546875,D2,Downtrend,Low,-0.004335134329879309,0.0
^DJI,2020-02-14,29398.080078125,D2,Downtrend,Low,-0.0008574993187733249,0.0
^DJI,2020-02-18,29232.189453125,D2,Downtrend,Low,-0.005642906766671452,0.0
^DJI,2020-02-19,29348.029296875,D2,Downtrend,Low,0.003962749486683403,0.0
^DJI,2020-02-20,29219.98046875,D2,Downtrend,Low,-0.00436311504359288,0.0
^DJI,2020-02-21,28992.41015625,D2,Downtrend,Low,-0.007788174695851691,0.0
^DJI,2020-02-24,27960.80078125,D2,Downtrend,Medium,-0.03558204955849842,0.0
^DJI,2020-02-25,27081.359375,D2,Downtrend,Medium,-0.031452654490487175,0.0
^DJI,2020-02-26,26957.58984375,D2,Downtrend,Medium,-0.00457028502654333,0.0
^DJI,2020-02-27,25766.640625,D2,Downtrend,Medium,-0.044178623743921785,0.0
^DJI,2020-02-28,25409.359375,D2,Downtrend,Medium,-0.013866039240418071,0.0
^DJI,2020-03-02,26703.3203125,D2,Downtrend,Medium,0.0509245793411508,0.0
^DJI,2020-03-03,25917.41015625,D2,Downtrend,Medium,-0.029431177361195382,0.0
^DJI,2020-03-04,27090.859375,D2,Downtrend,Medium,0.04527648448188115,0.0
^DJI,2020-03-05,26121.279296875,D2,Downtrend,Medium,-0.035789934335554885,0.0
^DJI,2020-03-06,25864.779296875,D2,Downtrend,Medium,-0.009819580315527876,0.0
^DJI,2020-03-09,23851.01953125,D2,Downtrend,Medium,-0.07785721820824909,0.0
^DJI,2020-03-10,25018.16015625,D2,Downtrend,High,0.04893462199679943,0.0
^DJI,2020-03-11,23553.220703125,D2,Downtrend,High,-0.058555043375522975,0.0
^DJI,2020-03-12,21200.619140625,D2,Downtrend,High,-0.09988449529485621,0.0
^DJI,2020-03-13,23185.619140625,D2,Downtrend,High,0.09362934105053133,0.0
^DJI,2020-03-16,20188.51953125,D2,Downtrend,High,-0.12926545507355425,0.0
^DJI,2020-03-17,21237.380859375,D2,Downtrend,High,0.05195335529687828,0.0
^DJI,2020-03-18,19898.919921875,D2,Downtrend,High,-0.0630238232465069,0.0
^DJI,2020-03-19,20087.189453125,D2,Downtrend,High,0.009461293979229124,0.0
^DJI,2020-03-20,19173.98046875,D2,Downtrend,High,-0.045462257749200985,0.0
^DJI,2020-03-23,18591.9296875,D2,Downtrend,High,-0.030356283203617163,0.0
^DJI,2020-03-24,20704.91015625,D2,Downtrend,High,0.1136504119941153,0.0
^DJI,2020-03-25,21200.55078125,D2,Downtrend,High,0.02393831324355622,0.0
^DJI,2020-03-26,22552.169921875,D2,Downtrend,High,0.0637539634970421,0.0
^DJI,2020-03-27,21636.779296875,D2,Downtrend,High,-0.04058991343942009,-1.5230654445499618
^DJI,2020-03-30,22327.48046875,D2,Downtrend,High,0.03192255013548895,-1.269322490741486
^DJI,2020-03-31,21917.16015625,D2,Downtrend,High,-0.018377367436253844,-1.341157381966513
^DJI,2020-04-01,20943.509765625,D2,Downtrend,High,-0.04442411259870038,-1.561264417259703
^DJI,2020-04-02,21413.439453125,D2,Downtrend,High,0.02243796253631314,-1.373236092287337
^DJI,2020-04-03,21052.529296875,D2,Downtrend,High,-0.01685437582505367,-1.420580298280433
^DJI,2020-04-06,22679.990234375,D2,Downtrend,High,0.07730477010862424,-0.9316746892004893
^DJI,2020-04-07,22653.859375,D2,Downtrend,High,-0.001152154789528681,-0.908582339240308
^DJI,2020-04-08,23433.5703125,D2,Downtrend,High,0.034418459327087536,-0.666116423568259
^DJI,2020-04-09,23719.369140625,D2,Downtrend,High,0.012196128217497826,-0.5636583073132653
^DJI,2020-04-13,23390.76953125,D2,Downtrend,High,-0.013853640348814977,-0.6324012841398924
^DJI,2020-04-14,23949.759765625,D2,Downtrend,High,0.02389789842647927,-0.45235421799093095
^DJI,2020-04-15,23504.349609375,D2,Downtrend,High,-0.01859768785193805,-0.5558625223150813
^DJI,2020-04-16,23537.6796875,D2,Downtrend,High,0.0014180387323590171,-0.5232343523825259
^DJI,2020-04-17,24242.490234375,D2,Downtrend,High,0.029943926344162985,-0.2981420221417577
^DJI,2020-04-20,23650.439453125,D2,Downtrend,High,-0.0244220282456995,-0.4488177765103994
^DJI,2020-04-21,23018.880859375,D2,Downtrend,High,-0.026703884086456187,-0.6108096945917041
^DJI,2020-04-22,23475.8203125,D2,Downtrend,High,0.01985063721892022,-0.4530012286261502
^DJI,2020-04-23,23515.259765625,D2,Downtrend,High,0.0016800031947765692,-0.41906353387844103
^DJI,2020-04-24,23775.26953125,D2,Downtrend,Medium,0.011057065421198775,-0.3187289499463357
^DJI,2020-04-27,24133.779296875,D2,Downtrend,Medium,0.01507910415710656,-0.18726983533277883
^DJI,2020-04-28,24101.55078125,D2,Downtrend,Medium,-0.001335411053053459,-0.177572377725857
^DJI,2020-04-29,24633.859375,D2,Downtrend,Medium,0.02208607232710169,0.009023032467547354
^DJI,2020-04-30,24345.720703125,D2,Downtrend,Medium,-0.011696854621465524,-0.05969358577190264
^DJI,2020-05-01,23723.689453125,D2,Downtrend,Medium,-0.02554992138393164,-0.23486419752875207
^DJI,2020-05-04,23749.759765625,D2,Downtrend,Medium,0.0010989147599285154,-0.19998629814238256
^DJI,2020-05-05,23883.08984375,D2,Downtrend,Medium,0.005613954812207389,-0.12874739544681407
^DJI,2020-05-06,23664.640625,D2,Downtrend,Medium,-0.009146606246476341,-0.17624883672492234
^DJI,2020-05-07,23875.890625,D2,Downtrend,Medium,0.00892682053987448,-0.07194387567303019
^DJI,2020-05-08,24331.3203125,D2,Downtrend,Medium,0.019074877442398996,0.12963658051296728
^DJI,2020-05-11,24221.990234375,D2,Downtrend,Medium,-0.004493388633284856,0.1257195123580851
^DJI,2020-05-12,23764.779296875,D2,Downtrend,Medium,-0.018875861689149787,-0.016912352457814934
^DJI,2020-05-13,23247.970703125,D2,Downtrend,Medium,-0.021746829090811715,-0.1950758763941927
^DJI,2020-05-14,23625.33984375,D2,Downtrend,Medium,0.016232347564610228,0.006339137404800637
^DJI,2020-05-15,23685.419921875,D2,Downtrend,Medium,0.002543035508583147,0.07903350273402876
^DJI,2020-05-18,24597.369140625,D2,Downtrend,Medium,0.03850255649923073,0.5799888052772537
^DJI,2020-05-19,24206.859375,D2,Downtrend,Medium,-0.015876078591674836,0.4339471374900234
^DJI,2020-05-20,24575.900390625,D2,Downtrend,Medium,0.015245307534860641,0.6701315744171615
^DJI,2020-05-21,24474.119140625,D2,Downtrend,Medium,-0.004141506450718979,0.6571721063546684
^DJI,2020-05-22,24465.16015625,D2,Downtrend,Medium,-0.0003660595228585084,0.6728467427933051
^DJI,2020-05-26,24995.109375,D2,Downtrend,Medium,0.021661383590600325,0.9814731980919691
^DJI,2020-05-27,25548.26953125,D2,Downtrend,Medium,0.022130735575146998,1.33183488040614
^DJI,2020-05-28,25400.640625,D2,Downtrend,Medium,-0.005778430749269536,1.2601867570973058
^DJI,2020-05-29,25383.109375,D2,Downtrend,Medium,-0.0006901892853342639,1.305969804173973
^DJI,2020-06-01,25475.01953125,D2,Downtrend,Medium,0.0036209179455579665,1.3821151525870492
^DJI,2020-06-02,25742.650390625,D2,Downtrend,Medium,0.010505619398905708,1.5493450203250598
^DJI,2020-06-03,26269.890625,D2,Downtrend,Medium,0.02048119468564935,1.7966417589009742
^DJI,2020-06-04,26281.8203125,D2,Downtrend,Medium,0.00045412018155288614,1.7596874250600394
^DJI,2020-06-05,27110.98046875,D2,Downtrend,Medium,0.031548810028795504,2.121653294329031
^DJI,2020-06-08,27572.439453125,D2,Downtrend,Medium,0.017021110133103035,2.245046593378924
^DJI,2020-06-09,27272.30078125,D2,Downtrend,Medium,-0.0108854594598079,1.9757911999727433
^DJI,2020-06-10,26989.990234375,D2,Downtrend,Medium,-0.010351548596482574,1.7667359927393762
^DJI,2020-06-11,25128.169921875,D2,Downtrend,Medium,-0.0689818816654757,0.7658602577065573
^DJI,2020-06-12,25605.5390625,D2,Downtrend,Medium,0.01899736996801482,0.9936608240693096
^DJI,2020-06-15,25763.16015625,D2,Downtrend,Medium,0.0061557420589843925,1.0546902136874547
^DJI,2020-06-16,26289.98046875,D2,Downtrend,Medium,0.020448590518589604,1.342540783687136
^DJI,2020-06-17,26119.609375,D2,Downtrend,Medium,-0.0064804572202902255,1.2665717204160856
^DJI,2020-06-18,26080.099609375,D2,Downtrend,Medium,-0.0015126476455967763,1.2192901913848035
^DJI,2020-06-19,25871.4609375,D2,Downtrend,Medium,-0.007999918520249838,1.058612791642259
^DJI,2020-06-22,26024.9609375,D2,Downtrend,Medium,0.005933178662419714,1.1225798731303072
^DJI,2020-06-23,26156.099609375,D2,Downtrend,Medium,0.005038957491230622,1.1787448187397676
^DJI,2020-06-24,25445.939453125,D2,Downtrend,Medium,-0.027150843086538035,0.6732552546560118
^DJI,2020-06-25,25745.599609375,D2,Downtrend,Medium,0.01177634477996059,0.851920419992831
^DJI,2020-06-26,25015.55078125,D2,Downtrend,Medium,-0.02835625657206131,0.31176864849821867
^DJI,2020-06-29,25595.80078125,D2,Downtrend,Medium,0.023195571629584855,0.720959520021168
^DJI,2020-06-30,25812.880859375,D2,Downtrend,Medium,0.008481081720405514,0.8833097905914705
^DJI,2020-07-01,25734.970703125,D2,Downtrend,Medium,-0.003018266603965869,0.792823423322846
^DJI,2020-07-02,25827.359375,D2,Downtrend,Medium,0.0035900049368924325,0.8449634243025137
^DJI,2020-07-06,26287.029296875,D2,Downtrend,Medium,0.017797790134129743,1.2003493627289272
^DJI,2020-07-07,25890.1796875,D2,Downtrend,Medium,-0.015096784231232174,0.8296722523684625
^DJI,2020-07-08,26067.279296875,D2,Downtrend,Medium,0.006840416386159953,0.9513930746529774
^DJI,2020-07-09,25706.08984375,D2,Downtrend,Medium,-0.013856047231146973,0.6136275359937556
^DJI,2020-07-10,26075.30078125,D2,Downtrend,Medium,0.014362780949735532,0.9059888937554237
^DJI,2020-07-13,26085.80078125,D2,Downtrend,Medium,0.00040267991875087006,0.8854668378540845
^DJI,2020-07-14,26642.58984375,D2,Downtrend,Medium,0.021344526363944683,1.3305019442949877
^DJI,2020-07-15,26870.099609375,D2,Downtrend,Medium,0.008539326205120101,1.4768769426428259
^DJI,2020-07-16,26734.7109375,D2,Downtrend,Medium,-0.005038636768870175,1.3258998507801862
^DJI,2020-07-17,26671.94921875,D2,Downtrend,Medium,-0.0023475742414692524,1.2331376796804454
^DJI,2020-07-20,26680.869140625,D2,Downtrend,Medium,0.00033443082100381716,1.2056479930000767
^DJI,2020-07-21,26840.400390625,D2,Downtrend,Medium,0.005979237376382729,1.307794576417161
^DJI,2020-07-22,27005.83984375,D2,Downtrend,Medium,0.0061638221009097105,1.4065706903339745
^DJI,2020-07-23,26652.330078125,D2,Downtrend,Medium,-0.013090123013034693,1.0520801936246276
^DJI,2020-07-24,26469.890625,D2,Downtrend,Medium,-0.006845159601063799,0.8578819913284536
^DJI,2020-07-27,26584.76953125,D2,Downtrend,Medium,0.0043399841683327,0.9303676026549363
^DJI,2020-07-28,26379.279296875,D2,Downtrend,Medium,-0.007729622562025584,0.7178491336149473
^DJI,2020-07-29,26539.5703125,D2,Downtrend,Medium,0.006076398593800381,0.8399288964944889
^DJI,2020-07-30,26313.650390625,D2,Downtrend,Medium,-0.008512568938186305,0.6008792916780898
^DJI,2020-07-31,26428.3203125,D2,Downtrend,Medium,0.0043578112566189375,0.6875254522987241
^DJI,2020-08-03,26664.400390625,D2,Downtrend,Low,0.008932844589950806,0.897118564287602
^DJI,2020-08-04,26828.470703125,D2,Downtrend,Low,0.006153159647185769,1.0321692518067587
^DJI,2020-08-05,27201.51953125,D2,Downtrend,Low,0.013904960601483163,1.3752981886977
^DJI,2020-08-06,27386.98046875,D2,Downtrend,Low,0.006818035929461175,1.5388983245487577
^DJI,2020-08-07,27433.48046875,D2,Downtrend,Low,0.0016978870691151116,1.59658281243554
^DJI,2020-08-10,27791.439453125,D2,Downtrend,Low,0.013048252655464498,1.9779867936289541
^DJI,2020-08-11,27686.91015625,D2,Downtrend,Low,-0.0037612048505549778,1.85249939963515
^DJI,2020-08-12,27976.83984375,D2,Downtrend,Low,0.010471724214215161,2.1122484095226977
^DJI,2020-08-13,27896.720703125,D2,Downtrend,Low,-0.002863766639565557,1.9751485189687843
^DJI,2020-08-14,27931.01953125,D2,Downtrend,Low,0.0012294931898988448,1.9545671433737155
^DJI,2020-08-17,27844.91015625,D2,Downtrend,Low,-0.0030829298910359793,1.8104940754760719
^DJI,2020-08-18,27778.0703125,D2,Downtrend,Low,-0.0024004330908209415,1.7010220732431682
^DJI,2020-08-19,27692.880859375,D2,Downtrend,Low,-0.003066788015388733,1.5490447967352525
^DJI,2020-08-20,27739.73046875,D2,Downtrend,Low,0.0016917564341862867,1.547958973519849
^DJI,2020-08-21,27930.330078125,D2,Downtrend,Low,0.006870997163787029,1.7187644899745405
^DJI,2020-08-24,28308.4609375,D2,Downtrend,Low,0.013538359851720916,2.085981904301116
^DJI,2020-08-25,28248.439453125,D2,Downtrend,Low,-0.002120266605362797,1.924330204181274
^DJI,2020-08-26,28331.919921875,D2,Downtrend,Low,0.002955224089052022,1.92810168739257
^DJI,2020-08-27,28492.26953125,D2,Downtrend,Low,0.0056596803117177075,2.0039262213215174
^DJI,2020-08-28,28653.869140625,D2,Downtrend,Low,0.005671700150027048,2.066543992734771
^DJI,2020-08-31,28430.05078125,D2,Downtrend,Low,-0.007811104262274826,1.751588687928558
^DJI,2020-09-01,28645.66015625,D2,Downtrend,Low,0.007583854726780803,1.9111892032564697
^DJI,2020-09-02,29100.5,D2,Downtrend,Low,0.01587814144512789,2.2513149405180366
^DJI,2020-09-03,28292.73046875,D2,Downtrend,Low,-0.027757926195426164,1.4027370625882034
^DJI,2020-09-04,28133.310546875,D2,Downtrend,Low,-0.005634660184215323,1.212946872088532
^DJI,2020-09-08,27500.890625,D2,Downtrend,Medium,-0.022479399316382542,0.5626129189531355
^DJI,2020-09-09,27940.470703125,D2,Downtrend,Medium,0.01598421244311976,0.970098486259572
^DJI,2020-09-10,27534.580078125,D2,Downtrend,Medium,-0.014526978779731303,0.5422029537410542
^DJI,2020-09-11,27665.640625,D2,Downtrend,Medium,0.004759852756175631,0.650189852193688
^DJI,2020-09-14,27993.330078125,D2,Downtrend,Medium,0.01184463636923283,0.9488685515664081
^DJI,2020-09-15,27995.599609375,D2,Downtrend,Medium,8.107400025880729e-05,0.9200777421763613
^DJI,2020-09-16,28032.380859375,D2,Downtrend,Medium,0.0013138225475863852,0.9259527821761516
^DJI,2020-09-17,27901.98046875,D2,Downtrend,Medium,-0.004651777217181685,0.7661923900540297
^DJI,2020-09-18,27657.419921875,D2,Downtrend,Medium,-0.008764988820378017,0.490886713548715
^DJI,2020-09-21,27147.69921875,D2,Downtrend,Medium,-0.01842979947387824,-0.06835677318912224
^DJI,2020-09-22,27288.1796875,D2,Downtrend,Medium,0.0051746730954265185,0.04329107668572654
^DJI,2020-09-23,26763.130859375,D2,Downtrend,Medium,-0.019240888697515834,-0.5836400265600014
^DJI,2020-09-24,26815.439453125,D2,Downtrend,Medium,0.0019545020358362475,-0.5547918845759816
^DJI,2020-09-25,27173.9609375,D2,Downtrend,Medium,0.013369964904051512,-0.1649645054035382
^DJI,2020-09-28,27584.060546875,D2,Downtrend,Medium,0.015091639025986314,0.30612271870715546
^DJI,2020-09-29,27452.66015625,D2,Downtrend,Medium,-0.004763634795598826,0.11946974847364689
^DJI,2020-09-30,27781.69921875,D2,Downtrend,Medium,0.011985689569871782,0.5111591936936366
^DJI,2020-10-01,27816.900390625,D2,Downtrend,Medium,0.001267063313796335,0.5316047805570512
^DJI,2020-10-02,27682.810546875,D2,Downtrend,Medium,-0.004820445192203815,0.3230234391191764
^DJI,2020-10-05,28148.640625,D2,Downtrend,Medium,0.016827412712889567,0.950517370656252
^DJI,2020-10-06,27772.759765625,D2,Downtrend,Medium,-0.01335342847928378,0.3835934022810291
^DJI,2020-10-07,28303.4609375,D2,Downtrend,Medium,0.01910869414323968,1.1354065945810856
^DJI,2020-10-08,28425.509765625,D2,Downtrend,Medium,0.00431215208608271,1.2719421697799902
^DJI,2020-10-09,28586.900390625,D2,Downtrend,Medium,0.0056776686269024434,1.457884524493552
^DJI,2020-10-12,28837.51953125,D2,Downtrend,Medium,0.008766922513473663,1.7553524966563954
^DJI,2020-10-13,28679.810546875,D2,Downtrend,Medium,-0.005468881753303956,1.4734180925381213
^DJI,2020-10-14,28514.0,D2,Downtrend,Medium,-0.00578143801208153,1.1915508540305129
^DJI,2020-10-15,28494.19921875,D2,Downtrend,Medium,-0.000694423134249833,1.1240590109905622
^DJI,2020-10-16,28606.310546875,D2,Downtrend,Medium,0.003934531630958249,1.2492651009217564
^DJI,2020-10-19,28195.419921875,D2,Downtrend,Medium,-0.01436363575535915,0.6221911472240095
^DJI,2020-10-20,28308.7890625,D2,Downtrend,Medium,0.0040208353320903,0.7678408413086784
^DJI,2020-10-21,28210.8203125,D2,Downtrend,Low,-0.0034607184992514473,0.5932901270837548
^DJI,2020-10-22,28363.66015625,D2,Downtrend,Low,0.005417773820716398,0.8171483643536113
^DJI,2020-10-23,28335.5703125,D2,Downtrend,Low,-0.0009903462245443029,0.7559876953333151
^DJI,2020-10-26,27685.380859375,D2,Downtrend,Medium,-0.022946051410095425,-0.45158900285506154
^DJI,2020-10-27,27463.189453125,D2,Downtrend,Medium,-0.008025586044078548,-0.9309216199953804
^DJI,2020-10-28,26519.94921875,D2,Downtrend,Medium,-0.03434561874122266,-2.69440631879592
^DJI,2020-10-29,26659.109375,D2,Downtrend,Medium,0.0052473764222600305,-2.335643333468238
^DJI,2020-10-30,26501.599609375,D2,Downtrend,Medium,-0.005908290611265077,-2.4785524916924855
^DJI,2020-11-02,26925.05078125,D2,Downtrend,Medium,0.015978325011189343,-1.6867714328225651
^DJI,2020-11-03,27480.029296875,D2,Downtrend,Medium,0.020611976561673684,-0.7174920758454142
^DJI,2020-11-04,27847.66015625,D2,Downtrend,Medium,0.013378110168783763,-0.09063736939971902
^DJI,2020-11-05,28390.1796875,D2,Downtrend,Medium,0.019481691754567043,0.8257275229176402
^DJI,2020-11-06,28323.400390625,D2,Downtrend,Medium,-0.0023521970487704325,0.6964583159911324
^DJI,2020-11-09,29157.970703125,D2,Downtrend,Medium,0.029465752734132877,2.0089218068739694
^DJI,2020-11-10,29420.919921875,D2,Downtrend,Medium,0.009018090505242826,2.287410214780325
^DJI,2020-11-11,29397.630859375,D2,Downtrend,Medium,-0.0007915817235437661,2.1226349519746526
^DJI,2020-11-12,29080.169921875,D2,Downtrend,Medium,-0.01079886127622287,1.5775410448659035
^DJI,2020-11-13,29479.810546875,D2,Downtrend,Medium,0.0137427197321629,2.0490321191200938
^DJI,2020-11-16,29950.439453125,D2,Downtrend,Medium,0.01596444812634279,2.520964672279517
^DJI,2020-11-17,29783.349609375,D2,Downtrend,Medium,-0.005578877866266652,2.1714102054571778
^DJI,2020-11-18,29438.419921875,D2,Downtrend,Medium,-0.01158129263578278,1.6609181349395368
^DJI,2020-11-19,29483.23046875,D2,Downtrend,Medium,0.001522179077338981,1.6537929732186736
^DJI,2020-11-20,29263.48046875,D2,Downtrend,Medium,-0.007453389486369866,1.3485497306183485
^DJI,2020-11-23,29591.26953125,D2,Downtrend,Medium,0.011201301323335189,1.6891573471658152
^DJI,2020-11-24,30046.240234375,D2,Downtrend,Medium,0.015375166741140589,2.1120766480262994
^DJI,2020-11-25,29872.470703125,D2,Downtrend,Medium,-0.005783403510539631,1.8390357764078364
^DJI,2020-11-27,29910.369140625,D2,Downtrend,Medium,0.0012686743549483737,1.8269004356536382
^DJI,2020-11-30,29638.640625,D2,Downtrend,Medium,-0.009084759681415311,1.4790587412119856
^DJI,2020-12-01,29823.919921875,D2,Downtrend,Medium,0.006251275124902866,1.6093457097791293
^DJI,2020-12-02,29883.7890625,D2,Downtrend,Medium,0.0020074202446167533,1.602859051286997
^DJI,2020-12-03,29969.51953125,D2,Downtrend,Medium,0.002868795137413782,1.6201525498909626
^DJI,2020-12-04,30218.259765625,D2,Downtrend,Medium,0.008299773845744651,1.783921762584841
^DJI,2020-12-07,30069.7890625,D2,Downtrend,Medium,-0.004913277742548683,1.5718841598137538
^DJI,2020-12-08,30173.880859375,D2,Downtrend,Low,0.0034616736638439782,1.6029019157074311
^DJI,2020-12-09,30068.810546875,D2,Downtrend,Low,-0.003482161044834786,1.4471056041299053
^DJI,2020-12-10,29999.259765625,D2,Downtrend,Low,-0.00231305395807313,1.3336402178663864
^DJI,2020-12-11,30046.369140625,D2,Downtrend,Low,0.0015703512475990777,1.3273473227138528
^DJI,2020-12-14,29861.55078125,D2,Downtrend,Low,-0.006151104598029811,1.121808525539628
^DJI,2020-12-15,30199.310546875,D2,Downtrend,Low,0.011310858170067828,1.37728691140069
^DJI,2020-12-16,30154.5390625,D2,Downtrend,Low,-0.0014825333282196818,1.2925846644254328
^DJI,2020-12-17,30303.369140625,D2,Downtrend,Low,0.004935577951184378,1.3868513136838128
^DJI,2020-12-18,30179.05078125,D2,Downtrend,Low,-0.00410245998714176,1.2412548611272738
^DJI,2020-12-21,30216.44921875,D2,Downtrend,Low,0.001239218482088189,1.2374368678178946
^DJI,2020-12-22,30015.509765625,D2,Downtrend,Low,-0.006650002178294034,1.0179441321488703
^DJI,2020-12-23,30129.830078125,D2,Downtrend,Low,0.003808708011047157,1.0888154868527784
^DJI,2020-12-24,30199.869140625,D2,Downtrend,Low,0.0023245754230405424,1.1161629686732588
^DJI,2020-12-28,30403.970703125,D2,Downtrend,Low,0.00675835916869727,1.261960610755617
^DJI,2020-12-29,30335.669921875,D2,Downtrend,Low,-0.0022464428056753194,1.1600863769483312
^DJI,2020-12-30,30409.560546875,D2,Downtrend,Low,0.0024357670422407995,1.1870590242077521
^DJI,2020-12-31,30606.48046875,D2,Downtrend,Low,0.006475592489127102,1.3234472984838197
^DJI,2021-01-04,30223.890625,D2,Downtrend,Low,-0.012500288758801714,0.9384855398005518
^DJI,2021-01-05,30391.599609375,D2,Downtrend,Low,0.00554888801232889,1.057340861674395
^DJI,2021-01-06,30829.400390625,D2,Downtrend,Low,0.014405322091534556,1.4045098506158373
^DJI,2021-01-07,31041.130859375,D2,Downtrend,Low,0.006867810144448594,1.5328631138593711
^DJI,2021-01-08,31097.970703125,D2,Downtrend,Low,0.0018311138214486267,1.5205197698871844
^DJI,2021-01-11,31008.689453125,D2,Downtrend,Low,-0.002870967075386366,1.3893044943078692
^DJI,2021-01-12,31068.689453125,D2,Downtrend,Low,0.00193494149730844,1.3877251122069045
^DJI,2021-01-13,31060.470703125,D2,Downtrend,Low,-0.0002645348144600934,1.3309748308569314
^DJI,2021-01-14,30991.51953125,D2,Downtrend,Low,-0.0022199010611922976,1.2299770663788478
^DJI,2021-01-15,30814.259765625,D2,Downtrend,Low,-0.005719621635404515,1.0457800601429288
^DJI,2021-01-19,30930.51953125,D2,Downtrend,Low,0.003772920930416035,1.10592925410852
^DJI,2021-01-20,31188.380859375,D1,Downtrend,Low,0.008336792657636316,1.2767445297209588
^DJI,2021-01-21,31176.009765625,D1,Downtrend,Low,-0.0003966571334940161,1.223899152131129
^DJI,2021-01-22,30996.98046875,D2,Downtrend,Low,-0.005742534026031754,1.0449202421908317
^DJI,2021-01-25,30960.0,D2,Downtrend,Low,-0.0011930345533908149,0.9889421804389044
^DJI,2021-01-26,30937.0390625,D2,Downtrend,Low,-0.0007416323481912457,0.9688591671690899
^DJI,2021-01-27,30303.169921875,D2,Downtrend,Low,-0.02048900476042448,0.35197530462138815
^DJI,2021-01-28,30603.359375,D2,Downtrend,Low,0.009906206311053323,0.6566220247992198
^DJI,2021-01-29,29982.619140625,D2,Downtrend,Low,-0.020283401791572064,-0.11619525264099308
^DJI,2021-02-01,30211.91015625,D2,Downtrend,Low,0.007647464504337398,0.13081661675122752
^DJI,2021-02-02,30687.48046875,D2,Downtrend,Low,0.015741153407396125,0.8072691503683377
^DJI,2021-02-03,30723.599609375,D2,Downtrend,Low,0.0011769992216135172,0.8557765287368312
^DJI,2021-02-04,31055.859375,D2,Downtrend,Low,0.010814480394530701,1.4304143552481423
^DJI,2021-02-05,31148.240234375,D2,Downtrend,Low,0.0029746676226054536,1.5547692364524575
^DJI,2021-02-08,31385.759765625,D1,Downtrend,Low,0.0076254558672588235,1.9023332139332207
^DJI,2021-02-09,31375.830078125,D1,Downtrend,Low,-0.00031637556567531977,1.8157379059352228
^DJI,2021-02-10,31437.80078125,D1,Downtrend,Low,0.0019751095977602606,1.8821403951328777
^DJI,2021-02-11,31430.69921875,D1,Downtrend,Low,-0.00022589247095916587,1.8015128526150122
^DJI,2021-02-12,31458.400390625,D1,Downtrend,Low,0.0008813412543642318,1.767619324739749
^DJI,2021-02-16,31522.75,D1,Downtrend,Low,0.0020455461363564353,1.7986480953294541
^DJI,2021-02-17,31613.01953125,D1,Downtrend,Low,0.0028636312266536734,1.8849969304864576
^DJI,2021-02-18,31493.33984375,D1,Downtrend,Low,-0.0037857721051193227,1.6293284156619097
^DJI,2021-02-19,31494.3203125,D1,Downtrend,Low,3.1132574533687674e-05,1.600605078621575
^DJI,2021-02-22,31521.689453125,D1,Downtrend,Low,0.0008690182976940353,1.599036872322635
^DJI,2021-02-23,31537.349609375,D1,Downtrend,Low,0.0004968057398473391,1.5627664612348608
^DJI,2021-02-24,31961.859375,D1,Downtrend,Low,0.013460540308016578,2.1813034390060144
^DJI,2021-02-25,31402.009765625,D1,Downtrend,Low,-0.01751617772941283,1.1930833697025336
^DJI,2021-02-26,30932.369140625,D2,Downtrend,Low,-0.014955750555625369,0.36881621791818603
^DJI,2021-03-01,31535.509765625,D1,Downtrend,Low,0.019498688324130597,1.3789568436970503
^DJI,2021-03-02,31391.51953125,D1,Downtrend,Low,-0.004565971358799992,1.0929607888324508
^DJI,2021-03-03,31270.08984375,D1,Downtrend,Low,-0.003868232226831747,0.8491517261347077
^DJI,2021-03-04,30924.140625,D2,Downtrend,Low,-0.011063262704988586,0.20967002239157373
^DJI,2021-03-05,31496.30078125,D1,Downtrend,Low,0.018502055180393606,1.2052844147694317
^DJI,2021-03-08,31802.439453125,D1,Downtrend,Low,0.009719829449217343,1.689746592664168
^DJI,2021-03-09,31832.740234375,D1,Downtrend,Low,0.0009527816661567545,1.679017877794241
^DJI,2021-03-10,32297.01953125,D1,Downtrend,Low,0.014584961692164944,2.367441805996453
^DJI,2021-03-11,32485.58984375,D1,Downtrend,Medium,0.005838628927277378,2.5255260564213793
^DJI,2021-03-12,32778.640625,D1,Downtrend,Medium,0.00902094690782973,2.808713406590493
^DJI,2021-03-15,32953.4609375,D1,Downtrend,Medium,0.0053333606631222885,2.8387572941928285
^DJI,2021-03-16,32825.94921875,D1,Downtrend,Medium,-0.003869448462237135,2.4799219061883764
^DJI,2021-03-17,33015.37109375,D1,Downtrend,Medium,0.0057704919281298395,2.561214976831605
^DJI,2021-03-18,32862.30078125,D1,Downtrend,Medium,-0.004636334756478844,2.2241322397616954
^DJI,2021-03-19,32627.970703125,D1,Downtrend,Medium,-0.007130665612393727,1.8303807941952
^DJI,2021-03-22,32731.19921875,D1,Downtrend,Medium,0.0031638043494721657,1.8895493955855491
^DJI,2021-03-23,32423.150390625,D1,Downtrend,Medium,-0.009411473929392011,1.4404225334753897
^DJI,2021-03-24,32420.060546875,D1,Downtrend,Medium,-9.529745606995377e-05,1.3906269378000868
^DJI,2021-03-25,32619.48046875,D1,Downtrend,Low,0.006151127373333232,1.5893777401245976
^DJI,2021-03-26,33072.87890625,D1,Downtrend,Low,0.013899621667315065,2.072305193970333
^DJI,2021-03-29,33171.37109375,D1,Downtrend,Low,0.002978034896181647,2.087919478105579
^DJI,2021-03-30,33066.9609375,D1,Downtrend,Low,-0.003147598450329747,1.8686919811796774
^DJI,2021-03-31,32981.55078125,D1,Downtrend,Low,-0.0025829454485228887,1.7031052015976647
^DJI,2021-04-01,33153.2109375,D1,Downtrend,Low,0.005204732712192239,1.832957028341835
^DJI,2021-04-05,33527.19140625,D1,Downtrend,Low,0.011280369477786767,2.1518437343649826
^DJI,2021-04-06,33430.23828125,D1,Downtrend,Low,-0.002891775926746054,1.937004537652314
^DJI,2021-04-07,33446.26171875,D1,Downtrend,Low,0.0004793097005528768,1.86059535246411
^DJI,2021-04-08,33503.5703125,D1,Downtrend,Low,0.0017134528884545919,1.8327784788215415
^DJI,2021-04-09,33800.6015625,D1,Downtrend,Low,0.008865659606706933,2.034749213791643
^DJI,2021-04-12,33745.3984375,D1,Downtrend,Low,-0.00163319948308982,1.8819303989639358
^DJI,2021-04-13,33677.26953125,D1,Downtrend,Low,-0.00201890952261774,1.7337797381652873
^DJI,2021-04-14,33730.890625,D1,Downtrend,Low,0.0015922043115830231,1.711852445622359
^DJI,2021-04-15,34035.98828125,D1,Downtrend,Low,0.009045051897440093,1.911948232604192
^DJI,2021-04-16,34200.671875,D1,Downtrend,Low,0.004838513645884612,1.9627995315858424
^DJI,2021-04-19,34077.62890625,D1,Downtrend,Low,-0.0035976769462222613,1.7660739382976944
^DJI,2021-04-20,33821.30078125,D1,Downtrend,Low,-0.007521888500669371,1.4773293661290912
^DJI,2021-04-21,34137.30859375,D1,Downtrend,Low,0.009343455313675975,1.686395831063775
^DJI,2021-04-22,33815.8984375,D1,Downtrend,Low,-0.009415216649763858,1.354955885553308
^DJI,2021-04-23,34043.48828125,D1,Downtrend,Low,0.006730261630358392,1.5085383340414884
^DJI,2021-04-26,33981.5703125,D1,Downtrend,Low,-0.0018187903730212396,1.4085597671518326
^DJI,2021-04-27,33984.9296875,D1,Downtrend,Low,9.885873339898765e-05,1.384810131147482
^DJI,2021-04-28,33820.37890625,D1,Downtrend,Low,-0.004841874994684026,1.2103254336389506
^DJI,2021-04-29,34060.359375,D1,Downtrend,Low,0.007095735663258607,1.391614114461945
^DJI,2021-04-30,33874.8515625,D1,Downtrend,Low,-0.005446443193907191,1.1860245470081712
^DJI,2021-05-03,34113.23046875,D1,Downtrend,Low,0.0070370465184232955,1.3671204082207458
^DJI,2021-05-04,34133.03125,D1,Downtrend,Low,0.0005804428656541738,1.34212648512177
^DJI,2021-05-05,34230.33984375,D1,Downtrend,Low,0.002850862937934906,1.385748873600227
^DJI,2021-05-06,34548.53125,D1,Downtrend,Low,0.009295595886644303,1.6241893570787633
^DJI,2021-05-07,34777.76171875,D1,Downtrend,Low,0.0066350279000644274,1.7647168551866717
^DJI,2021-05-10,34742.8203125,D1,Downtrend,Low,-0.0010047054359787477,1.666402819355473
^DJI,2021-05-11,34269.16015625,D1,Downtrend,Low,-0.013633324870853447,1.191761015343237
^DJI,2021-05-12,33587.66015625,D1,Downtrend,Low,-0.0198866851972066,0.5375070616190429
^DJI,2021-05-13,34021.44921875,D1,Downtrend,Low,0.012915131940778535,0.9131581967484309
^DJI,2021-05-14,34382.12890625,D1,Downtrend,Low,0.01060153802328978,1.2155022886186446
^DJI,2021-05-17,34327.7890625,D1,Downtrend,Low,-0.0015804676870989631,1.1296101393487519
^DJI,2021-05-18,34060.66015625,D1,Downtrend,Low,-0.007781710198802583,0.845826223866417
^DJI,2021-05-19,33896.0390625,D1,Downtrend,Low,-0.004833173901938936,0.6598598763331229
^DJI,2021-05-20,34084.1484375,D1,Downtrend,Low,0.005549597540088769,0.817886062377145
^DJI,2021-05-21,34207.83984375,D1,Downtrend,Low,0.0036290009262462952,0.9161433185953275
^DJI,2021-05-24,34393.98046875,D1,Downtrend,Low,0.005441460958956368,1.0942588589065414
^DJI,2021-05-25,34312.4609375,D1,Downtrend,Low,-0.00237016856260841,0.982773078861313
^DJI,2021-05-26,34323.05078125,D1,Downtrend,Low,0.0003086296774017505,0.9754753628070879
^DJI,2021-05-27,34464.640625,D1,Downtrend,Low,0.004125211498604564,1.1264583520429121
^DJI,2021-05-28,34529.44921875,D1,Downtrend,Low,0.0018804372416112436,1.222567027036852
^DJI,2021-06-01,34575.30859375,D1,Downtrend,Low,0.0013281235593847196,1.280044660160625
^DJI,2021-06-02,34600.37890625,D1,Downtrend,Low,0.0007250929498436864,1.3031653269897834
^DJI,2021-06-03,34577.0390625,D1,Downtrend,Low,-0.0006745545710131751,1.265074115191786
^DJI,2021-06-04,34756.390625,D1,Downtrend,Low,0.00518701332915783,1.4999256981463749
^DJI,2021-06-07,34630.23828125,D1,Downtrend,Low,-0.003629615776595041,1.2792767527767603
^DJI,2021-06-08,34599.8203125,D1,Downtrend,Low,-0.0008783644080921915,1.196733522721844
^DJI,2021-06-09,34447.140625,D1,Downtrend,Low,-0.004412730647761265,0.9288617492690215
^DJI,2021-06-10,34466.23828125,D1,Downtrend,Low,0.0005544046879797371,0.930177244779351
^DJI,2021-06-11,34479.6015625,D1,Downtrend,Low,0.00038772090939986903,0.921140785871522
^DJI,2021-06-14,34393.75,D1,Downtrend,Low,-0.002489923276647543,0.7570799940883516
^DJI,2021-06-15,34299.328125,D1,Downtrend,Low,-0.002745320734145018,0.578258294197446
^DJI,2021-06-16,34033.671875,D1,Downtrend,Low,-0.007745231890019744,0.09241266947856548
^DJI,2021-06-17,33823.44921875,D1,Downtrend,Low,-0.006176902011105767,-0.34430441898437475
^DJI,2021-06-18,33290.078125,D1,Downtrend,Low,-0.015769269724695167,-1.4781441193964255
^DJI,2021-06-21,33876.96875,D1,Downtrend,Low,0.017629595905311435,-0.3563222542522373
^DJI,2021-06-22,33945.578125,D1,Downtrend,Low,0.002025251299970554,-0.24795106895869704
^DJI,2021-06-23,33874.23828125,D1,Downtrend,Low,-0.002101594602021528,-0.4515972952269944
^DJI,2021-06-24,34196.8203125,D1,Downtrend,Low,0.009522930923838713,0.2749025459686669
^DJI,2021-06-25,34433.83984375,D1,Downtrend,Low,0.006931040052380544,0.8511079763617421
^DJI,2021-06-28,34283.26953125,D1,Downtrend,Low,-0.004372742429634369,0.42981959961656985
^DJI,2021-06-29,34292.2890625,D1,Downtrend,Low,0.00026308842106725905,0.42922259492977194
^DJI,2021-06-30,34502.51171875,D1,Downtrend,Low,0.006130318564236292,1.0029495385528806
^DJI,2021-07-01,34633.53125,D1,Downtrend,Low,0.003797391109320314,1.3581630531301367
^DJI,2021-07-02,34786.3515625,D1,Downtrend,Low,0.0044124958381193125,1.7660984664780413
^DJI,2021-07-06,34577.37109375,D1,Downtrend,Low,-0.006007542020453838,1.099742811210974
^DJI,2021-07-07,34681.7890625,D1,Downtrend,Low,0.003019835385023706,1.3693673090150185
^DJI,2021-07-08,34421.9296875,D1,Downtrend,Low,-0.007492675032758744,0.558442599373794
^DJI,2021-07-09,34870.16015625,U1,Uptrend,Low,0.013021654300594543,1.8674900837943622
^DJI,2021-07-12,34996.1796875,U1,Uptrend,Low,0.003613964796413738,2.1253913674007063
^DJI,2021-07-13,34888.7890625,U1,Uptrend,Low,-0.003068638518802569,1.7289542000160882
^DJI,2021-07-14,34933.23046875,U1,Uptrend,Low,0.0012738019129980849,1.7715418191329937
^DJI,2021-07-15,34987.01953125,U1,Uptrend,Low,0.0015397677734991788,1.8416292581867235
^DJI,2021-07-16,34687.8515625,D1,Downtrend,Low,-0.00855082749997571,0.9825455471748358
^DJI,2021-07-19,33962.0390625,D1,Downtrend,Low,-0.020924112255619076,-1.028330325394566
^DJI,2021-07-20,34511.98828125,D1,Downtrend,Low,0.016193056539919093,0.4765193105818504
^DJI,2021-07-21,34798.0,U1,Uptrend,Low,0.008287315017007746,1.2289716392566052
^DJI,2021-07-22,34823.3515625,U1,Uptrend,Low,0.0007285350451176065,1.254646893256649
^DJI,2021-07-23,35061.55078125,U1,Uptrend,Low,0.006840215202218225,1.8361865765151586
^DJI,2021-07-26,35144.30859375,U1,Uptrend,Low,0.002360358017713615,1.958754915608043
^DJI,2021-07-27,35058.51953125,U1,Uptrend,Low,-0.002441051366002922,1.6667064043427733
^DJI,2021-07-28,34930.9296875,U1,Uptrend,Low,-0.0036393391807737485,1.283215234912311
^DJI,2021-07-29,35084.53125,U1,Uptrend,Low,0.0043972938560226105,1.6152186987207822
^DJI,2021-07-30,34935.46875,U1,Uptrend,Low,-0.004248667281253726,1.1904614159378055
^DJI,2021-08-02,34838.16015625,U1,Uptrend,Low,-0.0027853810820843705,0.9238056898171156
^DJI,2021-08-03,35116.3984375,U1,Uptrend,Low,0.007986595158931964,1.5859719533351686
^DJI,2021-08-04,34792.671875,D1,Downtrend,Low,-0.009218672099195135,0.7778558189035921
^DJI,2021-08-05,35064.25,U1,Uptrend,Low,0.007805612801905504,1.398328844519117
^DJI,2021-08-06,35208.51171875,U1,Uptrend,Low,0.00411421087717545,1.7158688323547195
^DJI,2021-08-09,35101.8515625,U1,Uptrend,Low,-0.003029385538986018,1.4001129762145512
^DJI,2021-08-10,35264.671875,U1,Uptrend,Low,0.004638510655487593,1.7239813371463988
^DJI,2021-08-11,35484.96875,U1,Uptrend,Low,0.006246956608042975,2.127868835671598
^DJI,2021-08-12,35499.8515625,U1,Uptrend,Low,0.0004194117403584219,2.0538640414859484
^DJI,2021-08-13,35515.37890625,U1,Uptrend,Low,0.00043739179367174863,2.0006454495482915
^DJI,2021-08-16,35625.3984375,U1,Uptrend,Low,0.0030977997317842565,2.1292165170293256
^DJI,2021-08-17,35343.28125,U1,Uptrend,Low,-0.007918990379712887,1.4576187606954538
^DJI,2021-08-18,34960.69140625,U1,Uptrend,Low,-0.01082496673253841,0.6122542260873336
^DJI,2021-08-19,34894.12109375,U1,Uptrend,Low,-0.001904147481708529,0.44948234647782576
^DJI,2021-08-20,35120.078125,U1,Uptrend,Low,0.006475504301796997,0.9079006301947936
^DJI,2021-08-23,35335.7109375,U1,Uptrend,Low,0.006139872802461088,1.3246604472869108
^DJI,2021-08-24,35366.26171875,U1,Uptrend,Low,0.0008645865737366698,1.3406055546805375
^DJI,2021-08-25,35405.5,U1,Uptrend,Low,0.0011094834269462783,1.3723723153798661
^DJI,2021-08-26,35213.12109375,U1,Uptrend,Low,-0.005433588178390347,0.9466923898054814
^DJI,2021-08-27,35455.80078125,U1,Uptrend,Low,0.006891740350248865,1.3926859994571483
^DJI,2021-08-30,35399.83984375,U1,Uptrend,Low,-0.001578329533304279,1.2410926434895584
^DJI,2021-08-31,35360.73046875,U1,Uptrend,Low,-0.0011047896027954751,1.1271197596445588
^DJI,2021-09-01,35312.53125,U1,Uptrend,Low,-0.001363071919359693,1.001005561236551
^DJI,2021-09-02,35443.8203125,U1,Uptrend,Low,0.0037179170637902104,1.2150248843830185
^DJI,2021-09-03,35369.08984375,U1,Uptrend,Low,-0.0021084202574981337,1.0351944404068243
^DJI,2021-09-07,35100.0,U1,Uptrend,Low,-0.007608051124265769,0.49634230552261643
^DJI,2021-09-08,35031.0703125,U1,Uptrend,Low,-0.001963808760683805,0.34427773130471717
^DJI,2021-09-09,34879.37890625,U1,Uptrend,Low,-0.00433019616291519,0.030539749432956894
^DJI,2021-09-10,34607.71875,D1,Downtrend,Low,-0.007788560598518068,-0.5334925973087414
^DJI,2021-09-13,34869.62890625,U1,Uptrend,Low,0.007567969392666241,-0.04434089767472121
^DJI,2021-09-14,34577.5703125,D1,Downtrend,Low,-0.008375729909120166,-0.7744865113687244
^DJI,2021-09-15,34814.390625,U1,Uptrend,Low,0.006848957586079729,-0.2765607710664858
^DJI,2021-09-16,34751.3203125,D1,Downtrend,Low,-0.0018116161554960764,-0.48658436035778
^DJI,2021-09-17,34584.87890625,D1,Downtrend,Low,-0.004789498780284673,-1.0015389344372674
^DJI,2021-09-20,33970.46875,D1,Downtrend,Low,-0.017765282854264042,-2.5987704001011114
^DJI,2021-09-21,33919.83984375,D1,Downtrend,Low,-0.0014903799715745292,-2.590971618251423
^DJI,2021-09-22,34258.3203125,D1,Downtrend,Low,0.009978834520127267,-1.727833782887182
^DJI,2021-09-23,34764.8203125,D1,Downtrend,Low,0.01478472953080523,-0.4750799760053504
^DJI,2021-09-24,34798.0,U1,Uptrend,Low,0.0009544041131739345,-0.40604738385848393
^DJI,2021-09-27,34869.37109375,U1,Uptrend,Low,0.002051011372780076,-0.23095100697057344
^DJI,2021-09-28,34299.98828125,D1,Downtrend,Low,-0.01632902443147466,-1.6686244978005786
^DJI,2021-09-29,34390.71875,D1,Downtrend,Low,0.0026452040742999117,-1.4137504784869885
^DJI,2021-09-30,33843.921875,D1,Downtrend,Low,-0.015899547752255105,-2.6125759642915876
^DJI,2021-10-01,34326.4609375,D1,Downtrend,Low,0.0142577761608782,-1.4426566794303837
^DJI,2021-10-04,34002.921875,D1,Downtrend,Low,-0.009425354483501347,-2.097059436174464
^DJI,2021-10-05,34314.671875,D1,Downtrend,Low,0.009168329743721504,-1.3343778587089086
^DJI,2021-10-06,34416.98828125,D1,Downtrend,Low,0.0029817101740827745,-1.0743204855570563
^DJI,2021-10-07,34754.94140625,D1,Downtrend,Medium,0.009819369499687314,-0.3106259507837088
^DJI,2021-10-08,34746.25,D1,Downtrend,Low,-0.00025007684945876907,-0.3209301981509134
^DJI,2021-10-11,34496.05859375,D1,Downtrend,Low,-0.007200529733424443,-0.8691536397453795
^DJI,2021-10-12,34378.33984375,D1,Downtrend,Low,-0.003412527540793575,-1.1766021590865012
^DJI,2021-10-13,34377.80859375,D1,Downtrend,Low,-1.5453044050817155e-05,-1.1665312668187364
^DJI,2021-10-14,34912.55859375,U1,Uptrend,Medium,0.015555092714583996,0.044083376029222895
^DJI,2021-10-15,35294.76171875,U1,Uptrend,Medium,0.010947439557421168,0.8889790345450741
^DJI,2021-10-18,35258.609375,U1,Uptrend,Low,-0.0010242977141504683,0.7964571628594529
^DJI,2021-10-19,35457.30859375,U1,Uptrend,Low,0.00563548087324417,1.218593517655639
^DJI,2021-10-20,35609.33984375,U1,Uptrend,Low,0.0042877267347583015,1.5074157982743006
^DJI,2021-10-21,35603.078125,U1,Uptrend,Low,-0.00017584484232158193,1.4427095722617522
^DJI,2021-10-22,35677.01953125,U1,Uptrend,Low,0.0020768262224517553,1.548484510171799
^DJI,2021-10-25,35741.1484375,U1,Uptrend,Low,0.0017974849663051629,1.6172421583068832
^DJI,2021-10-26,35756.87890625,U1,Uptrend,Low,0.00044012208442345546,1.5835085612023119
^DJI,2021-10-27,35490.69140625,U1,Uptrend,Low,-0.007444371772433178,1.0276189354646539
^DJI,2021-10-28,35730.48046875,U1,Uptrend,Low,0.006756393099114799,1.4488204684789532
^DJI,2021-10-29,35819.55859375,U1,Uptrend,Low,0.0024930570155055065,1.564744985178928
^DJI,2021-11-01,35913.83984375,U1,Uptrend,Low,0.002632116466573464,1.6825709437980023
^DJI,2021-11-02,36052.62890625,U1,Uptrend,Low,0.003864500791445069,1.855452239353618
^DJI,2021-11-03,36157.578125,U1,Uptrend,Low,0.0029110004439039106,1.9544125685585705
^DJI,2021-11-04,36124.23046875,U1,Uptrend,Low,-0.0009222867785755318,1.8314555647412742
^DJI,2021-11-05,36327.94921875,U1,Uptrend,Low,0.005639393486215116,2.0851273416133713
^DJI,2021-11-08,36432.21875,U1,Uptrend,Low,0.0028702289419679783,2.151810430587187
^DJI,2021-11-09,36319.98046875,U1,Uptrend,Low,-0.0030807424060605992,1.904233167372213
^DJI,2021-11-10,36079.94140625,U1,Uptrend,Low,-0.006609008578805087,1.484346157842904
^DJI,2021-11-11,35921.23046875,U1,Uptrend,Low,-0.004398869047844589,1.2024946952301987
^DJI,2021-11-12,36100.30859375,U1,Uptrend,Low,0.004985300410457638,1.4188408781643047
^DJI,2021-11-15,36087.44921875,U1,Uptrend,Low,-0.0003562123289502228,1.3538964587594609
^DJI,2021-11-16,36142.21875,U1,Uptrend,Low,0.0015176891810226856,1.3912962557712776
^DJI,2021-11-17,35931.05078125,U1,Uptrend,Low,-0.005842695220530714,1.0642510655289785
^DJI,2021-11-18,35870.94921875,U1,Uptrend,Low,-0.001672691479742694,0.9606585474181202
^DJI,2021-11-19,35601.98046875,U1,Uptrend,Low,-0.007498233413332889,0.5693855891294105
^DJI,2021-11-22,35619.25,U1,Uptrend,Low,0.0004850722072935465,0.5888099873239313
^DJI,2021-11-23,35813.80078125,U1,Uptrend,Low,0.005461956140289326,0.8483144717014748
^DJI,2021-11-24,35804.37890625,U1,Uptrend,Low,-0.00026307944966663666,0.8202932714296547
^DJI,2021-11-26,34899.33984375,U1,Uptrend,Low,-0.025277328923083653,-0.4299687115116911
^DJI,2021-11-29,35135.94140625,U1,Uptrend,Low,0.0067795426377490475,-0.09386430638969404
^DJI,2021-11-30,34483.71875,D1,Downtrend,Low,-0.01856283424169136,-0.9735558357356084
^DJI,2021-12-01,34022.0390625,D1,Downtrend,Low,-0.013388338155959523,-1.5532446564236215
^DJI,2021-12-02,34639.7890625,D1,Downtrend,Low,0.018157347913955624,-0.7062206995253383
^DJI,2021-12-03,34580.078125,D1,Downtrend,Low,-0.0017237673529785225,-0.7768430055904391
^DJI,2021-12-06,35227.03125,U1,Uptrend,Medium,0.01870883931092915,0.0775873020669328
^DJI,2021-12-07,35719.4296875,U1,Uptrend,Medium,0.013977857912735647,0.7199545430566647
^DJI,2021-12-08,35754.75,U1,Uptrend,Medium,0.000988826328107928,0.741780894328446
^DJI,2021-12-09,35754.69140625,U1,Uptrend,Medium,-1.6387682755247823e-06,0.719101939864636
^DJI,2021-12-10,35970.98828125,U1,Uptrend,Medium,0.006049468377237632,0.9773337230706587
^DJI,2021-12-13,35650.94921875,U1,Uptrend,Medium,-0.008897143998315538,0.5283703474937754
^DJI,2021-12-14,35544.1796875,U1,Uptrend,Medium,-0.002994858021728275,0.35892712418391326
^DJI,2021-12-15,35927.4296875,U1,Uptrend,Medium,0.01078235602479749,0.8612072512901134
^DJI,2021-12-16,35897.640625,U1,Uptrend,Medium,-0.0008291453844349039,0.7917917645792449
^DJI,2021-12-17,35365.44140625,U1,Uptrend,Medium,-0.014825465113697867,0.016406337109271602
^DJI,2021-12-20,34932.16015625,U1,Uptrend,Medium,-0.012251543675726007,-0.61161008171012
^DJI,2021-12-21,35492.69921875,U1,Uptrend,Medium,0.016046504424368058,0.18248009463318435
^DJI,2021-12-22,35753.890625,U1,Uptrend,Medium,0.007359017826179315,0.5353801891268894
^DJI,2021-12-23,35950.55859375,U1,Uptrend,Medium,0.005500603299728235,0.7978772275293619
^DJI,2021-12-27,36302.37890625,U1,Uptrend,Medium,0.009786226591793845,1.3077635792376245
^DJI,2021-12-28,36398.2109375,U1,Uptrend,Medium,0.002639827860799082,1.4162089955645927
^DJI,2021-12-29,36488.62890625,U1,Uptrend,Medium,0.0024841322257640464,1.5356803192674309
^DJI,2021-12-30,36398.078125,U1,Uptrend,Low,-0.0024816164367987836,1.358588548939612
^DJI,2021-12-31,36338.30078125,U1,Uptrend,Low,-0.0016423214309477796,1.2306894572351035
^DJI,2022-01-03,36585.05859375,U1,Uptrend,Low,0.0067905710282227805,1.5840578669757053
^DJI,2022-01-04,36799.6484375,U1,Uptrend,Low,0.005865504990243631,1.8613960581866047
^DJI,2022-01-05,36407.109375,U1,Uptrend,Low,-0.010666924255178234,1.1890596635294948
^DJI,2022-01-06,36236.46875,U1,Uptrend,Low,-0.004687013825853903,0.8836197087617751
^DJI,2022-01-07,36231.66015625,U1,Uptrend,Low,-0.00013270039592361282,0.8580801195674366
^DJI,2022-01-10,36068.87109375,U1,Uptrend,Low,-0.004493005890372381,0.5372877219077304
^DJI,2022-01-11,36252.01953125,U1,Uptrend,Low,0.005077742439566935,0.8470297176044677
^DJI,2022-01-12,36290.3203125,U1,Uptrend,Low,0.001056514416168941,0.8875900683173845
^DJI,2022-01-13,36113.62109375,U1,Uptrend,Low,-0.004869045443204212,0.5404638512776732
^DJI,2022-01-14,35911.80859375,U1,Uptrend,Low,-0.005588265421407113,0.15678912573576084
^DJI,2022-01-18,35368.46875,U1,Uptrend,Low,-0.015129837928701817,-0.841441249428208
^DJI,2022-01-19,35028.6484375,U1,Uptrend,Low,-0.009608001830726742,-1.4251460764109498
^DJI,2022-01-20,34715.390625,D1,Downtrend,Low,-0.008942903208467579,-1.9015769882020461
^DJI,2022-01-21,34265.37109375,D1,Downtrend,Low,-0.012963112992481318,-2.502956736628126
^DJI,2022-01-24,34364.5,D1,Downtrend,Low,0.0028929762931440006,-2.2116729533661
^DJI,2022-01-25,34297.73046875,D1,Downtrend,Low,-0.0019429798556650502,-2.184299668413379
^DJI,2022-01-26,34168.08984375,D1,Downtrend,Low,-0.0037798601606634508,-2.237378109720087
^DJI,2022-01-27,34160.78125,D1,Downtrend,Low,-0.0002139011511448352,-2.1200174361644866
^DJI,2022-01-28,34725.46875,D1,Downtrend,Low,0.0165302864670287,-1.2811548153103067
^DJI,2022-01-31,35131.859375,U1,Uptrend,Low,0.011702955773635226,-0.6939212316594855
^DJI,2022-02-01,35405.23828125,U1,Uptrend,Low,0.007781509749652971,-0.2990761745829233
^DJI,2022-02-02,35629.328125,U1,Uptrend,Low,0.0063292850049443405,0.02921654689033799
^DJI,2022-02-03,35111.16015625,U1,Uptrend,Low,-0.014543298906229407,-0.6722530318294384
^DJI,2022-02-04,35089.73828125,U1,Uptrend,Low,-0.0006101158407945118,-0.6771936234091414
^DJI,2022-02-07,35091.12890625,U1,Uptrend,Low,3.9630532118861694e-05,-0.6523971289045575
^DJI,2022-02-08,35462.78125,U1,Uptrend,Low,0.010591062622776093,-0.11282014965638973
^DJI,2022-02-09,35768.05859375,U1,Uptrend,Low,0.00860838696203503,0.3320831173971269
^DJI,2022-02-10,35241.58984375,U1,Uptrend,Low,-0.014718963530550466,-0.403788511588714
^DJI,2022-02-11,34738.05859375,D1,Downtrend,Low,-0.014287983380786629,-1.0908231866964737
^DJI,2022-02-14,34566.171875,D1,Downtrend,Low,-0.004948080742224525,-1.2900919163239488
^DJI,2022-02-15,34988.83984375,U1,Uptrend,Low,0.01222779225534354,-0.6691973610611129
^DJI,2022-02-16,34934.26953125,U1,Uptrend,Low,-0.0015596490979322697,-0.7276253598215446
^DJI,2022-02-17,34312.03125,D1,Downtrend,Medium,-0.017811687194242976,-1.5425030600012084
^DJI,2022-02-18,34079.1796875,D1,Downtrend,Low,-0.006786294894739031,-1.7782145280684523
^DJI,2022-02-22,33596.609375,D1,Downtrend,Medium,-0.014160267850490627,-2.275752270753699
^DJI,2022-02-23,33131.76171875,D1,Downtrend,Medium,-0.013836147899969453,-2.665588569972666
^DJI,2022-02-24,33223.828125,D1,Downtrend,Medium,0.002778795979264226,-2.3896964493378454
^DJI,2022-02-25,34058.75,D1,Downtrend,Medium,0.02513021292605777,-1.4075029422841048
^DJI,2022-02-28,33892.6015625,D1,Downtrend,Medium,-0.004878289352956311,-1.5882809478834718
^DJI,2022-03-01,33294.94921875,D1,Downtrend,Medium,-0.01763371108139611,-2.159354421109208
^DJI,2022-03-02,33891.3515625,D1,Downtrend,Medium,0.017912697203158245,-1.4736719506292166
^DJI,2022-03-03,33794.66015625,D1,Downtrend,Medium,-0.002852981713393432,-1.5209320314640633
^DJI,2022-03-04,33614.80078125,D1,Downtrend,Medium,-0.005322124092043468,-1.6384045169460795
^DJI,2022-03-07,32817.37890625,D1,Downtrend,Medium,-0.023722344219418767,-2.305695238522754
^DJI,2022-03-08,32632.640625,D1,Downtrend,Medium,-0.005629282026993865,-2.327458647970027
^DJI,2022-03-09,33286.25,D1,Downtrend,Medium,0.020029313058388176,-1.638801688998744
^DJI,2022-03-10,33174.0703125,D1,Downtrend,Medium,-0.003370150963235563,-1.6676044529968177
^DJI,2022-03-11,32944.19140625,D1,Downtrend,Medium,-0.006929475463352541,-1.7890391607004912
^DJI,2022-03-14,32945.23828125,D1,Downtrend,Medium,3.177722552338835e-05,-1.7102644063940313
^DJI,2022-03-15,33544.33984375,D1,Downtrend,Medium,0.01818476944636238,-1.1510975099649758
^DJI,2022-03-16,34063.1015625,D1,Downtrend,Medium,0.015464955374480338,-0.6836028216128137
^DJI,2022-03-17,34480.76171875,D1,Downtrend,Medium,0.012261366026333986,-0.31785203154453745
^DJI,2022-03-18,34754.9296875,D1,Downtrend,Medium,0.00795133155660288,-0.07200106850156329
^DJI,2022-03-21,34552.98828125,D1,Downtrend,Medium,-0.005810439211523688,-0.2297862829361884
^DJI,2022-03-22,34807.4609375,U1,Uptrend,Medium,0.007364707624668343,0.006965127436005814
^DJI,2022-03-23,34358.5,D1,Downtrend,Medium,-0.012898411013263833,-0.36152202182996723
^DJI,2022-03-24,34707.94140625,D1,Downtrend,Medium,0.010170449997817244,-0.027906853813897053
^DJI,2022-03-25,34861.23828125,U1,Uptrend,Medium,0.004416766560876972,0.13763667007241737
^DJI,2022-03-28,34955.890625,U1,Uptrend,Medium,0.0027151170875334696,0.25210264750840533
^DJI,2022-03-29,35294.19140625,U1,Uptrend,Medium,0.009677933395524807,0.5972510293287017
^DJI,2022-03-30,35228.80859375,U1,Uptrend,Medium,-0.0018525091493786228,0.5715254247530192
^DJI,2022-03-31,34678.3515625,D1,Downtrend,Medium,-0.01562519577649457,0.06753689991740386
^DJI,2022-04-01,34818.26953125,U1,Uptrend,Medium,0.004034735287167024,0.24502130556398127
^DJI,2022-04-04,34921.87890625,U1,Uptrend,Low,0.0029757186785808187,0.387134197404243
^DJI,2022-04-05,34641.1796875,D1,Downtrend,Low,-0.008037918563991164,0.11543627296250501
^DJI,2022-04-06,34496.51171875,D1,Downtrend,Low,-0.004176184819773998,-0.01687467586345061
^DJI,2022-04-07,34583.5703125,D1,Downtrend,Low,0.002523692669559985,0.11842613567913361
^DJI,2022-04-08,34721.12109375,D1,Downtrend,Low,0.003977344733556487,0.3248886558002411
^DJI,2022-04-11,34308.078125,D1,Downtrend,Low,-0.01189601475236779,-0.15228059427741653
^DJI,2022-04-12,34220.359375,D1,Downtrend,Low,-0.002556795798365652,-0.23567806107022815
^DJI,2022-04-13,34564.58984375,D1,Downtrend,Low,0.010059230091004956,0.2393084160905943
^DJI,2022-04-14,34451.23046875,D1,Downtrend,Low,-0.003279638945882013,0.10121947336105487
^DJI,2022-04-18,34411.69140625,D1,Downtrend,Low,-0.0011476821571254625,0.05491721694116223
^DJI,2022-04-19,34911.19921875,U1,Uptrend,Low,0.01451564256470328,0.7108454891685556
^DJI,2022-04-20,35160.7890625,U1,Uptrend,Low,0.007149277290249945,1.0188773469112673
^DJI,2022-04-21,34792.76171875,D1,Downtrend,Low,-0.010466981929666441,0.5171257809450991
^DJI,2022-04-22,33811.3984375,D1,Downtrend,Low,-0.02820596103243911,-0.7744616688841784
^DJI,2022-04-25,34049.4609375,D1,Downtrend,Medium,0.007040894816582544,-0.4568919231494963
^DJI,2022-04-26,33240.1796875,D1,Downtrend,Medium,-0.02376781387186977,-1.4673500003370168
^DJI,2022-04-27,33301.9296875,D1,Downtrend,Medium,0.0018576915221435453,-1.3379641179635573
^DJI,2022-04-28,33916.390625,D1,Downtrend,Medium,0.018451211184036476,-0.5214849908824848
^DJI,2022-04-29,32977.2109375,D1,Downtrend,Medium,-0.02769102696935344,-1.6925477800939297
^DJI,2022-05-02,33061.5,D1,Downtrend,Medium,0.0025559791172076185,-1.5225041502003671
^DJI,2022-05-03,33128.7890625,D1,Downtrend,Medium,0.002035269497754122,-1.384449787527213
^DJI,2022-05-04,34061.05859375,D1,Downtrend,Medium,0.028140766916991744,-0.16413780721245114
^DJI,2022-05-05,32997.96875,D1,Downtrend,Medium,-0.031211297817533845,-1.5011886995271115
^DJI,2022-05-06,32899.37109375,D1,Downtrend,Medium,-0.0029879916850942267,-1.5959069470895673
^DJI,2022-05-09,32245.69921875,D1,Downtrend,Medium,-0.019868825854977512,-2.33141553680061
^DJI,2022-05-10,32160.740234375,D1,Downtrend,Medium,-0.002634738474692422,-2.2910281635590053
^DJI,2022-05-11,31834.109375,D1,Downtrend,Medium,-0.010156198426859664,-2.5039066288180725
^DJI,2022-05-12,31730.30078125,D1,Downtrend,Medium,-0.0032609234493465866,-2.4565954800561105
^DJI,2022-05-13,32196.66015625,D1,Downtrend,Medium,0.014697603348140298,-1.8440820508002083
^DJI,2022-05-16,32223.419921875,D1,Downtrend,Medium,0.0008311348287410869,-1.7330008768634804
^DJI,2022-05-17,32654.58984375,D1,Downtrend,Medium,0.013380638148289714,-1.2254258600497785
^DJI,2022-05-18,31490.0703125,D1,Downtrend,Medium,-0.03566174117703347,-2.317900226125385
^DJI,2022-05-19,31253.130859375,D1,Downtrend,Medium,-0.0075242592593052215,-2.406516843681876
^DJI,2022-05-20,31261.900390625,D1,Downtrend,Medium,0.0002805968876993248,-2.2641438119619695
^DJI,2022-05-23,31880.240234375,D1,Downtrend,Medium,0.019779342779028042,-1.6203678210404213
^DJI,2022-05-24,31928.619140625,D1,Downtrend,Medium,0.0015175201282779938,-1.516357548141174
^DJI,2022-05-25,32120.279296875,D1,Downtrend,Medium,0.006002769972790256,-1.3096821230876257
^DJI,2022-05-26,32637.189453125,D1,Downtrend,Medium,0.016092953348020522,-0.8334077408620386
^DJI,2022-05-27,33212.9609375,D1,Downtrend,Medium,0.017641576803111292,-0.3225640062068423
^DJI,2022-05-31,32990.12109375,D1,Downtrend,Medium,-0.006709424196455704,-0.5066052980295944
^DJI,2022-06-01,32813.23046875,D1,Downtrend,Medium,-0.005361927120464904,-0.660363958914035
^DJI,2022-06-02,33248.28125,D1,Downtrend,Medium,0.013258395319056593,-0.2924044348316899
^DJI,2022-06-03,32899.69921875,D1,Downtrend,Medium,-0.010484212059833964,-0.5900304954287002
^DJI,2022-06-06,32915.78125,D1,Downtrend,Medium,0.0004888200084465222,-0.5712482378695413
^DJI,2022-06-07,33180.140625,D1,Downtrend,Medium,0.008031386920217765,-0.34509821108368915
^DJI,2022-06-08,32910.8984375,D1,Downtrend,Medium,-0.008114558360163726,-0.5791565278437703
^DJI,2022-06-09,32272.7890625,D1,Downtrend,Medium,-0.019388998942457047,-1.1050173590862138
^DJI,2022-06-10,31392.7890625,D1,Downtrend,Medium,-0.02726755342699938,-1.7780086958916255
^DJI,2022-06-13,30516.740234375,D2,Downtrend,Medium,-0.02790605276838809,-2.3517250848571694
^DJI,2022-06-14,30364.830078125,D2,Downtrend,Medium,-0.004977928674009702,-2.322330902241048
^DJI,2022-06-15,30668.529296875,D2,Downtrend,Medium,0.01000167687316611,-1.9817848670376708
^DJI,2022-06-16,29927.0703125,D2,Downtrend,Medium,-0.024176541926663297,-2.3800393398011717
^DJI,2022-06-17,29888.779296875,D2,Downtrend,Medium,-0.0012794775841792339,-2.260912171663638
^DJI,2022-06-21,30530.25,D2,Downtrend,Medium,0.021461923779271475,-1.7388045727288222
^DJI,2022-06-22,30483.130859375,D2,Downtrend,Medium,-0.0015433591478942743,-1.6995262225369505
^DJI,2022-06-23,30677.359375,D2,Downtrend,Medium,0.006371672139617646,-1.5130485739839017
^DJI,2022-06-24,31500.6796875,D1,Downtrend,Medium,0.026838043732373862,-0.932520163122946
^DJI,2022-06-27,31438.259765625,D1,Downtrend,Medium,-0.0019815420649406112,-0.9459294112547145
^DJI,2022-06-28,30946.990234375,D2,Downtrend,Medium,-0.015626486164070696,-1.2431806139378276
^DJI,2022-06-29,31029.310546875,D2,Downtrend,Medium,0.0026600426043550396,-1.1500810232340768
^DJI,2022-06-30,30775.4296875,D2,Downtrend,Medium,-0.008181969076994755,-1.2872070941013036
^DJI,2022-07-01,31097.259765625,D2,Downtrend,Medium,0.010457370746498995,-1.02932457771264
^DJI,2022-07-05,30967.8203125,D2,Downtrend,Medium,-0.004162407044883243,-1.0858221840891389
^DJI,2022-07-06,31037.6796875,D2,Downtrend,Medium,0.002255869941605315,-1.0047610961554831
^DJI,2022-07-07,31384.55078125,D1,Downtrend,Medium,0.011175806221419782,-0.7297869559432919
^DJI,2022-07-08,31338.150390625,D1,Downtrend,Medium,-0.001478446862228866,-0.7368073815614431
^DJI,2022-07-11,31173.83984375,D1,Downtrend,Medium,-0.005243147563812611,-0.8300931972662084
^DJI,2022-07-12,30981.330078125,D2,Downtrend,Medium,-0.0061753626306512155,-0.9464663429547873
^DJI,2022-07-13,30772.7890625,D2,Downtrend,Medium,-0.0067311834288303896,-1.0752343442731345
^DJI,2022-07-14,30630.169921875,D2,Downtrend,Medium,-0.004634586105774718,-1.1543601731600817
^DJI,2022-07-15,31288.259765625,D1,Downtrend,Medium,0.021485020991673043,-0.6139569315641674
^DJI,2022-07-18,31072.609375,D2,Downtrend,Medium,-0.0068923740802588895,-0.7760176253204438
^DJI,2022-07-19,31827.05078125,D1,Downtrend,Medium,0.02427995013695239,-0.08514809660033869
^DJI,2022-07-20,31874.83984375,D1,Downtrend,Medium,0.0015015234313873194,-0.012357522458349287
^DJI,2022-07-21,32036.900390625,D1,Downtrend,Medium,0.005084277996985076,0.17738201268078074
^DJI,2022-07-22,31899.2890625,D1,Downtrend,Medium,-0.004295400817404538,0.06634782076631345
^DJI,2022-07-25,31990.0390625,D1,Downtrend,Low,0.0028448909887048845,0.18086799216734833
^DJI,2022-07-26,31761.5390625,D1,Downtrend,Medium,-0.007142848420834125,-0.01341878710004902
^DJI,2022-07-27,32197.58984375,D1,Downtrend,Low,0.013728893313133872,0.4624496383052977
^DJI,2022-07-28,32529.630859375,D1,Downtrend,Low,0.01031260467744155,0.8326505474126038
^DJI,2022-07-29,32845.12890625,D1,Downtrend,Low,0.009698789643168393,1.1838594431863139
^DJI,2022-08-01,32798.3984375,D1,Downtrend,Low,-0.001422751875426731,1.2082029147886801
^DJI,2022-08-02,32396.169921875,D1,Downtrend,Medium,-0.012263663312447326,0.775915178569207
^DJI,2022-08-03,32812.5,D1,Downtrend,Medium,0.012851212940572898,1.2557378395928878
^DJI,2022-08-04,32726.8203125,D1,Downtrend,Medium,-0.002611190476190517,1.139211980308052
^DJI,2022-08-05,32803.46875,D1,Downtrend,Medium,0.002342067966521144,1.2014197192003668
^DJI,2022-08-08,32832.5390625,D1,Downtrend,Low,0.000886196295932784,1.2003273957561027
^DJI,2022-08-09,32774.41015625,D1,Downtrend,Low,-0.0017704663699431578,1.104729715058738
^DJI,2022-08-10,33309.51171875,D1,Downtrend,Low,0.016326809847955648,1.6358698180286895
^DJI,2022-08-11,33336.671875,D1,Downtrend,Low,0.0008153874028333785,1.6109585093477483
^DJI,2022-08-12,33761.05078125,D1,Downtrend,Low,0.012730092189204179,1.9814580246850377
^DJI,2022-08-15,33912.44140625,D1,Downtrend,Low,0.004484179890635431,2.021866474823361
^DJI,2022-08-16,34152.01171875,D1,Downtrend,Low,0.00706437822125805,2.1291875839123233
^DJI,2022-08-17,33980.3203125,D1,Downtrend,Low,-0.0050272706528657896,1.8702087184868825
^DJI,2022-08-18,33999.0390625,D1,Downtrend,Low,0.0005508703222292244,1.8022729170927136
^DJI,2022-08-19,33706.73828125,D1,Downtrend,Low,-0.008597324786523197,1.4841009562764569
^DJI,2022-08-22,33063.609375,D1,Downtrend,Low,-0.019080128753002246,0.8973062400127482
^DJI,2022-08-23,32909.58984375,D1,Downtrend,Low,-0.00465827942446162,0.756594203753956
^DJI,2022-08-24,32969.23046875,D1,Downtrend,Low,0.0018122567094627229,0.8148943125742055
^DJI,2022-08-25,33291.78125,D1,Downtrend,Low,0.009783388227873058,1.0882767401898787
^DJI,2022-08-26,32283.400390625,D1,Downtrend,Medium,-0.030289183141109288,0.21744577755855202
^DJI,2022-08-29,32098.990234375,D1,Downtrend,Medium,-0.005712228390400642,0.07355774057834666
^DJI,2022-08-30,31790.869140625,D1,Downtrend,Medium,-0.009599089924642867,-0.18328569090091712
^DJI,2022-08-31,31510.4296875,D1,Downtrend,Medium,-0.00882138364586682,-0.41329689020655325
^DJI,2022-09-01,31656.419921875,D1,Downtrend,Medium,0.0046330765979021304,-0.2629259550987371
^DJI,2022-09-02,31318.439453125,D1,Downtrend,Medium,-0.01067652215835213,-0.5454779839084269
^DJI,2022-09-06,31145.30078125,D2,Downtrend,Medium,-0.005528330111535085,-0.6828281782104019
^DJI,2022-09-07,31581.279296875,D1,Downtrend,Medium,0.01399821175872118,-0.2931371653332485
^DJI,2022-09-08,31774.51953125,D1,Downtrend,Medium,0.006118822247777711,-0.1396180518628143
^DJI,2022-09-09,32151.7109375,D1,Downtrend,Medium,0.011870876784746853,0.18119878293428682
^DJI,2022-09-12,32381.33984375,D1,Downtrend,Medium,0.00714204313096678,0.3725292433542099
^DJI,2022-09-13,31104.970703125,D2,Downtrend,Medium,-0.03941681063179836,-0.8703699996458164
^DJI,2022-09-14,31135.08984375,D2,Downtrend,Medium,0.0009683063492476052,-0.8881056324571317
^DJI,2022-09-15,30961.8203125,D2,Downtrend,Medium,-0.005565088526146678,-1.0781170836965417
^DJI,2022-09-16,30822.419921875,D2,Downtrend,Medium,-0.0045023318790051725,-1.2340738625861074
^DJI,2022-09-19,31019.6796875,D2,Downtrend,Medium,0.0063998792478003885,-1.0472212344827756
^DJI,2022-09-20,30706.23046875,D2,Downtrend,Medium,-0.010104850272722565,-1.3365450496732476
^DJI,2022-09-21,30183.779296875,D2,Downtrend,Medium,-0.017014500441749236,-1.7960401859378459
^DJI,2022-09-22,30076.6796875,D2,Downtrend,Medium,-0.003548250479888937,-1.8481881178027237
^DJI,2022-09-23,29590.41015625,D2,Downtrend,Medium,-0.01616766000444181,-2.2111867044836098
^DJI,2022-09-26,29260.810546875,D2,Downtrend,Medium,-0.01113873067776261,-2.3930914349478907
^DJI,2022-09-27,29134.990234375,D2,Downtrend,Medium,-0.004299959917324903,-2.365346877277512
^DJI,2022-09-28,29683.740234375,D2,Downtrend,Medium,0.018834741168114677,-1.8349627544683402
^DJI,2022-09-29,29225.609375,D2,Downtrend,Medium,-0.015433730916579846,-2.113649731373088
^DJI,2022-09-30,28725.509765625,D2,Downtrend,Medium,-0.017111691426451192,-2.360006246478373
^DJI,2022-10-03,29490.890625,D2,Downtrend,Medium,0.026644639751211896,-1.7096783048262687
^DJI,2022-10-04,30316.3203125,D2,Downtrend,Medium,0.02798931025841145,-1.0755492062221628
^DJI,2022-10-05,30273.869140625,D2,Downtrend,Medium,-0.0014002745530267147,-1.0900981360875188
^DJI,2022-10-06,29926.939453125,D2,Downtrend,Medium,-0.011459707574491995,-1.3198521383840174
^DJI,2022-10-07,29296.7890625,D2,Downtrend,Medium,-0.021056292495663098,-1.7247402176328779
^DJI,2022-10-10,29202.880859375,D2,Downtrend,Medium,-0.0032054094025342206,-1.7224215897085327
^DJI,2022-10-11,29239.189453125,D2,Downtrend,Medium,0.0012433223257952708,-1.6394166059042483
^DJI,2022-10-12,29210.849609375,D2,Downtrend,Medium,-0.0009692417703791589,-1.5932183313044757
^DJI,2022-10-13,30038.720703125,D2,Downtrend,Medium,0.028341219266840634,-1.0156321750766621
^DJI,2022-10-14,29634.830078125,D2,Downtrend,Medium,-0.01344566664445146,-1.2388119401222342
^DJI,2022-10-17,30185.8203125,D2,Downtrend,Medium,0.018592657117400435,-0.8579030108623682
^DJI,2022-10-18,30523.80078125,D2,Downtrend,Medium,0.011196663375420801,-0.6226931200925319
^DJI,2022-10-19,30423.810546875,D2,Downtrend,Medium,-0.0032758120488199927,-0.6702129827325786
^DJI,2022-10-20,30333.58984375,D2,Downtrend,Medium,-0.002965463612324082,-0.7063821846725427
^DJI,2022-10-21,31082.560546875,D2,Downtrend,Medium,0.024691133063478032,-0.21312613245525833
^DJI,2022-10-24,31499.619140625,D1,Downtrend,Medium,0.013417768240844952,0.0693153574976615
^DJI,2022-10-25,31836.740234375,D1,Downtrend,Medium,0.010702386344576986,0.2994294993724891
^DJI,2022-10-26,31839.109375,D1,Downtrend,Medium,7.44153015528326e-05,0.3079269732053455
^DJI,2022-10-27,32033.279296875,D1,Downtrend,Medium,0.006098472152222367,0.44572310078517485
^DJI,2022-10-28,32861.80078125,D1,Downtrend,Medium,0.02586439798112794,0.9865442880458143
^DJI,2022-10-31,32732.94921875,D1,Downtrend,Medium,-0.003921013439212362,0.9035339538794286
^DJI,2022-11-01,32653.19921875,D1,Downtrend,Medium,-0.002436382968947881,0.8547499410837395
^DJI,2022-11-02,32147.759765625,D1,Downtrend,Medium,-0.015479017836474873,0.5322811118181433
^DJI,2022-11-03,32001.25,D1,Downtrend,Medium,-0.004557386477102576,0.45580804673959896
^DJI,2022-11-04,32403.220703125,D1,Downtrend,Medium,0.012561093804929424,0.7433667207397749
^DJI,2022-11-07,32827.0,D1,Downtrend,Medium,0.013078307886664087,1.055965933112899
^DJI,2022-11-08,33160.828125,D1,Downtrend,Medium,0.010169315654796396,1.3116025561448201
^DJI,2022-11-09,32513.939453125,D1,Downtrend,Medium,-0.019507615112522192,0.9059787839000917
^DJI,2022-11-10,33715.37109375,D1,Downtrend,Medium,0.03695127876943638,1.7802909604534545
^DJI,2022-11-11,33747.859375,D1,Downtrend,Medium,0.0009636044390453069,1.8173141839126772
^DJI,2022-11-14,33536.69921875,D1,Downtrend,Medium,-0.0062569940778651745,1.672374173169618
^DJI,2022-11-15,33592.921875,D1,Downtrend,Medium,0.0016764516950007469,1.690196450406492
^DJI,2022-11-16,33553.828125,D1,Downtrend,Medium,-0.0011637496180137985,1.636055210918537
^DJI,2022-11-17,33546.3203125,D1,Downtrend,Medium,-0.000223754275429644,1.6080052704887506
^DJI,2022-11-18,33745.69140625,D1,Downtrend,Medium,0.005943158352175848,1.7284885091935465
^DJI,2022-11-21,33700.28125,D1,Downtrend,Medium,-0.001345657900539865,1.6475261426608345
^DJI,2022-11-22,34098.1015625,D1,Downtrend,Medium,0.011804658529370515,1.8457468870359832
^DJI,2022-11-23,34194.05859375,D1,Downtrend,Medium,0.002814145857185535,1.8294034795233423
^DJI,2022-11-25,34347.03125,D1,Downtrend,Medium,0.004473661874053292,1.841716039840023
^DJI,2022-11-28,33849.4609375,D1,Downtrend,Medium,-0.014486559518881226,1.4774970226791384
^DJI,2022-11-29,33852.53125,D1,Downtrend,Medium,9.07049156755324e-05,1.4276603782268564
^DJI,2022-11-30,34589.76953125,D1,Downtrend,Medium,0.0217779366572477,1.7889867092416116
^DJI,2022-12-01,34395.01171875,D1,Downtrend,Medium,-0.005630503329143277,1.609376472918877
^DJI,2022-12-02,34429.87890625,D1,Downtrend,Medium,0.0010137280308293306,1.5696731163940914
^DJI,2022-12-05,33947.1015625,D1,Downtrend,Medium,-0.014022045940520589,1.263742763386148
^DJI,2022-12-06,33596.33984375,D1,Downtrend,Medium,-0.010332596970148211,1.0486411366779491
^DJI,2022-12-07,33597.921875,D1,Downtrend,Medium,4.708939299225001e-05,1.0183047039315383
^DJI,2022-12-08,33781.48046875,D1,Downtrend,Medium,0.005463391290476904,1.0845017336294667
^DJI,2022-12-09,33476.4609375,D1,Downtrend,Low,-0.009029193718497974,0.8917162918243341
^DJI,2022-12-12,34005.0390625,D1,Downtrend,Low,0.015789546152648715,1.1382372726807206
^DJI,2022-12-13,34108.640625,D1,Downtrend,Low,0.00304665324187936,1.1547235258861375
^DJI,2022-12-14,33966.3515625,D1,Downtrend,Low,-0.004171642724328017,1.0444501850659307
^DJI,2022-12-15,33202.21875,D1,Downtrend,Medium,-0.022496758625781488,0.6184420567767344
^DJI,2022-12-16,32920.4609375,D1,Downtrend,Medium,-0.008486113973934395,0.44775596620937
^DJI,2022-12-19,32757.5390625,D1,Downtrend,Medium,-0.004948954855441112,0.33765008224762827
^DJI,2022-12-20,32849.73828125,D1,Downtrend,Medium,0.0028145953996754347,0.36236258550894196
^DJI,2022-12-21,33376.48046875,D1,Downtrend,Medium,0.01603489753830556,0.6273879423296199
^DJI,2022-12-22,33027.48828125,D1,Downtrend,Medium,-0.010456230932640032,0.4061585015049173
^DJI,2022-12-23,33203.9296875,D1,Downtrend,Medium,0.005342259294666585,0.4816169188386996
^DJI,2022-12-27,33241.55859375,D1,Downtrend,Medium,0.0011332666525964985,0.4780718583846007
^DJI,2022-12-28,32875.7109375,D1,Downtrend,Medium,-0.011005731130753427,0.22596695672698974
^DJI,2022-12-29,33220.80078125,D1,Downtrend,Low,0.010496802469338151,0.41933066450369155
^DJI,2022-12-30,33147.25,D1,Downtrend,Low,-0.0022139978423251216,0.3477629819027018
^DJI,2023-01-03,33136.37109375,D1,Downtrend,Low,-0.00032819936042960407,0.3139679128646611
^DJI,2023-01-04,33269.76953125,D1,Downtrend,Low,0.004025740692080726,0.3752762542358776
^DJI,2023-01-05,32930.078125,D1,Downtrend,Low,-0.010210212184696088,0.09963678077105152
^DJI,2023-01-06,33630.609375,D1,Downtrend,Medium,0.02127329450421711,0.5983990863585219
^DJI,2023-01-09,33517.6484375,D1,Downtrend,Medium,-0.003358872753104869,0.48846309526240134
^DJI,2023-01-10,33704.1015625,D1,Downtrend,Medium,0.005562834318394216,0.6259010443461058
^DJI,2023-01-11,33973.01171875,D1,Downtrend,Medium,0.007978558803928948,0.8657143559291127
^DJI,2023-01-12,34189.96875,D1,Downtrend,Medium,0.0063861583143145495,1.0743162411806535
^DJI,2023-01-13,34302.609375,D1,Downtrend,Medium,0.0032945518559446274,1.1872084268016097
^DJI,2023-01-17,33910.8515625,D1,Downtrend,Low,-0.011420641742360127,0.7592978918428734
^DJI,2023-01-18,33296.9609375,D1,Downtrend,Low,-0.018103073108280965,-0.0182144028022571
^DJI,2023-01-19,33044.55859375,D1,Downtrend,Low,-0.007580341768240406,-0.42304564522360716
^DJI,2023-01-20,33375.48828125,D1,Downtrend,Medium,0.010014649963052902,0.0009754304480745058
^DJI,2023-01-23,33629.55859375,D1,Downtrend,Low,0.007612482261202924,0.3550194654845836
^DJI,2023-01-24,33733.9609375,D1,Downtrend,Low,0.0031044815369478673,0.4958500482680194
^DJI,2023-01-25,33743.83984375,D1,Downtrend,Low,0.00029284750368629986,0.48737354400390265
^DJI,2023-01-26,33949.41015625,D1,Downtrend,Low,0.006092084168603407,0.817923441858326
^DJI,2023-01-27,33978.078125,D1,Downtrend,Low,0.0008444320127525273,0.8393416296267397
^DJI,2023-01-30,33717.08984375,D1,Downtrend,Low,-0.007681078379120354,0.35278021553041333
^DJI,2023-01-31,34086.0390625,D1,Downtrend,Low,0.010942498906630682,1.0059900396240584
^DJI,2023-02-01,34092.9609375,D1,Downtrend,Low,0.00020307067615887853,1.0235205147573352
^DJI,2023-02-02,34053.94140625,D1,Downtrend,Low,-0.0011445040318301958,0.9294340516271262
^DJI,2023-02-03,33926.01171875,D1,Downtrend,Low,-0.003756677853345991,0.6323306735300912
^DJI,2023-02-06,33891.01953125,D1,Downtrend,Low,-0.0010314264992327127,0.5336289394358352
^DJI,2023-02-07,34156.69140625,D1,Downtrend,Low,0.007839005101485164,1.1024669454915044
^DJI,2023-02-08,33949.01171875,D1,Downtrend,Low,-0.006080205047670373,0.6172774715586389
^DJI,2023-02-09,33699.87890625,D1,Downtrend,Low,-0.007338440793621226,0.05195679292512469
^DJI,2023-02-10,33869.26953125,D1,Downtrend,Low,0.005026446103003179,0.42474226725219505
^DJI,2023-02-13,34245.9296875,D1,Downtrend,Low,0.011121000289140204,1.24069079428369
^DJI,2023-02-14,34089.26953125,D1,Downtrend,Low,-0.004574562807304394,0.8639435359872399
^DJI,2023-02-15,34128.05078125,D1,Downtrend,Low,0.0011376380466130431,0.9230200932533702
^DJI,2023-02-16,33696.8515625,D1,Downtrend,Low,-0.01263474499360806,-0.032046203037066914
^DJI,2023-02-17,33826.69140625,D1,Downtrend,Low,0.003853174339127019,0.25128078714789504
^DJI,2023-02-21,33129.58984375,D1,Downtrend,Low,-0.020608032696073808,-1.2498768317782947
^DJI,2023-02-22,33045.08984375,D1,Downtrend,Low,-0.0025505899831096412,-1.3848879211971974
^DJI,2023-02-23,33153.91015625,D1,Downtrend,Low,0.0032930856903263805,-1.112207261155852
^DJI,2023-02-24,32816.921875,D1,Downtrend,Low,-0.010164360090915925,-1.7703887166541292
^DJI,2023-02-27,32889.08984375,D1,Downtrend,Low,0.002199108405867234,-1.550516240380603
^DJI,2023-02-28,32656.69921875,D1,Downtrend,Low,-0.007065887992159237,-1.9764335849615655
^DJI,2023-03-01,32661.83984375,D1,Downtrend,Low,0.00015741410255709631,-1.8922675583680097
^DJI,2023-03-02,33003.5703125,D1,Downtrend,Low,0.010462682763273445,-1.1457690985746452
^DJI,2023-03-03,33390.96875,D1,Downtrend,Low,0.011738076633280858,-0.3003772751941986
^DJI,2023-03-06,33431.44140625,D1,Downtrend,Low,0.0012120839186493537,-0.2074983822214236
^DJI,2023-03-07,32856.4609375,D1,Downtrend,Low,-0.017198793846875726,-1.3921739752624354
^DJI,2023-03-08,32798.3984375,D1,Downtrend,Low,-0.0017671562409125041,-1.456822480574337
^DJI,2023-03-09,32254.859375,D1,Downtrend,Low,-0.0165721220667453,-2.4131980874981953
^DJI,2023-03-10,31909.640625,D1,Downtrend,Low,-0.010702844677957901,-2.8341180445700513
^DJI,2023-03-13,31819.140625,D1,Downtrend,Low,-0.0028361334765110158,-2.766774337870603
^DJI,2023-03-14,32155.400390625,D1,Downtrend,Low,0.010567845611795246,-2.0651797101921017
^DJI,2023-03-15,31874.5703125,D1,Downtrend,Low,-0.008733527641188288,-2.3794940514059864
^DJI,2023-03-16,32246.55078125,D1,Downtrend,Low,0.011670132808162759,-1.7244179160846553
^DJI,2023-03-17,31861.98046875,D1,Downtrend,Low,-0.011925936361653067,-2.2220828368535956
^DJI,2023-03-20,32244.580078125,D1,Downtrend,Medium,0.012008029750387061,-1.5976932400268795
^DJI,2023-03-21,32560.599609375,D1,Downtrend,Low,0.009800702334603839,-1.0953466160735317
^DJI,2023-03-22,32030.109375,D1,Downtrend,Medium,-0.016292397582944318,-1.8027098086711384
^DJI,2023-03-23,32105.25,D1,Downtrend,Medium,0.002345937196787995,-1.6302188869116756
^DJI,2023-03-24,32237.529296875,D1,Downtrend,Medium,0.004120176509293749,-1.397332973574335
^DJI,2023-03-27,32432.080078125,D1,Downtrend,Medium,0.006034915996768309,-1.10981930271208
^DJI,2023-03-28,32394.25,D1,Downtrend,Medium,-0.0011664400813599096,-1.1300371977172834
^DJI,2023-03-29,32717.599609375,D1,Downtrend,Medium,0.009981697658535182,-0.6809586998416791
^DJI,2023-03-30,32859.03125,D1,Downtrend,Medium,0.004322800031591356,-0.48353433846014865
^DJI,2023-03-31,33274.1484375,D1,Downtrend,Medium,0.012633275288661983,0.07381634242576017
^DJI,2023-04-03,33601.1484375,D1,Downtrend,Medium,0.009827449096532659,0.4974965232764104
^DJI,2023-04-04,33402.37890625,D1,Downtrend,Low,-0.005915557666718474,0.23637808631244386
^DJI,2023-04-05,33482.71875,D1,Downtrend,Low,0.0024052132327307962,0.34527395539629663
^DJI,2023-04-06,33485.2890625,D1,Downtrend,Low,7.67653463027429e-05,0.35451724030360177
^DJI,2023-04-10,33586.51953125,D1,Downtrend,Low,0.0030231325929739317,0.5030486973140217
^DJI,2023-04-11,33684.7890625,D1,Downtrend,Low,0.0029258622989669636,0.6554014171965825
^DJI,2023-04-12,33646.5,D1,Downtrend,Low,-0.00113668702003622,0.6280995326238629
^DJI,2023-04-13,34029.69140625,D1,Downtrend,Low,0.011388744928892969,1.1567223733610446
^DJI,2023-04-14,33886.46875,D1,Downtrend,Low,-0.00420875565811607,0.9367184152436364
^DJI,2023-04-17,33987.1796875,D1,Downtrend,Low,0.0029720103986934365,1.0446322011870188
^DJI,2023-04-18,33976.62890625,D1,Downtrend,Low,-0.0003104341503770147,1.0079093605232103
^DJI,2023-04-19,33897.01171875,D1,Downtrend,Low,-0.0023432927298256967,0.889882915506204
^DJI,2023-04-20,33786.62109375,D1,Downtrend,Low,-0.003256647692602921,0.7388861781912753
^DJI,2023-04-21,33808.9609375,D1,Downtrend,Low,0.0006612038442084245,0.7667580382057613
^DJI,2023-04-24,33875.3984375,D1,Downtrend,Low,0.0019650855322888017,0.8593532332482332
^DJI,2023-04-25,33530.828125,D1,Downtrend,Low,-0.010171697703740157,0.4068801787176272
^DJI,2023-04-26,33301.87109375,D1,Downtrend,Low,-0.006828254595933836,0.10514380645517782
^DJI,2023-04-27,33826.16015625,D1,Downtrend,Low,0.01574353167796616,0.8321082570172277
^DJI,2023-04-28,34098.16015625,D1,Downtrend,Low,0.008041113704410296,1.2055421229339636
^DJI,2023-05-01,34051.69921875,D1,Downtrend,Low,-0.0013625643520676078,1.1418335131144384
^DJI,2023-05-02,33684.53125,D1,Downtrend,Low,-0.01078266216294499,0.6458508859330706
^DJI,2023-05-03,33414.23828125,D1,Downtrend,Low,-0.008024246107031674,0.2857141845514332
^DJI,2023-05-04,33127.73828125,D1,Downtrend,Low,-0.008574189170152846,-0.08992410093513675
^DJI,2023-05-05,33674.37890625,D1,Downtrend,Low,0.016500994434304417,0.691714250413535
^DJI,2023-05-08,33618.69140625,D1,Downtrend,Low,-0.0016537053335129448,0.6154225679719816
^DJI,2023-05-09,33561.80859375,D1,Downtrend,Low,-0.0016919996026205641,0.5449440988268319
^DJI,2023-05-10,33531.328125,D1,Downtrend,Low,-0.000908189100264245,0.527814425700561
^DJI,2023-05-11,33309.51171875,D1,Downtrend,Low,-0.006615198939424638,0.22747107883684728
^DJI,2023-05-12,33300.62109375,D1,Downtrend,Low,-0.0002669094964545815,0.238880684918981
^DJI,2023-05-15,33348.6015625,D1,Downtrend,Low,0.0014408280438651389,0.3213913758183854
^DJI,2023-05-16,33012.140625,D1,Downtrend,Low,-0.010089206795356187,-0.1680883880913911
^DJI,2023-05-17,33420.76953125,D1,Downtrend,Low,0.01237814023912609,0.4469766903748634
^DJI,2023-05-18,33535.91015625,D1,Downtrend,Low,0.0034451817422198605,0.6079669985143485
^DJI,2023-05-19,33426.62890625,D1,Downtrend,Low,-0.0032586337895956774,0.4344825683626695
^DJI,2023-05-22,33286.578125,D1,Downtrend,Low,-0.004189796752846142,0.2107351025286987
^DJI,2023-05-23,33055.51171875,D1,Downtrend,Low,-0.006941729047133749,-0.1444024814645567
^DJI,2023-05-24,32799.921875,D1,Downtrend,Low,-0.00773213998091038,-0.5377428611136392
^DJI,2023-05-25,32764.650390625,D1,Downtrend,Low,-0.0010753526947234748,-0.5951461611186808
^DJI,2023-05-26,33093.33984375,D1,Downtrend,Low,0.010031831538146019,-0.09585305077367692
^DJI,2023-05-30,33042.78125,D1,Downtrend,Low,-0.0015277573671533817,-0.1643241616583318
^DJI,2023-05-31,32908.26953125,D1,Downtrend,Low,-0.004070835252404814,-0.35671315899800005
^DJI,2023-06-01,33061.5703125,D1,Downtrend,Low,0.004658427302123069,-0.1277686814505873
^DJI,2023-06-02,33762.76171875,D1,Downtrend,Low,0.02120865402406169,0.9167255353498966
^DJI,2023-06-05,33562.859375,D1,Downtrend,Low,-0.00592079360732467,0.5869340089547463
^DJI,2023-06-06,33573.28125,D1,Downtrend,Low,0.00031051809035553823,0.5781940396450425
^DJI,2023-06-07,33665.01953125,D1,Downtrend,Low,0.0027324788592117955,0.7030007443362905
^DJI,2023-06-08,33833.609375,D1,Downtrend,Low,0.005007864130110118,0.9560927270500001
^DJI,2023-06-09,33876.78125,D1,Downtrend,Low,0.0012760055990923558,1.0140927176824368
^DJI,2023-06-12,34066.328125,D1,Downtrend,Low,0.0055951854930138545,1.3159685580320688
^DJI,2023-06-13,34212.12109375,D1,Downtrend,Low,0.004279679577295248,1.5723251947363988
^DJI,2023-06-14,33979.328125,D1,Downtrend,Low,-0.006804400350159168,1.1144073844310363
^DJI,2023-06-15,34408.05859375,D1,Downtrend,Low,0.01261739099645598,1.8667333929680912
^DJI,2023-06-16,34299.12109375,D1,Downtrend,Low,-0.0031660461081576274,1.6540671347037788
^DJI,2023-06-20,34053.87109375,D1,Downtrend,Low,-0.007150328993260735,1.1640861043161268
^DJI,2023-06-21,33951.51953125,D1,Downtrend,Low,-0.0030055779038520303,0.9406553888107858
^DJI,2023-06-22,33946.7109375,D1,Downtrend,Low,-0.0001416311792930003,0.9160718103882363
^DJI,2023-06-23,33727.4296875,D1,Downtrend,Low,-0.006459572781696732,0.37411865873523154
^DJI,2023-06-26,33714.7109375,D1,Downtrend,Low,-0.0003771040401787662,0.313125410152795
^DJI,2023-06-27,33926.73828125,D1,Downtrend,Low,0.0062888673179803956,0.8428801690206471
^DJI,2023-06-28,33852.66015625,D1,Downtrend,Low,-0.002183473235354949,0.6205745929450197
^DJI,2023-06-29,34122.421875,D1,Downtrend,Low,0.007968700761030068,1.304391949484776
^DJI,2023-06-30,34407.6015625,D1,Downtrend,Low,0.00835754532737143,1.9554898661890703
^DJI,2023-07-03,34418.46875,D1,Downtrend,Low,0.0003158368211240159,1.8857556995070341
^DJI,2023-07-05,34288.640625,D1,Downtrend,Low,-0.0037720482553426082,1.5007083154277745
^DJI,2023-07-06,33922.26171875,D1,Downtrend,Low,-0.010685139438945002,0.5869338838326946
^DJI,2023-07-07,33734.87890625,D1,Downtrend,Low,-0.005523889121945791,0.12648851215333326
^DJI,2023-07-10,33944.3984375,D1,Downtrend,Low,0.006210768736780059,0.6247431802621405
^DJI,2023-07-11,34261.421875,D1,Downtrend,Low,0.00933949199552675,1.373653245969284
^DJI,2023-07-12,34347.4296875,D1,Downtrend,Low,0.0025103398456081116,1.5335138738503706
^DJI,2023-07-13,34395.140625,D1,Downtrend,Low,0.0013890686416446751,1.6003782774143687
^DJI,2023-07-14,34509.03125,D1,Downtrend,Low,0.003311241731549064,1.798397469875708
^DJI,2023-07-17,34585.3515625,D1,Downtrend,Low,0.0022116040275688142,1.887423478305473
^DJI,2023-07-18,34951.9296875,U1,Uptrend,Low,0.010599230843079566,2.5037070965546766
^DJI,2023-07-19,35061.2109375,U1,Uptrend,Low,0.00312661563973915,2.5345310876795355
^DJI,2023-07-20,35225.1796875,U1,Uptrend,Low,0.00467664252362221,2.6385477463705826
^DJI,2023-07-21,35227.69140625,U1,Uptrend,Low,7.130463981397384e-05,2.4574182954049717
^DJI,2023-07-24,35411.23828125,U1,Uptrend,Low,0.005210300978378601,2.574267789406956
^DJI,2023-07-25,35438.0703125,U1,Uptrend,Low,0.0007577264324079014,2.4387424855824595
^DJI,2023-07-26,35520.12109375,U1,Uptrend,Low,0.002315328699516117,2.4032524329829554
^DJI,2023-07-27,35282.71875,U1,Uptrend,Low,-0.006683601756970692,1.953092503127132
^DJI,2023-07-28,35459.2890625,U1,Uptrend,Low,0.00500444179914572,2.083952457577365
^DJI,2023-07-31,35559.53125,U1,Uptrend,Low,0.0028269655187760367,2.099164270193826
^DJI,2023-08-01,35630.6796875,U1,Uptrend,Low,0.002000826079505691,2.081091878895275
^DJI,2023-08-02,35282.51953125,U1,Uptrend,Low,-0.009771358820644171,1.562264810802041
^DJI,2023-08-03,35215.890625,U1,Uptrend,Low,-0.0018884395767424511,1.421784733761329
^DJI,2023-08-04,35065.62109375,U1,Uptrend,Low,-0.004267094444668773,1.1910888466775034
^DJI,2023-08-07,35473.12890625,U1,Uptrend,Low,0.011621291732164307,1.6275025053540346
^DJI,2023-08-08,35314.48828125,U1,Uptrend,Low,-0.004472135103144259,1.381961233548987
^DJI,2023-08-09,35123.359375,U1,Uptrend,Low,-0.005412195264669295,1.112134380440003
^DJI,2023-08-10,35176.1484375,U1,Uptrend,Low,0.0015029616596859974,1.1370639001641398
^DJI,2023-08-11,35281.3984375,U1,Uptrend,Low,0.002992084258087724,1.2261472719924944
^DJI,2023-08-14,35307.62890625,U1,Uptrend,Low,0.0007434645425539177,1.2155201934593107
^DJI,2023-08-15,34946.390625,U1,Uptrend,Low,-0.010231167949826703,0.7508377770939361
^DJI,2023-08-16,34765.73828125,D1,Downtrend,Low,-0.005169413507922216,0.5081531667223491
^DJI,2023-08-17,34474.828125,D1,Downtrend,Low,-0.008367725543366178,0.12900039413912812
^DJI,2023-08-18,34500.66015625,D1,Downtrend,Low,0.0007493012338259941,0.13429336740999157
^DJI,2023-08-21,34463.69140625,D1,Downtrend,Low,-0.001071537467183914,0.05380512496335468
^DJI,2023-08-22,34288.828125,D1,Downtrend,Low,-0.005073840732519153,-0.22020307603484157
^DJI,2023-08-23,34472.98046875,D1,Downtrend,Low,0.005370622264449398,0.0022607995168366164
^DJI,2023-08-24,34099.421875,D1,Downtrend,Low,-0.01083627202146431,-0.57384101998996
^DJI,2023-08-25,34346.8984375,D1,Downtrend,Low,0.007257500241710568,-0.25678594624819345
^DJI,2023-08-28,34559.98046875,D1,Downtrend,Low,0.006203821624177763,0.035638048982113625
^DJI,2023-08-29,34852.671875,U1,Uptrend,Low,0.008469084828177431,0.4854556708570785
^DJI,2023-08-30,34890.23828125,U1,Uptrend,Low,0.0010778630225174446,0.5215596695477587
^DJI,2023-08-31,34721.91015625,D1,Downtrend,Low,-0.004824504884234582,0.21333786505785923
^DJI,2023-09-01,34837.7109375,U1,Uptrend,Low,0.0033350924741435417,0.3863496625390432
^DJI,2023-09-05,34641.96875,D1,Downtrend,Low,-0.00561868682621447,0.020574841248988222
^DJI,2023-09-06,34443.19140625,D1,Downtrend,Low,-0.0057380498546290015,-0.35499893926334997
^DJI,2023-09-07,34500.73046875,D1,Downtrend,Low,0.0016705496834290567,-0.26651003727867373
^DJI,2023-09-08,34576.58984375,D1,Downtrend,Low,0.0021987759090698056,-0.14016735509133277
^DJI,2023-09-11,34663.71875,D1,Downtrend,Low,0.002519881418142411,-0.0015686350747858516
^DJI,2023-09-12,34645.98828125,D1,Downtrend,Low,-0.000511499325213105,-0.041898353364447756
^DJI,2023-09-13,34575.53125,D1,Downtrend,Low,-0.002033627405229166,-0.1821104773050141
^DJI,2023-09-14,34907.109375,U1,Uptrend,Low,0.009589964723969446,0.4141961168446918
^DJI,2023-09-15,34618.23828125,D1,Downtrend,Low,-0.008275422941691257,-0.15376177289987114
^DJI,2023-09-18,34624.30078125,D1,Downtrend,Low,0.00017512445176293134,-0.166757317069899
^DJI,2023-09-19,34517.73046875,D1,Downtrend,Low,-0.003077905115638102,-0.4131094029001424
^DJI,2023-09-20,34440.87890625,D1,Downtrend,Low,-0.0022264372963215484,-0.6124164957672111
^DJI,2023-09-21,34070.421875,D1,Downtrend,Low,-0.010756317580001507,-1.3996086686951255
^DJI,2023-09-22,33963.83984375,D1,Downtrend,Low,-0.00312828621967276,-1.6384654145460942
^DJI,2023-09-25,34006.87890625,D1,Downtrend,Low,0.0012672024923565672,-1.5344463353987625
^DJI,2023-09-26,33618.87890625,D1,Downtrend,Low,-0.011409456335867763,-2.2294199041250375
^DJI,2023-09-27,33550.26953125,D1,Downtrend,Low,-0.0020407990162707446,-2.2423421201006386
^DJI,2023-09-28,33666.33984375,D1,Downtrend,Low,0.00345959403968088,-1.9428644700799498
^DJI,2023-09-29,33507.5,D1,Downtrend,Low,-0.004718060961993453,-2.1761464897953235
^DJI,2023-10-02,33433.3515625,D1,Downtrend,Low,-0.002212890770722953,-2.2604076212444584
^DJI,2023-10-03,33002.37890625,D1,Downtrend,Low,-0.012890501134603327,-2.836658988296311
^DJI,2023-10-04,33129.55078125,D1,Downtrend,Low,0.003853415396546378,-2.4601042783245037
^DJI,2023-10-05,33119.5703125,D1,Downtrend,Low,-0.00030125578266659847,-2.3308605615909044
^DJI,2023-10-06,33407.578125,D1,Downtrend,Low,0.00869600087750233,-1.8104886537683313
^DJI,2023-10-09,33604.6484375,D1,Downtrend,Low,0.0058989703402811955,-1.465087399750228
^DJI,2023-10-10,33739.30078125,D1,Downtrend,Low,0.004006955882916996,-1.2299735492376906
^DJI,2023-10-11,33804.87109375,D1,Downtrend,Low,0.0019434401716007521,-1.09815712561521
^DJI,2023-10-12,33631.140625,D1,Downtrend,Low,-0.005139214057885311,-1.3003396785850643
^DJI,2023-10-13,33670.2890625,D1,Downtrend,Low,0.0011640532189056696,-1.2023058498892951
^DJI,2023-10-16,33984.5390625,D1,Downtrend,Low,0.009333154206567107,-0.7302242665324721
^DJI,2023-10-17,33997.6484375,D1,Downtrend,Low,0.00038574526421819577,-0.685328501451752
^DJI,2023-10-18,33665.078125,D1,Downtrend,Low,-0.009782156348589366,-1.1281640906306993
^DJI,2023-10-19,33414.171875,D1,Downtrend,Low,-0.007453012557059102,-1.4451027897009507
^DJI,2023-10-20,33127.28125,D1,Downtrend,Low,-0.008585896609176413,-1.784263949124572
^DJI,2023-10-23,32936.41015625,D1,Downtrend,Low,-0.005761749426690388,-1.9709393925947407
^DJI,2023-10-24,33141.37890625,D1,Downtrend,Low,0.0062231660653857546,-1.6295961899742424
^DJI,2023-10-25,33035.9296875,D1,Downtrend,Low,-0.00318179937679397,-1.7276310851202419
^DJI,2023-10-26,32784.30078125,D1,Downtrend,Low,-0.007616825336240196,-1.9941724675983117
^DJI,2023-10-27,32417.58984375,D1,Downtrend,Low,-0.011185565309043577,-2.3638179157590264
^DJI,2023-10-30,32928.9609375,D1,Downtrend,Low,0.01577449453259061,-1.606048085273874
^DJI,2023-10-31,33052.87109375,D1,Downtrend,Low,0.003762953725906737,-1.40191981389
^DJI,2023-11-01,33274.578125,D1,Downtrend,Low,0.0067076481985832714,-1.069752172618373
^DJI,2023-11-02,33839.078125,D1,Downtrend,Low,0.016964903292819633,-0.26557924554657253
^DJI,2023-11-03,34061.3203125,D1,Downtrend,Low,0.006567619445158934,0.0749698402760538
^DJI,2023-11-06,34095.859375,D1,Downtrend,Low,0.0010140259444764155,0.15774001807802082
^DJI,2023-11-07,34152.6015625,D1,Downtrend,Low,0.0016641958448950778,0.279614358300262
^DJI,2023-11-08,34112.26953125,D1,Downtrend,Low,-0.0011809358410425075,0.24371876259340125
^DJI,2023-11-09,33891.94140625,D1,Downtrend,Low,-0.0064589113544074594,-0.07897914893975931
^DJI,2023-11-10,34283.1015625,D1,Downtrend,Low,0.0115413912576241,0.5480025950898899
^DJI,2023-11-13,34337.87109375,D1,Downtrend,Low,0.0015975664030907222,0.6415977869279811
^DJI,2023-11-14,34827.69921875,U1,Uptrend,Low,0.01426495322504584,1.398230630976065
^DJI,2023-11-15,34991.2109375,U1,Uptrend,Low,0.004694875700028245,1.6052317078220195
^DJI,2023-11-16,34945.46875,U1,Uptrend,Low,-0.001307247913817644,1.5008111488434974
^DJI,2023-11-17,34947.28125,U1,Uptrend,Low,5.1866524182875295e-05,1.455275844470728
^DJI,2023-11-20,35151.0390625,U1,Uptrend,Low,0.005830433876741203,1.7009690435461273
^DJI,2023-11-21,35088.2890625,U1,Uptrend,Low,-0.0017851534883058795,1.571374410618073
^DJI,2023-11-22,35273.03125,U1,Uptrend,Low,0.005265066848113786,1.799458571041829
^DJI,2023-11-24,35390.1484375,U1,Uptrend,Low,0.0033203040212201884,1.9171723182624407
^DJI,2023-11-27,35333.46875,U1,Uptrend,Low,-0.0016015668202155053,1.7881558783632827
^DJI,2023-11-28,35416.98046875,U1,Uptrend,Low,0.0023635301515647633,1.8520963288192847
^DJI,2023-11-29,35430.421875,U1,Uptrend,Low,0.0003795186961763619,1.8098327898542113
^DJI,2023-11-30,35950.890625,U1,Uptrend,Low,0.014689882943991872,2.3436893369671057
^DJI,2023-12-01,36245.5,U1,Uptrend,Low,0.00819477264341062,2.529267759617115
^DJI,2023-12-04,36204.44140625,U1,Uptrend,Low,-0.001132791484460105,2.3371008393352737
^DJI,2023-12-05,36124.55859375,U1,Uptrend,Low,-0.002206436818169233,2.1373445181263016
^DJI,2023-12-06,36054.4296875,U1,Uptrend,Low,-0.0019413083226471617,1.971429419955727
^DJI,2023-12-07,36117.37890625,U1,Uptrend,Low,0.0017459496460103807,1.9466994999144216
^DJI,2023-12-08,36247.87109375,U1,Uptrend,Low,0.0036130026998559828,1.9937173739686334
^DJI,2023-12-11,36404.9296875,U1,Uptrend,Low,0.004332905326875247,2.044003059552676
^DJI,2023-12-12,36577.94140625,U1,Uptrend,Low,0.004752425570798691,2.0956324868435763
^DJI,2023-12-13,37090.23828125,U1,Uptrend,Low,0.01400562347974188,2.397401788003684
^DJI,2023-12-14,37248.3515625,U1,Uptrend,Low,0.004262935170463278,2.370390091811684
^DJI,2023-12-15,37305.16015625,U1,Uptrend,Low,0.0015251304116017383,2.2665317128962505
^DJI,2023-12-18,37306.01953125,U1,Uptrend,Low,2.3036357340355806e-05,2.1365306838332185
^DJI,2023-12-19,37557.921875,U1,Uptrend,Low,0.006752324341088967,2.1887009471144716
^DJI,2023-12-20,37082.0,U1,Uptrend,Low,-0.012671677538069304,1.7593055811565015
^DJI,2023-12-21,37404.3515625,U1,Uptrend,Low,0.008692938959603103,1.8907028448870467
^DJI,2023-12-22,37385.96875,U1,Uptrend,Low,-0.0004914618682611005,1.7911142970665432
^DJI,2023-12-26,37545.328125,U1,Uptrend,Low,0.004262545022322151,1.8106248698748895
^DJI,2023-12-27,37656.51953125,U1,Uptrend,Low,0.0029615244240190908,1.798067654612243
^DJI,2023-12-28,37710.1015625,U1,Uptrend,Low,0.0014229151264373296,1.7559867011920818
^DJI,2023-12-29,37689.5390625,U1,Uptrend,Low,-0.0005452782980687187,1.6725635524105724
^DJI,2024-01-02,37715.0390625,U1,Uptrend,Low,0.0006765803093986555,1.622842801907204
^DJI,2024-01-03,37430.19140625,U1,Uptrend,Low,-0.007552627899389486,1.3942303596170866
^DJI,2024-01-04,37440.33984375,U1,Uptrend,Low,0.0002711297249284872,1.350335807492908
^DJI,2024-01-05,37466.109375,U1,Uptrend,Low,0.0006882825144629567,1.3175389388095624
^DJI,2024-01-08,37683.01171875,U1,Uptrend,Low,0.005789294574972237,1.3956196947822548
^DJI,2024-01-09,37525.16015625,U1,Uptrend,Low,-0.004188931704242171,1.256425058908126
^DJI,2024-01-10,37695.73046875,U1,Uptrend,Low,0.004545491925677769,1.3108672471071756
^DJI,2024-01-11,37711.01953125,U1,Uptrend,Low,0.0004055913576916925,1.2737677782640453
^DJI,2024-01-12,37592.98046875,U1,Uptrend,Low,-0.003130094703543751,1.1636168453779545
^DJI,2024-01-16,37361.12109375,U1,Uptrend,Low,-0.0061676241710267865,0.9942432980389517
^DJI,2024-01-17,37266.671875,U1,Uptrend,Low,-0.002528008153529382,0.9084058818553876
^DJI,2024-01-18,37468.609375,U1,Uptrend,Low,0.005418715700649113,0.9974982973774544
^DJI,2024-01-19,37863.80078125,U1,Uptrend,Low,0.010547266440950054,1.2017142330894466
^DJI,2024-01-22,38001.80859375,U1,Uptrend,Low,0.003644848368427489,1.2501178146854397
^DJI,2024-01-23,37905.44921875,U1,Uptrend,Low,-0.002535652343026884,1.1606416467091136
^DJI,2024-01-24,37806.390625,U1,Uptrend,Low,-0.002613307474034654,1.0752404328765157
^DJI,2024-01-25,38049.12890625,U1,Uptrend,Low,0.006420562165209365,1.2174885344180852
^DJI,2024-01-26,38109.4296875,U1,Uptrend,Low,0.0015848137127811857,1.2371956396408341
^DJI,2024-01-29,38333.44921875,U1,Uptrend,Low,0.005878322847835182,1.3703505488535854
^DJI,2024-01-30,38467.30859375,U1,Uptrend,Low,0.003491973139075677,1.4411882387740214
^DJI,2024-01-31,38150.30078125,U1,Uptrend,Low,-0.00824096678683428,1.1824362362767158
^DJI,2024-02-01,38519.83984375,U1,Uptrend,Low,0.009686399711994476,1.4205657667030571
^DJI,2024-02-02,38654.421875,U1,Uptrend,Low,0.0034938367292260963,1.484343281573438
^DJI,2024-02-05,38380.12109375,U1,Uptrend,Low,-0.007096232926132706,1.2462396167389758
^DJI,2024-02-06,38521.359375,U1,Uptrend,Low,0.0036799852951219236,1.32977667300218
^DJI,2024-02-07,38677.359375,U1,Uptrend,Low,0.004049701322358823,1.4367444715085627
^DJI,2024-02-08,38726.328125,U1,Uptrend,Low,0.0012660830726631822,1.4512510569789439
^DJI,2024-02-09,38671.69140625,U1,Uptrend,Low,-0.0014108417037020926,1.3838611798008038
^DJI,2024-02-12,38797.37890625,U1,Uptrend,Low,0.003250116439946771,1.4583030750704584
^DJI,2024-02-13,38272.75,U1,Uptrend,Low,-0.01352227704654263,0.9693182915329998
^DJI,2024-02-14,38424.26953125,U1,Uptrend,Low,0.003958940270819333,1.0830586018367827
^DJI,2024-02-15,38773.12109375,U1,Uptrend,Low,0.009078938045036455,1.3823361812235873
^DJI,2024-02-16,38627.98828125,U1,Uptrend,Low,-0.003743129477482121,1.2192971352945088
^DJI,2024-02-20,38563.80078125,U1,Uptrend,Low,-0.0016616837390716066,1.137995939445611
^DJI,2024-02-21,38612.23828125,U1,Uptrend,Low,0.001256035427492197,1.166827658200012
^DJI,2024-02-22,39069.109375,U1,Uptrend,Low,0.011832287225158167,1.6131697872330448
^DJI,2024-02-23,39131.53125,U1,Uptrend,Low,0.0015977296641407346,1.6560388720964918
^DJI,2024-02-26,39069.23046875,U1,Uptrend,Low,-0.0015920864647993582,1.5693694155179854
^DJI,2024-02-27,38972.41015625,U1,Uptrend,Low,-0.00247817301079023,1.4510276533078004
^DJI,2024-02-28,38949.01953125,U1,Uptrend,Low,-0.0006001842048316552,1.3960102024460868
^DJI,2024-02-29,38996.390625,U1,Uptrend,Low,0.001216233279299761,1.4163925350695397
^DJI,2024-03-01,39087.37890625,U1,Uptrend,Low,0.00233324879025254,1.4922717130042151
^DJI,2024-03-04,38989.828125,U1,Uptrend,Low,-0.00249571048199404,1.347859421196132
^DJI,2024-03-05,38585.19140625,U1,Uptrend,Low,-0.010378007244677967,0.8153618431253744
^DJI,2024-03-06,38661.05078125,U1,Uptrend,Low,0.0019660230320306393,0.9030442499009408
^DJI,2024-03-07,38791.3515625,U1,Uptrend,Low,0.0033703372933979736,1.0743852572461392
^DJI,2024-03-08,38722.69140625,U1,Uptrend,Low,-0.0017699861820843488,0.959684903402114
^DJI,2024-03-11,38769.66015625,U1,Uptrend,Low,0.0012129515871517338,1.0158001341097491
^DJI,2024-03-12,39005.48828125,U1,Uptrend,Low,0.006082800933760124,1.3531731795790267
^DJI,2024-03-13,39043.3203125,U1,Uptrend,Low,0.0009699155918061475,1.3697349252448912
^DJI,2024-03-14,38905.66015625,U1,Uptrend,Low,-0.0035258311831108946,1.1123320254907887
^DJI,2024-03-15,38714.76953125,U1,Uptrend,Low,-0.00490650008850535,0.7743225002420381
^DJI,2024-03-18,38790.4296875,U1,Uptrend,Low,0.001954296956073298,0.8694527213599765
^DJI,2024-03-19,39110.76171875,U1,Uptrend,Low,0.00825801708902496,1.3694756739714333
^DJI,2024-03-20,39512.12890625,U1,Uptrend,Low,0.01026232090252499,1.960521886241893
^DJI,2024-03-21,39781.37109375,U2,Uptrend,Low,0.006814165547465834,2.2845923018200063
^DJI,2024-03-22,39475.8984375,U1,Uptrend,Low,-0.007678786523725223,1.7183355836985874
^DJI,2024-03-25,39313.640625,U1,Uptrend,Low,-0.0041103006878208115,1.406429261302136
^DJI,2024-03-26,39282.328125,U1,Uptrend,Low,-0.0007964792754423522,1.3100613465308675
^DJI,2024-03-27,39760.078125,U2,Uptrend,Low,0.012161957368711729,1.9744584968458556
^DJI,2024-03-28,39807.37109375,U2,Uptrend,Low,0.0011894586474734403,1.9524364976629665
^DJI,2024-04-01,39566.8515625,U1,Uptrend,Low,-0.0060420852882636655,1.5366429633700192
^DJI,2024-04-02,39170.23828125,U1,Uptrend,Low,-0.01002387770539459,0.9004966278794523
^DJI,2024-04-03,39127.140625,U1,Uptrend,Low,-0.001100265358115804,0.8072539653999405
^DJI,2024-04-04,38596.98046875,U1,Uptrend,Low,-0.013549677992857445,-0.0672736122809458
^DJI,2024-04-05,38904.0390625,U1,Uptrend,Low,0.007955508177605042,0.40789362463606105
^DJI,2024-04-08,38892.80078125,U1,Uptrend,Low,-0.00028887183749604084,0.36343894759855694
^DJI,2024-04-09,38883.671875,U1,Uptrend,Low,-0.0002347196927612316,0.32171725166715553
^DJI,2024-04-10,38461.51171875,U1,Uptrend,Low,-0.010857003361388395,-0.46027680853380426
^DJI,2024-04-11,38459.078125,U1,Uptrend,Low,-6.327348149481882e-05,-0.5247822655699246
^DJI,2024-04-12,37983.23828125,U1,Uptrend,Low,-0.012372627399008906,-1.5358857016132725
^DJI,2024-04-15,37735.109375,U1,Uptrend,Low,-0.006532589570502401,-2.089264157515702
^DJI,2024-04-16,37798.96875,U1,Uptrend,Low,0.001692306609353711,-1.9472442289994727
^DJI,2024-04-17,37753.30859375,U1,Uptrend,Low,-0.0012079735971632921,-2.0017990406339417
^DJI,2024-04-18,37775.37890625,U1,Uptrend,Low,0.0005845928031762426,-1.9371873395932544
^DJI,2024-04-19,37986.3984375,U1,Uptrend,Low,0.0055861658402871495,-1.5365067233105933
^DJI,2024-04-22,38239.98046875,U1,Uptrend,Low,0.006675600785560842,-1.0379343416222964
^DJI,2024-04-23,38503.69140625,U1,Uptrend,Low,0.006896210046851481,-0.51967122984159
^DJI,2024-04-24,38460.921875,U1,Uptrend,Low,-0.0011107904122423795,-0.6144820865684094
^DJI,2024-04-25,38085.80078125,U1,Uptrend,Low,-0.00975330479516745,-1.361103461374066
^DJI,2024-04-26,38239.66015625,U1,Uptrend,Low,0.004039809373674652,-1.0530247452703778
^DJI,2024-04-29,38386.08984375,U1,Uptrend,Low,0.003829262260743871,-0.7456123260228739
^DJI,2024-04-30,37815.921875,U1,Uptrend,Low,-0.014853504774017368,-1.8299843745498832
^DJI,2024-05-01,37903.2890625,U1,Uptrend,Low,0.002310328114935034,-1.6103470869415348
^DJI,2024-05-02,38225.66015625,U1,Uptrend,Low,0.008505095513437588,-0.9649976354509445
^DJI,2024-05-03,38675.6796875,U1,Uptrend,Low,0.011772707898582091,-0.0923683724181361
^DJI,2024-05-06,38852.26953125,U1,Uptrend,Low,0.0045659144241767535,0.24583438814708464
^DJI,2024-05-07,38884.26171875,U1,Uptrend,Low,0.0008234316266715336,0.30076121318603033
^DJI,2024-05-08,39056.390625,U1,Uptrend,Low,0.004426698582964184,0.6237422208997488
^DJI,2024-05-09,39387.76171875,U1,Uptrend,Low,0.008484426964377123,1.220038870959519
^DJI,2024-05-10,39512.83984375,U1,Uptrend,Low,0.003175558080530827,1.4055231672665354
^DJI,2024-05-13,39431.51171875,U1,Uptrend,Low,-0.0020582708132750316,1.2151163619561367
^DJI,2024-05-14,39558.109375,U1,Uptrend,Low,0.0032105707017517915,1.3993977603048837
^DJI,2024-05-15,39908.0,U2,Uptrend,Low,0.008844978451399976,1.9382911037110844
^DJI,2024-05-16,39869.37890625,U2,Uptrend,Low,-0.0009677531760549085,1.783416942057324
^DJI,2024-05-17,40003.58984375,U2,Uptrend,Low,0.003366266071402446,1.9268519366167844
^DJI,2024-05-20,39806.76953125,U2,Uptrend,Low,-0.0049200662557725705,1.5476238595841527
^DJI,2024-05-21,39872.98828125,U2,Uptrend,Low,0.0016635047450412888,1.5996612342486203
^DJI,2024-05-22,39671.0390625,U1,Uptrend,Low,-0.005064812733009183,1.2390642188887409
^DJI,2024-05-23,39065.26171875,U1,Uptrend,Low,-0.01527001455131094,0.27270593553531397
^DJI,2024-05-24,39069.58984375,U1,Uptrend,Low,0.00011079216699383387,0.2775241464925664
^DJI,2024-05-28,38852.859375,U1,Uptrend,Low,-0.0055472931662903235,-0.06054757083272751
^DJI,2024-05-29,38441.5390625,U1,Uptrend,Low,-0.010586616252101777,-0.6970404044129275
^DJI,2024-05-30,38111.48046875,U1,Uptrend,Low,-0.008585988017112856,-1.1944274050184878
^DJI,2024-05-31,38686.3203125,U1,Uptrend,Low,0.015083115026752747,-0.29461004496089704
^DJI,2024-06-03,38571.03125,U1,Uptrend,Low,-0.0029800989488977248,-0.46868386569460646
^DJI,2024-06-04,38711.2890625,U1,Uptrend,Low,0.0036363511151908945,-0.24897999958002937
^DJI,2024-06-05,38807.328125,U1,Uptrend,Low,0.0024809058242660775,-0.0997632259363859
^DJI,2024-06-06,38886.171875,U1,Uptrend,Low,0.002031671692161785,0.026690242507846806
^DJI,2024-06-07,38798.98828125,U1,Uptrend,Low,-0.0022420204804487476,-0.10342371772134049
^DJI,2024-06-10,38868.0390625,U1,Uptrend,Low,0.001779705716794977,0.0056719311470183
^DJI,2024-06-11,38747.421875,U1,Uptrend,Low,-0.0031032485921413944,-0.18407199307882322
^DJI,2024-06-12,38712.2109375,U1,Uptrend,Low,-0.0009087298146852607,-0.23708546743436396
^DJI,2024-06-13,38647.1015625,U1,Uptrend,Low,-0.0016818821096299397,-0.327035729754968
^DJI,2024-06-14,38589.16015625,U1,Uptrend,Low,-0.0014992432525967603,-0.39677802793306954
^DJI,2024-06-17,38778.1015625,U1,Uptrend,Low,0.004896230067847229,-0.07357723473153756
^DJI,2024-06-18,38834.859375,U1,Uptrend,Low,0.001463656296028848,0.035283535504580466
^DJI,2024-06-20,39134.76171875,U1,Uptrend,Low,0.007722503662342728,0.5291082566934102
^DJI,2024-06-21,39150.328125,U1,Uptrend,Low,0.0003977641760506412,0.5594239209022759
^DJI,2024-06-24,39411.2109375,U1,Uptrend,Low,0.006663617522362664,1.0076988517374459
^DJI,2024-06-25,39112.16015625,U1,Uptrend,Low,-0.007587962260896974,0.5438544312265716
^DJI,2024-06-26,39127.80078125,U1,Uptrend,Low,0.00039989161778630766,0.5897546783768749
^DJI,2024-06-27,39164.05859375,U1,Uptrend,Low,0.000926650917660865,0.6520673893557408
^DJI,2024-06-28,39118.859375,U1,Uptrend,Low,-0.0011540994568222107,0.5750110585225472
^DJI,2024-07-01,39169.51953125,U1,Uptrend,Low,0.0012950315285107372,0.6436616195302498
^DJI,2024-07-02,39331.8515625,U1,Uptrend,Low,0.004144345735987098,0.9025383470946011
^DJI,2024-07-03,39308.0,U1,Uptrend,Low,-0.0006064185018622714,0.8452812062305827
^DJI,2024-07-05,39375.87109375,U1,Uptrend,Low,0.0017266483603846083,0.9387949537265028
^DJI,2024-07-08,39344.7890625,U1,Uptrend,Low,-0.0007893674574461773,0.8592445703583578
^DJI,2024-07-09,39291.96875,U1,Uptrend,Low,-0.0013424983017724657,0.7468710345238176
^DJI,2024-07-10,39721.359375,U2,Uptrend,Low,0.010928203362169375,1.4142208959593778
^DJI,2024-07-11,39753.75,U2,Uptrend,Low,0.0008154460348199777,1.4319495298583411
^DJI,2024-07-12,40000.8984375,U2,Uptrend,Low,0.006216984246769197,1.792096167288529
^DJI,2024-07-15,40211.71875,U2,Uptrend,Low,0.0052703894346122215,2.074956097629083
^DJI,2024-07-16,40954.48046875,U2,Uptrend,Low,0.01847127508694224,3.0768756158012103
^DJI,2024-07-17,41198.078125,U2,Uptrend,Low,0.0059480099237463335,3.1560478612891827
^DJI,2024-07-18,40665.01953125,U2,Uptrend,Low,-0.0129389189498752,2.228240643222023
^DJI,2024-07-19,40287.53125,U2,Uptrend,Low,-0.009282874706599165,1.6113859951132425
^DJI,2024-07-22,40415.44140625,U2,Uptrend,Low,0.003174931604924325,1.717525442607483
^DJI,2024-07-23,40358.08984375,U2,Uptrend,Low,-0.00141905075150639,1.5825329005206332
^DJI,2024-07-24,39853.87109375,U2,Uptrend,Low,-0.012493622764410572,0.8459846380920039
^DJI,2024-07-25,39935.0703125,U2,Uptrend,Low,0.0020374236309188554,0.9299990782786419
^DJI,2024-07-26,40589.33984375,U2,Uptrend,Low,0.016383332397569506,1.8160680610371018
^DJI,2024-07-29,40539.9296875,U2,Uptrend,Low,-0.0012173185481756388,1.702169663919974
^DJI,2024-07-30,40743.328125,U2,Uptrend,Low,0.005017237056597956,1.9221583810887415
^DJI,2024-07-31,40842.7890625,U2,Uptrend,Low,0.002441158886060002,1.9652127144276645
^DJI,2024-08-01,40347.96875,U2,Uptrend,Low,-0.012115242956175165,1.2225470608954399
^DJI,2024-08-02,39737.26171875,U2,Uptrend,Low,-0.01513600436824969,0.3473945728069876
^DJI,2024-08-05,38703.26953125,U1,Uptrend,Medium,-0.026020720673163855,-1.0944692316591726
^DJI,2024-08-06,38997.66015625,U1,Uptrend,Medium,0.007606350279071528,-0.6707042459234372
^DJI,2024-08-07,38763.44921875,U1,Uptrend,Medium,-0.006005768975923087,-0.9719709593081398
^DJI,2024-08-08,39446.48828125,U1,Uptrend,Medium,0.017620698783678224,-0.02737634638884031
^DJI,2024-08-09,39497.5390625,U1,Uptrend,Medium,0.0012941780998605434,0.04465208183503921
^DJI,2024-08-12,39357.01171875,U1,Uptrend,Medium,-0.0035578759357041134,-0.13750173340475058
^DJI,2024-08-13,39765.640625,U2,Uptrend,Medium,0.010382620234740125,0.43256193267458903
^DJI,2024-08-14,40008.390625,U2,Uptrend,Medium,0.006104516265416082,0.7697090791388805
^DJI,2024-08-15,40563.05859375,U2,Uptrend,Medium,0.013863791071951015,1.4963132893124738
^DJI,2024-08-16,40659.76171875,U2,Uptrend,Medium,0.002384019557511774,1.5796086826663953
^DJI,2024-08-19,40896.53125,U2,Uptrend,Medium,0.005823190329736105,1.8164071469069478
^DJI,2024-08-20,40834.96875,U2,Uptrend,Medium,-0.0015053232662610716,1.6616298457012013
^DJI,2024-08-21,40890.48828125,U2,Uptrend,Medium,0.00135960753612685,1.6579909083986117
^DJI,2024-08-22,40712.78125,U2,Uptrend,Medium,-0.004345925879576384,1.3838743785281935
^DJI,2024-08-23,41175.078125,U2,Uptrend,Medium,0.011355079677834556,1.8726946471552866
^DJI,2024-08-26,41240.51953125,U2,Uptrend,Medium,0.0015893450414674604,1.8869571072089237
^DJI,2024-08-27,41250.5,U2,Uptrend,Medium,0.0002420063777914816,1.8172276747565108
^DJI,2024-08-28,41091.421875,U2,Uptrend,Medium,-0.0038563926497861,1.5691030353642705
^DJI,2024-08-29,41335.05078125,U2,Uptrend,Low,0.005928948065879069,1.7817897452943736
^DJI,2024-08-30,41563.078125,U2,Uptrend,Low,0.005516561355077165,1.9527410845734374
^DJI,2024-09-03,40936.9296875,U2,Uptrend,Low,-0.015065016012935195,1.1923485081837493
^DJI,2024-09-04,40974.96875,U2,Uptrend,Low,0.0009292114184034084,1.1960597756371159
^DJI,2024-09-05,40755.75,U2,Uptrend,Low,-0.005350065093094214,0.9133696156509299
^DJI,2024-09-06,40345.41015625,U2,Uptrend,Low,-0.010068268741220576,0.41489704733103006
^DJI,2024-09-09,40829.58984375,U2,Uptrend,Low,0.012000861699629883,0.9533250662165922
^DJI,2024-09-10,40736.9609375,U2,Uptrend,Low,-0.002268670995826283,0.8163929612533911
^DJI,2024-09-11,40861.7109375,U2,Uptrend,Low,0.003062329568261024,0.9405568250794227
^DJI,2024-09-12,41096.76953125,U2,Uptrend,Low,0.005752539195178041,1.1962261087664194
^DJI,2024-09-13,41393.78125,U2,Uptrend,Low,0.00722713055400015,1.5185239685442216
^DJI,2024-09-16,41622.078125,U2,Uptrend,Low,0.0055152457230516205,1.7324519742788413
^DJI,2024-09-17,41606.1796875,U2,Uptrend,Low,-0.0003819712569913536,1.6479584651143846
^DJI,2024-09-18,41503.1015625,U2,Uptrend,Low,-0.0024774715144291193,1.4649110054221768
^DJI,2024-09-19,42025.19140625,U2,Uptrend,Low,0.01257953801268985,2.0051580322630564
^DJI,2024-09-20,42063.359375,U2,Uptrend,Low,0.0009082164166971385,1.9613403113690224
^DJI,2024-09-23,42124.6484375,U2,Uptrend,Low,0.001457065327417073,1.9454182273642333
^DJI,2024-09-24,42208.21875,U2,Uptrend,Low,0.0019838815420381017,1.9563136065523532
^DJI,2024-09-25,41914.75,U2,Uptrend,Low,-0.006952881658859433,1.5663965689277703
^DJI,2024-09-26,42175.109375,U2,Uptrend,Low,0.0062116408901400355,1.7886326510594284
^DJI,2024-09-27,42313.0,U2,Uptrend,Low,0.0032694787765443767,1.8642410797724953
^DJI,2024-09-30,42330.1484375,U2,Uptrend,Low,0.00040527586084659895,1.8074446453511457
^DJI,2024-10-01,42156.96875,U2,Uptrend,Low,-0.004091166553684467,1.5616072326337662
^DJI,2024-10-02,42196.51953125,U2,Uptrend,Low,0.000938178963590719,1.5533690958192603
^DJI,2024-10-03,42011.58984375,U2,Uptrend,Low,-0.004382581538817321,1.3040692445233324
^DJI,2024-10-04,42352.75,U2,Uptrend,Low,0.008120619988885025,1.6130510598565937
^DJI,2024-10-07,41954.23828125,U2,Uptrend,Low,-0.0094093469432327,1.1410929532976388
^DJI,2024-10-08,42080.37109375,U2,Uptrend,Low,0.0030064379110983364,1.2332464176050932
^DJI,2024-10-09,42512.0,U2,Uptrend,Low,0.010257250471683799,1.629477140965845
^DJI,2024-10-10,42454.12109375,U2,Uptrend,Low,-0.0013614722019664738,1.5168107938842297
^DJI,2024-10-11,42863.859375,U2,Uptrend,Low,0.009651319370036937,1.8449163706560552
^DJI,2024-10-14,43065.21875,U2,Uptrend,Low,0.004697649206955035,1.9422062535697608
^DJI,2024-10-15,42740.421875,U2,Uptrend,Low,-0.007541976667655992,1.5616087226476605
^DJI,2024-10-16,43077.69921875,U2,Uptrend,Low,0.007891296551456817,1.7951431014119374
^DJI,2024-10-17,43239.05078125,U2,Uptrend,Low,0.0037455937857928667,1.8584509621928795
^DJI,2024-10-18,43275.91015625,U2,Uptrend,Low,0.0008524556930371574,1.8094423947682345
^DJI,2024-10-21,42931.6015625,U2,Uptrend,Low,-0.00795612599496709,1.443921983558041
^DJI,2024-10-22,42924.890625,U2,Uptrend,Low,-0.00015631696130014028,1.3848558854054536
^DJI,2024-10-23,42514.94921875,U2,Uptrend,Low,-0.009550202697808263,0.9958233650118439
^DJI,2024-10-24,42374.359375,U2,Uptrend,Low,-0.0033068331571238785,0.848263757272022
^DJI,2024-10-25,42114.3984375,U2,Uptrend,Low,-0.006134864133270468,0.601268914977378
^DJI,2024-10-28,42387.5703125,U2,Uptrend,Low,0.006486424717793371,0.8096828660287484
^DJI,2024-10-29,42233.05078125,U2,Uptrend,Low,-0.0036453972263759127,0.6543215362117799
^DJI,2024-10-30,42141.5390625,U2,Uptrend,Low,-0.002166827095300139,0.5465732942291972
^DJI,2024-10-31,41763.4609375,U2,Uptrend,Low,-0.00897162593988965,0.1432645474911672
^DJI,2024-11-01,42052.19140625,U2,Uptrend,Low,0.006913470825181234,0.4140674923379362
^DJI,2024-11-04,41794.6015625,U2,Uptrend,Low,-0.006125479675042955,0.10003513986076282
^DJI,2024-11-05,42221.87890625,U2,Uptrend,Low,0.010223266349627558,0.5638219482058369
^DJI,2024-11-06,43729.9296875,U2,Uptrend,Medium,0.03571728261071705,2.3103672087760887
^DJI,2024-11-07,43729.33984375,U2,Uptrend,Medium,-1.3488330628863565e-05,2.230974020472848
^DJI,2024-11-08,43988.98828125,U2,Uptrend,Medium,0.005937625366121635,2.4023693919528037
^DJI,2024-11-11,44293.12890625,U2,Uptrend,Medium,0.006914017277583895,2.5795046815071783
^DJI,2024-11-12,43910.98046875,U2,Uptrend,Medium,-0.008627713754628785,2.0437185810702054
^DJI,2024-11-13,43958.19140625,U2,Uptrend,Medium,0.0010751510669091413,1.9979218706501052
^DJI,2024-11-14,43750.859375,U2,Uptrend,Medium,-0.004716573285144743,1.7048867499627793
^DJI,2024-11-15,43444.98828125,U2,Uptrend,Medium,-0.006991201958532978,1.337298813057331
^DJI,2024-11-18,43389.6015625,U2,Uptrend,Medium,-0.0012748701505325144,1.2348995313518065
^DJI,2024-11-19,43268.94140625,U2,Uptrend,Medium,-0.002780854211721584,1.0698581496355433
^DJI,2024-11-20,43408.46875,U2,Uptrend,Low,0.003224653509314779,1.1780946190674966
^DJI,2024-11-21,43870.3515625,U2,Uptrend,Medium,0.010640384832740768,1.607221776482805
^DJI,2024-11-22,44296.51171875,U2,Uptrend,Medium,0.009714081174910794,1.9571742970900943
^DJI,2024-11-25,44736.5703125,U2,Uptrend,Medium,0.009934384823438114,2.2641943457324563
^DJI,2024-11-26,44860.30859375,U2,Uptrend,Medium,0.002765931326108584,2.261508731901357
^DJI,2024-11-27,44722.05859375,U2,Uptrend,Medium,-0.0030817888760413803,2.0320275672557924
^DJI,2024-11-29,44910.6484375,U2,Uptrend,Low,0.004216931189664708,2.1158678967760447
^DJI,2024-12-02,44782.0,U2,Uptrend,Low,-0.0028645419733592803,1.941941694257243
^DJI,2024-12-03,44705.53125,U2,Uptrend,Low,-0.001707577821446149,1.8075410337811797
^DJI,2024-12-04,45014.0390625,U2,Uptrend,Low,0.006900886844958265,2.023959447353002
^DJI,2024-12-05,44765.7109375,U2,Uptrend,Low,-0.005516681688021996,1.7375805867546106
^DJI,2024-12-06,44642.51953125,U2,Uptrend,Low,-0.002751914437860603,1.5726763355449174
^DJI,2024-12-09,44401.9296875,U2,Uptrend,Low,-0.005389253256227744,1.303901059048112
^DJI,2024-12-10,44247.828125,U2,Uptrend,Low,-0.0034706050747019823,1.120986128795063
^DJI,2024-12-11,44148.55859375,U2,Uptrend,Low,-0.0022434893520550947,0.9941766339008152
^DJI,2024-12-12,43914.12109375,U2,Uptrend,Low,-0.00531019601698135,0.7414936757098253
^DJI,2024-12-13,43828.05859375,U2,Uptrend,Low,-0.001959791016112322,0.632220542640425
^DJI,2024-12-16,43717.48046875,U2,Uptrend,Low,-0.002522998475131377,0.5000281529336188
^DJI,2024-12-17,43449.8984375,U2,Uptrend,Low,-0.006120710260081763,0.2135040602036049
^DJI,2024-12-18,42326.87109375,U2,Uptrend,Low,-0.02584648950020918,-0.920421122867141
^DJI,2024-12-19,42342.23828125,U2,Uptrend,Low,0.00036305985070250735,-0.9196940128102508
^DJI,2024-12-20,42840.26171875,U2,Uptrend,Low,0.011761859025778865,-0.4283635161520316
^DJI,2024-12-23,42906.94921875,U2,Uptrend,Low,0.0015566548224614785,-0.3727055769799579
^DJI,2024-12-24,43297.03125,U2,Uptrend,Low,0.009091348565969382,0.013636277410161832
^DJI,2024-12-26,43325.80078125,U2,Uptrend,Low,0.0006644689120574032,0.023589888181451166
^DJI,2024-12-27,42992.2109375,U2,Uptrend,Low,-0.007699565564506905,-0.34565348543403823
^DJI,2024-12-30,42573.73046875,U2,Uptrend,Low,-0.009733867126730633,-0.8105070930418735
^DJI,2024-12-31,42544.21875,U2,Uptrend,Low,-0.0006931908109781837,-0.8485541775336022
^DJI,2025-01-02,42392.26953125,U2,Uptrend,Low,-0.0035715597374790242,-1.0311179815250944
^DJI,2025-01-03,42732.12890625,U2,Uptrend,Low,0.008017012978025928,-0.6802989159327952
^DJI,2025-01-06,42706.55859375,U2,Uptrend,Low,-0.0005983861126156453,-0.7142904635497845
^DJI,2025-01-07,42528.359375,U2,Uptrend,Low,-0.004172642905862167,-0.9145037108580316
^DJI,2025-01-08,42635.19921875,U2,Uptrend,Low,0.002512202335573921,-0.7893661597976386
^DJI,2025-01-10,41938.44921875,U2,Uptrend,Low,-0.016342130745658268,-1.5107673799870731
^DJI,2025-01-13,42297.12109375,U2,Uptrend,Low,0.008552339957283106,-1.1052657477838552
^DJI,2025-01-14,42518.28125,U2,Uptrend,Low,0.005228728351506673,-0.8518154681497477
^DJI,2025-01-15,43221.55078125,U2,Uptrend,Low,0.01654040357640274,-0.09730334209551633
^DJI,2025-01-16,43153.12890625,U2,Uptrend,Low,-0.0015830499776903206,-0.16844443979995702
^DJI,2025-01-17,43487.828125,U2,Uptrend,Low,0.007756082287268873,0.18066563142998857
^DJI,2025-01-21,44025.80859375,U2,Uptrend,Low,0.012370828619071128,0.7361006043197489
^DJI,2025-01-22,44156.73046875,U2,Uptrend,Low,0.002973752877728719,0.8473316934556326
^DJI,2025-01-23,44565.0703125,U2,Uptrend,Low,0.009247510841840612,1.2408387494595055
^DJI,2025-01-24,44424.25,U2,Uptrend,Low,-0.0031598808553994218,1.0567370504773959
^DJI,2025-01-27,44713.578125,U2,Uptrend,Low,0.006512842085122372,1.3203655175575362
^DJI,2025-01-28,44850.3515625,U2,Uptrend,Low,0.003058879276394366,1.417052823504177
^DJI,2025-01-29,44713.51953125,U2,Uptrend,Low,-0.0030508574957170964,1.232417083079437
^DJI,2025-01-30,44882.12890625,U2,Uptrend,Low,0.003770881307658236,1.380401908200951
^DJI,2025-01-31,44544.66015625,U2,Uptrend,Low,-0.007519000506970297,0.9836767798361324
^DJI,2025-02-03,44421.91015625,U2,Uptrend,Low,-0.002755661387233155,0.8250826327626968
^DJI,2025-02-04,44556.0390625,U2,Uptrend,Low,0.0030194313071683077,0.9509938863302576
^DJI,2025-02-05,44873.28125,U2,Uptrend,Low,0.007120071581205867,1.2807221357672907
^DJI,2025-02-06,44747.62890625,U2,Uptrend,Low,-0.0028001594768601867,1.1047424580188743
^DJI,2025-02-07,44303.3984375,U2,Uptrend,Low,-0.009927463859162211,0.5912922657431094
^DJI,2025-02-10,44470.41015625,U2,Uptrend,Low,0.0037697270331440436,0.775890269446569
^DJI,2025-02-11,44593.6484375,U2,Uptrend,Low,0.0027712422893557687,0.8965672475841867
^DJI,2025-02-12,44368.55859375,U2,Uptrend,Low,-0.0050475763171849986,0.633429348451581
^DJI,2025-02-13,44711.4296875,U2,Uptrend,Low,0.0077277942898577034,0.9917683773644496
^DJI,2025-02-14,44546.078125,U2,Uptrend,Low,-0.0036981944808226475,0.7843477667555203
^DJI,2025-02-18,44556.33984375,U2,Uptrend,Low,0.00023036189002323404,0.77183134719847
^DJI,2025-02-19,44627.58984375,U2,Uptrend,Low,0.0015990990339389555,0.8237197219368438
^DJI,2025-02-20,44176.6484375,U2,Uptrend,Low,-0.0101045431274428,0.31281729406574843
^DJI,2025-02-21,43428.01953125,U2,Uptrend,Low,-0.016946258548996562,-0.5046816899775045
^DJI,2025-02-24,43461.2109375,U2,Uptrend,Low,0.000764285514473384,-0.45276482879862073
^DJI,2025-02-25,43621.16015625,U2,Uptrend,Low,0.0036802752454370147,-0.25790556450508145
^DJI,2025-02-26,43433.12109375,U2,Uptrend,Low,-0.004310730430516996,-0.44428618916957097
^DJI,2025-02-27,43239.5,U2,Uptrend,Low,-0.004457913428143279,-0.6367985408932587
^DJI,2025-02-28,43840.91015625,U2,Uptrend,Low,0.013908813844979662,0.06132544418385897
^DJI,2025-03-03,43191.23828125,U2,Uptrend,Low,-0.014818850080542512,-0.6548437049749275
^DJI,2025-03-04,42520.98828125,U2,Uptrend,Low,-0.015518193658526469,-1.3750877809648694
^DJI,2025-03-05,43006.58984375,U2,Uptrend,Low,0.01142027930508216,-0.7926486308991134
^DJI,2025-03-06,42579.078125,U2,Uptrend,Low,-0.009940609574095927,-1.245683216373867
^DJI,2025-03-07,42801.71875,U2,Uptrend,Low,0.005228873775669607,-0.9555486570010122
^DJI,2025-03-10,41911.7109375,U2,Uptrend,Low,-0.02079374002942347,-1.8943504886055142
^DJI,2025-03-11,41433.48046875,U2,Uptrend,Low,-0.011410425822585779,-2.284958143932774
^DJI,2025-03-12,41350.9296875,U2,Uptrend,Low,-0.0019923689807391787,-2.230679128864614
^DJI,2025-03-13,40813.5703125,U2,Uptrend,Low,-0.01299509779008523,-2.58004366346377
^DJI,2025-03-14,41488.19140625,U2,Uptrend,Medium,0.016529332978824973,-1.825789312617651
^DJI,2025-03-17,41841.62890625,U2,Uptrend,Medium,0.008518990296278783,-1.4331188925135065
^DJI,2025-03-18,41581.30859375,U2,Uptrend,Medium,-0.006221562575474127,-1.6112570897488905
^DJI,2025-03-19,41964.62890625,U2,Uptrend,Medium,0.009218572610233178,-1.246001284102651
^DJI,2025-03-20,41953.3203125,U2,Uptrend,Medium,-0.0002694791791263418,-1.2423900556177028
^DJI,2025-03-21,41985.3515625,U2,Uptrend,Medium,0.0007634973766417197,-1.1876936993755849
^DJI,2025-03-24,42583.3203125,U2,Uptrend,Medium,0.014242318516967778,-0.6446232728841151
^DJI,2025-03-25,42587.5,U2,Uptrend,Medium,9.815316112815609e-05,-0.6281484070776885
^DJI,2025-03-26,42454.7890625,U2,Uptrend,Medium,-0.003116194599354305,-0.7302237687982337
^DJI,2025-03-27,42299.69921875,U2,Uptrend,Medium,-0.003653058869794057,-0.8527810636846356
^DJI,2025-03-28,41583.8984375,U2,Uptrend,Medium,-0.01692212461247744,-1.4480907784542754
^DJI,2025-03-31,42001.76171875,U2,Uptrend,Medium,0.010048679824428808,-1.0696265980357575
^DJI,2025-04-01,41989.9609375,U2,Uptrend,Medium,-0.00028095919711701445,-1.0683598630250153
^DJI,2025-04-02,42225.3203125,U2,Uptrend,Medium,0.005605134411778012,-0.8548020347513152
^DJI,2025-04-03,40545.9296875,U2,Uptrend,Medium,-0.03977212280620279,-2.1702520245747308
^DJI,2025-04-04,38314.859375,U1,Uptrend,Medium,-0.055025753008885125,-3.509825562034971
^DJI,2025-04-07,37965.6015625,U1,Uptrend,Medium,-0.009115466380333004,-3.3369408119384842
^DJI,2025-04-08,37645.58984375,U1,Uptrend,Medium,-0.008428991128276664,-3.192497817724904
^DJI,2025-04-09,40608.44921875,U2,Uptrend,Medium,0.07870402316174352,-1.3776955611962125
^DJI,2025-04-10,39593.66015625,U1,Uptrend,Medium,-0.024989603937681126,-1.8884490144530381
^DJI,2025-04-11,40212.7109375,U2,Uptrend,Medium,0.01563509861950152,-1.4772117854575706
^DJI,2025-04-14,40524.7890625,U2,Uptrend,Medium,0.007760683568064808,-1.260013156571053
^DJI,2025-04-15,40368.9609375,U2,Uptrend,Medium,-0.0038452544382074905,-1.2998733329158076
^DJI,2025-04-16,39669.390625,U1,Uptrend,Medium,-0.01732941092001572,-1.6122617438339097
^DJI,2025-04-17,39142.23046875,U1,Uptrend,Medium,-0.013288839277449838,-1.807352629978251
^DJI,2025-04-21,38170.41015625,U1,Uptrend,Medium,-0.02482792372488518,-2.1860598502135375
^DJI,2025-04-22,39186.98046875,U1,Uptrend,Medium,0.026632417842477496,-1.6035639643365684
^DJI,2025-04-23,39606.5703125,U1,Uptrend,Medium,0.010707378795990818,-1.3457647583427843
^DJI,2025-04-24,40093.3984375,U2,Uptrend,Medium,0.012291600134999747,-1.0683632406036705
^DJI,2025-04-25,40113.5,U2,Uptrend,Medium,0.0005013683869012908,-1.024412898259367
^DJI,2025-04-28,40227.58984375,U2,Uptrend,Medium,0.0028441757450734517,-0.9364373868721156
^DJI,2025-04-29,40527.62109375,U2,Uptrend,Medium,0.007458345159761404,-0.7572141886701901
^DJI,2025-04-30,40669.359375,U2,Uptrend,Medium,0.0034973254640859874,-0.6591344333365671
^DJI,2025-05-01,40752.9609375,U2,Uptrend,Medium,0.002055640014614779,-0.5908907791115067
^DJI,2025-05-02,41317.4296875,U2,Uptrend,Medium,0.013850987437837636,-0.2708448175755985
^DJI,2025-05-05,41218.828125,U2,Uptrend,Medium,-0.0023864398934242415,-0.29812848375181367
^DJI,2025-05-06,40829.0,U2,Uptrend,Medium,-0.00945752566807112,-0.4857980341009343
^DJI,2025-05-07,41113.96875,U2,Uptrend,Medium,0.006979567219378424,-0.3034737741253842
^DJI,2025-05-08,41368.44921875,U2,Uptrend,Medium,0.0061896352137009725,-0.13306935113903562
^DJI,2025-05-09,41249.37890625,U2,Uptrend,Medium,-0.002878288037107102,-0.17562440246514355
^DJI,2025-05-12,42410.1015625,U2,Uptrend,Medium,0.02813915474674289,0.5468600437222579
^DJI,2025-05-13,42140.4296875,U2,Uptrend,Medium,-0.006358670813428335,0.4194064332001516
^DJI,2025-05-14,42051.05859375,U2,Uptrend,Medium,-0.002120792180164033,0.4022288658138215
^DJI,2025-05-15,42322.75,U2,Uptrend,Medium,0.006460988506253207,0.6233641044977548
^DJI,2025-05-16,42654.73828125,U2,Uptrend,Medium,0.00784420391515206,0.8827420837320471
^DJI,2025-05-19,42792.0703125,U2,Uptrend,Low,0.003219619596408707,0.9926448577841177
^DJI,2025-05-20,42677.23828125,U2,Uptrend,Low,-0.002683488562516656,0.9326801462896681
^DJI,2025-05-21,41860.44140625,U2,Uptrend,Low,-0.01913893466154426,0.3917911111160608
^DJI,2025-05-22,41859.08984375,U2,Uptrend,Low,-3.2287344676640295e-05,0.4171893701208344
^DJI,2025-05-23,41603.0703125,U2,Uptrend,Low,-0.006116223076174321,0.25559892062421996
^DJI,2025-05-27,42343.6484375,U2,Uptrend,Medium,0.01780104495743151,0.8422310300022089
^DJI,2025-05-28,42098.69921875,U2,Uptrend,Medium,-0.005784792472749434,0.680856305559256
^DJI,2025-05-29,42215.73046875,U2,Uptrend,Medium,0.002779925559977414,0.7775436881190595
^DJI,2025-05-30,42270.0703125,U2,Uptrend,Medium,0.0012871942080978638,0.8379620346609068
^DJI,2025-06-02,42305.48046875,U2,Uptrend,Low,0.000837712262795387,0.8722292490467218
^DJI,2025-06-03,42519.640625,U2,Uptrend,Low,0.005062231982170706,1.0481363355349527
^DJI,2025-06-04,42427.73828125,U2,Uptrend,Low,-0.002161409231101641,0.9640080592190036
^DJI,2025-06-05,42319.73828125,U2,Uptrend,Low,-0.0025455045301749912,0.8626371881350263
^DJI,2025-06-06,42762.87109375,U2,Uptrend,Low,0.010471066941742713,1.1747736438098733
^DJI,2025-06-09,42761.76171875,U2,Uptrend,Low,-2.5942481681529017e-05,1.1371212112869837
^DJI,2025-06-10,42866.87109375,U2,Uptrend,Low,0.0024580225597654604,1.185248820510077
^DJI,2025-06-11,42865.76953125,U2,Uptrend,Low,-2.5697291915482978e-05,1.1596619996486057
^DJI,2025-06-12,42967.62109375,U2,Uptrend,Low,0.0023760581838090378,1.2033542482326263
^DJI,2025-06-13,42197.7890625,U2,Uptrend,Low,-0.01791656162602817,0.634008416965606
^DJI,2025-06-16,42515.08984375,U2,Uptrend,Low,0.007519369812954979,0.8559233126885422
^DJI,2025-06-17,42215.80078125,U2,Uptrend,Low,-0.007039596143391336,0.6336320449075671
^DJI,2025-06-18,42171.66015625,U2,Uptrend,Low,-0.0010455948763999912,0.6087983511835365
^DJI,2025-06-20,42206.8203125,U2,Uptrend,Low,0.0008337389640276083,0.6415222700716791
^DJI,2025-06-23,42581.78125,U2,Uptrend,Low,0.0088838944683296,0.9140814806989261
^DJI,2025-06-24,43089.01953125,U2,Uptrend,Low,0.011912096355762403,1.2641924604606547
^DJI,2025-06-25,42982.4296875,U2,Uptrend,Low,-0.0024737124425098234,1.1565668251277519
^DJI,2025-06-26,43386.83984375,U2,Uptrend,Low,0.009408731874634091,1.4082270301021669
^DJI,2025-06-27,43819.26953125,U2,Uptrend,Low,0.009966839923288173,1.654507764567822
^DJI,2025-06-30,44094.76953125,U2,Uptrend,Low,0.006287188329406668,1.7777176920317972
^DJI,2025-07-01,44494.94140625,U2,Uptrend,Low,0.009075268546678616,1.9430657335829862
^DJI,2025-07-02,44484.421875,U2,Uptrend,Low,-0.0002364208361115283,1.8836922781070329
^DJI,2025-07-03,44828.53125,U2,Uptrend,Low,0.007735502913063241,2.0650102021262415
^DJI,2025-07-07,44406.359375,U2,Uptrend,Low,-0.009417481751646695,1.7790429294166599
^DJI,2025-07-08,44240.76171875,U2,Uptrend,Low,-0.0037291428205490362,1.5958936829946335
^DJI,2025-07-09,44458.30078125,U2,Uptrend,Low,0.004917163585088202,1.6847107836453705
^DJI,2025-07-10,44650.640625,U2,Uptrend,Low,0.004326297685023572,1.7412724669542121
^DJI,2025-07-11,44371.51171875,U2,Uptrend,Low,-0.006251397568833861,1.4945191850451258
^DJI,2025-07-14,44459.6484375,U2,Uptrend,Low,0.0019863357216372,1.4964126974803507
^DJI,2025-07-15,44023.2890625,U2,Uptrend,Low,-0.00981472841858888,1.1742838574900882
^DJI,2025-07-16,44254.78125,U2,Uptrend,Low,0.005258402823363539,1.3041654279955406
^DJI,2025-07-17,44484.48828125,U2,Uptrend,Low,0.005190558506037224,1.4727873938645852
^DJI,2025-07-18,44342.19140625,U2,Uptrend,Low,-0.00319879761458286,1.3539048539960716
^DJI,2025-07-21,44323.0703125,U2,Uptrend,Low,-0.0004312167067888062,1.3181222971751048
^DJI,2025-07-22,44502.44140625,U2,Uptrend,Low,0.0040469013650306085,1.4242275475597879
^DJI,2025-07-23,45010.2890625,U2,Uptrend,Low,0.011411680802273505,1.7779393470831881
^DJI,2025-07-24,44693.91015625,U2,Uptrend,Low,-0.007029035201499889,1.4920770955749527
^DJI,2025-07-25,44901.921875,U2,Uptrend,Low,0.0046541400835771185,1.6160458636756325
^DJI,2025-07-28,44837.55859375,U2,Uptrend,Low,-0.001433419296153482,1.5217024886945805
^DJI,2025-07-29,44632.98828125,U2,Uptrend,Low,-0.004562476613713673,1.3191039468387826
^DJI,2025-07-30,44461.28125,U2,Uptrend,Low,-0.0038470879468792685,1.1393240595134033
^DJI,2025-07-31,44130.98046875,U2,Uptrend,Low,-0.007428953281682582,0.8321828345862285
^DJI,2025-08-01,43588.578125,U2,Uptrend,Low,-0.01229073856933871,0.33683093225023325
^DJI,2025-08-04,44173.640625,U2,Uptrend,Low,0.013422380934799083,0.834220354440845
^DJI,2025-08-05,44111.73828125,U2,Uptrend,Low,-0.0014013412268982783,0.751847361092849
^DJI,2025-08-06,44193.12109375,U2,Uptrend,Low,0.0018449241782565462,0.8038181911801949
^DJI,2025-08-07,43968.640625,U2,Uptrend,Low,-0.005079534171705036,0.5655407889344829
^DJI,2025-08-08,44175.609375,U2,Uptrend,Low,0.004707190103173664,0.7384079769722354
^DJI,2025-08-11,43975.08984375,U2,Uptrend,Low,-0.0045391457885237685,0.51882195180233
^DJI,2025-08-12,44458.609375,U2,Uptrend,Low,0.010995305136794808,0.9630967135760087
^DJI,2025-08-13,44922.26953125,U2,Uptrend,Low,0.010429029669801748,1.3695799653198157
^DJI,2025-08-14,44911.26171875,U2,Uptrend,Low,-0.00024504132615876806,1.310291994886956
^DJI,2025-08-15,44946.12109375,U2,Uptrend,Low,0.0007761833817607755,1.2964933713513729
^DJI,2025-08-18,44911.8203125,U2,Uptrend,Low,-0.0007631533136853719,1.2285734736580154
^DJI,2025-08-19,44922.26953125,U2,Uptrend,Low,0.00023266077120220885,1.2058613587770566
^DJI,2025-08-20,44938.30859375,U2,Uptrend,Low,0.00035704034251526906,1.197116361835059
^DJI,2025-08-21,44785.5,U2,Uptrend,Low,-0.0034004082158813898,1.010632547967279
^DJI,2025-08-22,45631.73828125,U2,Uptrend,Low,0.018895363036027346,1.8081847298615106
^DJI,2025-08-25,45282.46875,U2,Uptrend,Low,-0.007654092182447392,1.4110843549038274
^DJI,2025-08-26,45418.0703125,U2,Uptrend,Low,0.0029945708845655616,1.5033938879263486
^DJI,2025-08-27,45565.23046875,U2,Uptrend,Low,0.0032401234847156957,1.6033547201409255
^DJI,2025-08-28,45636.8984375,U2,Uptrend,Low,0.0015728652749633643,1.6198814751508808
^DJI,2025-08-29,45544.87890625,U2,Uptrend,Low,-0.002016340601586286,1.4802330139582387
^DJI,2025-09-02,45295.80859375,U2,Uptrend,Low,-0.005468678773143498,1.1927226500875838
^DJI,2025-09-03,45271.23046875,U2,Uptrend,Low,-0.0005426136713980734,1.1317705631715407
^DJI,2025-09-04,45621.2890625,U2,Uptrend,Low,0.00773247358477791,1.4560273459596715
^DJI,2025-09-05,45400.859375,U2,Uptrend,Low,-0.004831728608063135,1.1845711933939003
^DJI,2025-09-08,45514.94921875,U2,Uptrend,Low,0.0025129445856442167,1.2678898136764187
^DJI,2025-09-09,45711.33984375,U2,Uptrend,Low,0.004314859806964222,1.4322447575255497
^DJI,2025-09-10,45490.921875,U2,Uptrend,Low,-0.004821953797535361,1.179360379888372
^DJI,2025-09-11,46108.0,U2,Uptrend,Low,0.013564863044446707,1.8273272752379317
^DJI,2025-09-12,45834.21875,U2,Uptrend,Low,-0.005937825323154344,1.5093020726655153
