ticker,date,price,sax_symbol,trend,volatility,daily_return,zscore
^GSPC,2020-01-03,3234.85009765625,D2,Downtrend,Unknown,-0.007059870562045378,0.0
^GSPC,2020-01-06,3246.280029296875,D2,Downtrend,Unknown,0.0035333728907271933,0.0
^GSPC,2020-01-07,3237.179931640625,D2,Downtrend,Unknown,-0.0028032386528962228,0.0
^GSPC,2020-01-08,3253.050048828125,D2,Downtrend,Unknown,0.004902451368978156,0.0
^GSPC,2020-01-09,3274.699951171875,D2,Downtrend,Unknown,0.006655262605488987,0.0
^GSPC,2020-01-10,3265.35009765625,D2,Downtrend,Unknown,-0.002855178689662563,0.0
^GSPC,2020-01-13,3288.1298828125,D2,Downtrend,Unknown,0.006976215252569862,0.0
^GSPC,2020-01-14,3283.14990234375,D2,Downtrend,Unknown,-0.001514532772802224,0.0
^GSPC,2020-01-15,3289.2900390625,D2,Downtrend,Unknown,0.0018701968845122874,0.0
^GSPC,2020-01-16,3316.81005859375,D2,Downtrend,Unknown,0.00836655302646827,0.0
^GSPC,2020-01-17,3329.6201171875,D2,Downtrend,Unknown,0.003862162248501333,0.0
^GSPC,2020-01-21,3320.7900390625,D2,Downtrend,Unknown,-0.0026519776473655776,0.0
^GSPC,2020-01-22,3321.75,D2,Downtrend,Unknown,0.0002890760711180551,0.0
^GSPC,2020-01-23,3325.5400390625,D2,Downtrend,Unknown,0.0011409766124783616,0.0
^GSPC,2020-01-24,3295.469970703125,D2,Downtrend,Unknown,-0.009042160974207403,0.0
^GSPC,2020-01-27,3243.6298828125,D2,Downtrend,Unknown,-0.015730711659182384,0.0
^GSPC,2020-01-28,3276.239990234375,D2,Downtrend,Unknown,0.010053584595046017,0.0
^GSPC,2020-01-29,3273.39990234375,D2,Downtrend,Unknown,-0.0008668741908683941,0.0
^GSPC,2020-01-30,3283.659912109375,D2,Downtrend,Unknown,0.003134358792605374,0.0
^GSPC,2020-01-31,3225.52001953125,D2,Downtrend,Low,-0.01770582037552626,0.0
^GSPC,2020-02-03,3248.919921875,D2,Downtrend,Low,0.007254613892351713,0.0
^GSPC,2020-02-04,3297.590087890625,D2,Downtrend,Low,0.014980414164082134,0.0
^GSPC,2020-02-05,3334.68994140625,D2,Downtrend,Low,0.01125059589785371,0.0
^GSPC,2020-02-06,3345.780029296875,D2,Downtrend,Low,0.003325672876785646,0.0
^GSPC,2020-02-07,3327.7099609375,D2,Downtrend,Low,-0.005400853672730133,0.0
^GSPC,2020-02-10,3352.090087890625,D2,Downtrend,Low,0.007326397804890528,0.0
^GSPC,2020-02-11,3357.75,D2,Downtrend,Low,0.0016884725532351208,0.0
^GSPC,2020-02-12,3379.449951171875,D2,Downtrend,Low,0.006462646466197652,0.0
^GSPC,2020-02-13,3373.93994140625,D2,Downtrend,Low,-0.0016304457368023773,0.0
^GSPC,2020-02-14,3380.159912109375,D2,Downtrend,Low,0.0018435333204338544,0.0
^GSPC,2020-02-18,3370.2900390625,D2,Downtrend,Low,-0.002919942636890105,0.0
^GSPC,2020-02-19,3386.14990234375,D2,Downtrend,Low,0.004705785881164548,0.0
^GSPC,2020-02-20,3373.22998046875,D2,Downtrend,Low,-0.00381551976362815,0.0
^GSPC,2020-02-21,3337.75,D2,Downtrend,Low,-0.01051810302712286,0.0
^GSPC,2020-02-24,3225.889892578125,D2,Downtrend,Medium,-0.03351362667122315,0.0
^GSPC,2020-02-25,3128.2099609375,D2,Downtrend,Medium,-0.030279995565056117,0.0
^GSPC,2020-02-26,3116.389892578125,D2,Downtrend,Medium,-0.0037785406053220116,0.0
^GSPC,2020-02-27,2978.760009765625,D2,Downtrend,Medium,-0.04416324258407911,0.0
^GSPC,2020-02-28,2954.219970703125,D2,Downtrend,Medium,-0.008238340444361891,0.0
^GSPC,2020-03-02,3090.22998046875,D2,Downtrend,Medium,0.046039229006110016,0.0
^GSPC,2020-03-03,3003.3701171875,D2,Downtrend,Medium,-0.028107896121075893,0.0
^GSPC,2020-03-04,3130.1201171875,D2,Downtrend,Medium,0.04220259077449118,0.0
^GSPC,2020-03-05,3023.93994140625,D2,Downtrend,Medium,-0.033922077046888544,0.0
^GSPC,2020-03-06,2972.3701171875,D2,Downtrend,Medium,-0.01705385200037013,0.0
^GSPC,2020-03-09,2746.56005859375,D2,Downtrend,Medium,-0.07596969747745097,0.0
^GSPC,2020-03-10,2882.22998046875,D2,Downtrend,High,0.04939630628156144,0.0
^GSPC,2020-03-11,2741.3798828125,D2,Downtrend,High,-0.048868445131273974,0.0
^GSPC,2020-03-12,2480.639892578125,D2,Downtrend,High,-0.09511268097833658,0.0
^GSPC,2020-03-13,2711.02001953125,D2,Downtrend,High,0.09287124972971839,0.0
^GSPC,2020-03-16,2386.1298828125,D2,Downtrend,High,-0.11984055240393443,0.0
^GSPC,2020-03-17,2529.18994140625,D2,Downtrend,High,0.05995484974402432,0.0
^GSPC,2020-03-18,2398.10009765625,D2,Downtrend,High,-0.051830762729157875,0.0
^GSPC,2020-03-19,2409.389892578125,D2,Downtrend,High,0.0047078080405855705,0.0
^GSPC,2020-03-20,2304.919921875,D2,Downtrend,High,-0.04335951230846191,0.0
^GSPC,2020-03-23,2237.39990234375,D2,Downtrend,High,-0.02929386782180443,0.0
^GSPC,2020-03-24,2447.330078125,D2,Downtrend,High,0.09382773976227554,0.0
^GSPC,2020-03-25,2475.56005859375,D2,Downtrend,High,0.011535011448221999,0.0
^GSPC,2020-03-26,2630.070068359375,D2,Downtrend,High,0.062414163303876835,0.0
^GSPC,2020-03-27,2541.469970703125,D2,Downtrend,High,-0.033687352562252526,-1.5409601906016914
^GSPC,2020-03-30,2626.64990234375,D2,Downtrend,High,0.03351600948370015,-1.2485201840613698
^GSPC,2020-03-31,2584.590087890625,D2,Downtrend,High,-0.016012721914555605,-1.3209936577357373
^GSPC,2020-04-01,2470.5,D2,Downtrend,High,-0.04414243033166543,-1.577788020096344
^GSPC,2020-04-02,2526.89990234375,D2,Downtrend,High,0.02282934723487151,-1.3687030501565032
^GSPC,2020-04-03,2488.64990234375,D2,Downtrend,High,-0.015137125124949469,-1.4184887662053818
^GSPC,2020-04-06,2663.679931640625,D2,Downtrend,High,0.07033131865275055,-0.9138775489406489
^GSPC,2020-04-07,2659.409912109375,D2,Downtrend,High,-0.0016030527844311804,-0.8958156119963178
^GSPC,2020-04-08,2749.97998046875,D2,Downtrend,High,0.03405645287963033,-0.6288203341683906
^GSPC,2020-04-09,2789.820068359375,D2,Downtrend,High,0.014487410153376512,-0.5007578055487198
^GSPC,2020-04-13,2761.6298828125,D2,Downtrend,High,-0.010104660822607414,-0.5553615261314292
^GSPC,2020-04-14,2846.06005859375,D2,Downtrend,High,0.030572589146256046,-0.30646615240851577
^GSPC,2020-04-15,2783.360107421875,D2,Downtrend,High,-0.022030438529415775,-0.45661887536385043
^GSPC,2020-04-16,2799.550048828125,D2,Downtrend,High,0.005816689462164515,-0.39101159844491495
^GSPC,2020-04-17,2874.56005859375,D2,Downtrend,High,0.026793594848223412,-0.16316411166442008
^GSPC,2020-04-20,2823.159912109375,D2,Downtrend,High,-0.01788104803401469,-0.2868376663817369
^GSPC,2020-04-21,2736.56005859375,D2,Downtrend,High,-0.030674795694063395,-0.50982311604787
^GSPC,2020-04-22,2799.31005859375,D2,Downtrend,High,0.022930247703843776,-0.3114602297661429
^GSPC,2020-04-23,2797.800048828125,D2,Downtrend,High,-0.0005394221197431159,-0.295521180674969
^GSPC,2020-04-24,2836.739990234375,D2,Downtrend,Medium,0.013918057304545428,-0.1629602666550428
^GSPC,2020-04-27,2878.47998046875,D2,Downtrend,Medium,0.014714069804799612,-0.02098790763493181
^GSPC,2020-04-28,2863.389892578125,D2,Downtrend,Medium,-0.005242380698498916,-0.048272237069091395
^GSPC,2020-04-29,2939.510009765625,D2,Downtrend,Medium,0.026583916282167053,0.19699212600194177
^GSPC,2020-04-30,2912.429931640625,D2,Downtrend,Medium,-0.009212446303987654,0.13643626437666484
^GSPC,2020-05-01,2830.7099609375,D2,Downtrend,Medium,-0.028059034078492195,-0.0900281992386081
^GSPC,2020-05-04,2842.739990234375,D2,Downtrend,Medium,0.004249827591976452,-0.026827065074744832
^GSPC,2020-05-05,2868.43994140625,D2,Downtrend,Medium,0.009040556385797371,0.08107092029067563
^GSPC,2020-05-06,2848.419921875,D2,Downtrend,Medium,-0.006979410390386298,0.04432915344133986
^GSPC,2020-05-07,2881.18994140625,D2,Downtrend,Medium,0.011504630788313985,0.18476775679545465
^GSPC,2020-05-08,2929.800048828125,D2,Downtrend,Medium,0.016871538638701944,0.3882975143861908
^GSPC,2020-05-11,2930.18994140625,D2,Downtrend,Medium,0.00013307822091168653,0.42946479112686986
^GSPC,2020-05-12,2870.1201171875,D2,Downtrend,Medium,-0.020500317528877154,0.2509349852254058
^GSPC,2020-05-13,2820.0,D2,Downtrend,Medium,-0.01746272460422804,0.10008467412628426
^GSPC,2020-05-14,2852.5,D2,Downtrend,Medium,0.01152482269503552,0.2763181713180584
^GSPC,2020-05-15,2863.699951171875,D2,Downtrend,Medium,0.0039263632504382695,0.3770652396928088
^GSPC,2020-05-18,2953.909912109375,D2,Downtrend,Medium,0.03150119163168075,0.837736917567469
^GSPC,2020-05-19,2922.93994140625,D2,Downtrend,Medium,-0.010484399194493177,0.744035129832201
^GSPC,2020-05-20,2971.610107421875,D2,Downtrend,Medium,0.01665110025908012,1.00399202294527
^GSPC,2020-05-21,2948.510009765625,D2,Downtrend,Medium,-0.007773596407737116,0.9228459497635348
^GSPC,2020-05-22,2955.449951171875,D2,Downtrend,Medium,0.002353711326488428,0.9606832430485391
^GSPC,2020-05-26,2991.77001953125,D2,Downtrend,Medium,0.012289184036080147,1.132411104344207
^GSPC,2020-05-27,3036.1298828125,D2,Downtrend,Medium,0.014827297215913804,1.3632522126063629
^GSPC,2020-05-28,3029.72998046875,D2,Downtrend,Medium,-0.0021079145460738413,1.3258314646967437
^GSPC,2020-05-29,3044.31005859375,D2,Downtrend,Medium,0.004812335824971425,1.421050242446177
^GSPC,2020-06-01,3055.72998046875,D2,Downtrend,Medium,0.003751234813537785,1.46973946891357
^GSPC,2020-06-02,3080.820068359375,D2,Downtrend,Medium,0.008210832780053412,1.5664140595197005
^GSPC,2020-06-03,3122.8701171875,D2,Downtrend,Medium,0.013648979133831007,1.6979233561776064
^GSPC,2020-06-04,3112.35009765625,D2,Downtrend,Medium,-0.0033687022311144066,1.5972911644097902
^GSPC,2020-06-05,3193.929931640625,D2,Downtrend,Medium,0.026211650818398713,1.883818499573349
^GSPC,2020-06-08,3232.389892578125,D2,Downtrend,Medium,0.012041579421169235,1.9649285400073089
^GSPC,2020-06-09,3207.179931640625,D2,Downtrend,Medium,-0.007799170822611612,1.7681563227058588
^GSPC,2020-06-10,3190.139892578125,D2,Downtrend,Medium,-0.0053130910724373814,1.6437625104306723
^GSPC,2020-06-11,3002.10009765625,D2,Downtrend,Medium,-0.05894405927443824,0.7963033663823224
^GSPC,2020-06-12,3041.31005859375,D2,Downtrend,Medium,0.013060843963234703,0.9427589551553122
^GSPC,2020-06-15,3066.590087890625,D2,Downtrend,Medium,0.008312217041285264,1.0303312546987593
^GSPC,2020-06-16,3124.739990234375,D2,Downtrend,Medium,0.01896239819380252,1.286666304571342
^GSPC,2020-06-17,3113.489990234375,D2,Downtrend,Medium,-0.0036002995561740248,1.2453186420484947
^GSPC,2020-06-18,3115.340087890625,D2,Downtrend,Medium,0.0005942198825281686,1.2330859271166466
^GSPC,2020-06-19,3097.739990234375,D2,Downtrend,Medium,-0.005649494809462974,1.1189125414143097
^GSPC,2020-06-22,3117.860107421875,D2,Downtrend,Medium,0.006495095537691675,1.1907213616795025
^GSPC,2020-06-23,3131.2900390625,D2,Downtrend,Medium,0.004307419569164139,1.2362069242744333
^GSPC,2020-06-24,3050.330078125,D2,Downtrend,Medium,-0.025855145939064572,0.7569798414759991
^GSPC,2020-06-25,3083.760009765625,D2,Downtrend,Medium,0.010959447267809841,0.9220846763316692
^GSPC,2020-06-26,3009.050048828125,D2,Downtrend,Medium,-0.024226905044785974,0.4624561481048895
^GSPC,2020-06-29,3053.239990234375,D2,Downtrend,Medium,0.014685678433118632,0.7200935401576086
^GSPC,2020-06-30,3100.2900390625,D2,Downtrend,Medium,0.015409875731554612,1.0349907271138203
^GSPC,2020-07-01,3115.860107421875,D2,Downtrend,Medium,0.005022132820864389,1.120843999715314
^GSPC,2020-07-02,3130.010009765625,D2,Downtrend,Medium,0.004541250844364075,1.2023459861679608
^GSPC,2020-07-06,3179.719970703125,D2,Downtrend,Medium,0.01588172586745884,1.5245533980274748
^GSPC,2020-07-07,3145.320068359375,D2,Downtrend,Medium,-0.010818532028197159,1.227461723293003
^GSPC,2020-07-08,3169.93994140625,D2,Downtrend,Medium,0.007827461915415501,1.3718668144567234
^GSPC,2020-07-09,3152.050048828125,D2,Downtrend,Medium,-0.005643606159361103,1.1950339269342074
^GSPC,2020-07-10,3185.0400390625,D2,Downtrend,Medium,0.01046620127324438,1.4008043092616183
^GSPC,2020-07-13,3155.219970703125,D2,Downtrend,Medium,-0.009362541127788226,1.1397551665789354
^GSPC,2020-07-14,3197.52001953125,D2,Downtrend,Medium,0.013406370782667931,1.410550872046235
^GSPC,2020-07-15,3226.56005859375,D2,Downtrend,Medium,0.009082050740923053,1.574153988138456
^GSPC,2020-07-16,3215.570068359375,D2,Downtrend,Medium,-0.0034061012455366413,1.4625398116984263
^GSPC,2020-07-17,3224.72998046875,D2,Downtrend,Medium,0.002848612194617406,1.4902581358981375
^GSPC,2020-07-20,3251.840087890625,D2,Downtrend,Medium,0.0084069387471426,1.6525055853538004
^GSPC,2020-07-21,3257.300048828125,D2,Downtrend,Medium,0.0016790373419135474,1.6387151650780516
^GSPC,2020-07-22,3276.02001953125,D2,Downtrend,Medium,0.005747082068739751,1.715376445686256
^GSPC,2020-07-23,3235.659912109375,D2,Downtrend,Medium,-0.012319859824193036,1.3585464178548214
^GSPC,2020-07-24,3215.6298828125,D2,Downtrend,Medium,-0.006190400054688405,1.1621978784621239
^GSPC,2020-07-27,3239.409912109375,D2,Downtrend,Low,0.007395138795039502,1.3010251150108951
^GSPC,2020-07-28,3218.43994140625,D2,Downtrend,Low,-0.006473392152297919,1.1108773879357705
^GSPC,2020-07-29,3258.43994140625,D2,Downtrend,Low,0.01242838167815008,1.390422406661479
^GSPC,2020-07-30,3246.219970703125,D2,Downtrend,Low,-0.003750251937389204,1.258109421161776
^GSPC,2020-07-31,3271.1201171875,D2,Downtrend,Low,0.007670504990141325,1.4260094593936012
^GSPC,2020-08-03,3294.610107421875,D2,Downtrend,Low,0.00718102343932614,1.5726827071032883
^GSPC,2020-08-04,3306.510009765625,D2,Downtrend,Low,0.0036119303819721615,1.6120196382342258
^GSPC,2020-08-05,3327.77001953125,D2,Downtrend,Low,0.006429743053199433,1.7211969529737026
^GSPC,2020-08-06,3349.159912109375,D2,Downtrend,Low,0.00642769555966427,1.8431228541198057
^GSPC,2020-08-07,3351.280029296875,D2,Downtrend,Low,0.0006330295486443038,1.8383033210769806
^GSPC,2020-08-10,3360.469970703125,D2,Downtrend,Low,0.002742218294476073,1.8824088966777814
^GSPC,2020-08-11,3333.68994140625,D2,Downtrend,Low,-0.007969132154236114,1.6304172765960574
^GSPC,2020-08-12,3380.35009765625,D2,Downtrend,Low,0.013996549490237653,1.9686262027374277
^GSPC,2020-08-13,3373.429931640625,D2,Downtrend,Low,-0.002047174350497949,1.8559536088442488
^GSPC,2020-08-14,3372.85009765625,D2,Downtrend,Low,-0.00017188262276812694,1.7877581508765197
^GSPC,2020-08-17,3381.989990234375,D2,Downtrend,Low,0.0027098425110787527,1.8159217624997814
^GSPC,2020-08-18,3389.780029296875,D2,Downtrend,Low,0.002303389154016955,1.832083048096186
^GSPC,2020-08-19,3374.85009765625,D2,Downtrend,Low,-0.0044043954214108005,1.6455298609642284
^GSPC,2020-08-20,3385.510009765625,D2,Downtrend,Low,0.0031586327691348615,1.6771731807970378
^GSPC,2020-08-21,3397.159912109375,D2,Downtrend,Low,0.0034411070444764214,1.7168223799865505
^GSPC,2020-08-24,3431.280029296875,D2,Downtrend,Low,0.010043718303008653,1.9341252605307644
^GSPC,2020-08-25,3443.6201171875,D2,Downtrend,Low,0.0035963511532906,1.9512797373988555
^GSPC,2020-08-26,3478.72998046875,D2,Downtrend,Low,0.010195626139483993,2.135209046073278
^GSPC,2020-08-27,3484.550048828125,D2,Downtrend,Low,0.0016730440109038458,2.0664441734491175
^GSPC,2020-08-28,3508.010009765625,D2,Downtrend,Low,0.00673256535528588,2.1325173568573756
^GSPC,2020-08-31,3500.31005859375,D2,Downtrend,Low,-0.0021949627140287475,1.9649089213707778
^GSPC,2020-09-01,3526.64990234375,D2,Downtrend,Low,0.007525003016613407,2.049673495822853
^GSPC,2020-09-02,3580.840087890625,D2,Downtrend,Low,0.015365910154807594,2.2917302215837143
^GSPC,2020-09-03,3455.06005859375,D2,Downtrend,Medium,-0.03512584371534122,1.3608436423926173
^GSPC,2020-09-04,3426.9599609375,D2,Downtrend,Medium,-0.008133027264274895,1.1365726418361266
^GSPC,2020-09-08,3331.840087890625,D2,Downtrend,Medium,-0.027756342102360998,0.44469971109343676
^GSPC,2020-09-09,3398.9599609375,D2,Downtrend,Medium,0.02014498633677464,0.8952711438383438
^GSPC,2020-09-10,3339.18994140625,D2,Downtrend,Medium,-0.01758479659017942,0.44089650118366613
^GSPC,2020-09-11,3340.969970703125,D2,Downtrend,Medium,0.0005330721905940639,0.4309738692371722
^GSPC,2020-09-14,3383.5400390625,D2,Downtrend,Medium,0.012741829089357504,0.7183447866592583
^GSPC,2020-09-15,3401.199951171875,D2,Downtrend,Medium,0.005219359577689042,0.8215689209466442
^GSPC,2020-09-16,3385.489990234375,D2,Downtrend,Medium,-0.004618946596211537,0.6771739688751581
^GSPC,2020-09-17,3357.010009765625,D2,Downtrend,Medium,-0.008412365876402483,0.43701637142894467
^GSPC,2020-09-18,3319.469970703125,D2,Downtrend,Medium,-0.011182581807410497,0.11695649564537863
^GSPC,2020-09-21,3281.06005859375,D2,Downtrend,Medium,-0.011571097930805796,-0.22101707432318296
^GSPC,2020-09-22,3315.570068359375,D2,Downtrend,Medium,0.010517945160813724,0.020639684721105434
^GSPC,2020-09-23,3236.919921875,D2,Downtrend,Medium,-0.023721455093028143,-0.714063017006793
^GSPC,2020-09-24,3246.590087890625,D2,Downtrend,Medium,0.0029874591429570607,-0.668599677534076
^GSPC,2020-09-25,3298.4599609375,D2,Downtrend,Medium,0.0159767237756141,-0.22256349225538494
^GSPC,2020-09-28,3351.60009765625,D2,Downtrend,Medium,0.016110590199083896,0.25793006420976256
^GSPC,2020-09-29,3335.469970703125,D2,Downtrend,Medium,-0.0048126645432444715,0.07479430601542358
^GSPC,2020-09-30,3363.0,D2,Downtrend,Medium,0.008253718228220741,0.3237652029802138
^GSPC,2020-10-01,3380.800048828125,D2,Downtrend,Medium,0.005292907769290922,0.48203517101978033
^GSPC,2020-10-02,3348.419921875,D2,Downtrend,Medium,-0.009577652178616392,0.10908029690397748
^GSPC,2020-10-05,3408.60009765625,D2,Downtrend,Medium,0.01797270867614209,0.7400778205409316
^GSPC,2020-10-06,3360.969970703125,D2,Downtrend,Medium,-0.013973515692226712,0.17811230582953988
^GSPC,2020-10-07,3419.43994140625,D2,Downtrend,Medium,0.01739675486921799,0.8285705184895026
^GSPC,2020-10-08,3446.830078125,D2,Downtrend,Medium,0.008010123642494982,1.1171156254806145
^GSPC,2020-10-09,3477.139892578125,D2,Downtrend,Medium,0.00879353312061526,1.433843106893294
^GSPC,2020-10-12,3534.219970703125,D2,Downtrend,Medium,0.01641581296364758,2.0255604559564038
^GSPC,2020-10-13,3511.929931640625,D2,Downtrend,Medium,-0.006306918994084421,1.693736604615685
^GSPC,2020-10-14,3488.669921875,D2,Downtrend,Medium,-0.006623141753502759,1.374148205994501
^GSPC,2020-10-15,3483.340087890625,D2,Downtrend,Medium,-0.0015277553060997207,1.2674538855258253
^GSPC,2020-10-16,3483.81005859375,D2,Downtrend,Medium,0.00013491955745537076,1.2364885472239502
^GSPC,2020-10-19,3426.919921875,D2,Downtrend,Medium,-0.016329861778318078,0.5447880579760951
^GSPC,2020-10-20,3443.1201171875,D2,Downtrend,Medium,0.004727334073110212,0.7146423643973716
^GSPC,2020-10-21,3435.56005859375,D2,Downtrend,Medium,-0.0021956999281005363,0.5971802815938
^GSPC,2020-10-22,3453.489990234375,D2,Downtrend,Medium,0.005218925396392127,0.7995889237796937
^GSPC,2020-10-23,3465.389892578125,D2,Downtrend,Medium,0.003445761353703114,0.9294201978874426
^GSPC,2020-10-26,3400.969970703125,D2,Downtrend,Medium,-0.018589516294535646,0.04254377031962054
^GSPC,2020-10-27,3390.679931640625,D2,Downtrend,Medium,-0.0030256189119989285,-0.12203011621922044
^GSPC,2020-10-28,3271.030029296875,D2,Downtrend,Medium,-0.035287878760604796,-1.7548671721554236
^GSPC,2020-10-29,3310.110107421875,D2,Downtrend,Medium,0.011947330894238384,-1.2089281129297802
^GSPC,2020-10-30,3269.9599609375,D2,Downtrend,Medium,-0.012129550130175693,-1.7022878136053208
^GSPC,2020-11-02,3310.239990234375,D2,Downtrend,Medium,0.01231820260127181,-1.1450869792095553
^GSPC,2020-11-03,3369.159912109375,D2,Downtrend,Medium,0.01779929009643455,-0.36577256028494026
^GSPC,2020-11-04,3443.43994140625,D2,Downtrend,Medium,0.02204704770168342,0.5978167963231689
^GSPC,2020-11-05,3510.449951171875,D2,Downtrend,Medium,0.01946019413896294,1.435715811806515
^GSPC,2020-11-06,3509.43994140625,D2,Downtrend,Medium,-0.00028771518741854685,1.3715835075594807
^GSPC,2020-11-09,3550.5,D2,Downtrend,Medium,0.01169988923568721,1.8113480873260213
^GSPC,2020-11-10,3545.530029296875,D2,Downtrend,Medium,-0.0013997945931910616,1.6742791206210654
^GSPC,2020-11-11,3572.659912109375,D2,Downtrend,Medium,0.007651855318760337,1.9070399886537734
^GSPC,2020-11-12,3537.010009765625,D2,Downtrend,Medium,-0.009978532303877019,1.4291619219305152
^GSPC,2020-11-13,3585.14990234375,D2,Downtrend,Medium,0.013610335409063534,1.892236656731223
^GSPC,2020-11-16,3626.909912109375,D2,Downtrend,Medium,0.011648051240012336,2.2211355930647967
^GSPC,2020-11-17,3609.530029296875,D2,Downtrend,Medium,-0.004791925698091615,1.9355065622620244
^GSPC,2020-11-18,3567.7900390625,D2,Downtrend,Medium,-0.011563829610944043,1.4505979993953138
^GSPC,2020-11-19,3581.8701171875,D2,Downtrend,Medium,0.003946442467421596,1.5484931835619264
^GSPC,2020-11-20,3557.5400390625,D2,Downtrend,Medium,-0.006792562915180156,1.2761435290265641
^GSPC,2020-11-23,3577.590087890625,D2,Downtrend,Medium,0.005635930617216234,1.4455179478012714
^GSPC,2020-11-24,3635.409912109375,D2,Downtrend,Medium,0.016161668273416252,1.9348629236926116
^GSPC,2020-11-25,3629.64990234375,D2,Downtrend,Medium,-0.001584418237524976,1.8219470933812998
^GSPC,2020-11-27,3638.35009765625,D2,Downtrend,Medium,0.002396979198154181,1.8667751983830936
^GSPC,2020-11-30,3621.6298828125,D2,Downtrend,Medium,-0.004595548640170977,1.6477396511606615
^GSPC,2020-12-01,3662.449951171875,D2,Downtrend,Medium,0.011271187194776155,1.9160643012079737
^GSPC,2020-12-02,3669.010009765625,D2,Downtrend,Low,0.0017911667548251575,1.8797791521597704
^GSPC,2020-12-03,3666.719970703125,D2,Downtrend,Low,-0.000624157213091503,1.7748496695205027
^GSPC,2020-12-04,3699.1201171875,D2,Downtrend,Low,0.008836275129611826,1.9423717087909063
^GSPC,2020-12-07,3691.9599609375,D2,Downtrend,Low,-0.0019356376714373402,1.7993650150867153
^GSPC,2020-12-08,3702.25,D2,Downtrend,Low,0.002787148065356293,1.793317791518236
^GSPC,2020-12-09,3672.820068359375,D2,Downtrend,Low,-0.007949201604598555,1.5050077686417689
^GSPC,2020-12-10,3668.10009765625,D2,Downtrend,Low,-0.0012851080682624305,1.4141625529435056
^GSPC,2020-12-11,3663.4599609375,D2,Downtrend,Low,-0.0012649972997506032,1.3302509890217564
^GSPC,2020-12-14,3647.489990234375,D2,Downtrend,Low,-0.004359258971957769,1.1725553424352257
^GSPC,2020-12-15,3694.6201171875,D2,Downtrend,Low,0.012921249154708825,1.4738158314003411
^GSPC,2020-12-16,3701.169921875,D2,Downtrend,Low,0.0017727951669590514,1.4700298891014103
^GSPC,2020-12-17,3722.47998046875,D2,Downtrend,Low,0.005757654753379748,1.5874441403271577
^GSPC,2020-12-18,3709.409912109375,D2,Downtrend,Low,-0.0035111185091528663,1.455309563554697
^GSPC,2020-12-21,3694.919921875,D2,Downtrend,Low,-0.0039062790518439305,1.3073632680268585
^GSPC,2020-12-22,3687.260009765625,D2,Downtrend,Low,-0.002073092860288006,1.2087777712193624
^GSPC,2020-12-23,3690.010009765625,D2,Downtrend,Low,0.000745811250824957,1.1933681550303146
^GSPC,2020-12-24,3703.06005859375,D2,Downtrend,Low,0.0035365890047962534,1.2536196003720024
^GSPC,2020-12-28,3735.360107421875,D2,Downtrend,Low,0.008722529021144565,1.4526114722170864
^GSPC,2020-12-29,3727.0400390625,D2,Downtrend,Low,-0.00222738052560012,1.3461691544201846
^GSPC,2020-12-30,3732.0400390625,D2,Downtrend,Low,0.0013415471654707467,1.3372813618999089
^GSPC,2020-12-31,3756.070068359375,D2,Downtrend,Low,0.006438845522919845,1.475597559246437
^GSPC,2021-01-04,3700.64990234375,D2,Downtrend,Low,-0.014754827521051062,1.0103258766305518
^GSPC,2021-01-05,3726.860107421875,D2,Downtrend,Low,0.007082595157549276,1.1739155132088674
^GSPC,2021-01-06,3748.139892578125,D2,Downtrend,Low,0.005709842747752214,1.29189531447494
^GSPC,2021-01-07,3803.7900390625,D2,Downtrend,Low,0.014847403800101189,1.6476782633976639
^GSPC,2021-01-08,3824.679931640625,D2,Downtrend,Low,0.005491862685268911,1.7243056444938683
^GSPC,2021-01-11,3799.610107421875,D2,Downtrend,Low,-0.006554750898592476,1.4804273771553231
^GSPC,2021-01-12,3801.18994140625,D2,Downtrend,Low,0.0004157884466327033,1.4356001573313089
^GSPC,2021-01-13,3809.840087890625,D2,Downtrend,Low,0.0022756417379066196,1.4409625740173693
^GSPC,2021-01-14,3795.5400390625,D2,Downtrend,Low,-0.0037534511943366766,1.2955785560305044
^GSPC,2021-01-15,3768.25,D2,Downtrend,Low,-0.007190027975370938,1.0672263399073936
^GSPC,2021-01-19,3798.909912109375,D2,Downtrend,Low,0.008136379515524483,1.2427358340901975
^GSPC,2021-01-20,3851.85009765625,D1,Downtrend,Low,0.013935625421946263,1.5573963168920404
^GSPC,2021-01-21,3853.070068359375,D1,Downtrend,Low,0.0003167233075522802,1.508007136241853
^GSPC,2021-01-22,3841.469970703125,D1,Downtrend,Low,-0.0030106116552376383,1.3856486435699944
^GSPC,2021-01-25,3855.360107421875,D1,Downtrend,Low,0.0036158389430824833,1.4427796649894342
^GSPC,2021-01-26,3849.6201171875,D1,Downtrend,Low,-0.0014888337468982327,1.401896028875132
^GSPC,2021-01-27,3750.77001953125,D2,Downtrend,Low,-0.025677883699462,0.6480695439051284
^GSPC,2021-01-28,3787.3798828125,D2,Downtrend,Low,0.009760625975629766,0.9474272760317488
^GSPC,2021-01-29,3714.239990234375,D2,Downtrend,Medium,-0.019311475173124593,0.28493423896301595
^GSPC,2021-02-01,3773.860107421875,D2,Downtrend,Medium,0.016051767614439383,0.8479825771245366
^GSPC,2021-02-02,3826.31005859375,D2,Downtrend,Medium,0.013898223484416938,1.3750171417612294
^GSPC,2021-02-03,3830.169921875,D2,Downtrend,Medium,0.0010087690809532646,1.3848239169221135
^GSPC,2021-02-04,3871.739990234375,D1,Downtrend,Medium,0.010853322230420792,1.7900278088446393
^GSPC,2021-02-05,3886.830078125,D1,Downtrend,Medium,0.003897495164625342,1.8847628431760866
^GSPC,2021-02-08,3915.590087890625,D1,Downtrend,Medium,0.007399348360373592,2.110649053683794
^GSPC,2021-02-09,3911.22998046875,D1,Downtrend,Medium,-0.0011135249921484514,1.9777879050083842
^GSPC,2021-02-10,3909.8798828125,D1,Downtrend,Medium,-0.00034518493235935477,1.9048420370113985
^GSPC,2021-02-11,3916.3798828125,D1,Downtrend,Medium,0.0016624551635393559,1.89615800529243
^GSPC,2021-02-12,3934.830078125,D1,Downtrend,Medium,0.0047110331133788375,1.9906406851343945
^GSPC,2021-02-16,3932.590087890625,D1,Downtrend,Medium,-0.0005692724183511411,1.8835188365972284
^GSPC,2021-02-17,3931.330078125,D1,Downtrend,Medium,-0.0003204020092266724,1.8107696165849188
^GSPC,2021-02-18,3913.969970703125,D1,Downtrend,Low,-0.004415835627354592,1.5851335638024162
^GSPC,2021-02-19,3906.7099609375,D1,Downtrend,Low,-0.0018548966445751658,1.4792718200513721
^GSPC,2021-02-22,3876.5,D1,Downtrend,Low,-0.0077328394581538396,1.1364659110178403
^GSPC,2021-02-23,3881.3701171875,D1,Downtrend,Low,0.0012563181187927874,1.1527219355097935
^GSPC,2021-02-24,3925.429931640625,D1,Downtrend,Medium,0.01135161376597904,1.5756365687790965
^GSPC,2021-02-25,3829.340087890625,D2,Downtrend,Medium,-0.02447880752512621,0.5114740687196894
^GSPC,2021-02-26,3811.14990234375,D2,Downtrend,Low,-0.004750214169902844,0.28400379495616385
^GSPC,2021-03-01,3901.820068359375,D1,Downtrend,Medium,0.023790763506800205,1.2688583291093554
^GSPC,2021-03-02,3870.2900390625,D1,Downtrend,Low,-0.008080851690870694,0.8814501757704918
^GSPC,2021-03-03,3819.719970703125,D2,Downtrend,Low,-0.01306622187199813,0.277414396063627
^GSPC,2021-03-04,3768.469970703125,D2,Downtrend,Medium,-0.013417213930100202,-0.3375677058335317
^GSPC,2021-03-05,3841.93994140625,D1,Downtrend,Medium,0.01949596819778221,0.5047300785688689
^GSPC,2021-03-08,3821.35009765625,D2,Downtrend,Medium,-0.005359231030161227,0.23826031297230263
^GSPC,2021-03-09,3875.43994140625,D1,Downtrend,Medium,0.01415464230382213,0.8623432183586466
^GSPC,2021-03-10,3898.81005859375,D1,Downtrend,Medium,0.006030313342701321,1.1166839884736603
^GSPC,2021-03-11,3939.340087890625,D1,Downtrend,Medium,0.010395487004435822,1.5735566585870249
^GSPC,2021-03-12,3943.340087890625,D1,Downtrend,Medium,0.0010153984958789497,1.5875622717814313
^GSPC,2021-03-15,3968.93994140625,D1,Downtrend,Medium,0.006491921301497117,1.83930346420663
^GSPC,2021-03-16,3962.7099609375,D1,Downtrend,Medium,-0.0015696837343783798,1.697771941523773
^GSPC,2021-03-17,3974.1201171875,D1,Downtrend,Medium,0.00287938213053085,1.7659622221948474
^GSPC,2021-03-18,3915.4599609375,D1,Downtrend,Medium,-0.014760539319459198,1.0085436990905043
^GSPC,2021-03-19,3913.10009765625,D1,Downtrend,Medium,-0.0006027039747036333,0.9516917575972832
^GSPC,2021-03-22,3940.590087890625,D1,Downtrend,Medium,0.007025118077311765,1.2726792778976685
^GSPC,2021-03-23,3910.52001953125,D1,Downtrend,Medium,-0.007630854183940605,0.8581025069074615
^GSPC,2021-03-24,3889.139892578125,D1,Downtrend,Medium,-0.00546733601831495,0.5465833133963447
^GSPC,2021-03-25,3909.52001953125,D1,Downtrend,Medium,0.005240265846959469,0.8007372201665196
^GSPC,2021-03-26,3974.5400390625,D1,Downtrend,Medium,0.016631202604519668,1.6600331331179305
^GSPC,2021-03-29,3971.090087890625,D1,Downtrend,Low,-0.0008680126852336212,1.564224134439245
^GSPC,2021-03-30,3958.550048828125,D1,Downtrend,Low,-0.0031578329337678124,1.3435807098360648
^GSPC,2021-03-31,3972.889892578125,D1,Downtrend,Low,0.0036224990395776757,1.5250820586206906
^GSPC,2021-04-01,4019.8701171875,D1,Downtrend,Low,0.011825201774944727,2.134279102393057
^GSPC,2021-04-05,4077.909912109375,D1,Downtrend,Low,0.014438226417743616,2.7803876444915647
^GSPC,2021-04-06,4073.93994140625,D1,Downtrend,Low,-0.0009735307519511682,2.5344749175419885
^GSPC,2021-04-07,4079.949951171875,D1,Downtrend,Low,0.001475232784985625,2.436259729681951
^GSPC,2021-04-08,4097.169921875,D1,Downtrend,Low,0.0042206328286402695,2.4773036416343843
^GSPC,2021-04-09,4128.7998046875,D1,Downtrend,Low,0.007719934348738189,2.64793656863681
^GSPC,2021-04-12,4127.990234375,D1,Downtrend,Low,-0.00019607884876882142,2.461319043666582
^GSPC,2021-04-13,4141.58984375,D1,Downtrend,Low,0.0032944868090414303,2.442166567102385
^GSPC,2021-04-14,4124.66015625,D1,Downtrend,Low,-0.004087726727828533,2.153136750531917
^GSPC,2021-04-15,4170.419921875,D1,Downtrend,Low,0.01109419052516647,2.453383743101159
^GSPC,2021-04-16,4185.47021484375,D1,Downtrend,Low,0.0036088195555097347,2.4241480788790057
^GSPC,2021-04-19,4163.259765625,D1,Downtrend,Low,-0.005306560094486046,2.0927757942245617
^GSPC,2021-04-20,4134.93994140625,D1,Downtrend,Low,-0.006802319771775922,1.7542799406387528
^GSPC,2021-04-21,4173.419921875,D1,Downtrend,Low,0.009306055472153574,1.9861683784737054
^GSPC,2021-04-22,4134.97998046875,D1,Downtrend,Low,-0.009210657476561801,1.5883709061696876
^GSPC,2021-04-23,4180.169921875,D1,Downtrend,Low,0.010928696540176919,1.8948663178074272
^GSPC,2021-04-26,4187.6201171875,D1,Downtrend,Low,0.001782270924804541,1.874695438794879
^GSPC,2021-04-27,4186.72021484375,D1,Downtrend,Low,-0.00021489588801437698,1.8163314413914213
^GSPC,2021-04-28,4183.18017578125,D1,Downtrend,Low,-0.0008455399168898481,1.7246511494928558
^GSPC,2021-04-29,4211.47021484375,D1,Downtrend,Low,0.006762806734045723,1.8725880899793843
^GSPC,2021-04-30,4181.169921875,D1,Downtrend,Low,-0.007194706699326425,1.5649021638403937
^GSPC,2021-05-03,4192.66015625,D1,Downtrend,Low,0.002748090747253684,1.591063198344607
^GSPC,2021-05-04,4164.66015625,D1,Downtrend,Low,-0.006678337608227225,1.3190493187824988
^GSPC,2021-05-05,4167.58984375,D1,Downtrend,Low,0.0007034637617677753,1.2946655854414875
^GSPC,2021-05-06,4201.6201171875,D1,Downtrend,Low,0.008165456466051824,1.4994058611502334
^GSPC,2021-05-07,4232.60009765625,D1,Downtrend,Low,0.007373341616968343,1.6633772886474532
^GSPC,2021-05-10,4188.43017578125,D1,Downtrend,Low,-0.010435647322188157,1.2832465649337255
^GSPC,2021-05-11,4152.10009765625,D1,Downtrend,Low,-0.00867391280271812,0.9798260524980723
^GSPC,2021-05-12,4063.0400390625,D1,Downtrend,Low,-0.021449400664502738,0.3027495215022523
^GSPC,2021-05-13,4112.5,D1,Downtrend,Low,0.012173141406923493,0.6490584983494542
^GSPC,2021-05-14,4173.85009765625,D1,Downtrend,Low,0.014917956876899785,1.0698599992091615
^GSPC,2021-05-17,4163.2900390625,D1,Downtrend,Low,-0.0025300521932207776,0.9589847100258442
^GSPC,2021-05-18,4127.830078125,D1,Downtrend,Low,-0.008517292959364653,0.6701620103245354
^GSPC,2021-05-19,4115.68017578125,D1,Downtrend,Low,-0.002943411456817757,0.5552402120563341
^GSPC,2021-05-20,4159.1201171875,D1,Downtrend,Low,0.010554741756143349,0.8541448140038725
^GSPC,2021-05-21,4155.85986328125,D1,Downtrend,Low,-0.0007838806801412357,0.80277761983456
^GSPC,2021-05-24,4197.0498046875,D1,Downtrend,Low,0.009911292190138532,1.091658812283796
^GSPC,2021-05-25,4188.1298828125,D1,Downtrend,Low,-0.0021252837802967495,0.9887743318349257
^GSPC,2021-05-26,4195.990234375,D1,Downtrend,Low,0.0018768165702687245,1.0192780813859412
^GSPC,2021-05-27,4200.8798828125,D1,Downtrend,Low,0.0011653145418315525,1.0338221196826638
^GSPC,2021-05-28,4204.10986328125,D1,Downtrend,Low,0.0007688818911402162,1.0495639907261278
^GSPC,2021-06-01,4202.0400390625,D1,Downtrend,Low,-0.0004923335226864056,1.0091720173439778
^GSPC,2021-06-02,4208.1201171875,D1,Downtrend,Low,0.0014469348384307246,1.047547498931346
^GSPC,2021-06-03,4192.85009765625,D1,Downtrend,Low,-0.0036287033416374515,0.8841009086238224
^GSPC,2021-06-04,4229.89013671875,D1,Downtrend,Low,0.008834095710505974,1.2056793490951814
^GSPC,2021-06-07,4226.52001953125,D1,Downtrend,Low,-0.0007967387044511831,1.139653273305339
^GSPC,2021-06-08,4227.259765625,D1,Downtrend,Low,0.00017502486450582388,1.1144784259691751
^GSPC,2021-06-09,4219.5498046875,D1,Downtrend,Low,-0.0018238673194856947,1.006370823899419
^GSPC,2021-06-10,4239.18017578125,D1,Downtrend,Low,0.004652243012262192,1.1671861210966252
^GSPC,2021-06-11,4247.43994140625,D1,Downtrend,Low,0.0019484346695590737,1.2129396254399059
^GSPC,2021-06-14,4255.14990234375,D1,Downtrend,Low,0.0018152018730952513,1.2682435442604507
^GSPC,2021-06-15,4246.58984375,D1,Downtrend,Low,-0.0020116937805257917,1.162067341016761
^GSPC,2021-06-16,4223.7001953125,D1,Downtrend,Low,-0.005390124612855707,0.8939261801990639
^GSPC,2021-06-17,4221.85986328125,D1,Downtrend,Low,-0.00043571559205179966,0.8622137651244905
^GSPC,2021-06-18,4166.4501953125,D1,Downtrend,Low,-0.013124468779900589,0.16630209123551856
^GSPC,2021-06-21,4224.7900390625,D1,Downtrend,Low,0.014002289962720793,0.9293656441963225
^GSPC,2021-06-22,4246.43994140625,D1,Downtrend,Low,0.005124491902218642,1.228874774732308
^GSPC,2021-06-23,4241.83984375,D1,Downtrend,Low,-0.0010832833431588806,1.1655014293771464
^GSPC,2021-06-24,4266.490234375,D1,Downtrend,Low,0.005811249724885448,1.597927219469696
^GSPC,2021-06-25,4280.7001953125,D1,Downtrend,Low,0.0033305973193167304,1.900135306477151
^GSPC,2021-06-28,4290.60986328125,D1,Downtrend,Low,0.0023149642620619026,2.084445452744345
^GSPC,2021-06-29,4291.7998046875,D1,Downtrend,Low,0.00027733619326086867,2.037440367691308
^GSPC,2021-06-30,4297.5,D1,Downtrend,Low,0.0013281596467464851,2.082492057375144
^GSPC,2021-07-01,4319.93994140625,D1,Downtrend,Low,0.0052216268542757405,2.4103087913644456
^GSPC,2021-07-02,4352.33984375,D1,Downtrend,Low,0.007500081663913916,2.8233768652402893
^GSPC,2021-07-06,4343.5400390625,D1,Downtrend,Low,-0.0020218560598241897,2.4889937683451935
^GSPC,2021-07-07,4358.1298828125,D1,Downtrend,Low,0.003358975310182588,2.55940252758719
^GSPC,2021-07-08,4320.81982421875,D1,Downtrend,Low,-0.008561024934316985,1.8455092452992734
^GSPC,2021-07-09,4369.5498046875,D1,Downtrend,Low,0.011277947808795874,2.4802482536085932
^GSPC,2021-07-12,4384.6298828125,D1,Downtrend,Low,0.0034511743312370946,2.5218097072313137
^GSPC,2021-07-13,4369.2099609375,D1,Downtrend,Low,-0.0035168126585656267,2.1570501672399107
^GSPC,2021-07-14,4374.2998046875,D1,Downtrend,Low,0.0011649345752446916,2.106510947258007
^GSPC,2021-07-15,4360.02978515625,D1,Downtrend,Low,-0.0032622408541723713,1.825453578103114
^GSPC,2021-07-16,4327.16015625,D1,Downtrend,Low,-0.007538854211077806,1.3263455584360588
^GSPC,2021-07-19,4258.490234375,D1,Downtrend,Low,-0.015869512427409305,0.37406814635640356
^GSPC,2021-07-20,4323.06005859375,D1,Downtrend,Low,0.015162609437855634,1.2160136535271626
^GSPC,2021-07-21,4358.68994140625,D1,Downtrend,Low,0.008241819990835397,1.628560454504461
^GSPC,2021-07-22,4367.47998046875,D1,Downtrend,Low,0.0020166699583279435,1.6703334896319226
^GSPC,2021-07-23,4411.7900390625,D1,Downtrend,Low,0.010145452020822843,2.1215730964040866
^GSPC,2021-07-26,4422.2998046875,D1,Downtrend,Low,0.0023821998626283314,2.1248557872699396
^GSPC,2021-07-27,4401.4599609375,D1,Downtrend,Low,-0.0047124448070912095,1.7868543382849709
^GSPC,2021-07-28,4400.64013671875,D1,Downtrend,Low,-0.0001862618826539153,1.6992447977126617
^GSPC,2021-07-29,4419.14990234375,D1,Downtrend,Low,0.004206152980007483,1.8269548823826351
^GSPC,2021-07-30,4395.259765625,D1,Downtrend,Low,-0.0054060480514769305,1.4969807883100767
^GSPC,2021-08-02,4387.16015625,D1,Downtrend,Low,-0.001842805614891363,1.354807458477972
^GSPC,2021-08-03,4423.14990234375,D1,Downtrend,Low,0.0082034265474622,1.678466965299567
^GSPC,2021-08-04,4402.66015625,D1,Downtrend,Low,-0.004632387901412294,1.4026267669505008
^GSPC,2021-08-05,4429.10009765625,D1,Downtrend,Low,0.006005446813494242,1.6221390322487188
^GSPC,2021-08-06,4436.52001953125,D1,Downtrend,Low,0.001675266241764728,1.6707102761743284
^GSPC,2021-08-09,4432.35009765625,D1,Downtrend,Low,-0.0009399082741974318,1.5806159351532645
^GSPC,2021-08-10,4436.75,D1,Downtrend,Low,0.0009926793341701323,1.5681796936205454
^GSPC,2021-08-11,4442.41015625,D1,Downtrend,Low,0.0012757437876824707,1.5719662139639095
^GSPC,2021-08-12,4460.830078125,D1,Downtrend,Low,0.004146380281677686,1.7172575359764177
^GSPC,2021-08-13,4468.0,D1,Downtrend,Low,0.001607306655808216,1.748175793100029
^GSPC,2021-08-16,4479.7099609375,U1,Uptrend,Low,0.002620850702215849,1.8081259889364627
^GSPC,2021-08-17,4448.080078125,D1,Downtrend,Low,-0.00706069881494753,1.4223857262026822
^GSPC,2021-08-18,4400.27001953125,D1,Downtrend,Low,-0.010748470745585936,0.8677013147484594
^GSPC,2021-08-19,4405.7998046875,D1,Downtrend,Low,0.0012566922329095842,0.8998216075731807
^GSPC,2021-08-20,4441.669921875,D1,Downtrend,Low,0.008141567655737925,1.2624023659239285
^GSPC,2021-08-23,4479.52978515625,U1,Uptrend,Low,0.00852379036424833,1.6290612653831615
^GSPC,2021-08-24,4486.22998046875,U1,Uptrend,Low,0.0014957363013194946,1.6431574009193677
^GSPC,2021-08-25,4496.18994140625,U1,Uptrend,Low,0.002220118224179668,1.6916785551785223
^GSPC,2021-08-26,4470.0,U1,Uptrend,Low,-0.005824918819612557,1.357379900076334
^GSPC,2021-08-27,4509.3701171875,U1,Uptrend,Low,0.008807632480425154,1.7376691682938596
^GSPC,2021-08-30,4528.7900390625,U1,Uptrend,Low,0.004306570844779589,1.8715460709183451
^GSPC,2021-08-31,4522.68017578125,U1,Uptrend,Low,-0.0013491160395050494,1.7358770136131114
^GSPC,2021-09-01,4524.08984375,U1,Uptrend,Low,0.0003116886257619189,1.6875609013593411
^GSPC,2021-09-02,4536.9501953125,U1,Uptrend,Low,0.002842638410522902,1.761751098162519
^GSPC,2021-09-03,4535.43017578125,U1,Uptrend,Low,-0.0003350311257153127,1.6811837666223926
^GSPC,2021-09-07,4520.02978515625,U1,Uptrend,Low,-0.003395574405981705,1.4650956684334933
^GSPC,2021-09-08,4514.06982421875,U1,Uptrend,Low,-0.001318566739775151,1.3555768713687342
^GSPC,2021-09-09,4493.27978515625,U1,Uptrend,Low,-0.004605608657393345,1.0991641484145704
^GSPC,2021-09-10,4458.580078125,D1,Downtrend,Low,-0.007722578759925436,0.6986910549467741
^GSPC,2021-09-13,4468.72998046875,D1,Downtrend,Low,0.0022764876184568905,0.7871717073527066
^GSPC,2021-09-14,4443.0498046875,D1,Downtrend,Low,-0.00574663850657553,0.4704727839074127
^GSPC,2021-09-15,4480.7001953125,U1,Uptrend,Low,0.008473996979569742,0.9078707346285672
^GSPC,2021-09-16,4473.75,U1,Uptrend,Low,-0.0015511404489350067,0.7976025973269075
^GSPC,2021-09-17,4432.990234375,D1,Downtrend,Low,-0.009110872450405094,0.2365842528620481
^GSPC,2021-09-20,4357.72998046875,D1,Downtrend,Low,-0.01697731100841482,-0.8310172124837404
^GSPC,2021-09-21,4354.18994140625,D1,Downtrend,Low,-0.0008123585165593639,-0.9205417852416142
^GSPC,2021-09-22,4395.64013671875,D1,Downtrend,Low,0.009519611195260236,-0.3608202821126572
^GSPC,2021-09-23,4448.97998046875,D1,Downtrend,Low,0.012134715784494876,0.400597235589354
^GSPC,2021-09-24,4455.47998046875,D1,Downtrend,Low,0.001461009046688222,0.47369811282963614
^GSPC,2021-09-27,4443.10986328125,D1,Downtrend,Low,-0.0027763826213396126,0.2531163786573538
^GSPC,2021-09-28,4352.6298828125,D1,Downtrend,Low,-0.020364110556098214,-1.2018881315096703
^GSPC,2021-09-29,4359.4599609375,D1,Downtrend,Low,0.0015691842194003325,-1.1021851306445305
^GSPC,2021-09-30,4307.5400390625,D1,Downtrend,Low,-0.011909714125195148,-1.8883819538894278
^GSPC,2021-10-01,4357.0400390625,D1,Downtrend,Low,0.01149147763018199,-1.1295499685496013
^GSPC,2021-10-04,4300.4599609375,D1,Downtrend,Low,-0.012985898136748442,-1.9656762393274942
^GSPC,2021-10-05,4345.72021484375,D1,Downtrend,Low,0.010524514660609219,-1.2362226346147607
^GSPC,2021-10-06,4363.5498046875,D1,Downtrend,Low,0.004102792854185466,-0.9575244664728235
^GSPC,2021-10-07,4399.759765625,D1,Downtrend,Low,0.008298280656405366,-0.4060671324400494
^GSPC,2021-10-08,4391.33984375,D1,Downtrend,Low,-0.0019137230947889883,-0.5483700396954871
^GSPC,2021-10-11,4361.18994140625,D1,Downtrend,Low,-0.006865763848056816,-1.0402787516523346
^GSPC,2021-10-12,4350.64990234375,D1,Downtrend,Low,-0.0024167805585421087,-1.2949327742845715
^GSPC,2021-10-13,4363.7998046875,D1,Downtrend,Low,0.00302251448379387,-1.105817805322323
^GSPC,2021-10-14,4438.259765625,D1,Downtrend,Medium,0.01706310194558336,0.131757128598769
^GSPC,2021-10-15,4471.3701171875,U1,Uptrend,Medium,0.007460210377712606,0.6727745038650893
^GSPC,2021-10-18,4486.4599609375,U1,Uptrend,Low,0.00337476955709759,0.9056350952071665
^GSPC,2021-10-19,4519.6298828125,U1,Uptrend,Low,0.007393339551406308,1.4205563332142663
^GSPC,2021-10-20,4536.18994140625,U1,Uptrend,Low,0.0036640298040166996,1.6274267064264876
^GSPC,2021-10-21,4549.77978515625,U1,Uptrend,Low,0.002995871849622578,1.7665852687991233
^GSPC,2021-10-22,4544.89990234375,U1,Uptrend,Low,-0.0010725536274130976,1.618227843499175
^GSPC,2021-10-25,4566.47998046875,U1,Uptrend,Low,0.004748196569493546,1.863254319735056
^GSPC,2021-10-26,4574.7900390625,U1,Uptrend,Low,0.0018197952535197182,1.8943874743652935
^GSPC,2021-10-27,4551.68017578125,U1,Uptrend,Low,-0.005051568068462853,1.489664978156005
^GSPC,2021-10-28,4596.419921875,U1,Uptrend,Low,0.009829281576461124,2.0309718441885356
^GSPC,2021-10-29,4605.3798828125,U1,Uptrend,Low,0.001949334719149265,2.0411251238135915
^GSPC,2021-11-01,4613.669921875,U1,Uptrend,Low,0.0018000771431341267,2.038364819993344
^GSPC,2021-11-02,4630.64990234375,U1,Uptrend,Low,0.0036803630854131963,2.132433311101387
^GSPC,2021-11-03,4660.56982421875,U1,Uptrend,Low,0.006461279195357994,2.346881705415295
^GSPC,2021-11-04,4680.06005859375,U1,Uptrend,Low,0.004181942361150437,2.4063653344445646
^GSPC,2021-11-05,4697.52978515625,U1,Uptrend,Low,0.003732799652949259,2.42807507770158
^GSPC,2021-11-08,4701.7001953125,U1,Uptrend,Low,0.0008877879113036169,2.3160480710941664
^GSPC,2021-11-09,4685.25,U1,Uptrend,Low,-0.003498775895770745,2.0336127115474167
^GSPC,2021-11-10,4646.7099609375,U1,Uptrend,Low,-0.008225823395229703,1.582199236987903
^GSPC,2021-11-11,4649.27001953125,U1,Uptrend,Low,0.0005509400447352153,1.5432698925758843
^GSPC,2021-11-12,4682.85009765625,U1,Uptrend,Low,0.007222656026415475,1.7813974526946323
^GSPC,2021-11-15,4682.7998046875,U1,Uptrend,Low,-1.0739820344718431e-05,1.7025048425314264
^GSPC,2021-11-16,4700.89990234375,U1,Uptrend,Low,0.003865229864862485,1.7843314729206037
^GSPC,2021-11-17,4688.669921875,U1,Uptrend,Low,-0.002601625374463401,1.6080343920936258
^GSPC,2021-11-18,4704.5400390625,U1,Uptrend,Low,0.0033847802152713324,1.6744597026885981
^GSPC,2021-11-19,4697.9599609375,U1,Uptrend,Low,-0.001398665559303236,1.5540310255918892
^GSPC,2021-11-22,4682.93994140625,U1,Uptrend,Low,-0.0031971365563219223,1.3811258928863268
^GSPC,2021-11-23,4690.7001953125,U1,Uptrend,Low,0.001657132912945114,1.3986739361607752
^GSPC,2021-11-24,4701.4599609375,U1,Uptrend,Low,0.0022938506357221833,1.4353436977752916
^GSPC,2021-11-26,4594.6201171875,U1,Uptrend,Low,-0.022724822637582465,0.5769663382016369
^GSPC,2021-11-29,4655.27001953125,U1,Uptrend,Low,0.013200199537034996,1.0315721018396902
^GSPC,2021-11-30,4567.0,U1,Uptrend,Low,-0.01896131033450521,0.3353893214068031
^GSPC,2021-12-01,4513.0400390625,U1,Uptrend,Low,-0.011815187417889228,-0.08619056464907074
^GSPC,2021-12-02,4577.10009765625,U1,Uptrend,Low,0.01419443613158311,0.4065767120813009
^GSPC,2021-12-03,4538.43017578125,U1,Uptrend,Low,-0.008448563730297565,0.09839128570189216
^GSPC,2021-12-06,4591.669921875,U1,Uptrend,Low,0.011730872577451423,0.49761634675395744
^GSPC,2021-12-07,4686.75,U1,Uptrend,Medium,0.020707080374404274,1.200183600584572
^GSPC,2021-12-08,4701.2099609375,U1,Uptrend,Medium,0.0030852853123166657,1.2661660650464375
^GSPC,2021-12-09,4667.4501953125,U1,Uptrend,Medium,-0.007181080169894716,0.9769571631974436
^GSPC,2021-12-10,4712.02001953125,U1,Uptrend,Medium,0.009549073338481762,1.2707172153720483
^GSPC,2021-12-13,4668.97021484375,U1,Uptrend,Medium,-0.009136167611567658,0.9160785162218953
^GSPC,2021-12-14,4634.08984375,U1,Uptrend,Medium,-0.0074706775774360246,0.6283897721763821
^GSPC,2021-12-15,4709.85009765625,U1,Uptrend,Medium,0.016348464630746795,1.1698256714428485
^GSPC,2021-12-16,4668.669921875,U1,Uptrend,Medium,-0.008743415379980468,0.824807676507688
^GSPC,2021-12-17,4620.64013671875,U1,Uptrend,Medium,-0.010287680637092622,0.4330820282710544
^GSPC,2021-12-20,4568.02001953125,U1,Uptrend,Medium,-0.01138805785140995,0.00920894713040272
^GSPC,2021-12-21,4649.22998046875,U1,Uptrend,Medium,0.017777934551572505,0.6210315553011976
^GSPC,2021-12-22,4696.56005859375,U1,Uptrend,Medium,0.010180197220578835,0.9652966045781962
^GSPC,2021-12-23,4725.7900390625,U1,Uptrend,Medium,0.006223699921661829,1.1675282326929195
^GSPC,2021-12-27,4791.18994140625,U1,Uptrend,Medium,0.01383893524747526,1.6670101660407144
^GSPC,2021-12-28,4786.35009765625,U1,Uptrend,Medium,-0.0010101548486260992,1.5851316736937722
^GSPC,2021-12-29,4793.06005859375,U1,Uptrend,Medium,0.0014018951394270118,1.6256088707100818
^GSPC,2021-12-30,4778.72998046875,U1,Uptrend,Medium,-0.0029897555945093135,1.4775678290286582
^GSPC,2021-12-31,4766.18017578125,U1,Uptrend,Medium,-0.0026261799136575448,1.3438834834692577
^GSPC,2022-01-03,4796.56005859375,U1,Uptrend,Medium,0.006374052530970564,1.583743731391093
^GSPC,2022-01-04,4793.5400390625,U1,Uptrend,Medium,-0.000629621957060511,1.5270194214084605
^GSPC,2022-01-05,4700.580078125,U1,Uptrend,Medium,-0.019392757790687165,0.6252122871805278
^GSPC,2022-01-06,4696.0498046875,U1,Uptrend,Medium,-0.0009637690162076495,0.562518649686022
^GSPC,2022-01-07,4677.02978515625,U1,Uptrend,Medium,-0.004050216740091761,0.32642245870612335
^GSPC,2022-01-10,4670.2900390625,U1,Uptrend,Low,-0.0014410312534549607,0.21268895188721443
^GSPC,2022-01-11,4713.06982421875,U1,Uptrend,Low,0.009159984668711818,0.7274783920859512
^GSPC,2022-01-12,4726.35009765625,U1,Uptrend,Low,0.002817754443029452,0.881490429484542
^GSPC,2022-01-13,4659.02978515625,U1,Uptrend,Low,-0.0142436152864307,-0.06453244381975172
^GSPC,2022-01-14,4662.85009765625,U1,Uptrend,Low,0.0008199802697488323,-0.04175429423483524
^GSPC,2022-01-18,4577.10986328125,U1,Uptrend,Low,-0.018387945694007368,-1.2964028066155484
^GSPC,2022-01-19,4532.759765625,U1,Uptrend,Low,-0.009689541868338813,-1.928133382593173
^GSPC,2022-01-20,4482.72998046875,U1,Uptrend,Low,-0.01103737849414832,-2.5282946678038862
^GSPC,2022-01-21,4397.93994140625,D1,Downtrend,Low,-0.018914821867908604,-3.3399431179173007
^GSPC,2022-01-24,4410.1298828125,D1,Downtrend,Low,0.002771738943381896,-2.9578937423218252
^GSPC,2022-01-25,4356.4501953125,D1,Downtrend,Low,-0.012171906253646725,-3.2286984096750646
^GSPC,2022-01-26,4349.93017578125,D1,Downtrend,Low,-0.0014966358477518371,-2.9980668512531583
^GSPC,2022-01-27,4326.509765625,D1,Downtrend,Low,-0.00538408875771057,-2.940340617755807
^GSPC,2022-01-28,4431.85009765625,D1,Downtrend,Medium,0.024347646888076113,-1.881364704302785
^GSPC,2022-01-31,4515.5498046875,U1,Uptrend,Medium,0.018885951732779516,-1.1023563632863136
^GSPC,2022-02-01,4546.5400390625,U1,Uptrend,Medium,0.00686300355780145,-0.8056808325212307
^GSPC,2022-02-02,4589.3798828125,U1,Uptrend,Medium,0.00942251544733641,-0.41406318472594783
^GSPC,2022-02-03,4477.43994140625,U1,Uptrend,Medium,-0.024391082077444004,-1.3472206235477595
^GSPC,2022-02-04,4500.52978515625,U1,Uptrend,Medium,0.0051569298644233985,-1.1102599410403975
^GSPC,2022-02-07,4483.8701171875,U1,Uptrend,Medium,-0.0037017126347429485,-1.214627478165518
^GSPC,2022-02-08,4521.5400390625,U1,Uptrend,Medium,0.008401207191663262,-0.8713242262265256
^GSPC,2022-02-09,4587.18017578125,U1,Uptrend,Medium,0.014517207887505545,-0.30458572611069223
^GSPC,2022-02-10,4504.080078125,U1,Uptrend,Medium,-0.01811572566845976,-0.9753187153927361
^GSPC,2022-02-11,4418.64013671875,D1,Downtrend,Medium,-0.01896945434456343,-1.6215743893220504
^GSPC,2022-02-14,4401.669921875,D1,Downtrend,Medium,-0.0038405967262932217,-1.6845591579874044
^GSPC,2022-02-15,4471.06982421875,U1,Uptrend,Medium,0.01576672117072042,-1.0882703699626397
^GSPC,2022-02-16,4475.009765625,U1,Uptrend,Medium,0.0008812077558950637,-1.022337045019097
^GSPC,2022-02-17,4380.259765625,D1,Downtrend,Medium,-0.021173138152195015,-1.7000170160121875
^GSPC,2022-02-18,4348.8701171875,D1,Downtrend,Medium,-0.0071661613961429005,-1.851819990786869
^GSPC,2022-02-22,4304.759765625,D1,Downtrend,Medium,-0.010142945264832837,-2.0688806713819305
^GSPC,2022-02-23,4225.5,D1,Downtrend,Medium,-0.018412122845487655,-2.4666337501067583
^GSPC,2022-02-24,4288.7001953125,D1,Downtrend,Medium,0.014956856067329216,-1.924172911183097
^GSPC,2022-02-25,4384.64990234375,D1,Downtrend,Medium,0.022372677655603468,-1.2388165364785626
^GSPC,2022-02-28,4373.93994140625,D1,Downtrend,Medium,-0.002442603440647617,-1.278009558108802
^GSPC,2022-03-01,4306.259765625,D1,Downtrend,Medium,-0.015473503680411893,-1.6532489655942348
^GSPC,2022-03-02,4386.5400390625,D1,Downtrend,Medium,0.018642691757321028,-1.1096963047248443
^GSPC,2022-03-03,4363.490234375,D1,Downtrend,Medium,-0.005254666430088317,-1.2165909577660394
^GSPC,2022-03-04,4328.8701171875,D1,Downtrend,Medium,-0.007934042550334475,-1.3811451434549498
^GSPC,2022-03-07,4201.08984375,D1,Downtrend,Medium,-0.029518158313449172,-2.058924406807354
^GSPC,2022-03-08,4170.7001953125,D1,Downtrend,Medium,-0.00723375351819977,-2.116020236615187
^GSPC,2022-03-09,4277.8798828125,D1,Downtrend,Medium,0.02569824789143582,-1.4381407768814638
^GSPC,2022-03-10,4259.52001953125,D1,Downtrend,Medium,-0.004291813651667864,-1.4842647415910144
^GSPC,2022-03-11,4204.31005859375,D1,Downtrend,Medium,-0.012961545123475138,-1.7181658464167004
^GSPC,2022-03-14,4173.10986328125,D1,Downtrend,Medium,-0.007421002465963666,-1.8078162920439038
^GSPC,2022-03-15,4262.4501953125,D1,Downtrend,Medium,0.021408574170870942,-1.2743987495096918
^GSPC,2022-03-16,4357.85986328125,D1,Downtrend,Medium,0.02238376135718223,-0.733509311646242
^GSPC,2022-03-17,4411.669921875,D1,Downtrend,Medium,0.01234781757145198,-0.4282415113628482
^GSPC,2022-03-18,4463.1201171875,D1,Downtrend,Medium,0.011662294827948783,-0.13401551237005124
^GSPC,2022-03-21,4461.18017578125,D1,Downtrend,Medium,-0.00043466036210393355,-0.12460115274294689
^GSPC,2022-03-22,4511.60986328125,U1,Uptrend,Medium,0.0113041136006502,0.1752245604358248
^GSPC,2022-03-23,4456.240234375,D1,Downtrend,Medium,-0.012272698789159042,-0.10575757429070534
^GSPC,2022-03-24,4520.16015625,U1,Uptrend,Medium,0.01434391292056647,0.29453566092239114
^GSPC,2022-03-25,4543.06005859375,U1,Uptrend,Medium,0.005066170567449069,0.4682218197936039
^GSPC,2022-03-28,4575.52001953125,U1,Uptrend,Medium,0.007144955276586762,0.7056040808788664
^GSPC,2022-03-29,4631.60009765625,U1,Uptrend,Medium,0.012256547427530462,1.0937058187830382
^GSPC,2022-03-30,4602.4501953125,U1,Uptrend,Medium,-0.0062937001746978805,0.9596609508364168
^GSPC,2022-03-31,4530.41015625,U1,Uptrend,Medium,-0.015652540713177343,0.5346626501678684
^GSPC,2022-04-01,4545.85986328125,U1,Uptrend,Medium,0.0034102225843584133,0.673440055534042
^GSPC,2022-04-04,4582.64013671875,U1,Uptrend,Medium,0.008090938687879357,0.963400501191083
^GSPC,2022-04-05,4525.1201171875,U1,Uptrend,Medium,-0.012551720801807331,0.5809001757176153
^GSPC,2022-04-06,4481.14990234375,U1,Uptrend,Medium,-0.009716916613271898,0.2885145024497367
^GSPC,2022-04-07,4500.2099609375,U1,Uptrend,Medium,0.004253385628492534,0.4742028955377298
^GSPC,2022-04-08,4488.27978515625,U1,Uptrend,Medium,-0.002651026482054286,0.43059998686718304
^GSPC,2022-04-11,4412.52978515625,D1,Downtrend,Medium,-0.01687729010355421,-0.1544160418329481
^GSPC,2022-04-12,4397.4501953125,D1,Downtrend,Medium,-0.003417447717741773,-0.25142502431569846
^GSPC,2022-04-13,4446.58984375,D1,Downtrend,Medium,0.011174577597236057,0.19371446572461354
^GSPC,2022-04-14,4392.58984375,D1,Downtrend,Medium,-0.01214413784439794,-0.2599901655480428
^GSPC,2022-04-18,4391.68994140625,D1,Downtrend,Medium,-0.0002048682840329885,-0.25503613955693066
^GSPC,2022-04-19,4462.2099609375,D1,Downtrend,Medium,0.016057604355527166,0.3576326822600872
^GSPC,2022-04-20,4459.4501953125,D1,Downtrend,Medium,-0.0006184750715809706,0.3257754104254521
^GSPC,2022-04-21,4393.66015625,D1,Downtrend,Medium,-0.014752948498371943,-0.26002655088415366
^GSPC,2022-04-22,4271.77978515625,D1,Downtrend,Medium,-0.027740054250753654,-1.3100068263894484
^GSPC,2022-04-25,4296.1201171875,D1,Downtrend,Medium,0.005697936985382235,-1.088333962840807
^GSPC,2022-04-26,4175.2001953125,D1,Downtrend,Medium,-0.028146308431003852,-2.0268561835394037
^GSPC,2022-04-27,4183.9599609375,D1,Downtrend,Medium,0.0020980468517017847,-1.8603231641022513
^GSPC,2022-04-28,4287.5,D1,Downtrend,Medium,0.02474690007293945,-0.9806683230001656
^GSPC,2022-04-29,4131.93017578125,D1,Downtrend,Medium,-0.036284507106413955,-2.145860062353411
^GSPC,2022-05-02,4155.3798828125,D1,Downtrend,Medium,0.005675242812353654,-1.862910840006577
^GSPC,2022-05-03,4175.47998046875,D1,Downtrend,Medium,0.004837126381486367,-1.6347956331201043
^GSPC,2022-05-04,4300.169921875,D1,Downtrend,Medium,0.02986242108440229,-0.6561537987410727
^GSPC,2022-05-05,4146.8701171875,D1,Downtrend,Medium,-0.035649708609806985,-1.7529135841566756
^GSPC,2022-05-06,4123.33984375,D1,Downtrend,Medium,-0.0056742248424840325,-1.855224296185039
^GSPC,2022-05-09,3991.239990234375,D1,Downtrend,Medium,-0.03203710063235676,-2.6295107861778875
^GSPC,2022-05-10,4001.050048828125,D1,Downtrend,Medium,0.0024578974498534745,-2.387570069375264
^GSPC,2022-05-11,3935.179931640625,D1,Downtrend,Medium,-0.01646320750393837,-2.611785811316337
^GSPC,2022-05-12,3930.080078125,D1,Downtrend,Medium,-0.0012959645058717717,-2.4610452164381127
^GSPC,2022-05-13,4023.889892578125,D1,Downtrend,Medium,0.02386969542307149,-1.8092340005055454
^GSPC,2022-05-16,4008.010009765625,D1,Downtrend,Medium,-0.003946400929555671,-1.8136570117891146
^GSPC,2022-05-17,4088.85009765625,D1,Downtrend,Medium,0.020169632234863677,-1.3078945781836555
^GSPC,2022-05-18,3923.679931640625,D1,Downtrend,Medium,-0.04039526078745259,-2.1148455279143525
^GSPC,2022-05-19,3900.7900390625,D1,Downtrend,Medium,-0.005833781800992588,-2.125803800987698
^GSPC,2022-05-20,3901.360107421875,D1,Downtrend,Medium,0.00014614176965843662,-2.0150394244165803
^GSPC,2022-05-23,3973.75,D1,Downtrend,Medium,0.018555039930923556,-1.5845397546162292
^GSPC,2022-05-24,3941.47998046875,D1,Downtrend,Medium,-0.008120797617175213,-1.6682883879169481
^GSPC,2022-05-25,3978.72998046875,D1,Downtrend,Medium,0.009450764734207695,-1.4371196321785598
^GSPC,2022-05-26,4057.840087890625,D1,Downtrend,Medium,0.019883256167224195,-1.0309619828437095
^GSPC,2022-05-27,4158.240234375,D1,Downtrend,Medium,0.02474226295510973,-0.5444899608497236
^GSPC,2022-05-31,4132.14990234375,D1,Downtrend,Medium,-0.006274368617659065,-0.6490994191298495
^GSPC,2022-06-01,4101.22998046875,D1,Downtrend,Medium,-0.007482768681131846,-0.781990048234346
^GSPC,2022-06-02,4176.81982421875,D1,Downtrend,Medium,0.018431018038486124,-0.43188216553327263
^GSPC,2022-06-03,4108.5400390625,D1,Downtrend,Medium,-0.016347313992415624,-0.732216997265953
^GSPC,2022-06-06,4121.43017578125,D1,Downtrend,Medium,0.003137400778913113,-0.659571103595204
^GSPC,2022-06-07,4160.68017578125,D1,Downtrend,Medium,0.009523393173235029,-0.4750104289684614
^GSPC,2022-06-08,4115.77001953125,D1,Downtrend,Medium,-0.010793945785935621,-0.6753555089477034
^GSPC,2022-06-09,4017.820068359375,D1,Downtrend,Medium,-0.02379869397635359,-1.094231010781698
^GSPC,2022-06-10,3900.860107421875,D1,Downtrend,Medium,-0.029110303335524668,-1.5593217447810344
^GSPC,2022-06-13,3749.6298828125,D2,Downtrend,Medium,-0.038768430665237275,-2.1070381146074193
^GSPC,2022-06-14,3735.47998046875,D2,Downtrend,Medium,-0.0037736797459957394,-2.0536281310527817
^GSPC,2022-06-15,3789.989990234375,D2,Downtrend,Medium,0.014592504858983224,-1.7466458482348293
^GSPC,2022-06-16,3666.77001953125,D2,Downtrend,Medium,-0.03251195148816344,-2.132186009689047
^GSPC,2022-06-17,3674.840087890625,D2,Downtrend,Medium,0.002200865698254617,-1.994359415091013
^GSPC,2022-06-21,3764.7900390625,D2,Downtrend,Medium,0.024477242280086964,-1.5848753202330719
^GSPC,2022-06-22,3759.889892578125,D2,Downtrend,Medium,-0.0013015723144006452,-1.547700557500163
^GSPC,2022-06-23,3795.72998046875,D2,Downtrend,Medium,0.009532217409177868,-1.3681891173400016
^GSPC,2022-06-24,3911.739990234375,D1,Downtrend,Medium,0.03056329358583576,-0.8963365008487671
^GSPC,2022-06-27,3900.110107421875,D1,Downtrend,Medium,-0.0029730715337762392,-0.9161966612364859
^GSPC,2022-06-28,3821.550048828125,D2,Downtrend,Medium,-0.020143036075892073,-1.1977484228846613
^GSPC,2022-06-29,3818.830078125,D2,Downtrend,Medium,-0.0007117454091590814,-1.1770803028010588
^GSPC,2022-06-30,3785.3798828125,D2,Downtrend,Medium,-0.008759278267998716,-1.2864887931094564
^GSPC,2022-07-01,3825.330078125,D2,Downtrend,Medium,0.010553814029047315,-1.0898415611298786
^GSPC,2022-07-05,3831.389892578125,D2,Downtrend,Medium,0.0015841285142366157,-1.034842132079965
^GSPC,2022-07-06,3845.080078125,D1,Downtrend,Medium,0.0035731642904301975,-0.9496809693553258
^GSPC,2022-07-07,3902.6201171875,D1,Downtrend,Medium,0.014964587965241805,-0.6673996919974757
^GSPC,2022-07-08,3899.3798828125,D1,Downtrend,Medium,-0.000830271529819071,-0.656781885516588
^GSPC,2022-07-11,3854.429931640625,D1,Downtrend,Medium,-0.011527461422777274,-0.8420467917445759
^GSPC,2022-07-12,3818.800048828125,D2,Downtrend,Medium,-0.009243878717321574,-0.9897387747490147
^GSPC,2022-07-13,3801.780029296875,D2,Downtrend,Medium,-0.0044569025122100925,-1.0466171210942623
^GSPC,2022-07-14,3790.3798828125,D2,Downtrend,Medium,-0.00299863390215227,-1.0780939846491884
^GSPC,2022-07-15,3863.159912109375,D1,Downtrend,Medium,0.01920124935943668,-0.6827900163630698
^GSPC,2022-07-18,3830.85009765625,D2,Downtrend,Medium,-0.008363571580831342,-0.8445882507717496
^GSPC,2022-07-19,3936.68994140625,D1,Downtrend,Medium,0.02762829164595959,-0.20716255384740945
^GSPC,2022-07-20,3959.89990234375,D1,Downtrend,Medium,0.005895806193263242,-0.037688407209473924
^GSPC,2022-07-21,3998.949951171875,D1,Downtrend,Medium,0.00986137270919718,0.24297673910089254
^GSPC,2022-07-22,3961.6298828125,D1,Downtrend,Medium,-0.00933246697634671,0.027001480313897274
^GSPC,2022-07-25,3966.840087890625,D1,Downtrend,Medium,0.0013151670479691902,0.08616732284251889
^GSPC,2022-07-26,3921.050048828125,D1,Downtrend,Medium,-0.01154320266205866,-0.18539283204572182
^GSPC,2022-07-27,4023.610107421875,D1,Downtrend,Medium,0.026156273782937722,0.5453413047787093
^GSPC,2022-07-28,4072.429931640625,D1,Downtrend,Medium,0.012133338697180918,0.9085801517748854
^GSPC,2022-07-29,4130.2900390625,D1,Downtrend,Medium,0.014207760082581844,1.3359252629339728
^GSPC,2022-08-01,4118.6298828125,D1,Downtrend,Medium,-0.0028230841271976725,1.3314667053083804
^GSPC,2022-08-02,4091.18994140625,D1,Downtrend,Medium,-0.006662395550704803,1.1438354923001237
^GSPC,2022-08-03,4155.169921875,D1,Downtrend,Medium,0.015638477163140152,1.6135665872063765
^GSPC,2022-08-04,4151.93994140625,D1,Downtrend,Medium,-0.0007773401640558397,1.5387600829088621
^GSPC,2022-08-05,4145.18994140625,D1,Downtrend,Medium,-0.0016257460597355333,1.4468218470417065
^GSPC,2022-08-08,4140.06005859375,D1,Downtrend,Medium,-0.0012375507238541195,1.3626440160056619
^GSPC,2022-08-09,4122.47021484375,D1,Downtrend,Medium,-0.004248692893594086,1.1994423989250524
^GSPC,2022-08-10,4210.240234375,D1,Downtrend,Medium,0.021290637641290244,1.7512486652076906
^GSPC,2022-08-11,4207.27001953125,D1,Downtrend,Medium,-0.0007054739583503,1.6684591129237636
^GSPC,2022-08-12,4280.14990234375,D1,Downtrend,Medium,0.017322368774566943,2.069258690069011
^GSPC,2022-08-15,4297.14013671875,D1,Downtrend,Medium,0.0039695418998517695,2.0605384822028037
^GSPC,2022-08-16,4305.2001953125,D1,Downtrend,Medium,0.0018756797165810912,1.999306157830188
^GSPC,2022-08-17,4274.0400390625,D1,Downtrend,Medium,-0.007237794954094601,1.729847878610332
^GSPC,2022-08-18,4283.740234375,D1,Downtrend,Medium,0.002269561170191503,1.7116970729848777
^GSPC,2022-08-19,4228.47998046875,D1,Downtrend,Medium,-0.012900001139847905,1.345711139567398
^GSPC,2022-08-22,4137.990234375,D1,Downtrend,Medium,-0.0214000649197158,0.8136071726476727
^GSPC,2022-08-23,4128.72998046875,D1,Downtrend,Medium,-0.0022378626777133093,0.7519773557877677
^GSPC,2022-08-24,4140.77001953125,D1,Downtrend,Medium,0.0029161604463010526,0.8223370999922103
^GSPC,2022-08-25,4199.1201171875,D1,Downtrend,Medium,0.014091605518061545,1.136922989872449
^GSPC,2022-08-26,4057.659912109375,D1,Downtrend,Medium,-0.03368805871951874,0.35181163233004714
^GSPC,2022-08-29,4030.610107421875,D1,Downtrend,Medium,-0.006666355799502699,0.21596961002179055
^GSPC,2022-08-30,3986.159912109375,D1,Downtrend,Medium,-0.011028155571448206,-0.023432845724270405
^GSPC,2022-08-31,3955.0,D1,Downtrend,Medium,-0.007817025105971265,-0.18503426628841887
^GSPC,2022-09-01,3966.85009765625,D1,Downtrend,Medium,0.0029962320243361873,-0.10006853542106625
^GSPC,2022-09-02,3924.260009765625,D1,Downtrend,Medium,-0.010736500458081055,-0.3274030039609206
^GSPC,2022-09-06,3908.18994140625,D1,Downtrend,Medium,-0.004095056983834944,-0.4090087859699856
^GSPC,2022-09-07,3979.8701171875,D1,Downtrend,Medium,0.018341016392734,-0.0041533408217160625
^GSPC,2022-09-08,4006.179931640625,D1,Downtrend,Medium,0.006610721877456038,0.12475444277573915
^GSPC,2022-09-09,4067.360107421875,D1,Downtrend,Medium,0.015271449816332883,0.45816217401643444
^GSPC,2022-09-12,4110.41015625,D1,Downtrend,Medium,0.0105842727693497,0.68835389624601
^GSPC,2022-09-13,3932.68994140625,D1,Downtrend,Medium,-0.0432366134006168,-0.41877708402164215
^GSPC,2022-09-14,3946.010009765625,D1,Downtrend,Medium,0.0033870120853238816,-0.37720722269095747
^GSPC,2022-09-15,3901.35009765625,D1,Downtrend,Medium,-0.011317739184353415,-0.6904265631848348
^GSPC,2022-09-16,3873.330078125,D1,Downtrend,Medium,-0.007182134089448455,-0.9002208000294882
^GSPC,2022-09-19,3899.889892578125,D1,Downtrend,Medium,0.006857100716286535,-0.7447841291306224
^GSPC,2022-09-20,3855.929931640625,D1,Downtrend,Medium,-0.011272103097361819,-1.0287322682814375
^GSPC,2022-09-21,3789.929931640625,D2,Downtrend,Medium,-0.017116493600784488,-1.4385350230796081
^GSPC,2022-09-22,3757.989990234375,D2,Downtrend,Medium,-0.00842758097968943,-1.625884358733734
^GSPC,2022-09-23,3693.22998046875,D2,Downtrend,Medium,-0.017232619015461026,-1.990747896042771
^GSPC,2022-09-26,3655.0400390625,D2,Downtrend,Medium,-0.010340526208282075,-2.1662556087279143
^GSPC,2022-09-27,3647.2900390625,D2,Downtrend,Medium,-0.0021203598092424114,-2.1309084215548135
^GSPC,2022-09-28,3719.0400390625,D2,Downtrend,Medium,0.019672139926234733,-1.659884872045322
^GSPC,2022-09-29,3640.469970703125,D2,Downtrend,Medium,-0.021126437880238824,-2.044889045313485
^GSPC,2022-09-30,3585.6201171875,D2,Downtrend,Medium,-0.015066695771983274,-2.234242737846696
^GSPC,2022-10-03,3678.429931640625,D2,Downtrend,Medium,0.025883894952576147,-1.6623069816448843
^GSPC,2022-10-04,3790.929931640625,D2,Downtrend,Medium,0.030583700679551518,-1.0418148795663074
^GSPC,2022-10-05,3783.280029296875,D2,Downtrend,Medium,-0.002017948757084831,-1.076417557435678
^GSPC,2022-10-06,3744.52001953125,D2,Downtrend,Medium,-0.010245080846639998,-1.2720691856016046
^GSPC,2022-10-07,3639.659912109375,D2,Downtrend,Medium,-0.028003617786773516,-1.7844190156966409
^GSPC,2022-10-10,3612.389892578125,D2,Downtrend,Medium,-0.00749246363390188,-1.8541264989847384
^GSPC,2022-10-11,3588.840087890625,D2,Downtrend,Medium,-0.006519175777754405,-1.9008298148705398
^GSPC,2022-10-12,3577.030029296875,D2,Downtrend,Medium,-0.0032907731480149582,-1.871052079005277
^GSPC,2022-10-13,3669.909912109375,D2,Downtrend,Medium,0.02596564246086497,-1.3778750394546626
^GSPC,2022-10-14,3583.070068359375,D2,Downtrend,Medium,-0.02366266361565439,-1.7115243016811696
^GSPC,2022-10-17,3677.949951171875,D2,Downtrend,Medium,0.026480052302171098,-1.235590143773711
^GSPC,2022-10-18,3719.97998046875,D2,Downtrend,Medium,0.011427569666488724,-1.0164836471371352
^GSPC,2022-10-19,3695.159912109375,D2,Downtrend,Medium,-0.0066720972934503076,-1.0999115505699955
^GSPC,2022-10-20,3665.780029296875,D2,Downtrend,Medium,-0.007950909706564868,-1.190988352171303
^GSPC,2022-10-21,3752.75,D2,Downtrend,Medium,0.02372481982226482,-0.7819431076655855
^GSPC,2022-10-24,3797.340087890625,D2,Downtrend,Medium,0.011881976654619875,-0.5633655168508285
^GSPC,2022-10-25,3859.110107421875,D1,Downtrend,Medium,0.016266654579669915,-0.27266823810455093
^GSPC,2022-10-26,3830.60009765625,D2,Downtrend,Medium,-0.007387716072364547,-0.381566010222713
^GSPC,2022-10-27,3807.300048828125,D2,Downtrend,Medium,-0.006082610618211248,-0.4634127341335942
^GSPC,2022-10-28,3901.06005859375,D1,Downtrend,Medium,0.024626377895927698,-0.022917223257151884
^GSPC,2022-10-31,3871.97998046875,D1,Downtrend,Medium,-0.00745440410765752,-0.13579575233472646
^GSPC,2022-11-01,3856.10009765625,D1,Downtrend,Medium,-0.004101230608784645,-0.1888987094416972
^GSPC,2022-11-02,3759.68994140625,D2,Downtrend,Medium,-0.02500198485734284,-0.6119933187511619
^GSPC,2022-11-03,3719.889892578125,D2,Downtrend,Medium,-0.010585992315429671,-0.7706827039885735
^GSPC,2022-11-04,3770.550048828125,D2,Downtrend,Medium,0.013618724670070526,-0.5055635230196035
^GSPC,2022-11-07,3806.800048828125,D2,Downtrend,Medium,0.009613981920559844,-0.30245184398194636
^GSPC,2022-11-08,3828.110107421875,D2,Downtrend,Medium,0.005597892802462701,-0.16372761258700538
^GSPC,2022-11-09,3748.570068359375,D2,Downtrend,Medium,-0.02077788695478977,-0.5537452835492055
^GSPC,2022-11-10,3956.3701171875,D1,Downtrend,Medium,0.05543448436034493,0.633424934238908
^GSPC,2022-11-11,3992.929931640625,D1,Downtrend,Medium,0.009240746788147902,0.9131648633379081
^GSPC,2022-11-14,3957.25,D1,Downtrend,Medium,-0.008935777048800997,0.7593803827177824
^GSPC,2022-11-15,3991.72998046875,D1,Downtrend,Medium,0.008713116550319144,1.012794182080326
^GSPC,2022-11-16,3958.7900390625,D1,Downtrend,Medium,-0.008252046497990273,0.8416535696062141
^GSPC,2022-11-17,3946.56005859375,D1,Downtrend,Medium,-0.0030893228355314273,0.8076334973804272
^GSPC,2022-11-18,3965.340087890625,D1,Downtrend,Medium,0.00475858190881473,1.009201369280841
^GSPC,2022-11-21,3949.93994140625,D1,Downtrend,Medium,-0.003883688698329779,0.9282063040765386
^GSPC,2022-11-22,4003.580078125,D1,Downtrend,Medium,0.013579987927526016,1.3252475573638622
^GSPC,2022-11-23,4027.260009765625,D1,Downtrend,Medium,0.0059146891478476515,1.4821253885700247
^GSPC,2022-11-25,4026.1201171875,D1,Downtrend,Medium,-0.0002830441976333642,1.450147455866982
^GSPC,2022-11-28,3963.93994140625,D1,Downtrend,Medium,-0.015444192913123267,1.007161214788072
^GSPC,2022-11-29,3957.6298828125,D1,Downtrend,Medium,-0.0015918653377758885,0.9549121328799278
^GSPC,2022-11-30,4080.110107421875,D1,Downtrend,Medium,0.030947872397389053,1.7623878260135506
^GSPC,2022-12-01,4076.570068359375,D1,Downtrend,Medium,-0.0008676332180498347,1.699819537417383
^GSPC,2022-12-02,4071.699951171875,D1,Downtrend,Medium,-0.001194660488065602,1.641240073850576
^GSPC,2022-12-05,3998.840087890625,D1,Downtrend,Medium,-0.017894212283564803,1.1690904798457622
^GSPC,2022-12-06,3941.260009765625,D1,Downtrend,Medium,-0.014399194981406072,0.8168543430123365
^GSPC,2022-12-07,3933.919921875,D1,Downtrend,Medium,-0.0018623708845491027,0.7650490728276117
^GSPC,2022-12-08,3963.510009765625,D1,Downtrend,Medium,0.00752178195750397,0.9690579580364805
^GSPC,2022-12-09,3934.3798828125,D1,Downtrend,Medium,-0.007349578247904498,0.7589959285644573
^GSPC,2022-12-12,3990.56005859375,D1,Downtrend,Medium,0.014279296218109305,1.1268431409377828
^GSPC,2022-12-13,4019.64990234375,D1,Downtrend,Medium,0.0072896644387934195,1.2980135176065317
^GSPC,2022-12-14,3995.320068359375,D1,Downtrend,Medium,-0.006052724634100337,1.1042805225930838
^GSPC,2022-12-15,3895.75,D1,Downtrend,Medium,-0.024921675023714007,0.41817514506586245
^GSPC,2022-12-16,3852.360107421875,D1,Downtrend,Medium,-0.011137750774080746,0.11438548978272971
^GSPC,2022-12-19,3817.659912109375,D2,Downtrend,Medium,-0.009007516001852345,-0.13588938789614152
^GSPC,2022-12-20,3821.6201171875,D2,Downtrend,Medium,0.0010373383615349674,-0.12953124736978563
^GSPC,2022-12-21,3878.43994140625,D1,Downtrend,Medium,0.014867993802734736,0.24076894162024107
^GSPC,2022-12-22,3822.389892578125,D2,Downtrend,Medium,-0.01445169956861636,-0.1663528373352906
^GSPC,2022-12-23,3844.820068359375,D1,Downtrend,Medium,0.005868102525282026,-0.03236815957663601
^GSPC,2022-12-27,3829.25,D2,Downtrend,Medium,-0.004049622110409712,-0.1794593632675796
^GSPC,2022-12-28,3783.219970703125,D2,Downtrend,Medium,-0.012020638322615351,-0.5415079332198017
^GSPC,2022-12-29,3849.280029296875,D1,Downtrend,Medium,0.01746133164481911,-0.051400905409831055
^GSPC,2022-12-30,3839.5,D2,Downtrend,Medium,-0.0025407424823445934,-0.13260330047887106
^GSPC,2023-01-03,3824.139892578125,D2,Downtrend,Medium,-0.004000548879248611,-0.2603229442444309
^GSPC,2023-01-04,3852.969970703125,D1,Downtrend,Medium,0.007538970575044379,-0.06970239023241316
^GSPC,2023-01-05,3808.10009765625,D2,Downtrend,Medium,-0.011645528874622113,-0.4593798699241083
^GSPC,2023-01-06,3895.080078125,D1,Downtrend,Medium,0.02284078102943865,0.2086695851713918
^GSPC,2023-01-09,3892.090087890625,D1,Downtrend,Medium,-0.0007676325452631305,0.14725148816166075
^GSPC,2023-01-10,3919.25,D1,Downtrend,Medium,0.006978233159061986,0.3619504116892659
^GSPC,2023-01-11,3969.610107421875,D1,Downtrend,Medium,0.012849424614881588,0.8126507935202869
^GSPC,2023-01-12,3983.169921875,D1,Downtrend,Medium,0.0034159058663651987,0.9217661885792429
^GSPC,2023-01-13,3999.090087890625,D1,Downtrend,Medium,0.003996858363534361,1.0518579385203473
^GSPC,2023-01-17,3990.969970703125,D1,Downtrend,Medium,-0.0020304911890052235,0.9465120899627311
^GSPC,2023-01-18,3928.860107421875,D1,Downtrend,Medium,-0.015562598500411085,0.262568720478926
^GSPC,2023-01-19,3898.85009765625,D1,Downtrend,Medium,-0.007638350296294338,-0.09964476018068652
^GSPC,2023-01-20,3972.610107421875,D1,Downtrend,Medium,0.018918401045981525,0.7124241429316447
^GSPC,2023-01-23,4019.81005859375,D1,Downtrend,Medium,0.01188134498366522,1.2114596444003718
^GSPC,2023-01-24,4016.949951171875,D1,Downtrend,Medium,-0.0007115031258156934,1.139477366356494
^GSPC,2023-01-25,4016.219970703125,D1,Downtrend,Medium,-0.0001817250594663422,1.0949200797866072
^GSPC,2023-01-26,4060.429931640625,D1,Downtrend,Medium,0.011007853469181317,1.5352431559972695
^GSPC,2023-01-27,4070.56005859375,D1,Downtrend,Medium,0.002494840970949097,1.580377277885311
^GSPC,2023-01-30,4017.77001953125,D1,Downtrend,Medium,-0.012968740984683369,0.9716683131754312
^GSPC,2023-01-31,4076.60009765625,D1,Downtrend,Medium,0.014642470285510134,1.567233690836677
^GSPC,2023-02-01,4119.2099609375,D1,Downtrend,Medium,0.010452303944590291,1.9902906632311448
^GSPC,2023-02-02,4179.759765625,D1,Downtrend,Medium,0.014699373244309921,2.5213164576662246
^GSPC,2023-02-03,4136.47998046875,D1,Downtrend,Medium,-0.010354610691310495,1.9647051984494532
^GSPC,2023-02-06,4111.080078125,D1,Downtrend,Low,-0.006140463017754394,1.6297996208136771
^GSPC,2023-02-07,4164.0,D1,Downtrend,Medium,0.01287251059802652,2.1254599756768973
^GSPC,2023-02-08,4117.85986328125,D1,Downtrend,Medium,-0.011080724476164705,1.5711610783114924
^GSPC,2023-02-09,4081.5,D1,Downtrend,Medium,-0.00882979617773516,1.1638997275536629
^GSPC,2023-02-10,4090.4599609375,D1,Downtrend,Medium,0.0021952617756952897,1.2176135628022409
^GSPC,2023-02-13,4137.2900390625,D1,Downtrend,Medium,0.011448609342766147,1.631147027702075
^GSPC,2023-02-14,4136.1298828125,D1,Downtrend,Medium,-0.0002804145319874607,1.5569392882013462
^GSPC,2023-02-15,4147.60009765625,D1,Downtrend,Low,0.002773175690496066,1.6005616210564413
^GSPC,2023-02-16,4090.409912109375,D1,Downtrend,Medium,-0.013788741489130674,1.0269654599915214
^GSPC,2023-02-17,4079.090087890625,D1,Downtrend,Low,-0.002767405825327751,0.8943222252949123
^GSPC,2023-02-21,3997.340087890625,D1,Downtrend,Medium,-0.020041234255327334,0.12879107373161242
^GSPC,2023-02-22,3991.050048828125,D1,Downtrend,Medium,-0.0015735561458868341,0.07556858350794644
^GSPC,2023-02-23,4012.320068359375,D1,Downtrend,Medium,0.005329429416074394,0.2776844806934644
^GSPC,2023-02-24,3970.0400390625,D1,Downtrend,Medium,-0.010537551485558128,-0.12064011495777718
^GSPC,2023-02-27,3982.239990234375,D1,Downtrend,Medium,0.0030730045671669703,-0.009827373300962448
^GSPC,2023-02-28,3970.14990234375,D1,Downtrend,Medium,-0.0030360018281855305,-0.10704534922488569
^GSPC,2023-03-01,3951.389892578125,D1,Downtrend,Low,-0.004725264845680033,-0.2666709130335163
^GSPC,2023-03-02,3981.35009765625,D1,Downtrend,Low,0.0075821940867943916,0.03349030496421849
^GSPC,2023-03-03,4045.639892578125,D1,Downtrend,Low,0.0161477371607488,0.6408921489778173
^GSPC,2023-03-06,4048.419921875,D1,Downtrend,Low,0.0006871667698291617,0.6487524197329165
^GSPC,2023-03-07,3986.3701171875,D1,Downtrend,Low,-0.015326919115337678,0.048453869378586555
^GSPC,2023-03-08,3992.010009765625,D1,Downtrend,Low,0.0014147940136839399,0.09783308142602626
^GSPC,2023-03-09,3918.320068359375,D1,Downtrend,Low,-0.01845935787384867,-0.6031804729705129
^GSPC,2023-03-10,3861.590087890625,D1,Downtrend,Low,-0.01447813845705137,-1.1122203718865435
^GSPC,2023-03-13,3855.760009765625,D1,Downtrend,Low,-0.001509761003189447,-1.1302579082498903
^GSPC,2023-03-14,3919.2900390625,D1,Downtrend,Medium,0.016476655480623936,-0.5232205577337815
^GSPC,2023-03-15,3891.929931640625,D1,Downtrend,Medium,-0.00698088356543769,-0.7775841524657506
^GSPC,2023-03-16,3960.280029296875,D1,Downtrend,Medium,0.017562006217166637,-0.15860832602370392
^GSPC,2023-03-17,3916.639892578125,D1,Downtrend,Medium,-0.011019457310067593,-0.5957534403684109
^GSPC,2023-03-20,3951.570068359375,D1,Downtrend,Medium,0.008918403718310097,-0.2869260012060772
^GSPC,2023-03-21,4002.8701171875,D1,Downtrend,Medium,0.012982193897784988,0.19611535411319964
^GSPC,2023-03-22,3936.969970703125,D1,Downtrend,Medium,-0.01646322377571363,-0.48220537376206485
^GSPC,2023-03-23,3948.719970703125,D1,Downtrend,Medium,0.0029845287333754023,-0.3876003960825733
^GSPC,2023-03-24,3970.989990234375,D1,Downtrend,Medium,0.005639807253104534,-0.18822661094435358
^GSPC,2023-03-27,3977.530029296875,D1,Downtrend,Medium,0.0016469543057482383,-0.16019008217913652
^GSPC,2023-03-28,3971.27001953125,D1,Downtrend,Medium,-0.0015738434957162095,-0.25585713911363483
^GSPC,2023-03-29,4027.81005859375,D1,Downtrend,Medium,0.014237268879836451,0.34711313745607947
^GSPC,2023-03-30,4050.830078125,D1,Downtrend,Medium,0.005715269388667954,0.58511936443852
^GSPC,2023-03-31,4109.31005859375,D1,Downtrend,Medium,0.014436542471763847,1.2406031549399357
^GSPC,2023-04-03,4124.509765625,D1,Downtrend,Medium,0.0036988464765423945,1.4048206691113978
^GSPC,2023-04-04,4100.60009765625,D1,Downtrend,Medium,-0.005796972083329965,1.0757124268247964
^GSPC,2023-04-05,4090.3798828125,D1,Downtrend,Medium,-0.002492370531228194,0.9192495281607935
^GSPC,2023-04-06,4105.02001953125,D1,Downtrend,Medium,0.0035791630944272956,1.068435561999961
^GSPC,2023-04-10,4109.10986328125,D1,Downtrend,Low,0.0009963029974375814,1.0835481440608605
^GSPC,2023-04-11,4108.93994140625,D1,Downtrend,Low,-4.1352477946232646e-05,1.047302790908306
^GSPC,2023-04-12,4091.949951171875,D1,Downtrend,Low,-0.004134884052006904,0.8121738242341549
^GSPC,2023-04-13,4146.22021484375,D1,Downtrend,Low,0.01326268999363811,1.430219487181939
^GSPC,2023-04-14,4137.64013671875,D1,Downtrend,Low,-0.0020693734728036706,1.2813199901976713
^GSPC,2023-04-17,4151.31982421875,D1,Downtrend,Low,0.00330615690296554,1.4054613903428606
^GSPC,2023-04-18,4154.8701171875,D1,Downtrend,Low,0.0008552202959737354,1.395341601989241
^GSPC,2023-04-19,4154.52001953125,D1,Downtrend,Low,-8.42619976980652e-05,1.3431728862382224
^GSPC,2023-04-20,4129.7900390625,D1,Downtrend,Low,-0.00595254815297297,1.0169163906599306
^GSPC,2023-04-21,4133.52001953125,D1,Downtrend,Low,0.0009031888869577287,1.0293812844472772
^GSPC,2023-04-24,4137.0400390625,D1,Downtrend,Low,0.0008515791660903549,1.045998027333374
^GSPC,2023-04-25,4071.6298828125,D1,Downtrend,Low,-0.015810858882773227,0.2843190042882109
^GSPC,2023-04-26,4055.989990234375,D1,Downtrend,Low,-0.003841187197329843,0.09493580183928188
^GSPC,2023-04-27,4135.35009765625,D1,Downtrend,Low,0.01956614972249704,1.0004210606124915
^GSPC,2023-04-28,4169.47998046875,D1,Downtrend,Low,0.008253202753460531,1.3705673191492596
^GSPC,2023-05-01,4167.8701171875,D1,Downtrend,Low,-0.0003861064902076494,1.3588788487226064
^GSPC,2023-05-02,4119.580078125,D1,Downtrend,Low,-0.011586262936400304,0.8103387911785467
^GSPC,2023-05-03,4090.75,D1,Downtrend,Low,-0.006998305064656485,0.4835418688639122
^GSPC,2023-05-04,4061.219970703125,D1,Downtrend,Low,-0.007218732334382416,0.1650897807450558
^GSPC,2023-05-05,4136.25,D1,Downtrend,Low,0.018474751389515376,1.0369150204851467
^GSPC,2023-05-08,4138.1201171875,D1,Downtrend,Low,0.0004521286642489297,1.0393490008281034
^GSPC,2023-05-09,4119.169921875,D1,Downtrend,Low,-0.004579421277258522,0.8113660102871727
^GSPC,2023-05-10,4137.64013671875,D1,Downtrend,Low,0.004483965263404999,1.024358396938652
^GSPC,2023-05-11,4130.6201171875,D1,Downtrend,Low,-0.0016966239932159066,0.9454126965178821
^GSPC,2023-05-12,4124.080078125,D1,Downtrend,Low,-0.0015833068345566526,0.8784863283408683
^GSPC,2023-05-15,4136.27978515625,D1,Downtrend,Low,0.0029581644391338813,1.004417663998458
^GSPC,2023-05-16,4109.89990234375,D1,Downtrend,Low,-0.006377683373153031,0.6922592556311504
^GSPC,2023-05-17,4158.77001953125,D1,Downtrend,Low,0.011890829058788244,1.2111264686777568
^GSPC,2023-05-18,4198.0498046875,D1,Downtrend,Low,0.009445048649426635,1.5899000850176874
^GSPC,2023-05-19,4191.97998046875,D1,Downtrend,Low,-0.0014458676054706077,1.463827381663483
^GSPC,2023-05-22,4192.6298828125,D1,Downtrend,Low,0.0001550346964389604,1.416900209938772
^GSPC,2023-05-23,4145.580078125,D1,Downtrend,Low,-0.011222026747550129,0.8749469227330781
^GSPC,2023-05-24,4115.240234375,D1,Downtrend,Low,-0.007318600335353365,0.5218941397741913
^GSPC,2023-05-25,4151.27978515625,D1,Downtrend,Low,0.008757581265902425,0.8870345753863654
^GSPC,2023-05-26,4205.4501953125,D1,Downtrend,Low,0.01304908677799732,1.4305548614180554
^GSPC,2023-05-30,4205.52001953125,D1,Downtrend,Low,1.660326849850513e-05,1.3801560685921461
^GSPC,2023-05-31,4179.830078125,D1,Downtrend,Low,-0.006108624209833935,1.070073316947864
^GSPC,2023-06-01,4221.02001953125,D1,Downtrend,Low,0.009854453563032717,1.4533948583096465
^GSPC,2023-06-02,4282.3701171875,D1,Downtrend,Low,0.014534424705965554,1.9950559620362311
^GSPC,2023-06-05,4273.7900390625,D1,Downtrend,Low,-0.0020035816359177394,1.8403445836140524
^GSPC,2023-06-06,4283.85009765625,D1,Downtrend,Low,0.0023538963079141606,1.9075749857691437
^GSPC,2023-06-07,4267.52001953125,D1,Downtrend,Low,-0.0038120096998572883,1.7227356893408365
^GSPC,2023-06-08,4293.93017578125,D1,Downtrend,Low,0.0061886426142414575,1.9474365548358998
^GSPC,2023-06-09,4298.85986328125,D1,Downtrend,Low,0.001148059539441082,1.9633218279723328
^GSPC,2023-06-12,4338.93017578125,D1,Downtrend,Low,0.009321148810237156,2.2913700488912254
^GSPC,2023-06-13,4369.009765625,D1,Downtrend,Low,0.006932489951473775,2.509588078660349
^GSPC,2023-06-14,4372.58984375,D1,Downtrend,Low,0.0008194255259321714,2.4262581450814618
^GSPC,2023-06-15,4425.83984375,D1,Downtrend,Low,0.01217813742034668,2.7653161018008046
^GSPC,2023-06-16,4409.58984375,D1,Downtrend,Low,-0.0036716195284263176,2.4843115225762133
^GSPC,2023-06-20,4388.7099609375,D1,Downtrend,Low,-0.0047351076976228645,2.1941078677188766
^GSPC,2023-06-21,4365.68994140625,D1,Downtrend,Low,-0.005245281583003636,1.9038048381435677
^GSPC,2023-06-22,4381.89013671875,D1,Downtrend,Low,0.003710798414438443,1.9891468914309691
^GSPC,2023-06-23,4348.330078125,D1,Downtrend,Low,-0.007658808766684566,1.6218933192862919
^GSPC,2023-06-26,4328.81982421875,D1,Downtrend,Low,-0.004486838293256468,1.3855476324751514
^GSPC,2023-06-27,4378.41015625,D1,Downtrend,Low,0.011455854954693034,1.8001913272423724
^GSPC,2023-06-28,4376.85986328125,D1,Downtrend,Low,-0.00035407668843834283,1.7073155425780322
^GSPC,2023-06-29,4396.43994140625,D1,Downtrend,Low,0.004473544672805918,1.8067079735822364
^GSPC,2023-06-30,4450.3798828125,D1,Downtrend,Low,0.012269004495714109,2.1799278072447166
^GSPC,2023-07-03,4455.58984375,D1,Downtrend,Low,0.0011706778016009611,2.1082049583364393
^GSPC,2023-07-05,4446.81982421875,D1,Downtrend,Low,-0.0019683184132291975,1.9321308594836808
^GSPC,2023-07-06,4411.58984375,D1,Downtrend,Low,-0.007922511336500904,1.5660967150406897
^GSPC,2023-07-07,4398.9501953125,D1,Downtrend,Low,-0.0028651005386203243,1.4061345188675982
^GSPC,2023-07-10,4409.52978515625,D1,Downtrend,Low,0.002405026057131332,1.4410266468262989
^GSPC,2023-07-11,4439.259765625,D1,Downtrend,Low,0.0067422110558885695,1.6177388531043617
^GSPC,2023-07-12,4472.16015625,U1,Uptrend,Low,0.007411233485312474,1.7996874794006503
^GSPC,2023-07-13,4510.0400390625,U1,Uptrend,Low,0.008470153458069118,1.992630315239128
^GSPC,2023-07-14,4505.419921875,U1,Uptrend,Low,-0.0010244071333035398,1.8628074053773311
^GSPC,2023-07-17,4522.7900390625,U1,Uptrend,Low,0.0038553825145495324,1.896262659189275
^GSPC,2023-07-18,4554.97998046875,U1,Uptrend,Low,0.007117275205842377,2.0230261506281053
^GSPC,2023-07-19,4565.72021484375,U1,Uptrend,Low,0.002357910335732072,1.9936550172201248
^GSPC,2023-07-20,4534.8701171875,U1,Uptrend,Low,-0.006756896218903741,1.7035912551238184
^GSPC,2023-07-21,4536.33984375,U1,Uptrend,Low,0.0003240945218980773,1.651863769938762
^GSPC,2023-07-24,4554.64013671875,U1,Uptrend,Low,0.004034153877153557,1.7144385888160905
^GSPC,2023-07-25,4567.4599609375,U1,Uptrend,Low,0.002814673351556163,1.7258649763824334
^GSPC,2023-07-26,4566.75,U1,Uptrend,Low,-0.00015543889679858758,1.6494802737149485
^GSPC,2023-07-27,4537.41015625,U1,Uptrend,Low,-0.006424666064487883,1.4036712938970959
^GSPC,2023-07-28,4582.22998046875,U1,Uptrend,Low,0.009877842794752345,1.631196724988437
^GSPC,2023-07-31,4588.9599609375,U1,Uptrend,Low,0.0014687129405193122,1.617380187370687
^GSPC,2023-08-01,4576.72998046875,U1,Uptrend,Low,-0.002665087639215691,1.495849451145884
^GSPC,2023-08-02,4513.39013671875,U1,Uptrend,Low,-0.013839541336347905,1.0511502272537072
^GSPC,2023-08-03,4501.89013671875,U1,Uptrend,Low,-0.0025479738404268204,0.9453179405218941
^GSPC,2023-08-04,4478.02978515625,U1,Uptrend,Low,-0.005300074155050516,0.7613771698110621
^GSPC,2023-08-07,4518.43994140625,U1,Uptrend,Low,0.00902409277936278,1.0012918251311829
^GSPC,2023-08-08,4499.3798828125,U1,Uptrend,Low,-0.004218283044793103,0.8447648831735568
^GSPC,2023-08-09,4467.7099609375,D1,Downtrend,Low,-0.007038730380597102,0.6008803586971289
^GSPC,2023-08-10,4468.830078125,U1,Uptrend,Low,0.00025071394456976925,0.583403139751519
^GSPC,2023-08-11,4464.0498046875,D1,Downtrend,Low,-0.0010696923700230787,0.5235310701256012
^GSPC,2023-08-14,4489.72021484375,U1,Uptrend,Low,0.005750475751703066,0.6903636905740679
^GSPC,2023-08-15,4437.85986328125,D1,Downtrend,Low,-0.011550909428841738,0.26770906645369236
^GSPC,2023-08-16,4404.330078125,D1,Downtrend,Low,-0.007555395210577687,-0.022759399398202877
^GSPC,2023-08-17,4370.35986328125,D1,Downtrend,Low,-0.007712913029036983,-0.32682662896555936
^GSPC,2023-08-18,4369.7099609375,D1,Downtrend,Low,-0.00014870682600087726,-0.3781440541446164
^GSPC,2023-08-21,4399.77001953125,D1,Downtrend,Low,0.006879188518795987,-0.17123541138762147
^GSPC,2023-08-22,4387.5498046875,D1,Downtrend,Low,-0.002777466728829614,-0.33530090502400695
^GSPC,2023-08-23,4436.009765625,D1,Downtrend,Low,0.011044879965972587,0.09578723135505293
^GSPC,2023-08-24,4376.31005859375,D1,Downtrend,Low,-0.013457974663146133,-0.5490780921939684
^GSPC,2023-08-25,4405.7099609375,D1,Downtrend,Low,0.006717966037625089,-0.3007987131700146
^GSPC,2023-08-28,4433.31005859375,D1,Downtrend,Low,0.006264619755036449,-0.03740294367465188
^GSPC,2023-08-29,4497.6298828125,U1,Uptrend,Low,0.01450830719454621,0.6821737472820354
^GSPC,2023-08-30,4514.8701171875,U1,Uptrend,Low,0.003833182103508026,0.8630998624189308
^GSPC,2023-08-31,4507.66015625,U1,Uptrend,Low,-0.0015969365120942491,0.7512303052259162
^GSPC,2023-09-01,4515.77001953125,U1,Uptrend,Low,0.0017991292600010311,0.8341040548316976
^GSPC,2023-09-05,4496.830078125,U1,Uptrend,Low,-0.004194177587506065,0.5617044448767469
^GSPC,2023-09-06,4465.47998046875,D1,Downtrend,Low,-0.006971599351452862,0.10314173813048542
^GSPC,2023-09-07,4451.14013671875,D1,Downtrend,Low,-0.0032112659361860363,-0.1288095695980638
^GSPC,2023-09-08,4457.490234375,D1,Downtrend,Low,0.0014266227216406246,-0.059154327774247284
^GSPC,2023-09-11,4487.4599609375,U1,Uptrend,Low,0.006723453106275201,0.3578998492575503
^GSPC,2023-09-12,4461.89990234375,D1,Downtrend,Low,-0.005695885604828921,-0.031850363444405026
^GSPC,2023-09-13,4467.43994140625,D1,Downtrend,Low,0.0012416323054647016,0.03670000832155375
^GSPC,2023-09-14,4505.10009765625,U1,Uptrend,Low,0.00842991886716793,0.57817254170544
^GSPC,2023-09-15,4450.31982421875,D1,Downtrend,Low,-0.012159612938677844,-0.27863407207280566
^GSPC,2023-09-18,4453.52978515625,D1,Downtrend,Low,0.0007212876971294246,-0.25123660662905045
^GSPC,2023-09-19,4443.9501953125,D1,Downtrend,Low,-0.002151010615372817,-0.43977919554259637
^GSPC,2023-09-20,4402.2001953125,D1,Downtrend,Low,-0.0093947947580596,-1.1763877772609193
^GSPC,2023-09-21,4330.0,D1,Downtrend,Low,-0.01640093410321941,-2.31153837817445
^GSPC,2023-09-22,4320.06005859375,D1,Downtrend,Low,-0.002295598477193961,-2.3844832976082415
^GSPC,2023-09-25,4337.43994140625,D1,Downtrend,Low,0.0040230650909416354,-2.0414529303533575
^GSPC,2023-09-26,4273.52978515625,D1,Downtrend,Low,-0.014734533990868215,-2.779410928309927
^GSPC,2023-09-27,4274.509765625,D1,Downtrend,Low,0.00022931406074522265,-2.563638183166259
^GSPC,2023-09-28,4299.7001953125,D1,Downtrend,Low,0.005893173970516585,-2.1046966820727433
^GSPC,2023-09-29,4288.0498046875,D1,Downtrend,Low,-0.002709582086142026,-2.147026781425448
^GSPC,2023-10-02,4288.39013671875,D1,Downtrend,Low,7.936755559079245e-05,-2.051422644264162
^GSPC,2023-10-03,4229.4501953125,D1,Downtrend,Low,-0.013744071674259506,-2.577214549847882
^GSPC,2023-10-04,4263.75,D1,Downtrend,Low,0.008109754957160709,-2.0701262916283003
^GSPC,2023-10-05,4258.18994140625,D1,Downtrend,Low,-0.001304030159777203,-2.01825950586577
^GSPC,2023-10-06,4308.5,D1,Downtrend,Low,0.011814893014644445,-1.4268097582269779
^GSPC,2023-10-09,4335.66015625,D1,Downtrend,Low,0.00630385429964031,-1.1042224132189982
^GSPC,2023-10-10,4358.240234375,D1,Downtrend,Low,0.005207990781392224,-0.8404016119938726
^GSPC,2023-10-11,4376.9501953125,D1,Downtrend,Low,0.00429300817103373,-0.6203205317825677
^GSPC,2023-10-12,4349.60986328125,D1,Downtrend,Low,-0.00624643434611849,-0.8785009981375693
^GSPC,2023-10-13,4327.77978515625,D1,Downtrend,Low,-0.005018858888767519,-1.0740490235177518
^GSPC,2023-10-16,4373.6298828125,D1,Downtrend,Low,0.01059436938392988,-0.5628698705047026
^GSPC,2023-10-17,4373.2001953125,D1,Downtrend,Low,-9.824505308242415e-05,-0.5426482236702438
^GSPC,2023-10-18,4314.60009765625,D1,Downtrend,Low,-0.013399820506516447,-1.1454912237844912
^GSPC,2023-10-19,4278.0,D1,Downtrend,Low,-0.008482848196321058,-1.499787372560868
^GSPC,2023-10-20,4224.16015625,D1,Downtrend,Low,-0.012585283719027562,-1.9964411936104967
^GSPC,2023-10-23,4217.0400390625,D1,Downtrend,Low,-0.0016855698941634634,-1.9986785687940627
^GSPC,2023-10-24,4247.68017578125,D1,Downtrend,Low,0.007265792222727274,-1.627941379663743
^GSPC,2023-10-25,4186.77001953125,D1,Downtrend,Low,-0.014339628627712542,-2.1999663966308485
^GSPC,2023-10-26,4137.22998046875,D1,Downtrend,Low,-0.011832519778109618,-2.551793923832803
^GSPC,2023-10-27,4117.3701171875,D1,Downtrend,Low,-0.004800280229768528,-2.56620165779595
^GSPC,2023-10-30,4166.81982421875,D1,Downtrend,Low,0.012010022325859904,-1.9753152315557396
^GSPC,2023-10-31,4193.7998046875,D1,Downtrend,Low,0.006474957307233353,-1.652995120809804
^GSPC,2023-11-01,4237.85986328125,D1,Downtrend,Low,0.010505999486313922,-1.1934285195270165
^GSPC,2023-11-02,4317.77978515625,D1,Downtrend,Low,0.01885855702012762,-0.4101635837130742
^GSPC,2023-11-03,4358.33984375,D1,Downtrend,Low,0.009393730253031363,-0.002773940566632929
^GSPC,2023-11-06,4365.97998046875,D1,Downtrend,Low,0.0017529924220356374,0.08797648844425532
^GSPC,2023-11-07,4378.3798828125,D1,Downtrend,Low,0.0028401189192852616,0.2307799392464181
^GSPC,2023-11-08,4382.77978515625,D1,Downtrend,Low,0.0010049156221052513,0.2850420135857916
^GSPC,2023-11-09,4347.35009765625,D1,Downtrend,Low,-0.008083839306732843,-0.059184866394849975
^GSPC,2023-11-10,4415.240234375,D1,Downtrend,Medium,0.015616441094852496,0.6104873909294855
^GSPC,2023-11-13,4411.5498046875,D1,Downtrend,Low,-0.0008358389332403515,0.565291937164938
^GSPC,2023-11-14,4495.7001953125,U1,Uptrend,Medium,0.019075017703661823,1.3662271896731317
^GSPC,2023-11-15,4502.8798828125,U1,Uptrend,Medium,0.0015970120755575135,1.3949095041603232
^GSPC,2023-11-16,4508.240234375,U1,Uptrend,Low,0.0011904273935798848,1.416834799320035
^GSPC,2023-11-17,4514.02001953125,U1,Uptrend,Low,0.0012820490603360213,1.424738589987365
^GSPC,2023-11-20,4547.3798828125,U1,Uptrend,Low,0.007390278097329839,1.6752105185612325
^GSPC,2023-11-21,4538.18994140625,U1,Uptrend,Low,-0.0020209310950652926,1.5477235466017465
^GSPC,2023-11-22,4556.6201171875,U1,Uptrend,Low,0.00406112922094648,1.6827254370939042
^GSPC,2023-11-24,4559.33984375,U1,Uptrend,Low,0.0005968736678840791,1.6834055612994039
^GSPC,2023-11-27,4550.43017578125,U1,Uptrend,Low,-0.001954157460090089,1.5847390237266057
^GSPC,2023-11-28,4554.89013671875,U1,Uptrend,Low,0.0009801185306033133,1.6044987530902761
^GSPC,2023-11-29,4550.580078125,U1,Uptrend,Low,-0.0009462486392383118,1.5435091242678043
^GSPC,2023-11-30,4567.7998046875,U1,Uptrend,Low,0.0037840728581564065,1.645887101446797
^GSPC,2023-12-01,4594.6298828125,U1,Uptrend,Low,0.005873742123607695,1.8050522869429497
^GSPC,2023-12-04,4569.77978515625,U1,Uptrend,Low,-0.005408509126972105,1.559201733624803
^GSPC,2023-12-05,4567.18017578125,U1,Uptrend,Low,-0.0005688697261614362,1.5078981339372044
^GSPC,2023-12-06,4549.33984375,U1,Uptrend,Low,-0.003906202808869552,1.338925513863288
^GSPC,2023-12-07,4585.58984375,U1,Uptrend,Low,0.007968189065892917,1.5794026122327791
^GSPC,2023-12-08,4604.3701171875,U1,Uptrend,Low,0.00409549786994079,1.6824510771875516
^GSPC,2023-12-11,4622.43994140625,U1,Uptrend,Low,0.003924494286698943,1.753322326460629
^GSPC,2023-12-12,4643.7001953125,U1,Uptrend,Low,0.00459935752021523,1.8353987238324712
^GSPC,2023-12-13,4707.08984375,U1,Uptrend,Low,0.013650676351045998,2.1688023114703148
^GSPC,2023-12-14,4719.5498046875,U1,Uptrend,Low,0.0026470624846992585,2.1298519177210102
^GSPC,2023-12-15,4719.18994140625,U1,Uptrend,Low,-7.62494933082003e-05,2.0138511704866096
^GSPC,2023-12-18,4740.56005859375,U1,Uptrend,Low,0.004528344366900416,2.0343479409484906
^GSPC,2023-12-19,4768.3701171875,U1,Uptrend,Low,0.005866407818910568,2.083174809679461
^GSPC,2023-12-20,4698.35009765625,U1,Uptrend,Low,-0.014684266911006771,1.5981489034598506
^GSPC,2023-12-21,4746.75,U1,Uptrend,Low,0.010301467821202559,1.7961166800182735
^GSPC,2023-12-22,4754.6298828125,U1,Uptrend,Low,0.0016600585268868873,1.7582211135282677
^GSPC,2023-12-26,4774.75,U1,Uptrend,Low,0.0042316894655107795,1.786052010647886
^GSPC,2023-12-27,4781.580078125,U1,Uptrend,Low,0.0014304577464787638,1.742978147379117
^GSPC,2023-12-28,4783.35009765625,U1,Uptrend,Low,0.0003701746080437829,1.6827239343092648
^GSPC,2023-12-29,4769.830078125,U1,Uptrend,Low,-0.0028264750133749628,1.5489373913512816
^GSPC,2024-01-02,4742.830078125,U1,Uptrend,Low,-0.005660579005492328,1.3580121979507607
^GSPC,2024-01-03,4704.81005859375,U1,Uptrend,Low,-0.008016314922730805,1.120452539428341
^GSPC,2024-01-04,4688.68017578125,U1,Uptrend,Low,-0.0034283812973570083,1.0025727511266063
^GSPC,2024-01-05,4697.240234375,U1,Uptrend,Low,0.0018256861788026324,1.013110019105974
^GSPC,2024-01-08,4763.5400390625,U1,Uptrend,Low,0.014114629309846638,1.3076999311361845
^GSPC,2024-01-09,4756.5,U1,Uptrend,Low,-0.0014779006799081618,1.2277929231973843
^GSPC,2024-01-10,4783.4501953125,U1,Uptrend,Low,0.00566597189372442,1.3163044761390885
^GSPC,2024-01-11,4780.240234375,U1,Uptrend,Low,-0.0006710555783868699,1.2547666550203922
^GSPC,2024-01-12,4783.830078125,U1,Uptrend,Low,0.0007509755941104146,1.2287182208585778
^GSPC,2024-01-16,4765.97998046875,U1,Uptrend,Low,-0.0037313402367431525,1.1028766518609514
^GSPC,2024-01-17,4739.2099609375,U1,Uptrend,Low,-0.005616897183990499,0.9391840625102991
^GSPC,2024-01-18,4780.93994140625,U1,Uptrend,Low,0.008805260963896,1.1151035717105982
^GSPC,2024-01-19,4839.81005859375,U1,Uptrend,Low,0.012313502764936146,1.3739267404006863
^GSPC,2024-01-22,4850.43017578125,U1,Uptrend,Low,0.0021943252026270788,1.3867193294585636
^GSPC,2024-01-23,4864.60009765625,U1,Uptrend,Low,0.002921374261968035,1.4280395539778725
^GSPC,2024-01-24,4868.5498046875,U1,Uptrend,Low,0.0008119284117831249,1.432027410059609
^GSPC,2024-01-25,4894.16015625,U1,Uptrend,Low,0.005260365527706368,1.565396763622043
^GSPC,2024-01-26,4890.97021484375,U1,Uptrend,Low,-0.0006517852510764532,1.5370469150026342
^GSPC,2024-01-29,4927.93017578125,U1,Uptrend,Low,0.007556774896180896,1.7386700848703025
^GSPC,2024-01-30,4924.97021484375,U1,Uptrend,Low,-0.0006006499345398986,1.699838200418119
^GSPC,2024-01-31,4845.64990234375,U1,Uptrend,Low,-0.016105744611597972,1.1809085511689923
^GSPC,2024-02-01,4906.18994140625,U1,Uptrend,Low,0.012493688211609788,1.5309514194949423
^GSPC,2024-02-02,4958.60986328125,U1,Uptrend,Low,0.01068444607751462,1.8180903233009162
^GSPC,2024-02-05,4942.81005859375,U1,Uptrend,Low,-0.0031863375266721894,1.6702365274177702
^GSPC,2024-02-06,4954.22998046875,U1,Uptrend,Low,0.0023104108269635937,1.701850719393414
^GSPC,2024-02-07,4995.06005859375,U1,Uptrend,Low,0.008241457963390042,1.9349761631999407
^GSPC,2024-02-08,4997.91015625,U1,Uptrend,Low,0.0005705832608251526,1.895876663969786
^GSPC,2024-02-09,5026.60986328125,U1,Uptrend,Low,0.0057423415255595245,2.0278810607585345
^GSPC,2024-02-12,5021.83984375,U1,Uptrend,Low,-0.0009489536011326738,1.9160716153230009
^GSPC,2024-02-13,4953.169921875,U1,Uptrend,Low,-0.013674255653625456,1.40711894398636
^GSPC,2024-02-14,5000.6201171875,U1,Uptrend,Low,0.009579763275017639,1.6721344668347358
^GSPC,2024-02-15,5029.72998046875,U1,Uptrend,Low,0.005821250684729495,1.802464275560151
^GSPC,2024-02-16,5005.56982421875,U1,Uptrend,Low,-0.0048034698371121065,1.5820547781505316
^GSPC,2024-02-20,4975.509765625,U1,Uptrend,Low,-0.006005322001165325,1.3381583636861956
^GSPC,2024-02-21,4981.7998046875,U1,Uptrend,Low,0.001264199922982101,1.3384159019805513
^GSPC,2024-02-22,5087.02978515625,U1,Uptrend,Low,0.02112288421741404,1.9687439137629386
^GSPC,2024-02-23,5088.7998046875,U1,Uptrend,Low,0.0003479475462115911,1.9039844929077407
^GSPC,2024-02-26,5069.52978515625,U1,Uptrend,Low,-0.003786751350190576,1.7152001381670297
^GSPC,2024-02-27,5078.18017578125,U1,Uptrend,Low,0.0017063496993998672,1.7154920609539905
^GSPC,2024-02-28,5069.759765625,U1,Uptrend,Low,-0.001658155060430544,1.6073407022621542
^GSPC,2024-02-29,5096.27001953125,U1,Uptrend,Low,0.005229094697149161,1.7204977120626488
^GSPC,2024-03-01,5137.080078125,U1,Uptrend,Low,0.00800782894888763,1.9195920820829402
^GSPC,2024-03-04,5130.9501953125,U1,Uptrend,Low,-0.0011932620709189656,1.81876460716515
^GSPC,2024-03-05,5078.64990234375,U1,Uptrend,Low,-0.010193100883444606,1.4408167854889908
^GSPC,2024-03-06,5104.759765625,U1,Uptrend,Low,0.005141103203274655,1.5738370724499915
^GSPC,2024-03-07,5157.35986328125,U1,Uptrend,Low,0.010304127925951478,1.867178444742496
^GSPC,2024-03-08,5123.68994140625,U1,Uptrend,Low,-0.0065285190034379825,1.5900780387615148
^GSPC,2024-03-11,5117.93994140625,U1,Uptrend,Low,-0.001122238087346461,1.504831551417832
^GSPC,2024-03-12,5175.27001953125,U1,Uptrend,Low,0.011201787981366396,1.819583608771784
^GSPC,2024-03-13,5165.31005859375,U1,Uptrend,Low,-0.0019245297153407392,1.6831844840426928
^GSPC,2024-03-14,5150.47998046875,U1,Uptrend,Low,-0.0028710915621273925,1.5270479697473878
^GSPC,2024-03-15,5117.08984375,U1,Uptrend,Low,-0.006482917484461503,1.2609801274357508
^GSPC,2024-03-18,5149.419921875,U1,Uptrend,Low,0.006318059504952345,1.422739597935203
^GSPC,2024-03-19,5178.509765625,U1,Uptrend,Low,0.0056491496501236416,1.561987969111428
^GSPC,2024-03-20,5224.6201171875,U1,Uptrend,Low,0.008904173912846591,1.789263133479235
^GSPC,2024-03-21,5241.52978515625,U1,Uptrend,Low,0.0032365354015160275,1.8188203973834307
^GSPC,2024-03-22,5234.18017578125,U1,Uptrend,Low,-0.0014021878490156903,1.6994997465667723
^GSPC,2024-03-25,5218.18994140625,U1,Uptrend,Low,-0.0030549644525015296,1.5383027305006245
^GSPC,2024-03-26,5203.580078125,U1,Uptrend,Low,-0.002799795225030266,1.396033987288523
^GSPC,2024-03-27,5248.490234375,U1,Uptrend,Low,0.008630626525532925,1.614124847969036
^GSPC,2024-03-28,5254.35009765625,U1,Uptrend,Low,0.0011164855071790214,1.5943319172316555
^GSPC,2024-04-01,5243.77001953125,U1,Uptrend,Low,-0.0020135845401164643,1.4873405072716366
^GSPC,2024-04-02,5205.81005859375,U1,Uptrend,Low,-0.0072390590731691296,1.2228941975050425
^GSPC,2024-04-03,5211.490234375,U1,Uptrend,Low,0.001091122364688113,1.2329069535288146
^GSPC,2024-04-04,5147.2099609375,U1,Uptrend,Low,-0.012334336350379616,0.786537194847031
^GSPC,2024-04-05,5204.33984375,U1,Uptrend,Low,0.011099194174331695,1.1381417555724742
^GSPC,2024-04-08,5202.39013671875,U1,Uptrend,Low,-0.00037463099831791524,1.0945750708084647
^GSPC,2024-04-09,5209.91015625,U1,Uptrend,Low,0.0014454931932483817,1.1174597452648762
^GSPC,2024-04-10,5160.64013671875,U1,Uptrend,Low,-0.009456980649108493,0.746640608527878
^GSPC,2024-04-11,5199.06005859375,U1,Uptrend,Low,0.007444797710585593,1.0021932886452767
^GSPC,2024-04-12,5123.41015625,U1,Uptrend,Low,-0.01455068829580164,0.41241931673423254
^GSPC,2024-04-15,5061.81982421875,U1,Uptrend,Low,-0.01202135494776202,-0.11196577702947172
^GSPC,2024-04-16,5051.41015625,U1,Uptrend,Low,-0.0020565070133361507,-0.2339248472475127
^GSPC,2024-04-17,5022.2099609375,U1,Uptrend,Low,-0.005780602724641426,-0.5219105625757019
^GSPC,2024-04-18,5011.1201171875,U1,Uptrend,Low,-0.002208160119998248,-0.6587799595052432
^GSPC,2024-04-19,4967.22998046875,U1,Uptrend,Low,-0.00875854812743615,-1.0938260663258212
^GSPC,2024-04-22,5010.60009765625,U1,Uptrend,Low,0.008731248071466746,-0.7286882125446115
^GSPC,2024-04-23,5070.5498046875,U1,Uptrend,Low,0.011964576270872662,-0.1975042238660734
^GSPC,2024-04-24,5071.6298828125,U1,Uptrend,Low,0.0002130100613548791,-0.2148974713986578
^GSPC,2024-04-25,5048.419921875,U1,Uptrend,Low,-0.004576430353515626,-0.47658058821628385
^GSPC,2024-04-26,5099.9599609375,U1,Uptrend,Low,0.01020914263474304,0.004299590904707033
^GSPC,2024-04-29,5116.169921875,U1,Uptrend,Low,0.0031784486665891176,0.1468467481910657
^GSPC,2024-04-30,5035.68994140625,U1,Uptrend,Low,-0.01573051358686217,-0.782855768128336
^GSPC,2024-05-01,5018.39013671875,U1,Uptrend,Low,-0.0034354388154940185,-1.0157483352480015
^GSPC,2024-05-02,5064.2001953125,U1,Uptrend,Low,0.009128437077573048,-0.5164323678825237
^GSPC,2024-05-03,5127.7900390625,U1,Uptrend,Low,0.012556739721478527,0.2200184563476508
^GSPC,2024-05-06,5180.740234375,U1,Uptrend,Low,0.01032612390701182,0.8336306746097591
^GSPC,2024-05-07,5187.7001953125,U1,Uptrend,Low,0.0013434298232750663,0.8885178385655775
^GSPC,2024-05-08,5187.669921875,U1,Uptrend,Low,-5.835618166138978e-06,0.8585745528240156
^GSPC,2024-05-09,5214.080078125,U1,Uptrend,Low,0.005090947698625836,1.1600945379151597
^GSPC,2024-05-10,5222.68017578125,U1,Uptrend,Low,0.001649398844549843,1.23162839579171
^GSPC,2024-05-13,5221.419921875,U1,Uptrend,Low,-0.00024130405535727206,1.1761409840905594
^GSPC,2024-05-14,5246.68017578125,U1,Uptrend,Low,0.004837813139759728,1.4527340082377975
^GSPC,2024-05-15,5308.14990234375,U1,Uptrend,Low,0.011715927882596233,2.158714945528449
^GSPC,2024-05-16,5297.10009765625,U1,Uptrend,Low,-0.0020816677921287052,1.954313790355232
^GSPC,2024-05-17,5303.27001953125,U1,Uptrend,Low,0.0011647735102702228,1.931098980738999
^GSPC,2024-05-20,5308.1298828125,U1,Uptrend,Low,0.0009163899374069473,1.893743301939763
^GSPC,2024-05-21,5321.41015625,U1,Uptrend,Low,0.002501874243978186,1.9531255861678596
^GSPC,2024-05-22,5307.009765625,U1,Uptrend,Low,-0.002706123039226127,1.7065985457904864
^GSPC,2024-05-23,5267.83984375,U1,Uptrend,Low,-0.0073807894850155265,1.21113560894809
^GSPC,2024-05-24,5304.72021484375,U1,Uptrend,Low,0.0070010425881694704,1.5699451120730572
^GSPC,2024-05-28,5306.0400390625,U1,Uptrend,Low,0.0002488018529340774,1.5230548199147425
^GSPC,2024-05-29,5266.9501953125,U1,Uptrend,Low,-0.007367046509680453,1.0545791445416353
^GSPC,2024-05-30,5235.47998046875,U1,Uptrend,Low,-0.005975035585443322,0.6820885867697614
^GSPC,2024-05-31,5277.509765625,U1,Uptrend,Low,0.00802787620486467,1.1098290728028801
^GSPC,2024-06-03,5283.39990234375,U1,Uptrend,Low,0.0011160825806737495,1.1391033967430297
^GSPC,2024-06-04,5291.33984375,U1,Uptrend,Low,0.0015028090913065117,1.184382957440687
^GSPC,2024-06-05,5354.02978515625,U2,Uptrend,Low,0.011847649793331305,1.7763516899719827
^GSPC,2024-06-06,5352.9599609375,U1,Uptrend,Low,-0.00019981663563317653,1.6907411012263702
^GSPC,2024-06-07,5346.990234375,U1,Uptrend,Low,-0.0011152197300303701,1.564855483025463
^GSPC,2024-06-10,5360.7900390625,U2,Uptrend,Low,0.0025808546645145203,1.6322210653287335
^GSPC,2024-06-11,5375.31982421875,U2,Uptrend,Low,0.0027103813151374556,1.6980597509519464
^GSPC,2024-06-12,5421.02978515625,U2,Uptrend,Low,0.008503672791998707,2.02441215896077
^GSPC,2024-06-13,5433.740234375,U2,Uptrend,Low,0.0023446558536817097,2.0283294794991136
^GSPC,2024-06-14,5431.60009765625,U2,Uptrend,Low,-0.000393860697500914,1.9148803579922977
^GSPC,2024-06-17,5473.22998046875,U2,Uptrend,Low,0.007664386564552705,2.153459814563982
^GSPC,2024-06-18,5487.02978515625,U2,Uptrend,Low,0.0025213273947457537,2.1437293543600435
^GSPC,2024-06-20,5473.169921875,U2,Uptrend,Low,-0.0025259318472709014,1.9330471024714428
^GSPC,2024-06-21,5464.6201171875,U2,Uptrend,Low,-0.001562130321101196,1.7824511086680956
^GSPC,2024-06-24,5447.8701171875,U2,Uptrend,Low,-0.003065171894990004,1.5951575189227316
^GSPC,2024-06-25,5469.2998046875,U2,Uptrend,Low,0.003933590015736899,1.684495315429413
^GSPC,2024-06-26,5477.89990234375,U2,Uptrend,Low,0.0015724312002203256,1.6762384621360866
^GSPC,2024-06-27,5482.8701171875,U2,Uptrend,Low,0.0009073212238914774,1.6401107847418948
^GSPC,2024-06-28,5460.47998046875,U2,Uptrend,Low,-0.004083652583445674,1.4326280365161117
^GSPC,2024-07-01,5475.08984375,U2,Uptrend,Low,0.0026755639309195,1.471963321454196
^GSPC,2024-07-02,5509.009765625,U2,Uptrend,Low,0.006195317856513505,1.6265869374877755
^GSPC,2024-07-03,5537.02001953125,U2,Uptrend,Low,0.005084444409779065,1.7280044359500037
^GSPC,2024-07-05,5567.18994140625,U2,Uptrend,Low,0.005448765178485582,1.8281621099254566
^GSPC,2024-07-08,5572.85009765625,U2,Uptrend,Low,0.0010166989647510949,1.7774015535574021
^GSPC,2024-07-09,5576.97998046875,U2,Uptrend,Low,0.0007410719362856977,1.7219439264521932
^GSPC,2024-07-10,5633.91015625,U2,Uptrend,Low,0.010208065293514812,1.953477416750514
^GSPC,2024-07-11,5584.5400390625,U2,Uptrend,Low,-0.008763028841120457,1.6093719793058228
^GSPC,2024-07-12,5615.35009765625,U2,Uptrend,Low,0.0055170270744306915,1.7158317065370403
^GSPC,2024-07-15,5631.22021484375,U2,Uptrend,Low,0.0028262026252154904,1.741256036644225
^GSPC,2024-07-16,5667.2001953125,U2,Uptrend,Low,0.006389375498743188,1.872430044441689
^GSPC,2024-07-17,5588.27001953125,U2,Uptrend,Low,-0.013927543241993745,1.4022960678738552
^GSPC,2024-07-18,5544.58984375,U2,Uptrend,Low,-0.007816403936922511,1.1264177609470731
^GSPC,2024-07-19,5505.0,U2,Uptrend,Low,-0.007140265531926926,0.8694306744298776
^GSPC,2024-07-22,5564.41015625,U2,Uptrend,Low,0.01079203564940956,1.1859913599696468
^GSPC,2024-07-23,5555.740234375,U2,Uptrend,Low,-0.001558102589770738,1.107023059731096
^GSPC,2024-07-24,5427.1298828125,U2,Uptrend,Low,-0.02314909375473495,0.2972111736620229
^GSPC,2024-07-25,5399.22021484375,U2,Uptrend,Low,-0.005142620237842288,0.09586774385858195
^GSPC,2024-07-26,5459.10009765625,U2,Uptrend,Low,0.011090468702846357,0.4524102324282486
^GSPC,2024-07-29,5463.5400390625,U2,Uptrend,Low,0.0008133101292933098,0.45679971892212723
^GSPC,2024-07-30,5436.43994140625,U2,Uptrend,Low,-0.004960171878030217,0.23354693870844304
^GSPC,2024-07-31,5522.2998046875,U2,Uptrend,Low,0.0157933986591674,0.8467982924459628
^GSPC,2024-08-01,5446.68017578125,U2,Uptrend,Low,-0.013693502993456064,0.24158693911151877
^GSPC,2024-08-02,5346.56005859375,U1,Uptrend,Medium,-0.018381860868696753,-0.5797653065731593
^GSPC,2024-08-05,5186.330078125,U1,Uptrend,Medium,-0.02996879838863975,-1.8693027044901316
^GSPC,2024-08-06,5240.02978515625,U1,Uptrend,Medium,0.010354085880061037,-1.4484165803887736
^GSPC,2024-08-07,5199.5,U1,Uptrend,Medium,-0.007734647858502863,-1.7639618328952003
^GSPC,2024-08-08,5319.31005859375,U1,Uptrend,Medium,0.023042611519136447,-0.8257549834020534
^GSPC,2024-08-09,5344.16015625,U1,Uptrend,Medium,0.004671676849538509,-0.644700337643352
^GSPC,2024-08-12,5344.39013671875,U1,Uptrend,Medium,4.303397765514916e-05,-0.6504489192665184
^GSPC,2024-08-13,5434.43017578125,U2,Uptrend,Medium,0.016847579753558328,0.08164816958299048
^GSPC,2024-08-14,5455.2099609375,U2,Uptrend,Medium,0.0038237284285767004,0.2371966588488297
^GSPC,2024-08-15,5543.22021484375,U2,Uptrend,Medium,0.016133247764330783,0.9517503283468001
^GSPC,2024-08-16,5554.25,U2,Uptrend,Medium,0.001989779357261412,1.0111215385643406
^GSPC,2024-08-19,5608.25,U2,Uptrend,Medium,0.009722284736913167,1.416212992185277
^GSPC,2024-08-20,5597.1201171875,U2,Uptrend,Medium,-0.0019845553982971165,1.2815267583521044
^GSPC,2024-08-21,5620.85009765625,U2,Uptrend,Medium,0.004239676828782013,1.4296649020111916
^GSPC,2024-08-22,5570.64013671875,U2,Uptrend,Medium,-0.008932805548120926,0.9749208336757365
^GSPC,2024-08-23,5634.60986328125,U2,Uptrend,Medium,0.01148337085011919,1.468523144405649
^GSPC,2024-08-26,5616.83984375,U2,Uptrend,Medium,-0.0031537266931381813,1.2871689644410538
^GSPC,2024-08-27,5625.7998046875,U2,Uptrend,Medium,0.0015951960865450143,1.3255151596729609
^GSPC,2024-08-28,5592.18017578125,U2,Uptrend,Medium,-0.00597597320797616,1.0034157673654251
^GSPC,2024-08-29,5591.9599609375,U2,Uptrend,Medium,-3.937906806072977e-05,0.9726093816347142
^GSPC,2024-08-30,5648.39990234375,U2,Uptrend,Medium,0.010093051774424433,1.4269103159305734
^GSPC,2024-09-03,5528.93017578125,U2,Uptrend,Medium,-0.02115107439771169,0.33793627212218796
^GSPC,2024-09-04,5520.06982421875,U2,Uptrend,Medium,-0.0016025435809103872,0.23518924967294438
^GSPC,2024-09-05,5503.41015625,U2,Uptrend,Low,-0.003018017615584734,0.061484436700284154
^GSPC,2024-09-06,5408.419921875,U2,Uptrend,Low,-0.01726024985928465,-0.8300735146673405
^GSPC,2024-09-09,5471.0498046875,U2,Uptrend,Medium,0.0115800702824842,-0.2541855758204947
^GSPC,2024-09-10,5495.52001953125,U2,Uptrend,Medium,0.004472672652839682,-0.034638330751416216
^GSPC,2024-09-11,5554.1298828125,U2,Uptrend,Low,0.010665025888896507,0.49778508319473536
^GSPC,2024-09-12,5595.759765625,U2,Uptrend,Low,0.007495302358939249,0.8653070537787334
^GSPC,2024-09-13,5626.02001953125,U2,Uptrend,Low,0.005407711405364557,1.114881536651306
^GSPC,2024-09-16,5633.08984375,U2,Uptrend,Low,0.0012566297656613212,1.1434541259142303
^GSPC,2024-09-17,5634.580078125,U2,Uptrend,Low,0.00026455008109871336,1.12039714615019
^GSPC,2024-09-18,5618.259765625,U2,Uptrend,Low,-0.002896455862498093,0.9419528005519023
^GSPC,2024-09-19,5713.64013671875,U2,Uptrend,Low,0.01697685316676334,1.7230672903677662
^GSPC,2024-09-20,5702.5498046875,U2,Uptrend,Low,-0.0019410273951238066,1.56031469520828
^GSPC,2024-09-23,5718.56982421875,U2,Uptrend,Low,0.0028092730585327352,1.6277953334616113
^GSPC,2024-09-24,5732.93017578125,U2,Uptrend,Low,0.0025111788443470395,1.67325156118226
^GSPC,2024-09-25,5722.259765625,U2,Uptrend,Low,-0.0018612489301417234,1.5225782665705414
^GSPC,2024-09-26,5745.3701171875,U2,Uptrend,Low,0.00403867571712313,1.6391942274991185
^GSPC,2024-09-27,5738.169921875,U2,Uptrend,Low,-0.0012532169669905446,1.5241986974126354
^GSPC,2024-09-30,5762.47998046875,U2,Uptrend,Low,0.004236552581176722,1.6480768006145698
^GSPC,2024-10-01,5708.75,U2,Uptrend,Low,-0.009324107094664358,1.2089007170629222
^GSPC,2024-10-02,5709.5400390625,U2,Uptrend,Low,0.00013839090212397487,1.1842195830985185
^GSPC,2024-10-03,5699.93994140625,U2,Uptrend,Low,-0.001681413492255035,1.0972783107672035
^GSPC,2024-10-04,5751.06982421875,U2,Uptrend,Low,0.008970249395274354,1.4272993622747987
^GSPC,2024-10-07,5695.93994140625,U2,Uptrend,Low,-0.009586022165882668,1.012549053250911
^GSPC,2024-10-08,5751.1298828125,U2,Uptrend,Low,0.009689347495581924,1.3742815483104365
^GSPC,2024-10-09,5792.0400390625,U2,Uptrend,Low,0.007113411987488272,1.61943193575358
^GSPC,2024-10-10,5780.0498046875,U2,Uptrend,Low,-0.002070122839989974,1.4855148204044186
^GSPC,2024-10-11,5815.02978515625,U2,Uptrend,Low,0.006051847587953629,1.6528443565292712
^GSPC,2024-10-14,5859.85009765625,U2,Uptrend,Low,0.0077076668832223305,1.8564755611978632
^GSPC,2024-10-15,5815.259765625,U2,Uptrend,Low,-0.007609466332438197,1.511010927674161
^GSPC,2024-10-16,5842.47021484375,U2,Uptrend,Low,0.004679145956573816,1.6155809003842636
^GSPC,2024-10-17,5841.47021484375,U2,Uptrend,Low,-0.00017116047891174713,1.5462209438999992
^GSPC,2024-10-18,5864.669921875,U2,Uptrend,Low,0.00397155273894878,1.621564226759335
^GSPC,2024-10-21,5853.97998046875,U2,Uptrend,Low,-0.0018227694906369774,1.496594358414071
^GSPC,2024-10-22,5851.2001953125,U2,Uptrend,Low,-0.0004748538883844189,1.4245842303681602
^GSPC,2024-10-23,5797.419921875,U2,Uptrend,Low,-0.009191323428069387,1.0718142939094317
^GSPC,2024-10-24,5809.85986328125,U2,Uptrend,Low,0.002145772011323821,1.1076986073700055
^GSPC,2024-10-25,5808.1201171875,U2,Uptrend,Low,-0.00029944716993013376,1.061438499763803
^GSPC,2024-10-28,5823.52001953125,U2,Uptrend,Low,0.0026514435020339455,1.1185993696063186
^GSPC,2024-10-29,5832.919921875,U2,Uptrend,Low,0.001614127248163344,1.1696462334001279
^GSPC,2024-10-30,5813.669921875,U2,Uptrend,Low,-0.003300233889343751,1.0396348454030413
^GSPC,2024-10-31,5705.4501953125,U2,Uptrend,Low,-0.018614700871699585,0.3034022671587097
^GSPC,2024-11-01,5728.7998046875,U2,Uptrend,Low,0.004092509543626166,0.44244539046712056
^GSPC,2024-11-04,5712.68994140625,U2,Uptrend,Low,-0.002812083478299976,0.29180494246620703
^GSPC,2024-11-05,5782.759765625,U2,Uptrend,Low,0.012265644545291332,0.8288291043352809
^GSPC,2024-11-06,5929.0400390625,U2,Uptrend,Low,0.025295927786425976,1.979000110068367
^GSPC,2024-11-07,5973.10009765625,U2,Uptrend,Low,0.007431229727488331,2.248040448173369
^GSPC,2024-11-08,5995.5400390625,U2,Uptrend,Low,0.0037568333092317108,2.293457880759258
^GSPC,2024-11-11,6001.35009765625,U2,Uptrend,Low,0.0009690634297987444,2.2106208180363245
^GSPC,2024-11-12,5983.990234375,U2,Uptrend,Low,-0.00289265965137242,1.970867042171721
^GSPC,2024-11-13,5985.3798828125,U2,Uptrend,Low,0.00023222772482434095,1.8866079037924421
^GSPC,2024-11-14,5949.169921875,U2,Uptrend,Low,-0.006049734794859041,1.5565947895426087
^GSPC,2024-11-15,5870.6201171875,U2,Uptrend,Low,-0.013203489851361216,0.9591215604201959
^GSPC,2024-11-18,5893.6201171875,U2,Uptrend,Low,0.003917814394541086,1.0880905694033423
^GSPC,2024-11-19,5916.97998046875,U2,Uptrend,Low,0.003963584828470035,1.2129103713896585
^GSPC,2024-11-20,5917.10986328125,U2,Uptrend,Low,2.195086225209586e-05,1.172719532027026
^GSPC,2024-11-21,5948.7099609375,U2,Uptrend,Low,0.0053404615405816536,1.348642118878957
^GSPC,2024-11-22,5969.33984375,U2,Uptrend,Low,0.003467959094991535,1.4410555576737958
^GSPC,2024-11-25,5987.3701171875,U2,Uptrend,Low,0.003020480305938378,1.50649240543917
^GSPC,2024-11-26,6021.6298828125,U2,Uptrend,Low,0.005722005647630368,1.6860793020114104
^GSPC,2024-11-27,5998.740234375,U2,Uptrend,Low,-0.003801238017440034,1.485528906094551
^GSPC,2024-11-29,6032.3798828125,U2,Uptrend,Low,0.005607785488815242,1.6755969291529904
^GSPC,2024-12-02,6047.14990234375,U2,Uptrend,Low,0.0024484564662998753,1.7754345271564194
^GSPC,2024-12-03,6049.8798828125,U2,Uptrend,Low,0.0004514491145146682,1.77210032400139
^GSPC,2024-12-04,6086.490234375,U2,Uptrend,Low,0.006051417924264779,2.0078517239792957
^GSPC,2024-12-05,6075.10986328125,U2,Uptrend,Low,-0.0018697756269248078,1.868194133452808
^GSPC,2024-12-06,6090.27001953125,U2,Uptrend,Low,0.0024954538421815275,1.916779674181941
^GSPC,2024-12-09,6052.85009765625,U2,Uptrend,Low,-0.006144213927296471,1.5771406478568235
^GSPC,2024-12-10,6034.91015625,U2,Uptrend,Low,-0.002963883313944371,1.3969963471845632
^GSPC,2024-12-11,6084.18994140625,U2,Uptrend,Low,0.008165786048233592,1.7230063332317496
^GSPC,2024-12-12,6051.25,U2,Uptrend,Low,-0.005414022527810203,1.4304738109259711
^GSPC,2024-12-13,6051.08984375,U2,Uptrend,Low,-2.6466639124200775e-05,1.380226450470225
^GSPC,2024-12-16,6074.080078125,U2,Uptrend,Low,0.0037993543260221863,1.5073707405854697
^GSPC,2024-12-17,6050.60986328125,U2,Uptrend,Low,-0.003863994965801476,1.2796041413657062
^GSPC,2024-12-18,5872.16015625,U2,Uptrend,Low,-0.02949284635160343,-0.1433804130112773
^GSPC,2024-12-19,5867.080078125,U2,Uptrend,Low,-0.0008651123249070469,-0.20617825517077318
^GSPC,2024-12-20,5930.85009765625,U2,Uptrend,Low,0.010869123768910471,0.28776504638618816
^GSPC,2024-12-23,5974.06982421875,U2,Uptrend,Low,0.007287273468533639,0.6160270124866504
^GSPC,2024-12-24,6040.0400390625,U2,Uptrend,Low,0.01104275925539211,1.1237356742016646
^GSPC,2024-12-26,6037.58984375,U2,Uptrend,Low,-0.00040565878647391695,1.072030370850355
^GSPC,2024-12-27,5970.83984375,U2,Uptrend,Low,-0.011055736101235558,0.4869405836552592
^GSPC,2024-12-30,5906.93994140625,U2,Uptrend,Low,-0.010701995701766776,-0.09344722430054568
^GSPC,2024-12-31,5881.6298828125,U2,Uptrend,Low,-0.004284800394927402,-0.34243884117031814
^GSPC,2025-01-02,5868.5498046875,U2,Uptrend,Low,-0.0022238866412221947,-0.5028246756905591
^GSPC,2025-01-03,5942.47021484375,U2,Uptrend,Low,0.01259602672149196,0.1590745803535074
^GSPC,2025-01-06,5975.3798828125,U2,Uptrend,Low,0.005538045085450305,0.4487545245703899
^GSPC,2025-01-07,5909.02978515625,U2,Uptrend,Low,-0.01110391288210788,-0.2151126046008028
^GSPC,2025-01-08,5918.25,U2,Uptrend,Low,0.001560360190925314,-0.1431321443352046
^GSPC,2025-01-10,5827.0400390625,U2,Uptrend,Medium,-0.01541164380306681,-1.037245996757996
^GSPC,2025-01-13,5836.22021484375,U2,Uptrend,Medium,0.0015754440882007614,-0.95361287386388
^GSPC,2025-01-14,5842.91015625,U2,Uptrend,Medium,0.0011462798112440442,-0.8874721828720404
^GSPC,2025-01-15,5949.91015625,U2,Uptrend,Medium,0.018312792279639112,0.15571463249662948
^GSPC,2025-01-16,5937.33984375,U2,Uptrend,Medium,-0.0021126894641922966,0.018322178285078986
^GSPC,2025-01-17,5996.66015625,U2,Uptrend,Medium,0.009991058969353706,0.5903222120739497
^GSPC,2025-01-21,6049.240234375,U2,Uptrend,Low,0.008768227105582893,1.0813979785644625
^GSPC,2025-01-22,6086.3701171875,U2,Uptrend,Low,0.006137941522227575,1.4059788204918275
^GSPC,2025-01-23,6118.7099609375,U2,Uptrend,Low,0.00531348622041139,1.66467773907948
^GSPC,2025-01-24,6101.240234375,U2,Uptrend,Low,-0.002855132319398823,1.4418139197319044
^GSPC,2025-01-27,6012.27978515625,U2,Uptrend,Low,-0.014580715690809543,0.5339561756151153
^GSPC,2025-01-28,6067.7001953125,U2,Uptrend,Low,0.009217869449967608,1.0565540423405388
^GSPC,2025-01-29,6039.31005859375,U2,Uptrend,Low,-0.004678895760321544,0.7430552401385813
^GSPC,2025-01-30,6071.169921875,U2,Uptrend,Low,0.005275414405311762,1.0655708903064574
^GSPC,2025-01-31,6040.52978515625,U2,Uptrend,Low,-0.005046825754019935,0.7186197850332114
^GSPC,2025-02-03,5994.56982421875,U2,Uptrend,Low,-0.007608597684666707,0.14742859288942964
^GSPC,2025-02-04,6037.8798828125,U2,Uptrend,Low,0.007224881828679752,0.6739407647779245
^GSPC,2025-02-05,6061.47998046875,U2,Uptrend,Low,0.003908672930614365,0.9551913291526921
^GSPC,2025-02-06,6083.56982421875,U2,Uptrend,Low,0.003644298722618622,1.2081670846899586
^GSPC,2025-02-07,6025.990234375,U2,Uptrend,Low,-0.009464770111542897,0.44807804211310287
^GSPC,2025-02-10,6066.43994140625,U2,Uptrend,Low,0.006712541085862833,0.9543385314780742
^GSPC,2025-02-11,6068.5,U2,Uptrend,Low,0.00033958278885926063,0.9552793130224453
^GSPC,2025-02-12,6051.97021484375,U2,Uptrend,Low,-0.0027238667143857365,0.7254121437413128
^GSPC,2025-02-13,6115.06982421875,U2,Uptrend,Low,0.010426292122230674,1.4732994652886415
^GSPC,2025-02-14,6114.6298828125,U2,Uptrend,Low,-7.194380749464546e-05,1.4235202256664719
^GSPC,2025-02-18,6129.580078125,U2,Uptrend,Low,0.0024449877750611915,1.5553901777463848
^GSPC,2025-02-19,6144.14990234375,U2,Uptrend,Low,0.0023769693899173827,1.668241175118882
^GSPC,2025-02-20,6117.52001953125,U2,Uptrend,Low,-0.0043341850761716705,1.292131619775021
^GSPC,2025-02-21,6013.1298828125,U2,Uptrend,Low,-0.01706412670256352,-0.013597278501690197
^GSPC,2025-02-24,5983.25,U2,Uptrend,Low,-0.00496910650440241,-0.38898592705111906
^GSPC,2025-02-25,5955.25,U2,Uptrend,Low,-0.004679730915472358,-0.7287191800759582
^GSPC,2025-02-26,5956.06005859375,U2,Uptrend,Low,0.00013602428004699796,-0.7021369360280796
^GSPC,2025-02-27,5861.56982421875,U2,Uptrend,Low,-0.015864553655509872,-1.7913941326632317
^GSPC,2025-02-28,5954.5,U2,Uptrend,Low,0.01585414463498891,-0.6562227843272064
^GSPC,2025-03-03,5849.72021484375,U2,Uptrend,Low,-0.0175967394669998,-1.8217296788087618
^GSPC,2025-03-04,5778.14990234375,U2,Uptrend,Low,-0.012234826602200433,-2.468537306101861
^GSPC,2025-03-05,5842.6298828125,U2,Uptrend,Low,0.011159277893187936,-1.6813676860288984
^GSPC,2025-03-06,5738.52001953125,U2,Uptrend,Low,-0.017819007085749905,-2.602218462787004
^GSPC,2025-03-07,5770.2001953125,U2,Uptrend,Medium,0.00552061780274804,-2.1505346791960327
^GSPC,2025-03-10,5614.56005859375,U2,Uptrend,Medium,-0.0269730913054258,-3.283991046649153
^GSPC,2025-03-11,5572.06982421875,U2,Uptrend,Medium,-0.007567865323653167,-3.258563884085804
^GSPC,2025-03-12,5599.2998046875,U2,Uptrend,Medium,0.004886869929446425,-2.78512826158228
^GSPC,2025-03-13,5521.52001953125,U2,Uptrend,Medium,-0.013890984206835322,-3.0478323992227168
^GSPC,2025-03-14,5638.93994140625,U2,Uptrend,Medium,0.021265869083087807,-2.097286841687164
^GSPC,2025-03-17,5675.1201171875,U2,Uptrend,Medium,0.006416130719105961,-1.7682243780952067
^GSPC,2025-03-18,5614.66015625,U2,Uptrend,Medium,-0.010653512117636543,-2.052937226009528
^GSPC,2025-03-19,5675.2900390625,U2,Uptrend,Medium,0.010798495567894584,-1.6069105027503372
^GSPC,2025-03-20,5662.89013671875,U2,Uptrend,Medium,-0.0021848931523151816,-1.6273954276897427
^GSPC,2025-03-21,5667.56005859375,U2,Uptrend,Medium,0.0008246534476661349,-1.5391705552532093
^GSPC,2025-03-24,5767.56982421875,U2,Uptrend,Medium,0.017646000146633645,-0.9091221017121064
^GSPC,2025-03-25,5776.64990234375,U2,Uptrend,Medium,0.0015743334544251475,-0.8272065091008931
^GSPC,2025-03-26,5712.2001953125,U2,Uptrend,Medium,-0.011156934922627149,-1.1720639244642297
^GSPC,2025-03-27,5693.31005859375,U2,Uptrend,Medium,-0.003306980860763864,-1.2414798996107288
^GSPC,2025-03-28,5580.93994140625,U2,Uptrend,Medium,-0.01973722070834405,-1.8154968788785601
^GSPC,2025-03-31,5611.85009765625,U2,Uptrend,Medium,0.005538521570653376,-1.578694545685689
^GSPC,2025-04-01,5633.06982421875,U2,Uptrend,Medium,0.0037812354559083605,-1.4136825298753413
^GSPC,2025-04-02,5670.97021484375,U2,Uptrend,Medium,0.006728194715792668,-1.167897245491504
^GSPC,2025-04-03,5396.52001953125,U2,Uptrend,Medium,-0.04839563335990149,-2.4681455401945835
^GSPC,2025-04-04,5074.080078125,U1,Uptrend,Medium,-0.05974960534553109,-3.579279984729486
^GSPC,2025-04-07,5062.25,U1,Uptrend,Medium,-0.0023314724921273955,-3.2326817040716587
^GSPC,2025-04-08,4982.77001953125,U1,Uptrend,Medium,-0.015700524562941354,-3.1816879955682635
^GSPC,2025-04-09,5456.89990234375,U2,Uptrend,Medium,0.09515387644904849,-1.364429457596585
^GSPC,2025-04-10,5268.0498046875,U1,Uptrend,High,-0.03460757958472693,-1.9555256294789938
^GSPC,2025-04-11,5363.35986328125,U2,Uptrend,High,0.018092095201708958,-1.551963834201008
^GSPC,2025-04-14,5405.97021484375,U2,Uptrend,High,0.007944712390868913,-1.3531512842048827
^GSPC,2025-04-15,5396.6298828125,U2,Uptrend,High,-0.0017277808903947145,-1.3352300365352825
^GSPC,2025-04-16,5275.7001953125,U1,Uptrend,High,-0.0224083715440897,-1.6717137502486041
^GSPC,2025-04-17,5282.7001953125,U1,Uptrend,High,0.0013268380955802073,-1.5832643056363962
^GSPC,2025-04-21,5158.2001953125,U1,Uptrend,High,-0.023567493023827546,-1.9015025206117966
^GSPC,2025-04-22,5287.759765625,U1,Uptrend,High,0.025117204723895226,-1.4303267972552287
^GSPC,2025-04-23,5375.85986328125,U2,Uptrend,High,0.01666113847096007,-1.109739354105427
^GSPC,2025-04-24,5484.77001953125,U2,Uptrend,High,0.020259113708281262,-0.7353090681923071
^GSPC,2025-04-25,5525.2099609375,U2,Uptrend,High,0.007373133469998461,-0.5817528734617939
^GSPC,2025-04-28,5528.75,U2,Uptrend,High,0.0006407067039131409,-0.5463242329871439
^GSPC,2025-04-29,5560.830078125,U2,Uptrend,High,0.005802410694099036,-0.4194948072875244
^GSPC,2025-04-30,5569.06005859375,U2,Uptrend,High,0.00147999135976562,-0.37185393681388906
^GSPC,2025-05-01,5604.14013671875,U2,Uptrend,High,0.006299102138585644,-0.2341223134380687
^GSPC,2025-05-02,5686.669921875,U2,Uptrend,Medium,0.01472657412963474,0.06507326324298278
^GSPC,2025-05-05,5650.3798828125,U2,Uptrend,Medium,-0.006381597588933863,-0.034647829812956735
^GSPC,2025-05-06,5606.91015625,U2,Uptrend,Medium,-0.007693239651855532,-0.1635046628288939
^GSPC,2025-05-07,5631.27978515625,U2,Uptrend,Medium,0.00434635623313584,-0.053216938153487665
^GSPC,2025-05-08,5663.93994140625,U2,Uptrend,Medium,0.005799775094835535,0.08980028423758842
^GSPC,2025-05-09,5659.91015625,U2,Uptrend,Medium,-0.0007114809122162891,0.100951261974035
^GSPC,2025-05-12,5844.18994140625,U2,Uptrend,Medium,0.032558782749008364,0.823856223963304
^GSPC,2025-05-13,5886.5498046875,U2,Uptrend,Medium,0.0072482009835321826,1.0218017361692364
^GSPC,2025-05-14,5892.580078125,U2,Uptrend,Medium,0.001024415597859818,1.0868321023711387
^GSPC,2025-05-15,5916.93017578125,U2,Uptrend,Medium,0.004132332074135769,1.2308359608283062
^GSPC,2025-05-16,5958.3798828125,U2,Uptrend,Medium,0.007005272294898557,1.4395553582642306
^GSPC,2025-05-19,5963.60009765625,U2,Uptrend,Medium,0.0008761131291423752,1.4729616513232258
^GSPC,2025-05-20,5940.4599609375,U2,Uptrend,Low,-0.0038802294486252054,1.3848646251041354
^GSPC,2025-05-21,5844.60986328125,U2,Uptrend,Medium,-0.01613513066101424,0.9974468210499228
^GSPC,2025-05-22,5842.009765625,U2,Uptrend,Low,-0.00044487103794299543,1.0047365398438102
^GSPC,2025-05-23,5802.81982421875,U2,Uptrend,Low,-0.006708297825321674,0.8435688728313835
^GSPC,2025-05-27,5921.5400390625,U2,Uptrend,Medium,0.0204590558452733,1.3644171356900474
^GSPC,2025-05-28,5888.5498046875,U2,Uptrend,Medium,-0.005571225417268844,1.214415438268328
^GSPC,2025-05-29,5912.169921875,U2,Uptrend,Medium,0.004011194261904327,1.2940487584843274
^GSPC,2025-05-30,5911.68994140625,U2,Uptrend,Medium,-8.118516130162234e-05,1.2797517234713995
^GSPC,2025-06-02,5935.93994140625,U2,Uptrend,Medium,0.0041020419271569075,1.3507869490765172
^GSPC,2025-06-03,5970.3701171875,U2,Uptrend,Medium,0.005800290454605506,1.4594550653248486
^GSPC,2025-06-04,5970.81005859375,U2,Uptrend,Low,7.36874595066439e-05,1.411793843406713
^GSPC,2025-06-05,5939.2998046875,U2,Uptrend,Medium,-0.005277383403094138,1.2422628069360226
^GSPC,2025-06-06,6000.35986328125,U2,Uptrend,Medium,0.010280683010067904,1.4347321716148356
^GSPC,2025-06-09,6005.8798828125,U2,Uptrend,Medium,0.0009199480792858594,1.4027915209813306
^GSPC,2025-06-10,6038.81005859375,U2,Uptrend,Low,0.00548298940767844,1.4763054944470624
^GSPC,2025-06-11,6022.240234375,U2,Uptrend,Low,-0.002743888954607865,1.3685582396702325
^GSPC,2025-06-12,6045.259765625,U2,Uptrend,Low,0.0038224199557175265,1.4038101680633048
^GSPC,2025-06-13,5976.97021484375,U2,Uptrend,Low,-0.011296379879250695,1.1212133492045813
^GSPC,2025-06-16,6033.10986328125,U2,Uptrend,Low,0.009392659896159117,1.2847386789767006
^GSPC,2025-06-17,5982.72021484375,U2,Uptrend,Low,-0.008352184790166306,1.073937920978052
^GSPC,2025-06-18,5980.8701171875,U2,Uptrend,Low,-0.0003092402101070313,1.0455796441876364
^GSPC,2025-06-20,5967.83984375,U2,Uptrend,Low,-0.002178658486505891,0.9810418995392856
^GSPC,2025-06-23,6025.169921875,U2,Uptrend,Low,0.009606504133156335,1.1502251784250637
^GSPC,2025-06-24,6092.18017578125,U2,Uptrend,Low,0.01112172017970181,1.3380114155228244
^GSPC,2025-06-25,6092.16015625,U2,Uptrend,Low,-3.2861029504172024e-06,1.2917689689256102
^GSPC,2025-06-26,6141.02001953125,U2,Uptrend,Low,0.008020121275230219,1.4032603402423947
^GSPC,2025-06-27,6173.06982421875,U2,Uptrend,Low,0.005218970885222163,1.4532929469681313
^GSPC,2025-06-30,6204.9501953125,U2,Uptrend,Low,0.005164427424532603,1.4985163151322984
^GSPC,2025-07-01,6198.009765625,U2,Uptrend,Low,-0.001118531087121899,1.42290482000731
^GSPC,2025-07-02,6227.419921875,U2,Uptrend,Low,0.004745096791088033,1.4865397148636994
^GSPC,2025-07-03,6279.35009765625,U2,Uptrend,Low,0.008338955206607324,1.6265733956515678
^GSPC,2025-07-07,6229.97998046875,U2,Uptrend,Low,-0.007862297279128794,1.4607526155403157
^GSPC,2025-07-08,6225.52001953125,U2,Uptrend,Low,-0.0007158868810946961,1.3951610393497729
^GSPC,2025-07-09,6263.259765625,U2,Uptrend,Low,0.0060621034026635545,1.4873409532104025
^GSPC,2025-07-10,6280.4599609375,U2,Uptrend,Low,0.0027462050044453346,1.5007527306309858
^GSPC,2025-07-11,6259.75,U2,Uptrend,Low,-0.0032975229626984737,1.3848328011079312
^GSPC,2025-07-14,6268.56005859375,U2,Uptrend,Low,0.001407413809457303,1.3753026657705336
^GSPC,2025-07-15,6243.759765625,U2,Uptrend,Low,-0.003956298214731202,1.2643541045427316
^GSPC,2025-07-16,6263.7001953125,U2,Uptrend,Low,0.003193657417327689,1.316989797036791
^GSPC,2025-07-17,6297.35986328125,U2,Uptrend,Low,0.00537376740890938,1.4526373203016938
^GSPC,2025-07-18,6296.7900390625,U2,Uptrend,Low,-9.048620868445933e-05,1.4432270031791465
^GSPC,2025-07-21,6305.60009765625,U2,Uptrend,Low,0.001399134882868358,1.462966414313882
^GSPC,2025-07-22,6309.6201171875,U2,Uptrend,Low,0.0006375316336257875,1.4496413250058
^GSPC,2025-07-23,6358.91015625,U2,Uptrend,Low,0.007811886951519131,1.6246902344633336
^GSPC,2025-07-24,6363.35009765625,U2,Uptrend,Low,0.0006982236416543941,1.6071049473851744
^GSPC,2025-07-25,6388.64013671875,U2,Uptrend,Low,0.00397432777929585,1.677915082306734
^GSPC,2025-07-28,6389.77001953125,U2,Uptrend,Low,0.00017685810881817865,1.643852944466768
^GSPC,2025-07-29,6370.85986328125,U2,Uptrend,Low,-0.002959442388724254,1.5199954169542504
^GSPC,2025-07-30,6362.89990234375,U2,Uptrend,Low,-0.0012494327466496813,1.439963162035331
^GSPC,2025-07-31,6339.39013671875,U2,Uptrend,Low,-0.0036948193411530106,1.2981664204137433
^GSPC,2025-08-01,6238.009765625,U2,Uptrend,Low,-0.015992133140148468,0.7892183579464539
^GSPC,2025-08-04,6329.93994140625,U2,Uptrend,Low,0.01473710033091602,1.231473092158966
^GSPC,2025-08-05,6299.18994140625,U2,Uptrend,Low,-0.004857865996303334,1.0531957918616264
^GSPC,2025-08-06,6345.06005859375,U2,Uptrend,Low,0.007281907295092482,1.2844884186162155
^GSPC,2025-08-07,6340.0,U2,Uptrend,Low,-0.0007974800154801898,1.2187138465487046
^GSPC,2025-08-08,6389.4501953125,U2,Uptrend,Low,0.007799715348974834,1.4446090701697005
^GSPC,2025-08-11,6373.4501953125,U2,Uptrend,Low,-0.0025041278217863283,1.3110481391209852
^GSPC,2025-08-12,6445.759765625,U2,Uptrend,Low,0.01134543584661274,1.6486735973570357
^GSPC,2025-08-13,6466.580078125,U2,Uptrend,Low,0.0032300788824048965,1.6902837036934637
^GSPC,2025-08-14,6468.5400390625,U2,Uptrend,Low,0.00030309080129242716,1.6322394033878036
^GSPC,2025-08-15,6449.7998046875,U2,Uptrend,Low,-0.0028971350972291088,1.4763634467378914
^GSPC,2025-08-18,6449.14990234375,U2,Uptrend,Low,-0.00010076318078544588,1.4322823545047214
^GSPC,2025-08-19,6411.3701171875,U2,Uptrend,Low,-0.005858103118756786,1.1984103054922335
^GSPC,2025-08-20,6395.77978515625,U2,Uptrend,Low,-0.0024316693228262354,1.0917109122539024
^GSPC,2025-08-21,6370.169921875,U2,Uptrend,Low,-0.004004181529308926,0.9182955898093603
^GSPC,2025-08-22,6466.91015625,U2,Uptrend,Low,0.015186444876893468,1.435346832995561
^GSPC,2025-08-25,6439.31982421875,U2,Uptrend,Low,-0.004266385548063467,1.2423495611990227
^GSPC,2025-08-26,6465.93994140625,U2,Uptrend,Low,0.004133995191134998,1.3646935758013508
^GSPC,2025-08-27,6481.39990234375,U2,Uptrend,Low,0.0023909843081744153,1.4186641325413218
^GSPC,2025-08-28,6501.85986328125,U2,Uptrend,Low,0.0031567194195349924,1.496346204136855
^GSPC,2025-08-29,6460.259765625,U2,Uptrend,Low,-0.00639818429357164,1.210394376348959
^GSPC,2025-09-02,6415.5400390625,U2,Uptrend,Low,-0.006922279936861564,0.9114755232581344
^GSPC,2025-09-03,6448.259765625,U2,Uptrend,Low,0.0051000736279842585,1.0888087004866558
^GSPC,2025-09-04,6502.080078125,U2,Uptrend,Low,0.008346486409699372,1.3967448419145834
^GSPC,2025-09-05,6481.5,U2,Uptrend,Low,-0.003165152978388819,1.2269061358096176
^GSPC,2025-09-08,6495.14990234375,U2,Uptrend,Low,0.0021059789159529885,1.2828292210272207
^GSPC,2025-09-09,6512.60986328125,U2,Uptrend,Low,0.0026881536531127015,1.3607122499548259
^GSPC,2025-09-10,6532.0400390625,U2,Uptrend,Low,0.002983469943562689,1.467829935065066
^GSPC,2025-09-11,6587.47021484375,U2,Uptrend,Low,0.008485890387959882,1.7988683230592444
^GSPC,2025-09-12,6584.2900390625,U2,Uptrend,Low,-0.00048276131466740146,1.7512809068349398
