ticker,date,price,sax_symbol,trend,volatility,daily_return,zscore
^IXIC,2020-01-03,9020.76953125,D2,Downtrend,Unknown,-0.007855191660339544,0.0
^IXIC,2020-01-06,9071.4697265625,D2,Downtrend,Unknown,0.005620384728471706,0.0
^IXIC,2020-01-07,9068.580078125,D2,Downtrend,Unknown,-0.00031854247708495986,0.0
^IXIC,2020-01-08,9129.240234375,D2,Downtrend,Unknown,0.006689046766684248,0.0
^IXIC,2020-01-09,9203.4296875,D2,Downtrend,Unknown,0.008126574744484083,0.0
^IXIC,2020-01-10,9178.8603515625,D2,Downtrend,Unknown,-0.0026695847930331418,0.0
^IXIC,2020-01-13,9273.9296875,D2,Downtrend,Unknown,0.010357422631592339,0.0
^IXIC,2020-01-14,9251.330078125,D2,Downtrend,Unknown,-0.002436896778014286,0.0
^IXIC,2020-01-15,9258.7001953125,D2,Downtrend,Unknown,0.0007966548728952638,0.0
^IXIC,2020-01-16,9357.1298828125,D2,Downtrend,Unknown,0.010631048141058974,0.0
^IXIC,2020-01-17,9388.9404296875,D2,Downtrend,Unknown,0.003399605143178608,0.0
^IXIC,2020-01-21,9370.8095703125,D2,Downtrend,Unknown,-0.0019310868474221587,0.0
^IXIC,2020-01-22,9383.76953125,D2,Downtrend,Unknown,0.0013830140117838674,0.0
^IXIC,2020-01-23,9402.48046875,D2,Downtrend,Unknown,0.0019939681423002398,0.0
^IXIC,2020-01-24,9314.91015625,D2,Downtrend,Unknown,-0.009313533039611022,0.0
^IXIC,2020-01-27,9139.3095703125,D2,Downtrend,Unknown,-0.018851559810233676,0.0
^IXIC,2020-01-28,9269.6796875,D2,Downtrend,Unknown,0.014264766521421501,0.0
^IXIC,2020-01-29,9275.16015625,D2,Downtrend,Unknown,0.0005912252564013176,0.0
^IXIC,2020-01-30,9298.9296875,D2,Downtrend,Unknown,0.002562708443798023,0.0
^IXIC,2020-01-31,9150.9404296875,D2,Downtrend,Low,-0.015914654996416755,0.0
^IXIC,2020-02-03,9273.400390625,D2,Downtrend,Low,0.01338222687366808,0.0
^IXIC,2020-02-04,9467.9697265625,D2,Downtrend,Low,0.02098144453400308,0.0
^IXIC,2020-02-05,9508.6796875,D2,Downtrend,Low,0.0042997561370825554,0.0
^IXIC,2020-02-06,9572.150390625,D2,Downtrend,Low,0.006675027996624783,0.0
^IXIC,2020-02-07,9520.509765625,D2,Downtrend,Low,-0.005394882329740391,0.0
^IXIC,2020-02-10,9628.3896484375,D2,Downtrend,Low,0.011331313707803048,0.0
^IXIC,2020-02-11,9638.9404296875,D2,Downtrend,Low,0.0010957991559588098,0.0
^IXIC,2020-02-12,9725.9599609375,D2,Downtrend,Low,0.009027914622439681,0.0
^IXIC,2020-02-13,9711.9697265625,D2,Downtrend,Low,-0.0014384425219915453,0.0
^IXIC,2020-02-14,9731.1796875,D2,Downtrend,Low,0.001977967547093895,0.0
^IXIC,2020-02-18,9732.740234375,D2,Downtrend,Low,0.00016036564169130685,0.0
^IXIC,2020-02-19,9817.1796875,D2,Downtrend,Low,0.008675814939226312,0.0
^IXIC,2020-02-20,9750.9697265625,D2,Downtrend,Low,-0.006744295515116572,0.0
^IXIC,2020-02-21,9576.58984375,D2,Downtrend,Medium,-0.017883337524623233,0.0
^IXIC,2020-02-24,9221.2802734375,D2,Downtrend,Medium,-0.03710188867954778,0.0
^IXIC,2020-02-25,8965.6103515625,D2,Downtrend,Medium,-0.027726076455074633,0.0
^IXIC,2020-02-26,8980.7802734375,D2,Downtrend,Medium,0.0016920121754293582,0.0
^IXIC,2020-02-27,8566.48046875,D2,Downtrend,Medium,-0.04613182731047061,0.0
^IXIC,2020-02-28,8567.3701171875,D2,Downtrend,Medium,0.00010385226940567982,0.0
^IXIC,2020-03-02,8952.169921875,D2,Downtrend,Medium,0.044914576985011,0.0
^IXIC,2020-03-03,8684.08984375,D2,Downtrend,Medium,-0.029945821009265572,0.0
^IXIC,2020-03-04,9018.08984375,D2,Downtrend,Medium,0.038461140546626416,0.0
^IXIC,2020-03-05,8738.58984375,D2,Downtrend,Medium,-0.030993259641753035,0.0
^IXIC,2020-03-06,8575.6201171875,D2,Downtrend,Medium,-0.018649430797928912,0.0
^IXIC,2020-03-09,7950.68017578125,D2,Downtrend,Medium,-0.07287402343694394,0.0
^IXIC,2020-03-10,8344.25,D2,Downtrend,High,0.04950140308971451,0.0
^IXIC,2020-03-11,7952.0498046875,D2,Downtrend,High,-0.047002450227701664,0.0
^IXIC,2020-03-12,7201.7998046875,D2,Downtrend,High,-0.09434674309481184,0.0
^IXIC,2020-03-13,7874.8798828125,D2,Downtrend,High,0.09345998172386105,0.0
^IXIC,2020-03-16,6904.58984375,D2,Downtrend,High,-0.12321331290147408,0.0
^IXIC,2020-03-17,7334.77978515625,D2,Downtrend,High,0.06230492341201921,0.0
^IXIC,2020-03-18,6989.83984375,D2,Downtrend,High,-0.047027988775385166,0.0
^IXIC,2020-03-19,7150.580078125,D2,Downtrend,High,0.022996268579562162,0.0
^IXIC,2020-03-20,6879.52001953125,D2,Downtrend,High,-0.037907422283539605,0.0
^IXIC,2020-03-23,6860.669921875,D2,Downtrend,High,-0.0027400309327879624,0.0
^IXIC,2020-03-24,7417.85986328125,D2,Downtrend,High,0.08121509236724389,0.0
^IXIC,2020-03-25,7384.2998046875,D2,Downtrend,High,-0.004524223861369192,0.0
^IXIC,2020-03-26,7797.5400390625,D2,Downtrend,High,0.055962006595761116,0.0
^IXIC,2020-03-27,7502.3798828125,D2,Downtrend,High,-0.03785298373222423,-1.4897228274119647
^IXIC,2020-03-30,7774.14990234375,D2,Downtrend,High,0.03622450792632592,-1.14211111369459
^IXIC,2020-03-31,7700.10009765625,D2,Downtrend,High,-0.00952513208745509,-1.1870098858596554
^IXIC,2020-04-01,7360.580078125,D2,Downtrend,High,-0.04409293583528773,-1.5058415406831331
^IXIC,2020-04-02,7487.31005859375,D2,Downtrend,High,0.017217390358319706,-1.319275178579389
^IXIC,2020-04-03,7373.080078125,D2,Downtrend,High,-0.01525647790392215,-1.3899455370581542
^IXIC,2020-04-06,7913.240234375,D2,Downtrend,High,0.0732611270359842,-0.7895986824237671
^IXIC,2020-04-07,7887.259765625,D2,Downtrend,High,-0.0032831644156512407,-0.7921261517554488
^IXIC,2020-04-08,8090.89990234375,D2,Downtrend,High,0.025818870275615025,-0.556248676898959
^IXIC,2020-04-09,8153.580078125,D2,Downtrend,High,0.007746996815903406,-0.4713137402504518
^IXIC,2020-04-13,8192.419921875,D2,Downtrend,High,0.004763532506929291,-0.4123069628005141
^IXIC,2020-04-14,8515.740234375,D2,Downtrend,High,0.039465788568367355,-0.05309259515940164
^IXIC,2020-04-15,8393.1796875,D2,Downtrend,High,-0.014392236435332606,-0.16778889203947117
^IXIC,2020-04-16,8532.3603515625,D2,Downtrend,High,0.016582590775434225,-0.0025331772936726237
^IXIC,2020-04-17,8650.1396484375,D2,Downtrend,High,0.01380383528380058,0.13972661893065563
^IXIC,2020-04-20,8560.73046875,D2,Downtrend,High,-0.010336154480887538,0.05769265557940387
^IXIC,2020-04-21,8263.23046875,D2,Downtrend,High,-0.03475170735558031,-0.25276888069944187
^IXIC,2020-04-22,8495.3798828125,D2,Downtrend,High,0.028094268330097538,0.016956076579026966
^IXIC,2020-04-23,8494.75,D2,Downtrend,High,-7.41441608484994e-05,0.030863589807601257
^IXIC,2020-04-24,8634.51953125,D2,Downtrend,Medium,0.016453636805085603,0.2011339081175506
^IXIC,2020-04-27,8730.16015625,D2,Downtrend,Medium,0.011076542783169163,0.3221990489508202
^IXIC,2020-04-28,8607.73046875,D2,Downtrend,Medium,-0.014023761913732113,0.19415916950993092
^IXIC,2020-04-29,8914.7099609375,D2,Downtrend,Medium,0.03566323240510094,0.5551841235177388
^IXIC,2020-04-30,8889.5498046875,D2,Downtrend,Medium,-0.0028223191063138087,0.5426477660317874
^IXIC,2020-05-01,8604.9501953125,D2,Downtrend,Medium,-0.03201507563689321,0.23263616683896343
^IXIC,2020-05-04,8710.7099609375,D2,Downtrend,Medium,0.01229057266160738,0.37980625147991814
^IXIC,2020-05-05,8809.1201171875,D2,Downtrend,Medium,0.0112976045226294,0.5186272550871
^IXIC,2020-05-06,8854.3896484375,D2,Downtrend,Medium,0.005138939036791523,0.5992097786522416
^IXIC,2020-05-07,8979.66015625,D2,Downtrend,Medium,0.014147842232649754,0.7797953037814402
^IXIC,2020-05-08,9121.3203125,D2,Downtrend,Medium,0.01577567010165759,0.9870691028757815
^IXIC,2020-05-11,9192.33984375,D2,Downtrend,Medium,0.0077861021011040865,1.1063819874747423
^IXIC,2020-05-12,9002.5498046875,D2,Downtrend,Medium,-0.020646542913830723,0.8956067242186155
^IXIC,2020-05-13,8863.169921875,D2,Downtrend,Medium,-0.015482267339407163,0.7494021710394537
^IXIC,2020-05-14,8943.7197265625,D2,Downtrend,Medium,0.009088148528969997,0.9057533670471531
^IXIC,2020-05-15,9014.5595703125,D2,Downtrend,Medium,0.00792062429456597,1.0507117631420835
^IXIC,2020-05-18,9234.830078125,D2,Downtrend,Medium,0.024434971680470374,1.395140503945552
^IXIC,2020-05-19,9185.099609375,D2,Downtrend,Medium,-0.005385098407798439,1.3250080170766865
^IXIC,2020-05-20,9375.7802734375,D2,Downtrend,Medium,0.020759781839260194,1.57314403603863
^IXIC,2020-05-21,9284.8798828125,D2,Downtrend,Medium,-0.009695234740358605,1.4218280996772186
^IXIC,2020-05-22,9324.58984375,D2,Downtrend,Medium,0.004276841643477525,1.4362738601847511
^IXIC,2020-05-26,9340.2197265625,D2,Downtrend,Medium,0.0016762005701491667,1.416695496462595
^IXIC,2020-05-27,9412.3603515625,D2,Downtrend,Medium,0.00772365395161323,1.4868699967103447
^IXIC,2020-05-28,9368.990234375,D2,Downtrend,Medium,-0.0046077833367589305,1.3911890868839576
^IXIC,2020-05-29,9489.8701171875,D2,Downtrend,Medium,0.012902124966358564,1.5232389694086104
^IXIC,2020-06-01,9552.0498046875,D2,Downtrend,Medium,0.006552216914684994,1.5579641411790106
^IXIC,2020-06-02,9608.3798828125,D2,Downtrend,Medium,0.005897171735574247,1.575268525295536
^IXIC,2020-06-03,9682.91015625,D2,Downtrend,Medium,0.007756799205120846,1.6010668036016924
^IXIC,2020-06-04,9615.8095703125,D2,Downtrend,Medium,-0.006929795366756419,1.4629530235203958
^IXIC,2020-06-05,9814.080078125,D2,Downtrend,Medium,0.02061922153956064,1.6341189315667077
^IXIC,2020-06-08,9924.75,D2,Downtrend,Medium,0.011276647530284345,1.7029218187059412
^IXIC,2020-06-09,9953.75,D2,Downtrend,Medium,0.0029219879593944675,1.6632712289070555
^IXIC,2020-06-10,10020.349609375,D2,Downtrend,Medium,0.0066909063795053125,1.6926182131064063
^IXIC,2020-06-11,9492.73046875,D2,Downtrend,Medium,-0.05265476367524757,1.0372738041666472
^IXIC,2020-06-12,9588.8095703125,D2,Downtrend,Medium,0.010121334623245826,1.1255294374569627
^IXIC,2020-06-15,9726.01953125,D2,Downtrend,Medium,0.014309384280850601,1.2611615039118984
^IXIC,2020-06-16,9895.8701171875,D2,Downtrend,Medium,0.017463525072283215,1.4495333452185957
^IXIC,2020-06-17,9910.5302734375,D2,Downtrend,Medium,0.0014814418617457026,1.4530334307021995
^IXIC,2020-06-18,9943.0498046875,D2,Downtrend,Medium,0.0032813109241147664,1.4568980339729984
^IXIC,2020-06-19,9946.1201171875,D2,Downtrend,Medium,0.00030878981402193695,1.427208758221576
^IXIC,2020-06-22,10056.48046875,D2,Downtrend,Medium,0.011095819300612542,1.5245278631077859
^IXIC,2020-06-23,10131.3701171875,D2,Downtrend,Medium,0.007446904378745289,1.58468294753525
^IXIC,2020-06-24,9909.169921875,D2,Downtrend,Medium,-0.021931899905181185,1.2439599669674346
^IXIC,2020-06-25,10017.0,D2,Downtrend,Medium,0.010881847720358495,1.357779970542432
^IXIC,2020-06-26,9757.2197265625,D2,Downtrend,Medium,-0.025933939646351156,0.9776088255424203
^IXIC,2020-06-29,9874.150390625,D2,Downtrend,Medium,0.011984014641401863,1.1340000079201111
^IXIC,2020-06-30,10058.76953125,D2,Downtrend,Medium,0.018697217818384404,1.4142301912220518
^IXIC,2020-07-01,10154.6298828125,D2,Downtrend,Medium,0.009530027630585192,1.5319059311839764
^IXIC,2020-07-02,10207.6298828125,D2,Downtrend,Medium,0.005219294116244111,1.5859208203289696
^IXIC,2020-07-06,10433.650390625,D2,Downtrend,Medium,0.022142310252948327,1.897723416957742
^IXIC,2020-07-07,10343.8896484375,D2,Downtrend,Medium,-0.008603004588705887,1.6985714834916745
^IXIC,2020-07-08,10492.5,D2,Downtrend,Medium,0.01436696993233566,1.883446469064143
^IXIC,2020-07-09,10547.75,D2,Downtrend,Medium,0.005265665951870391,1.8921361401846957
^IXIC,2020-07-10,10617.4404296875,D2,Downtrend,Medium,0.006607137037519806,1.9286235712277067
^IXIC,2020-07-13,10390.83984375,D2,Downtrend,Medium,-0.021342298780777758,1.5068579033545644
^IXIC,2020-07-14,10488.580078125,D2,Downtrend,Medium,0.00940638445445674,1.6047714483799163
^IXIC,2020-07-15,10550.490234375,D2,Downtrend,Medium,0.005902625120736804,1.6453195794373372
^IXIC,2020-07-16,10473.830078125,D2,Downtrend,Medium,-0.00726602788562658,1.4886516100506106
^IXIC,2020-07-17,10503.1904296875,D2,Downtrend,Medium,0.0028032106061965933,1.4936340014517224
^IXIC,2020-07-20,10767.08984375,D2,Downtrend,Medium,0.02512564309189158,1.8657583845701513
^IXIC,2020-07-21,10680.3603515625,D2,Downtrend,Medium,-0.00805505419255359,1.6657017284161793
^IXIC,2020-07-22,10706.1298828125,D2,Downtrend,Medium,0.002412796048237187,1.6495449188905469
^IXIC,2020-07-23,10461.419921875,D2,Downtrend,Medium,-0.022856995349024745,1.2145239183815775
^IXIC,2020-07-24,10363.1796875,D2,Downtrend,Medium,-0.009390717044975738,1.01711704835791
^IXIC,2020-07-27,10536.26953125,D2,Downtrend,Medium,0.01670238758465037,1.269423694059682
^IXIC,2020-07-28,10402.08984375,D2,Downtrend,Medium,-0.012735028000378179,1.0179523676381703
^IXIC,2020-07-29,10542.9404296875,D2,Downtrend,Medium,0.013540604633609066,1.2347419755717064
^IXIC,2020-07-30,10587.8095703125,D2,Downtrend,Medium,0.00425584692659875,1.2822328872795365
^IXIC,2020-07-31,10745.26953125,D2,Downtrend,Medium,0.014871816487803668,1.5251473208452264
^IXIC,2020-08-03,10902.7998046875,D2,Downtrend,Medium,0.014660430152948933,1.7514487806914647
^IXIC,2020-08-04,10941.169921875,D2,Downtrend,Medium,0.0035192902625804656,1.7528814141168143
^IXIC,2020-08-05,10998.400390625,D2,Downtrend,Medium,0.005230744898274242,1.782819410851089
^IXIC,2020-08-06,11108.0703125,D2,Downtrend,Medium,0.00997144293532748,1.9086957920256353
^IXIC,2020-08-07,11010.98046875,D2,Downtrend,Medium,-0.008740477960491821,1.6951510352574857
^IXIC,2020-08-10,10968.3603515625,D2,Downtrend,Medium,-0.0038706922883442463,1.5810855547431693
^IXIC,2020-08-11,10782.8203125,D2,Downtrend,Medium,-0.01691593210976783,1.2139990027332472
^IXIC,2020-08-12,11012.240234375,D2,Downtrend,Medium,0.021276430027220572,1.5941935518341073
^IXIC,2020-08-13,11042.5,D2,Downtrend,Medium,0.0027478301400056804,1.605143725408566
^IXIC,2020-08-14,11019.2998046875,D2,Downtrend,Medium,-0.002100991198777491,1.5111086141056207
^IXIC,2020-08-17,11129.73046875,D2,Downtrend,Medium,0.010021568159487293,1.6688520634017792
^IXIC,2020-08-18,11210.83984375,D2,Downtrend,Medium,0.007287631558350771,1.7643864245961014
^IXIC,2020-08-19,11146.4599609375,D2,Downtrend,Medium,-0.005742645841862681,1.594424448860269
^IXIC,2020-08-20,11264.9501953125,D2,Downtrend,Medium,0.010630301888693516,1.761577592967376
^IXIC,2020-08-21,11311.7998046875,D2,Downtrend,Medium,0.0041588829566681085,1.794545571888598
^IXIC,2020-08-24,11379.7197265625,D2,Downtrend,Low,0.0060043426375751,1.8561771344379054
^IXIC,2020-08-25,11466.4697265625,D2,Downtrend,Low,0.007623210596084284,1.9425396414354852
^IXIC,2020-08-26,11665.0595703125,D2,Downtrend,Low,0.017319179179443367,2.206338688935711
^IXIC,2020-08-27,11625.33984375,D2,Downtrend,Low,-0.003405017035968405,2.0356407191794017
^IXIC,2020-08-28,11695.6298828125,D2,Downtrend,Low,0.006046278217000989,2.0697723658763807
^IXIC,2020-08-31,11775.4599609375,D2,Downtrend,Low,0.0068256330719147496,2.1024253787391736
^IXIC,2020-09-01,11939.669921875,D1,Downtrend,Low,0.013945099510527026,2.253024263274101
^IXIC,2020-09-02,12056.4404296875,D1,Downtrend,Low,0.009780044890400408,2.3043882730391547
^IXIC,2020-09-03,11458.099609375,D2,Downtrend,Medium,-0.04962831474198304,1.2807107371663156
^IXIC,2020-09-04,11313.1298828125,D2,Downtrend,Medium,-0.012652161484430269,1.01948312105478
^IXIC,2020-09-08,10847.6904296875,D2,Downtrend,Medium,-0.04114152829024975,0.21626700055808415
^IXIC,2020-09-09,11141.5595703125,D2,Downtrend,Medium,0.02709047999938785,0.6946781515835327
^IXIC,2020-09-10,10919.58984375,D2,Downtrend,Medium,-0.01992268004866704,0.2809805916749808
^IXIC,2020-09-11,10853.5498046875,D2,Downtrend,Medium,-0.006047849782590431,0.13772740595024502
^IXIC,2020-09-14,11056.650390625,D2,Downtrend,Medium,0.01871282571991184,0.4827831605818897
^IXIC,2020-09-15,11190.3203125,D2,Downtrend,Medium,0.012089549470456262,0.7047125151638214
^IXIC,2020-09-16,11050.4697265625,D2,Downtrend,Medium,-0.012497460486567302,0.41609808485280264
^IXIC,2020-09-17,10910.2802734375,D2,Downtrend,Medium,-0.012686289053217337,0.12384265536931781
^IXIC,2020-09-18,10793.2802734375,D2,Downtrend,Medium,-0.010723830833645143,-0.13720979294026364
^IXIC,2020-09-21,10778.7998046875,D2,Downtrend,Medium,-0.0013416188946410168,-0.1967143710928505
^IXIC,2020-09-22,10963.6396484375,D2,Downtrend,Medium,0.01714846245401236,0.14977786334248933
^IXIC,2020-09-23,10632.990234375,D2,Downtrend,Medium,-0.030158726906864608,-0.6168041832069808
^IXIC,2020-09-24,10672.26953125,D2,Downtrend,Medium,0.003694096957600479,-0.568003074625795
^IXIC,2020-09-25,10913.5595703125,D2,Downtrend,Medium,0.022609065331040012,-0.038891972160863486
^IXIC,2020-09-28,11117.5302734375,D2,Downtrend,Medium,0.018689658659109654,0.4214815017547237
^IXIC,2020-09-29,11085.25,D2,Downtrend,Medium,-0.0029035471587268713,0.3201264793304079
^IXIC,2020-09-30,11167.509765625,D2,Downtrend,Medium,0.007420650470219448,0.4986436570316793
^IXIC,2020-10-01,11326.509765625,D2,Downtrend,Medium,0.014237731001536469,0.8695286950887924
^IXIC,2020-10-02,11075.01953125,D2,Downtrend,Medium,-0.02220368318034316,0.21183327057719198
^IXIC,2020-10-05,11332.490234375,D2,Downtrend,Medium,0.023247878019402535,0.842329711075984
^IXIC,2020-10-06,11154.599609375,D2,Downtrend,Medium,-0.01569739936421055,0.3605753870607023
^IXIC,2020-10-07,11364.599609375,D2,Downtrend,Medium,0.01882631446703864,0.8812833830155178
^IXIC,2020-10-08,11420.98046875,D2,Downtrend,Medium,0.004961095094673684,0.9975721099803693
^IXIC,2020-10-09,11579.9404296875,D2,Downtrend,Medium,0.013918241202884873,1.3766833260847167
^IXIC,2020-10-12,11876.259765625,D1,Downtrend,Medium,0.02558902074986724,2.068296582784855
^IXIC,2020-10-13,11863.900390625,D1,Downtrend,Medium,-0.0010406790726970039,1.9345692517740387
^IXIC,2020-10-14,11768.73046875,D2,Downtrend,Medium,-0.008021807225404909,1.6241914353219606
^IXIC,2020-10-15,11713.8701171875,D2,Downtrend,Medium,-0.004661535218957846,1.4317152481881446
^IXIC,2020-10-16,11671.5595703125,D2,Downtrend,Medium,-0.003612004098706767,1.2896418691469802
^IXIC,2020-10-19,11478.8798828125,D2,Downtrend,Medium,-0.016508478266271776,0.7799905341721001
^IXIC,2020-10-20,11516.490234375,D2,Downtrend,Medium,0.0032764827183890954,0.850985999875606
^IXIC,2020-10-21,11484.6904296875,D2,Downtrend,Medium,-0.0027612409718876796,0.7443180862091593
^IXIC,2020-10-22,11506.009765625,D2,Downtrend,Medium,0.0018563265651803107,0.7779338091036151
^IXIC,2020-10-23,11548.2802734375,D2,Downtrend,Medium,0.0036737764588716804,0.8712139104589999
^IXIC,2020-10-26,11358.9404296875,D2,Downtrend,Medium,-0.01639550125792366,0.3016174136374678
^IXIC,2020-10-27,11431.349609375,D2,Downtrend,Medium,0.006374642083539106,0.49157601115512345
^IXIC,2020-10-28,11004.8701171875,D2,Downtrend,Medium,-0.037307886361706455,-0.7727918147755849
^IXIC,2020-10-29,11185.58984375,D2,Downtrend,Medium,0.01642179549945344,-0.24822548775469333
^IXIC,2020-10-30,10911.58984375,D2,Downtrend,Medium,-0.024495802530529853,-1.0457324126917102
^IXIC,2020-11-02,10957.6103515625,D2,Downtrend,Medium,0.0042175804325030875,-0.905217399287778
^IXIC,2020-11-03,11160.5703125,D2,Downtrend,Medium,0.018522283091455094,-0.31852436069706325
^IXIC,2020-11-04,11590.7802734375,D2,Downtrend,Medium,0.03854730976029597,0.9262029321706576
^IXIC,2020-11-05,11890.9296875,D1,Downtrend,Medium,0.02589553136041678,1.743786050463514
^IXIC,2020-11-06,11895.23046875,D1,Downtrend,Medium,0.0003616858700730141,1.6805026582631404
^IXIC,2020-11-09,11713.7802734375,D2,Downtrend,Medium,-0.01525402940188414,1.120388471286508
^IXIC,2020-11-10,11553.8603515625,D2,Downtrend,Medium,-0.013652289708527277,0.6422744989533554
^IXIC,2020-11-11,11786.4296875,D2,Downtrend,Medium,0.020129145485651367,1.2627957088669701
^IXIC,2020-11-12,11709.58984375,D2,Downtrend,Medium,-0.006519348588783558,1.0131497004439844
^IXIC,2020-11-13,11829.2900390625,D1,Downtrend,Medium,0.010222407181613713,1.3033056504713678
^IXIC,2020-11-16,11924.1298828125,D1,Downtrend,Medium,0.008017374114323017,1.5068903018513722
^IXIC,2020-11-17,11899.33984375,D1,Downtrend,Medium,-0.0020789809660017866,1.3924595333018328
^IXIC,2020-11-18,11801.599609375,D2,Downtrend,Medium,-0.008213920743371017,1.1060958016169948
^IXIC,2020-11-19,11904.7099609375,D1,Downtrend,Medium,0.00873698100049003,1.352082036526232
^IXIC,2020-11-20,11854.9697265625,D1,Downtrend,Medium,-0.00417819791815266,1.2013519746304615
^IXIC,2020-11-23,11880.6298828125,D1,Downtrend,Medium,0.0021645062654613856,1.249322466341469
^IXIC,2020-11-24,12036.7900390625,D1,Downtrend,Medium,0.01314409739132727,1.6142755468913268
^IXIC,2020-11-25,12094.400390625,D1,Downtrend,Medium,0.004786188956984239,1.7353168670519816
^IXIC,2020-11-27,12205.849609375,D1,Downtrend,Medium,0.009214943705385448,1.984722911536826
^IXIC,2020-11-30,12198.740234375,D1,Downtrend,Medium,-0.000582456381777785,1.8772481644167958
^IXIC,2020-12-01,12355.1103515625,D1,Downtrend,Medium,0.012818546356685445,2.1234616403907527
^IXIC,2020-12-02,12349.3701171875,D1,Downtrend,Medium,-0.0004646040554606712,2.0113769504885823
^IXIC,2020-12-03,12377.1796875,D1,Downtrend,Medium,0.0022519019228190995,1.967418298166352
^IXIC,2020-12-04,12464.23046875,D1,Downtrend,Low,0.007033167769060933,2.050393505590623
^IXIC,2020-12-07,12519.9501953125,D1,Downtrend,Low,0.00447037036920972,2.06546193134588
^IXIC,2020-12-08,12582.76953125,D1,Downtrend,Low,0.005017538804668709,2.079762525671928
^IXIC,2020-12-09,12338.9501953125,D1,Downtrend,Low,-0.019377239274069313,1.5228810896060865
^IXIC,2020-12-10,12405.8095703125,D1,Downtrend,Low,0.005418562676863692,1.5907933409409791
^IXIC,2020-12-11,12377.8701171875,D1,Downtrend,Low,-0.002252126551407052,1.4827726258963019
^IXIC,2020-12-14,12440.0400390625,D1,Downtrend,Low,0.0050226671702324754,1.554254797910739
^IXIC,2020-12-15,12595.0595703125,D1,Downtrend,Low,0.012461337002391382,1.795080424208834
^IXIC,2020-12-16,12658.1904296875,D1,Downtrend,Low,0.005012350995449388,1.8400077878758505
^IXIC,2020-12-17,12764.75,D1,Downtrend,Low,0.008418230939438498,1.985074610002398
^IXIC,2020-12-18,12755.6396484375,D1,Downtrend,Low,-0.0007137117109617952,1.9120068606236704
^IXIC,2020-12-21,12742.51953125,D1,Downtrend,Low,-0.0010285738347199924,1.819339810175001
^IXIC,2020-12-22,12807.919921875,D1,Downtrend,Low,0.00513245363011694,1.8638616924090576
^IXIC,2020-12-23,12771.1103515625,D1,Downtrend,Low,-0.002873969429620815,1.7253162938949456
^IXIC,2020-12-24,12804.73046875,D1,Downtrend,Low,0.0026325132476352486,1.7189793571008662
^IXIC,2020-12-28,12899.419921875,D1,Downtrend,Low,0.0073948806151047375,1.8128671098139693
^IXIC,2020-12-29,12850.2197265625,D1,Downtrend,Low,-0.0038141401404465647,1.6622641140349899
^IXIC,2020-12-30,12870.0,D1,Downtrend,Low,0.0015392945691514726,1.631416386079224
^IXIC,2020-12-31,12888.2802734375,D1,Downtrend,Low,0.0014203786664723772,1.6069768488506295
^IXIC,2021-01-04,12698.4501953125,D1,Downtrend,Low,-0.01472889121725851,1.2203721287402443
^IXIC,2021-01-05,12818.9599609375,D1,Downtrend,Low,0.009490116019786887,1.387724920246068
^IXIC,2021-01-06,12740.7900390625,D1,Downtrend,Low,-0.006097992513683037,1.2042026370181778
^IXIC,2021-01-07,13067.48046875,D1,Downtrend,Low,0.025641300789502663,1.7104569072436873
^IXIC,2021-01-08,13201.98046875,D1,Downtrend,Low,0.010292726308001487,1.8516412742028097
^IXIC,2021-01-11,13036.4296875,D1,Downtrend,Low,-0.012539844430301206,1.5089602014495964
^IXIC,2021-01-12,13072.4296875,D1,Downtrend,Low,0.002761492284541589,1.5072604293079328
^IXIC,2021-01-13,13128.9501953125,D1,Downtrend,Low,0.004323642135673156,1.536414448378467
^IXIC,2021-01-14,13112.6396484375,D1,Downtrend,Low,-0.001242334431341141,1.4551578858406278
^IXIC,2021-01-15,12998.5,D1,Downtrend,Low,-0.008704551600417165,1.2292843060399532
^IXIC,2021-01-19,13197.1796875,D1,Downtrend,Low,0.015284816517290523,1.490889182485743
^IXIC,2021-01-20,13457.25,D1,Downtrend,Medium,0.0197065068945248,1.8212825785514397
^IXIC,2021-01-21,13530.91015625,D1,Downtrend,Medium,0.005473641067082813,1.8499045363083981
^IXIC,2021-01-22,13543.0595703125,D1,Downtrend,Medium,0.0008979007267215788,1.7958540960290978
^IXIC,2021-01-25,13635.990234375,D1,Downtrend,Medium,0.006861866299858299,1.8566288947013634
^IXIC,2021-01-26,13626.0595703125,D1,Downtrend,Medium,-0.0007282686399603389,1.7949683427243392
^IXIC,2021-01-27,13270.599609375,D1,Downtrend,Medium,-0.026086775791876904,1.2269813542675134
^IXIC,2021-01-28,13337.16015625,D1,Downtrend,Medium,0.005015639747580014,1.3162075830012963
^IXIC,2021-01-29,13070.6904296875,D1,Downtrend,Medium,-0.019979495142946724,0.8753821607545681
^IXIC,2021-02-01,13403.3896484375,D1,Downtrend,Medium,0.025453836623223758,1.4183244190339033
^IXIC,2021-02-02,13612.7802734375,D1,Downtrend,Medium,0.015622214267598356,1.7250249023886233
^IXIC,2021-02-03,13610.5400390625,D1,Downtrend,Medium,-0.0001645684665440017,1.6546230415239365
^IXIC,2021-02-04,13777.740234375,D1,Downtrend,Medium,0.012284611399153267,1.8592469006630414
^IXIC,2021-02-05,13856.2998046875,D1,Downtrend,Medium,0.005701919834175451,1.9151431487800303
^IXIC,2021-02-08,13987.6396484375,D1,Downtrend,Medium,0.009478709727799739,2.060229874086352
^IXIC,2021-02-09,14007.7001953125,D1,Downtrend,Medium,0.0014341624018918697,2.0065521354776603
^IXIC,2021-02-10,13972.5302734375,D1,Downtrend,Medium,-0.00251075632577924,1.880680203523403
^IXIC,2021-02-11,14025.76953125,D1,Downtrend,Medium,0.003810280369455299,1.8936851440810187
^IXIC,2021-02-12,14095.4697265625,D1,Downtrend,Medium,0.004969438229909917,1.9256410622853217
^IXIC,2021-02-16,14047.5,D1,Downtrend,Medium,-0.0034032017018987837,1.7816440190948089
^IXIC,2021-02-17,13965.490234375,D1,Downtrend,Medium,-0.005838032790532077,1.603076941355316
^IXIC,2021-02-18,13865.3603515625,D1,Downtrend,Medium,-0.007169807943156803,1.4009282913497179
^IXIC,2021-02-19,13874.4599609375,D1,Downtrend,Medium,0.0006562836554027118,1.3815656521790785
^IXIC,2021-02-22,13533.0498046875,D1,Downtrend,Medium,-0.024607095138204582,0.7890844013346584
^IXIC,2021-02-23,13465.2001953125,D1,Downtrend,Medium,-0.0050136229714826674,0.647629010609414
^IXIC,2021-02-24,13597.9697265625,D1,Downtrend,Medium,0.009860197347546285,0.8543795628576962
^IXIC,2021-02-25,13119.4296875,D1,Downtrend,Medium,-0.03519202121238085,-0.03106633956014045
^IXIC,2021-02-26,13192.349609375,D1,Downtrend,Medium,0.005558162482053319,0.07425749490474748
^IXIC,2021-03-01,13588.830078125,D1,Downtrend,Medium,0.030053817590480314,0.7935888075428078
^IXIC,2021-03-02,13358.7900390625,D1,Downtrend,Medium,-0.016928612525136666,0.3287151472619387
^IXIC,2021-03-03,12997.75,D1,Downtrend,Medium,-0.027026402691170515,-0.40417064758960763
^IXIC,2021-03-04,12723.4697265625,D1,Downtrend,Medium,-0.02110213486468815,-0.9694830965367687
^IXIC,2021-03-05,12920.150390625,D1,Downtrend,Medium,0.0154580997392475,-0.5949465796631943
^IXIC,2021-03-08,12609.16015625,D1,Downtrend,Medium,-0.02407017139681733,-1.2320057499779857
^IXIC,2021-03-09,13073.8203125,D1,Downtrend,Medium,0.03685099962979543,-0.31607638202002897
^IXIC,2021-03-10,13068.830078125,D1,Downtrend,Medium,-0.00038169672335397475,-0.3586263257448446
^IXIC,2021-03-11,13398.669921875,D1,Downtrend,Medium,0.025238666489519668,0.32436661831435787
^IXIC,2021-03-12,13319.8603515625,D1,Downtrend,Medium,-0.005881895051674801,0.12049602468198582
^IXIC,2021-03-15,13459.7099609375,D1,Downtrend,Medium,0.010499329999251517,0.4146243842053769
^IXIC,2021-03-16,13471.5703125,D1,Downtrend,Medium,0.0008811743787140447,0.4176980881956744
^IXIC,2021-03-17,13525.2001953125,D1,Downtrend,Medium,0.003980967442432259,0.52050255339951
^IXIC,2021-03-18,13116.169921875,D1,Downtrend,Medium,-0.030242086440928184,-0.47904492052954467
^IXIC,2021-03-19,13215.240234375,D1,Downtrend,Medium,0.0075532959004116496,-0.26211404830269547
^IXIC,2021-03-22,13377.5400390625,D1,Downtrend,Medium,0.012281260257784199,0.11611915276785913
^IXIC,2021-03-23,13227.7001953125,D1,Downtrend,Medium,-0.011200851824211822,-0.28199689665721067
^IXIC,2021-03-24,12961.8896484375,D1,Downtrend,Medium,-0.02009499330572939,-0.9716811112491538
^IXIC,2021-03-25,12977.6796875,D1,Downtrend,Medium,0.0012181895920093666,-0.9378808020520679
^IXIC,2021-03-26,13138.73046875,D1,Downtrend,Medium,0.012409828654125432,-0.542513410004988
^IXIC,2021-03-29,13059.650390625,D1,Downtrend,Medium,-0.0060188523018330775,-0.7627000216137467
^IXIC,2021-03-30,13045.3896484375,D1,Downtrend,Medium,-0.0010919696746045648,-0.8126977421773759
^IXIC,2021-03-31,13246.8701171875,D1,Downtrend,Medium,0.015444572694241598,-0.31277509135838183
^IXIC,2021-04-01,13480.1103515625,D1,Downtrend,Medium,0.017607195685596322,0.2944929421315648
^IXIC,2021-04-05,13705.58984375,D1,Downtrend,Medium,0.016726828364677537,0.889856616832471
^IXIC,2021-04-06,13698.3798828125,D1,Downtrend,Medium,-0.0005260598791950732,0.8408054381465786
^IXIC,2021-04-07,13688.83984375,D1,Downtrend,Medium,-0.0006964355744338846,0.78892828176824
^IXIC,2021-04-08,13829.3095703125,D1,Downtrend,Medium,0.010261623933502051,1.1442904122502782
^IXIC,2021-04-09,13900.1904296875,D1,Downtrend,Medium,0.005125408395453057,1.2960952229790814
^IXIC,2021-04-12,13850.0,D1,Downtrend,Medium,-0.0036107728121699267,1.1176240301428206
^IXIC,2021-04-13,13996.099609375,D1,Downtrend,Medium,0.010548708258122819,1.4652775671108915
^IXIC,2021-04-14,13857.83984375,D1,Downtrend,Medium,-0.009878449674107004,1.0515278630207787
^IXIC,2021-04-15,14038.759765625,D1,Downtrend,Medium,0.013055420174782562,1.4897147027821231
^IXIC,2021-04-16,14052.33984375,D1,Downtrend,Medium,0.0009673274813244426,1.4715083528516455
^IXIC,2021-04-19,13914.76953125,D1,Downtrend,Medium,-0.009789850945085554,1.0770290650206
^IXIC,2021-04-20,13786.26953125,D1,Downtrend,Medium,-0.009234791831184364,0.7241244879008705
^IXIC,2021-04-21,13950.2197265625,D1,Downtrend,Medium,0.01189228129776998,1.129382637853684
^IXIC,2021-04-22,13818.41015625,D1,Downtrend,Low,-0.00944856589330434,0.7749059948476392
^IXIC,2021-04-23,14016.8095703125,D1,Downtrend,Low,0.014357615081555863,1.2437454739228289
^IXIC,2021-04-26,14138.7802734375,U1,Uptrend,Low,0.008701745037853259,1.4956113550691872
^IXIC,2021-04-27,14090.2197265625,D1,Downtrend,Low,-0.0034345640809080313,1.3266146775862029
^IXIC,2021-04-28,14051.0302734375,D1,Downtrend,Low,-0.002781323065609853,1.1880550795233775
^IXIC,2021-04-29,14082.5498046875,D1,Downtrend,Low,0.0022432185139893424,1.230603534628714
^IXIC,2021-04-30,13962.6796875,D1,Downtrend,Low,-0.008511961175354799,0.9158126933722579
^IXIC,2021-05-03,13895.1201171875,D1,Downtrend,Low,-0.00483858197885767,0.744500223840303
^IXIC,2021-05-04,13633.5,D1,Downtrend,Low,-0.018828201194453165,0.11927220073659993
^IXIC,2021-05-05,13582.419921875,D1,Downtrend,Low,-0.0037466591942640903,0.011456596162833808
^IXIC,2021-05-06,13632.83984375,D1,Downtrend,Low,0.0037121457122524237,0.15200782632053825
^IXIC,2021-05-07,13752.240234375,D1,Downtrend,Low,0.008758291888812941,0.4601218093628586
^IXIC,2021-05-10,13401.8603515625,D1,Downtrend,Medium,-0.02547802225972562,-0.3921060099895331
^IXIC,2021-05-11,13389.4296875,D1,Downtrend,Medium,-0.0009275327257869392,-0.39961952313860494
^IXIC,2021-05-12,13031.6796875,D1,Downtrend,Medium,-0.026718837795905892,-1.2716942651610943
^IXIC,2021-05-13,13124.990234375,D1,Downtrend,Medium,0.007160285482193274,-0.9993179982258793
^IXIC,2021-05-14,13429.98046875,D1,Downtrend,Medium,0.023237368480184983,-0.2000262281656873
^IXIC,2021-05-17,13379.0498046875,D1,Downtrend,Medium,-0.0037923111043243196,-0.3123410645747316
^IXIC,2021-05-18,13303.6396484375,D1,Downtrend,Medium,-0.005636435871819501,-0.497381031139265
^IXIC,2021-05-19,13299.740234375,D1,Downtrend,Medium,-0.0002931088157486217,-0.49929283443607714
^IXIC,2021-05-20,13535.740234375,D1,Downtrend,Medium,0.017744707478573485,0.11431903793343753
^IXIC,2021-05-21,13470.990234375,D1,Downtrend,Medium,-0.004783631990481263,-0.0690967401646713
^IXIC,2021-05-24,13661.169921875,D1,Downtrend,Medium,0.014117721428874797,0.40865454181470495
^IXIC,2021-05-25,13657.169921875,D1,Downtrend,Medium,-0.00029280069151282895,0.39481582228816087
^IXIC,2021-05-26,13738.0,D1,Downtrend,Medium,0.005918508635931463,0.5889381503498075
^IXIC,2021-05-27,13736.2802734375,D1,Downtrend,Medium,-0.00012518027096375395,0.559580999286699
^IXIC,2021-05-28,13748.740234375,D1,Downtrend,Medium,0.0009070840642058098,0.5683259451090239
^IXIC,2021-06-01,13736.48046875,D1,Downtrend,Medium,-0.0008917010152208471,0.5090753356877926
^IXIC,2021-06-02,13756.330078125,D1,Downtrend,Medium,0.0014450287626555092,0.5442521874773929
^IXIC,2021-06-03,13614.509765625,D1,Downtrend,Medium,-0.010309458387126047,0.09374368832632093
^IXIC,2021-06-04,13814.490234375,D1,Downtrend,Medium,0.014688774858050868,0.6794765836002685
^IXIC,2021-06-07,13881.7197265625,D1,Downtrend,Medium,0.004866592327830599,0.8610382632111886
^IXIC,2021-06-08,13924.91015625,D1,Downtrend,Medium,0.0031113169361038917,0.9625710513003788
^IXIC,2021-06-09,13911.75,D1,Downtrend,Medium,-0.0009450801550839882,0.8939793754655333
^IXIC,2021-06-10,14020.330078125,D1,Downtrend,Low,0.007804918728772536,1.1882314792271582
^IXIC,2021-06-11,14069.419921875,D1,Downtrend,Low,0.003501332955533787,1.2925630166844049
^IXIC,2021-06-14,14174.1396484375,U1,Uptrend,Low,0.007443073498693664,1.5557752672704386
^IXIC,2021-06-15,14072.8603515625,D1,Downtrend,Low,-0.0071453576292487275,1.2108833268043397
^IXIC,2021-06-16,14039.6796875,D1,Downtrend,Low,-0.0023577768295566237,1.0738800974601435
^IXIC,2021-06-17,14161.349609375,U1,Uptrend,Low,0.008666146563395483,1.392753347958771
^IXIC,2021-06-18,14030.3798828125,D1,Downtrend,Low,-0.009248392997500465,0.979480677794646
^IXIC,2021-06-21,14141.48046875,U1,Uptrend,Low,0.007918572901479237,1.3082205128464102
^IXIC,2021-06-22,14253.26953125,U1,Uptrend,Low,0.00790504662839453,1.6246728620804296
^IXIC,2021-06-23,14271.73046875,U1,Uptrend,Low,0.0012952072125995695,1.6550704135831709
^IXIC,2021-06-24,14369.7099609375,U1,Uptrend,Low,0.006865284655006576,1.9460599613900014
^IXIC,2021-06-25,14360.3896484375,U1,Uptrend,Low,-0.0006486082548177174,1.8523376768664674
^IXIC,2021-06-28,14500.509765625,U1,Uptrend,Low,0.009757403567579814,2.1987732050935387
^IXIC,2021-06-29,14528.330078125,U1,Uptrend,Low,0.0019185747914842732,2.1565620593226282
^IXIC,2021-06-30,14503.9501953125,U1,Uptrend,Low,-0.0016780925737093222,1.9713617985038008
^IXIC,2021-07-01,14522.3798828125,U1,Uptrend,Low,0.0012706667667650162,1.925298278588058
^IXIC,2021-07-02,14639.330078125,U1,Uptrend,Low,0.008053101231080717,2.142375253737537
^IXIC,2021-07-06,14663.6396484375,U1,Uptrend,Low,0.0016605657624200187,2.0917490904632965
^IXIC,2021-07-07,14665.0595703125,U1,Uptrend,Low,9.683284021178018e-05,1.9874544327092447
^IXIC,2021-07-08,14559.7802734375,U1,Uptrend,Low,-0.007178920506270892,1.6452628313417357
^IXIC,2021-07-09,14701.919921875,U1,Uptrend,Low,0.009762485818334499,1.913054871251848
^IXIC,2021-07-12,14733.240234375,U1,Uptrend,Low,0.0021303552642399914,1.901357724881359
^IXIC,2021-07-13,14677.650390625,U1,Uptrend,Low,-0.0037730901597803346,1.6985577895732575
^IXIC,2021-07-14,14644.9501953125,U1,Uptrend,Low,-0.0022278903259194127,1.5589917407202682
^IXIC,2021-07-15,14543.1298828125,U1,Uptrend,Low,-0.006952588512905256,1.2780202341432447
^IXIC,2021-07-16,14427.240234375,U1,Uptrend,Low,-0.00796868689005259,0.9869172230332552
^IXIC,2021-07-19,14274.98046875,U1,Uptrend,Low,-0.010553630711868212,0.6236753158711875
^IXIC,2021-07-20,14498.8798828125,U1,Uptrend,Low,0.01568474398635078,1.099798302860522
^IXIC,2021-07-21,14631.9501953125,U1,Uptrend,Low,0.009177971924420714,1.3578780361528464
^IXIC,2021-07-22,14684.599609375,U1,Uptrend,Low,0.0035982499502607013,1.4266260142387341
^IXIC,2021-07-23,14836.990234375,U1,Uptrend,Low,0.010377581211183262,1.6851749987154807
^IXIC,2021-07-26,14840.7099609375,U1,Uptrend,Low,0.00025070627558165803,1.6279805477029246
^IXIC,2021-07-27,14660.580078125,U1,Uptrend,Low,-0.0121375515919806,1.217240773985555
^IXIC,2021-07-28,14762.580078125,U1,Uptrend,Low,0.006957432752077386,1.3738945023782516
^IXIC,2021-07-29,14778.259765625,U1,Uptrend,Low,0.0010621237898131852,1.3545405846046898
^IXIC,2021-07-30,14672.6796875,U1,Uptrend,Low,-0.0071442835489050616,1.107031262240777
^IXIC,2021-08-02,14681.0703125,U1,Uptrend,Low,0.0005718536203818125,1.0864556446166462
^IXIC,2021-08-03,14761.2900390625,U1,Uptrend,Low,0.005464160640535676,1.202486566215852
^IXIC,2021-08-04,14780.5302734375,U1,Uptrend,Low,0.0013034249936207942,1.2026177823713873
^IXIC,2021-08-05,14895.1201171875,U1,Uptrend,Low,0.0077527559316279415,1.3850911435747935
^IXIC,2021-08-06,14835.759765625,U1,Uptrend,Low,-0.003985221407782014,1.250260134167804
^IXIC,2021-08-09,14860.1796875,U1,Uptrend,Low,0.00164601761290184,1.2810942957588891
^IXIC,2021-08-10,14788.08984375,U1,Uptrend,Low,-0.00485120942451589,1.0984556685830205
^IXIC,2021-08-11,14765.1396484375,U1,Uptrend,Low,-0.0015519377793203892,1.023838585350987
^IXIC,2021-08-12,14816.259765625,U1,Uptrend,Low,0.003462216978957544,1.11703717794938
^IXIC,2021-08-13,14822.900390625,U1,Uptrend,Low,0.00044819847282950853,1.116763484384307
^IXIC,2021-08-16,14793.759765625,U1,Uptrend,Low,-0.0019659192352415866,1.0224734274563176
^IXIC,2021-08-17,14656.1796875,U1,Uptrend,Low,-0.009299872399218145,0.6659730164617068
^IXIC,2021-08-18,14525.91015625,U1,Uptrend,Low,-0.008888368867441265,0.30941275521762435
^IXIC,2021-08-19,14541.7900390625,U1,Uptrend,Low,0.0010932108653904926,0.3228632665087732
^IXIC,2021-08-20,14714.66015625,U1,Uptrend,Low,0.011887815511235633,0.7628838883886863
^IXIC,2021-08-23,14942.650390625,U1,Uptrend,Low,0.01549408766183169,1.3593434904082378
^IXIC,2021-08-24,15019.7998046875,U1,Uptrend,Low,0.005163034136896005,1.538554449578647
^IXIC,2021-08-25,15041.8603515625,U1,Uptrend,Low,0.0014687643751494228,1.5680862416170016
^IXIC,2021-08-26,14945.8095703125,U1,Uptrend,Low,-0.006385565282822414,1.2669088562164639
^IXIC,2021-08-27,15129.5,U1,Uptrend,Low,0.012290430225497584,1.80723082478868
^IXIC,2021-08-30,15265.8896484375,U1,Uptrend,Low,0.009014815323540093,2.164076310172783
^IXIC,2021-08-31,15259.240234375,U1,Uptrend,Low,-0.00043557330857424414,2.0772878541264896
^IXIC,2021-09-01,15309.3798828125,U1,Uptrend,Low,0.003285854843843916,2.1556647983445223
^IXIC,2021-09-02,15331.1796875,U1,Uptrend,Low,0.0014239508624365182,2.1532683684067657
^IXIC,2021-09-03,15363.51953125,U1,Uptrend,Low,0.0021094165230068906,2.1648954411541967
^IXIC,2021-09-07,15374.330078125,U1,Uptrend,Low,0.0007036504137616362,2.1096173753204903
^IXIC,2021-09-08,15286.6396484375,U1,Uptrend,Low,-0.005703691103410624,1.7733904592126957
^IXIC,2021-09-09,15248.25,U1,Uptrend,Low,-0.002511320298010933,1.6127762030990798
^IXIC,2021-09-10,15115.490234375,U1,Uptrend,Low,-0.008706557514796764,1.1822727394444559
^IXIC,2021-09-13,15105.580078125,U1,Uptrend,Low,-0.0006556291656001356,1.1220925439257086
^IXIC,2021-09-14,15037.759765625,U1,Uptrend,Low,-0.004489752273612702,0.8872300003973677
^IXIC,2021-09-15,15161.5302734375,U1,Uptrend,Low,0.008230648031459342,1.2772255130564514
^IXIC,2021-09-16,15181.919921875,U1,Uptrend,Low,0.001344827868280607,1.3137488062503766
^IXIC,2021-09-17,15043.9697265625,U1,Uptrend,Low,-0.009086478918501784,0.8077668688315237
^IXIC,2021-09-20,14713.900390625,U1,Uptrend,Low,-0.021940308438318068,-0.40164628824327453
^IXIC,2021-09-21,14746.400390625,U1,Uptrend,Low,0.0022087957059100383,-0.31401435444527875
^IXIC,2021-09-22,14896.849609375,U1,Uptrend,Low,0.010202436849988672,0.22741573164334714
^IXIC,2021-09-23,15052.240234375,U1,Uptrend,Low,0.010431106514105393,0.7887380986116937
^IXIC,2021-09-24,15047.7001953125,U1,Uptrend,Low,-0.0003016188282812804,0.7442798885493801
^IXIC,2021-09-27,14969.9697265625,U1,Uptrend,Low,-0.0051656045602379574,0.42116110163940174
^IXIC,2021-09-28,14546.6796875,U1,Uptrend,Low,-0.028275944894625926,-1.218223037707969
^IXIC,2021-09-29,14512.4404296875,U1,Uptrend,Low,-0.0023537507216799813,-1.3274909095268952
^IXIC,2021-09-30,14448.580078125,U1,Uptrend,Low,-0.004400386817909885,-1.534238255828735
^IXIC,2021-10-01,14566.7001953125,U1,Uptrend,Low,0.00817520590596521,-1.088712243906931
^IXIC,2021-10-04,14255.48046875,U1,Uptrend,Medium,-0.02136514944288126,-2.152540168792975
^IXIC,2021-10-05,14433.830078125,U1,Uptrend,Medium,0.01251095042120598,-1.460134467841345
^IXIC,2021-10-06,14501.91015625,U1,Uptrend,Medium,0.004716702202846257,-1.1948430416130271
^IXIC,2021-10-07,14654.01953125,U1,Uptrend,Medium,0.010488919967170274,-0.6568049594326275
^IXIC,2021-10-08,14579.5400390625,U1,Uptrend,Medium,-0.00508252988394553,-0.9248762131731666
^IXIC,2021-10-11,14486.2001953125,U1,Uptrend,Medium,-0.006402111692132784,-1.2659761323148704
^IXIC,2021-10-12,14465.919921875,U1,Uptrend,Medium,-0.0013999719156209123,-1.3767559003339915
^IXIC,2021-10-13,14571.6396484375,U1,Uptrend,Medium,0.00730819243666847,-1.0014199140649458
^IXIC,2021-10-14,14823.4296875,U1,Uptrend,Medium,0.017279458258460334,-0.09237138525414194
^IXIC,2021-10-15,14897.33984375,U1,Uptrend,Medium,0.004986036147378581,0.1668935319346455
^IXIC,2021-10-18,15021.8095703125,U1,Uptrend,Medium,0.008355164604418874,0.6126530390313368
^IXIC,2021-10-19,15129.08984375,U1,Uptrend,Medium,0.007141634497185745,0.9811854546543702
^IXIC,2021-10-20,15121.6796875,U1,Uptrend,Medium,-0.0004897952438996933,0.9235317273264056
^IXIC,2021-10-21,15215.7001953125,U1,Uptrend,Medium,0.00621759683814882,1.2233754973012496
^IXIC,2021-10-22,15090.2001953125,U1,Uptrend,Medium,-0.008248059464175173,0.7508827759322989
^IXIC,2021-10-25,15226.7099609375,U1,Uptrend,Medium,0.009046252790430476,1.1971625443410094
^IXIC,2021-10-26,15235.7099609375,U1,Uptrend,Low,0.0005910666206350168,1.1873018268533009
^IXIC,2021-10-27,15235.83984375,U1,Uptrend,Low,8.524894004491301e-06,1.148940073530273
^IXIC,2021-10-28,15448.1201171875,U1,Uptrend,Low,0.013932955164567495,1.8018082259402493
^IXIC,2021-10-29,15498.3896484375,U1,Uptrend,Low,0.0032540872849680103,1.8786836923305972
^IXIC,2021-11-01,15595.919921875,U1,Uptrend,Low,0.0062929295010552,2.0779680655555586
^IXIC,2021-11-02,15649.599609375,U1,Uptrend,Low,0.0034419058169636862,2.120438652445697
^IXIC,2021-11-03,15811.580078125,U1,Uptrend,Low,0.010350454503191608,2.433202184087634
^IXIC,2021-11-04,15940.3095703125,U1,Uptrend,Low,0.008141469198615692,2.592839345286793
^IXIC,2021-11-05,15971.58984375,U1,Uptrend,Low,0.0019623378893316445,2.486650552377803
^IXIC,2021-11-08,15982.3603515625,U1,Uptrend,Low,0.0006743541449454327,2.349125462831739
^IXIC,2021-11-09,15886.5400390625,U1,Uptrend,Low,-0.005995379305199555,2.001275698343537
^IXIC,2021-11-10,15622.7099609375,U1,Uptrend,Low,-0.01660714526110052,1.3234363393539628
^IXIC,2021-11-11,15704.2802734375,U1,Uptrend,Low,0.005221265241686979,1.4631232981385445
^IXIC,2021-11-12,15860.9599609375,U1,Uptrend,Low,0.009976877944862572,1.7570814462655735
^IXIC,2021-11-15,15853.849609375,U1,Uptrend,Low,-0.0004482926367641582,1.6671589523142454
^IXIC,2021-11-16,15973.8603515625,U1,Uptrend,Low,0.007569817119782218,1.84793221124024
^IXIC,2021-11-17,15921.5703125,U1,Uptrend,Low,-0.003273475409930282,1.6588059322329545
^IXIC,2021-11-18,15993.7099609375,U1,Uptrend,Low,0.004530938030708143,1.7348816842975552
^IXIC,2021-11-19,16057.4404296875,U1,Uptrend,Low,0.0039847207999677,1.782982140257887
^IXIC,2021-11-22,15854.759765625,U1,Uptrend,Low,-0.012622227368676908,1.3210951087225318
^IXIC,2021-11-23,15775.1396484375,U1,Uptrend,Low,-0.005021843179240482,1.1301099913004449
^IXIC,2021-11-24,15845.23046875,U1,Uptrend,Low,0.004443118848677985,1.2345442005972942
^IXIC,2021-11-26,15491.66015625,U1,Uptrend,Low,-0.0223139898909841,0.5282371874758408
^IXIC,2021-11-29,15782.830078125,U1,Uptrend,Low,0.01879526912792029,1.0773977165468318
^IXIC,2021-11-30,15537.6904296875,U1,Uptrend,Medium,-0.01553204635822969,0.5912452593314678
^IXIC,2021-12-01,15254.0498046875,U1,Uptrend,Medium,-0.018255005548189707,0.042268234528810796
^IXIC,2021-12-02,15381.3203125,U1,Uptrend,Medium,0.008343391390618793,0.2872620815294381
^IXIC,2021-12-03,15085.4697265625,U1,Uptrend,Medium,-0.019234407705369105,-0.28397273412338037
^IXIC,2021-12-06,15225.150390625,U1,Uptrend,Medium,0.009259285033501596,-0.015439476227070172
^IXIC,2021-12-07,15686.919921875,U1,Uptrend,Medium,0.03032939047579708,0.8605216287761175
^IXIC,2021-12-08,15786.990234375,U1,Uptrend,Medium,0.006379219948745574,1.022277107295378
^IXIC,2021-12-09,15517.3701171875,U1,Uptrend,Medium,-0.017078626969719846,0.49163901956554384
^IXIC,2021-12-10,15630.599609375,U1,Uptrend,Medium,0.007296951180025157,0.6918467507967564
^IXIC,2021-12-13,15413.2802734375,U1,Uptrend,Medium,-0.01390345484936839,0.2649400197631068
^IXIC,2021-12-14,15237.6396484375,U1,Uptrend,Medium,-0.0113954084973521,-0.08870666181677339
^IXIC,2021-12-15,15565.580078125,U1,Uptrend,Medium,0.021521734156584316,0.522312943252898
^IXIC,2021-12-16,15180.4296875,U1,Uptrend,Medium,-0.024743722282876468,-0.23756898362599488
^IXIC,2021-12-17,15169.6796875,U1,Uptrend,Medium,-0.0007081485979841817,-0.26280159931934155
^IXIC,2021-12-20,14980.9404296875,U1,Uptrend,Medium,-0.012441874957189958,-0.6294424702273744
^IXIC,2021-12-21,15341.08984375,U1,Uptrend,Medium,0.02404050772065003,0.06308744719007718
^IXIC,2021-12-22,15521.8896484375,U1,Uptrend,Medium,0.011785329890441787,0.3932336511083243
^IXIC,2021-12-23,15653.3701171875,U1,Uptrend,Medium,0.008470648337796538,0.6304789279443878
^IXIC,2021-12-27,15871.259765625,U1,Uptrend,Medium,0.013919663740542099,1.0472946244605146
^IXIC,2021-12-28,15781.7197265625,U1,Uptrend,Medium,-0.005641646623189445,0.8341504820404896
^IXIC,2021-12-29,15766.2197265625,U1,Uptrend,Medium,-0.000982148984303155,0.7839168251968188
^IXIC,2021-12-30,15741.5595703125,U1,Uptrend,Medium,-0.001564113444927684,0.7072482561142049
^IXIC,2021-12-31,15644.9697265625,U1,Uptrend,Medium,-0.00613597676383737,0.45823278505458687
^IXIC,2022-01-03,15832.7998046875,U1,Uptrend,Medium,0.012005780861697346,0.8850322167572396
^IXIC,2022-01-04,15622.7197265625,U1,Uptrend,Medium,-0.013268662568625578,0.338350572095351
^IXIC,2022-01-05,15100.169921875,U1,Uptrend,Medium,-0.033448068827544475,-1.0867150135414043
^IXIC,2022-01-06,15080.8603515625,U1,Uptrend,Medium,-0.0012787651008169254,-1.2382089066594513
^IXIC,2022-01-07,14935.900390625,U1,Uptrend,Medium,-0.009612181106264384,-1.741166020062721
^IXIC,2022-01-10,14942.830078125,U1,Uptrend,Medium,0.0004639618180870553,-1.7466198237218726
^IXIC,2022-01-11,15153.4501953125,U1,Uptrend,Medium,0.014095062052256635,-1.1447678268658987
^IXIC,2022-01-12,15188.3896484375,U1,Uptrend,Medium,0.0023057094374328013,-1.05746063768977
^IXIC,2022-01-13,14806.8095703125,U1,Uptrend,Medium,-0.025123142542254673,-2.169516069529272
^IXIC,2022-01-14,14893.75,U1,Uptrend,Medium,0.005871651774452147,-1.8604506448292646
^IXIC,2022-01-18,14506.900390625,U1,Uptrend,Medium,-0.025973956147712918,-2.7911518265677584
^IXIC,2022-01-19,14340.259765625,U1,Uptrend,Medium,-0.011486990364095284,-2.997000343041092
^IXIC,2022-01-20,14154.01953125,U1,Uptrend,Medium,-0.012987228782384785,-3.1418263160407482
^IXIC,2022-01-21,13768.919921875,D1,Downtrend,Medium,-0.02720779129382689,-3.5486871658232357
^IXIC,2022-01-24,13855.1298828125,D1,Downtrend,Medium,0.0062611999653316985,-3.04667012980331
^IXIC,2022-01-25,13539.2900390625,D1,Downtrend,Medium,-0.02279587751406098,-3.252466870860968
^IXIC,2022-01-26,13542.1201171875,D1,Downtrend,Medium,0.00020902706987113717,-2.9433807496011575
^IXIC,2022-01-27,13352.7802734375,D1,Downtrend,Medium,-0.013981551050466057,-2.9445788219995834
^IXIC,2022-01-28,13770.5703125,D1,Downtrend,Medium,0.03128861783890824,-2.183395801596721
^IXIC,2022-01-31,14239.8798828125,U1,Uptrend,Medium,0.03408061973195786,-1.4534460862088208
^IXIC,2022-02-01,14346.0,U1,Uptrend,Medium,0.007452318282233916,-1.2583913484952631
^IXIC,2022-02-02,14417.5498046875,U1,Uptrend,Medium,0.004987439334134924,-1.1195347951918566
^IXIC,2022-02-03,13878.8203125,D1,Downtrend,Medium,-0.03736623070394007,-1.7922039170103854
^IXIC,2022-02-04,14098.009765625,D1,Downtrend,Medium,0.01579308962791215,-1.435282668696309
^IXIC,2022-02-07,14015.669921875,D1,Downtrend,Medium,-0.0058405296292791675,-1.487198270193289
^IXIC,2022-02-08,14194.4501953125,U1,Uptrend,Medium,0.012755742282319904,-1.2046947456618484
^IXIC,2022-02-09,14490.3701171875,U1,Uptrend,Medium,0.020847579004696026,-0.7831824294827917
^IXIC,2022-02-10,14185.6396484375,U1,Uptrend,Medium,-0.021029860954935087,-1.1506820630944568
^IXIC,2022-02-11,13791.150390625,D1,Downtrend,Medium,-0.027809056735481952,-1.6124815535173513
^IXIC,2022-02-14,13790.919921875,D1,Downtrend,Medium,-1.6711350646736456e-05,-1.5524316060058254
^IXIC,2022-02-15,14139.759765625,U1,Uptrend,Medium,0.025294892996708285,-1.061381025817748
^IXIC,2022-02-16,14124.08984375,D1,Downtrend,Medium,-0.0011082169806798658,-1.049222093941378
^IXIC,2022-02-17,13716.7197265625,D1,Downtrend,Medium,-0.02884222075150311,-1.5323855223831617
^IXIC,2022-02-18,13548.0703125,D1,Downtrend,Medium,-0.012295170961021396,-1.6841662379071005
^IXIC,2022-02-22,13381.51953125,D1,Downtrend,Medium,-0.012293321292873194,-1.8211006789957767
^IXIC,2022-02-23,13037.490234375,D1,Downtrend,Medium,-0.025709284814148692,-2.136152964406665
^IXIC,2022-02-24,13473.58984375,D1,Downtrend,Medium,0.03344965952305512,-1.5369672896630522
^IXIC,2022-02-25,13694.6201171875,D1,Downtrend,Medium,0.01640470550170625,-1.2215176538018064
^IXIC,2022-02-28,13751.400390625,D1,Downtrend,Medium,0.004146173676350395,-1.1136512390503788
^IXIC,2022-03-01,13532.4599609375,D1,Downtrend,Medium,-0.015921318808865603,-1.3311433887310835
^IXIC,2022-03-02,13752.01953125,D1,Downtrend,Medium,0.01622466062683925,-1.0320242274572906
^IXIC,2022-03-03,13537.9404296875,D1,Downtrend,Medium,-0.015567102786323672,-1.2442194307419445
^IXIC,2022-03-04,13313.4404296875,D1,Downtrend,Medium,-0.016583024660655976,-1.45899478632636
^IXIC,2022-03-07,12830.9599609375,D1,Downtrend,Medium,-0.03624010422385804,-1.943999670602406
^IXIC,2022-03-08,12795.5498046875,D1,Downtrend,Medium,-0.0027597433362587243,-1.8950656136890836
^IXIC,2022-03-09,13255.5498046875,D1,Downtrend,Medium,0.03594999879032046,-1.323568209206418
^IXIC,2022-03-10,13129.9599609375,D1,Downtrend,Medium,-0.009474510344760545,-1.4153801661857128
^IXIC,2022-03-11,12843.8095703125,D1,Downtrend,Medium,-0.021793698646173865,-1.668901557620389
^IXIC,2022-03-14,12581.2197265625,D1,Downtrend,Medium,-0.02044485651336314,-1.879877822519112
^IXIC,2022-03-15,12948.6201171875,D1,Downtrend,Medium,0.02920228710808659,-1.419719821562539
^IXIC,2022-03-16,13436.5498046875,D1,Downtrend,Medium,0.03768198333754036,-0.8559086095922412
^IXIC,2022-03-17,13614.7802734375,D1,Downtrend,Medium,0.013264600759922862,-0.636871948483342
^IXIC,2022-03-18,13893.83984375,D1,Downtrend,Medium,0.02049681043012841,-0.30712327561903874
^IXIC,2022-03-21,13838.4599609375,D1,Downtrend,Medium,-0.003985930702764762,-0.34407299521776186
^IXIC,2022-03-22,14108.8203125,D1,Downtrend,Medium,0.019536881439528697,-0.007660361146072381
^IXIC,2022-03-23,13922.599609375,D1,Downtrend,Medium,-0.013198885448984954,-0.19416085213273154
^IXIC,2022-03-24,14191.83984375,U1,Uptrend,Medium,0.0193383593530696,0.17032123949788025
^IXIC,2022-03-25,14169.2998046875,U1,Uptrend,Medium,-0.0015882393904287362,0.1828328516442655
^IXIC,2022-03-28,14354.900390625,U1,Uptrend,Medium,0.013098783178834283,0.47661215920268163
^IXIC,2022-03-29,14619.6396484375,U1,Uptrend,Medium,0.018442430849983316,0.8960779052816524
^IXIC,2022-03-30,14442.26953125,U1,Uptrend,Medium,-0.012132317995023678,0.7176054956009174
^IXIC,2022-03-31,14220.51953125,U1,Uptrend,Medium,-0.015354234978109282,0.44218498079667057
^IXIC,2022-04-01,14261.5,U1,Uptrend,Medium,0.0028817842175135056,0.5446131590620924
^IXIC,2022-04-04,14532.5498046875,U1,Uptrend,Medium,0.019005700991305163,1.0264828530659813
^IXIC,2022-04-05,14204.169921875,U1,Uptrend,Medium,-0.02259616428127298,0.5084473188357063
^IXIC,2022-04-06,13888.8203125,D1,Downtrend,Medium,-0.022201199444210284,-0.002380499452424865
^IXIC,2022-04-07,13897.2998046875,D1,Downtrend,Medium,0.000610526451974458,0.05176558394797479
^IXIC,2022-04-08,13711.0,D1,Downtrend,Medium,-0.013405467774730062,-0.2599117684764048
^IXIC,2022-04-11,13411.9599609375,D1,Downtrend,Medium,-0.02181022821548395,-0.8168626046776115
^IXIC,2022-04-12,13371.5703125,D1,Downtrend,Medium,-0.0030114650323394,-0.876499627354003
^IXIC,2022-04-13,13643.58984375,D1,Downtrend,Medium,0.020343125369180592,-0.2902588623134077
^IXIC,2022-04-14,13351.080078125,D1,Downtrend,Medium,-0.0214393549626527,-0.8754677894653524
^IXIC,2022-04-18,13332.3603515625,D1,Downtrend,Medium,-0.0014021132712079831,-0.885262877033411
^IXIC,2022-04-19,13619.66015625,D1,Downtrend,Medium,0.021549057864598486,-0.2729219155459246
^IXIC,2022-04-20,13453.0703125,D1,Downtrend,Medium,-0.012231571260869711,-0.6087809809207565
^IXIC,2022-04-21,13174.650390625,D1,Downtrend,Medium,-0.020695641619913663,-1.1699578798308863
^IXIC,2022-04-22,12839.2900390625,D1,Downtrend,Medium,-0.025454971602217213,-1.794899121783721
^IXIC,2022-04-25,13004.849609375,D1,Downtrend,Medium,0.012894760520932191,-1.4287413900665649
^IXIC,2022-04-26,12490.740234375,D1,Downtrend,Medium,-0.039532127663313155,-2.3023356208344876
^IXIC,2022-04-27,12488.9296875,D1,Downtrend,Medium,-0.00014495112707713087,-2.176487268687841
^IXIC,2022-04-28,12871.5302734375,D1,Downtrend,Medium,0.03063517815465322,-1.419275721569345
^IXIC,2022-04-29,12334.6396484375,D1,Downtrend,Medium,-0.04171148368488564,-2.2755415359162963
^IXIC,2022-05-02,12536.01953125,D1,Downtrend,Medium,0.016326369359157544,-1.8249584846813476
^IXIC,2022-05-03,12563.759765625,D1,Downtrend,Medium,0.002212842306591023,-1.7002424949096069
^IXIC,2022-05-04,12964.8603515625,D1,Downtrend,Medium,0.0319252033961146,-0.983305061829944
^IXIC,2022-05-05,12317.6904296875,D1,Downtrend,Medium,-0.04991723044645091,-1.9812703381389878
^IXIC,2022-05-06,12144.66015625,D1,Downtrend,Medium,-0.014047298430269972,-2.1624221750034414
^IXIC,2022-05-09,11623.25,D2,Downtrend,Medium,-0.0429332850439349,-2.7722854942725133
^IXIC,2022-05-10,11737.669921875,D2,Downtrend,Medium,0.0098440558256081,-2.418931713021656
^IXIC,2022-05-11,11364.240234375,D2,Downtrend,Medium,-0.03181463527135442,-2.720780133916223
^IXIC,2022-05-12,11370.9599609375,D2,Downtrend,Medium,0.0005913045152083907,-2.524000830434054
^IXIC,2022-05-13,11805.0,D2,Downtrend,Medium,0.03817092317214654,-1.868436217268025
^IXIC,2022-05-16,11662.7900390625,D2,Downtrend,Medium,-0.012046587118805574,-1.9449881750328577
^IXIC,2022-05-17,11984.51953125,D1,Downtrend,Medium,0.027585979950759842,-1.4878861482464347
^IXIC,2022-05-18,11418.150390625,D2,Downtrend,Medium,-0.04725839355913897,-2.0569355282319814
^IXIC,2022-05-19,11388.5,D2,Downtrend,Medium,-0.0025967770269819113,-1.9885093033862338
^IXIC,2022-05-20,11354.6201171875,D2,Downtrend,Medium,-0.002974920561311878,-1.9246231760859063
^IXIC,2022-05-23,11535.26953125,D2,Downtrend,Medium,0.015909771722706134,-1.6532686312009854
^IXIC,2022-05-24,11264.4501953125,D2,Downtrend,Medium,-0.023477503945948386,-1.850315547003196
^IXIC,2022-05-25,11434.740234375,D2,Downtrend,Medium,0.015117474542464926,-1.6031667415546962
^IXIC,2022-05-26,11740.650390625,D2,Downtrend,Medium,0.026752698354298943,-1.2455055538659197
^IXIC,2022-05-27,12131.1298828125,D1,Downtrend,Medium,0.03325876158439245,-0.8233548393022868
^IXIC,2022-05-31,12081.3896484375,D1,Downtrend,Medium,-0.0041002144775873495,-0.8485798768603774
^IXIC,2022-06-01,11994.4599609375,D1,Downtrend,Medium,-0.007195338452745226,-0.9153765921282783
^IXIC,2022-06-02,12316.900390625,D1,Downtrend,Medium,0.026882446624324485,-0.5837847326750646
^IXIC,2022-06-03,12012.73046875,D1,Downtrend,Medium,-0.024695330174669516,-0.8613867613879964
^IXIC,2022-06-06,12061.3701171875,D1,Downtrend,Medium,0.004049008555051747,-0.7916772211095692
^IXIC,2022-06-07,12175.23046875,D1,Downtrend,Medium,0.009440084373188107,-0.6659252559613063
^IXIC,2022-06-08,12086.26953125,D1,Downtrend,Medium,-0.0073067148690396655,-0.7420772623915715
^IXIC,2022-06-09,11754.23046875,D2,Downtrend,Medium,-0.027472419148148797,-1.0375764466446884
^IXIC,2022-06-10,11340.01953125,D2,Downtrend,Medium,-0.03523930712446288,-1.3857070598437236
^IXIC,2022-06-13,10809.23046875,D2,Downtrend,Medium,-0.04680671501819644,-1.8051676605192284
^IXIC,2022-06-14,10828.349609375,D2,Downtrend,Medium,0.001768779070838944,-1.7122099752424382
^IXIC,2022-06-15,11099.150390625,D2,Downtrend,Medium,0.0250085000040583,-1.4105019850122629
^IXIC,2022-06-16,10646.099609375,D2,Downtrend,Medium,-0.040818510003493014,-1.7503697960420972
^IXIC,2022-06-17,10798.349609375,D2,Downtrend,Medium,0.014301012162795113,-1.5528492397133242
^IXIC,2022-06-21,11069.2998046875,D2,Downtrend,Medium,0.0250918154268005,-1.27082047232424
^IXIC,2022-06-22,11053.080078125,D2,Downtrend,Medium,-0.0014652893000179912,-1.2468550612120073
^IXIC,2022-06-23,11232.1904296875,D2,Downtrend,Medium,0.01620456472734455,-1.0557885531791829
^IXIC,2022-06-24,11607.6201171875,D2,Downtrend,Medium,0.03342444110524623,-0.6874952114939207
^IXIC,2022-06-27,11524.5498046875,D2,Downtrend,Medium,-0.007156532662280779,-0.743051513528364
^IXIC,2022-06-28,11181.5400390625,D2,Downtrend,Medium,-0.029763398261811846,-1.0531703837165725
^IXIC,2022-06-29,11177.8896484375,D2,Downtrend,Medium,-0.0003264658188628644,-1.0335908365556625
^IXIC,2022-06-30,11028.740234375,D2,Downtrend,Medium,-0.013343253400551203,-1.1748465978473073
^IXIC,2022-07-01,11127.849609375,D2,Downtrend,Medium,0.008986463811260226,-1.0498920788490795
^IXIC,2022-07-05,11322.240234375,D2,Downtrend,Medium,0.01746884005659366,-0.8104688078853421
^IXIC,2022-07-06,11361.849609375,D2,Downtrend,Medium,0.003498369066551321,-0.7431587589179727
^IXIC,2022-07-07,11621.349609375,D2,Downtrend,Medium,0.0228395911688426,-0.40699973651920507
^IXIC,2022-07-08,11635.3095703125,D2,Downtrend,Medium,0.001201234056863676,-0.3631079003832859
^IXIC,2022-07-11,11372.599609375,D2,Downtrend,Medium,-0.02257868253095774,-0.6719705062879641
^IXIC,2022-07-12,11264.73046875,D2,Downtrend,Medium,-0.009485002930735176,-0.7935295963647644
^IXIC,2022-07-13,11247.580078125,D2,Downtrend,Medium,-0.0015224856620029703,-0.7941145455550608
^IXIC,2022-07-14,11251.1904296875,D2,Downtrend,Medium,0.00032098918500000906,-0.7672835785049239
^IXIC,2022-07-15,11452.419921875,D2,Downtrend,Medium,0.01788517343520679,-0.44987293411176066
^IXIC,2022-07-18,11360.0498046875,D2,Downtrend,Medium,-0.008065554513161488,-0.5735435657563468
^IXIC,2022-07-19,11713.150390625,D2,Downtrend,Medium,0.031082661784792576,0.05245603147961455
^IXIC,2022-07-20,11897.650390625,D1,Downtrend,Medium,0.01575152660446255,0.41530757612127234
^IXIC,2022-07-21,12059.6103515625,D1,Downtrend,Medium,0.013612768540006925,0.7716901167554786
^IXIC,2022-07-22,11834.1103515625,D1,Downtrend,Medium,-0.018698779929550824,0.3736661809814897
^IXIC,2022-07-25,11782.669921875,D2,Downtrend,Medium,-0.004346793139435978,0.30392671010303085
^IXIC,2022-07-26,11562.5703125,D2,Downtrend,Medium,-0.01867994358107039,-0.0928542934936991
^IXIC,2022-07-27,12032.419921875,D1,Downtrend,Medium,0.040635394784761525,0.9102723224759297
^IXIC,2022-07-28,12162.58984375,D1,Downtrend,Medium,0.010818266210801841,1.225042635653129
^IXIC,2022-07-29,12390.6904296875,D1,Downtrend,Medium,0.018754277573103773,1.7455268607997831
^IXIC,2022-08-01,12368.98046875,D1,Downtrend,Medium,-0.0017521187427524954,1.817163939156812
^IXIC,2022-08-02,12348.759765625,D1,Downtrend,Medium,-0.0016347914184267065,1.765495589581782
^IXIC,2022-08-03,12668.16015625,D1,Downtrend,Medium,0.02586497726792847,2.3915091431125
^IXIC,2022-08-04,12720.580078125,D1,Downtrend,Medium,0.004137926994010943,2.3473761831905975
^IXIC,2022-08-05,12657.5498046875,D1,Downtrend,Medium,-0.004954984210656432,2.098543306660336
^IXIC,2022-08-08,12644.4599609375,D1,Downtrend,Medium,-0.0010341530511025487,1.9646757448989849
^IXIC,2022-08-09,12493.9296875,D1,Downtrend,Medium,-0.011904840056636057,1.59899185208215
^IXIC,2022-08-10,12854.7998046875,D1,Downtrend,Medium,0.028883635990728074,2.1697014909763888
^IXIC,2022-08-11,12779.91015625,D1,Downtrend,Medium,-0.005825812114957363,1.9312852514748
^IXIC,2022-08-12,13047.1904296875,D1,Downtrend,Medium,0.0209140964349257,2.2749103368958954
^IXIC,2022-08-15,13128.0498046875,D1,Downtrend,Medium,0.006197454956740289,2.2630753023331187
^IXIC,2022-08-16,13102.5498046875,D1,Downtrend,Medium,-0.0019424057936537897,2.0966941802722228
^IXIC,2022-08-17,12938.1201171875,D1,Downtrend,Medium,-0.012549441898795477,1.753451735401961
^IXIC,2022-08-18,12965.33984375,D1,Downtrend,Medium,0.002103839376660366,1.716004638119974
^IXIC,2022-08-19,12705.2197265625,D1,Downtrend,Medium,-0.020062730350480673,1.2773856091786309
^IXIC,2022-08-22,12381.5703125,D1,Downtrend,Medium,-0.02547373607288772,0.7684368739818597
^IXIC,2022-08-23,12381.2998046875,D1,Downtrend,Medium,-2.184761752122011e-05,0.7486807233316566
^IXIC,2022-08-24,12431.5302734375,D1,Downtrend,Medium,0.004056962479091597,0.8122270544223437
^IXIC,2022-08-25,12639.26953125,D1,Downtrend,Medium,0.016710674650921797,1.0951205914673996
^IXIC,2022-08-26,12141.7099609375,D1,Downtrend,Medium,-0.039366165036856526,0.3622219639375272
^IXIC,2022-08-29,12017.669921875,D1,Downtrend,Medium,-0.01021602718740311,0.18852888905690865
^IXIC,2022-08-30,11883.1396484375,D1,Downtrend,Medium,-0.01119437247919608,-0.005806809905828308
^IXIC,2022-08-31,11816.2001953125,D2,Downtrend,Medium,-0.005633145372805681,-0.09815560630975664
^IXIC,2022-09-01,11785.1298828125,D2,Downtrend,Medium,-0.0026294673402982305,-0.1344454477987118
^IXIC,2022-09-02,11630.8603515625,D2,Downtrend,Medium,-0.013090185070848248,-0.350178122762407
^IXIC,2022-09-06,11544.91015625,D2,Downtrend,Medium,-0.007389839849719526,-0.4706928764625204
^IXIC,2022-09-07,11791.900390625,D2,Downtrend,Medium,0.02139386370549512,-0.11963803786851201
^IXIC,2022-09-08,11862.1298828125,D1,Downtrend,Medium,0.005955739945304739,-0.04280152713576844
^IXIC,2022-09-09,12112.3095703125,D1,Downtrend,Medium,0.02109062115923166,0.3089346182101451
^IXIC,2022-09-12,12266.41015625,D1,Downtrend,Medium,0.012722642617655877,0.52240013187225
^IXIC,2022-09-13,11633.5703125,D2,Downtrend,Medium,-0.051591283487904094,-0.506733272853081
^IXIC,2022-09-14,11719.6796875,D2,Downtrend,Medium,0.007401801225843663,-0.4042392420929488
^IXIC,2022-09-15,11552.3603515625,D2,Downtrend,Medium,-0.014276784041799329,-0.7059163076891009
^IXIC,2022-09-16,11448.400390625,D2,Downtrend,Medium,-0.008999023383428173,-0.9047744257363994
^IXIC,2022-09-19,11535.01953125,D2,Downtrend,Medium,0.007566047453750002,-0.7723067967613977
^IXIC,2022-09-20,11425.0498046875,D2,Downtrend,Medium,-0.00953355356396024,-0.9526354745383915
^IXIC,2022-09-21,11220.1904296875,D2,Downtrend,Medium,-0.017930720522194132,-1.2839445229788122
^IXIC,2022-09-22,11066.8095703125,D2,Downtrend,Medium,-0.01367007630896977,-1.534360091714812
^IXIC,2022-09-23,10867.9296875,D2,Downtrend,Medium,-0.017970841690997275,-1.836389018230869
^IXIC,2022-09-26,10802.919921875,D2,Downtrend,Medium,-0.005981798511244696,-1.9172950950396397
^IXIC,2022-09-27,10829.5,D2,Downtrend,Medium,0.002460453129081941,-1.8404113757986917
^IXIC,2022-09-28,11051.6396484375,D2,Downtrend,Medium,0.0205124565711714,-1.457485836207136
^IXIC,2022-09-29,10737.509765625,D2,Downtrend,Medium,-0.02842382603896354,-1.9012312031301672
^IXIC,2022-09-30,10575.6201171875,D2,Downtrend,Medium,-0.015077019902302924,-2.0545491344189855
^IXIC,2022-10-03,10815.4296875,D2,Downtrend,Medium,0.022675698224330354,-1.6330187977554718
^IXIC,2022-10-04,11176.41015625,D2,Downtrend,Medium,0.03337643340857799,-1.0859515816992293
^IXIC,2022-10-05,11148.6396484375,D2,Downtrend,Medium,-0.002484743081567209,-1.1208242148172598
^IXIC,2022-10-06,11073.3095703125,D2,Downtrend,Medium,-0.006756885189625583,-1.2219102471070702
^IXIC,2022-10-07,10652.400390625,D2,Downtrend,Medium,-0.038011145359464704,-1.7889867417610879
^IXIC,2022-10-10,10542.099609375,D2,Downtrend,Medium,-0.010354547069698405,-1.8733660748658487
^IXIC,2022-10-11,10426.1904296875,D2,Downtrend,Medium,-0.01099488564729767,-1.9553615156742383
^IXIC,2022-10-12,10417.099609375,D2,Downtrend,Medium,-0.0008719215684585002,-1.8791188669283578
^IXIC,2022-10-13,10649.150390625,D2,Downtrend,Medium,0.022275949155863284,-1.514956998373706
^IXIC,2022-10-14,10321.3896484375,D2,Downtrend,Medium,-0.030778111883558834,-1.845843570510188
^IXIC,2022-10-17,10675.7998046875,D2,Downtrend,Medium,0.0343374456659189,-1.355067012212733
^IXIC,2022-10-18,10772.400390625,D2,Downtrend,Medium,0.009048557270162183,-1.1998522401161578
^IXIC,2022-10-19,10680.509765625,D2,Downtrend,Medium,-0.008530190270310656,-1.2762791607474728
^IXIC,2022-10-20,10614.83984375,D2,Downtrend,Medium,-0.00614857561259452,-1.308488541830072
^IXIC,2022-10-21,10859.7197265625,D2,Downtrend,Medium,0.02306957866695325,-0.9863517639162619
^IXIC,2022-10-24,10952.6103515625,D2,Downtrend,Medium,0.00855368530117695,-0.8482399370136693
^IXIC,2022-10-25,11199.1201171875,D2,Downtrend,Medium,0.022506941972041616,-0.5366271015955996
^IXIC,2022-10-26,10970.990234375,D2,Downtrend,Medium,-0.020370339850394603,-0.779628385087449
^IXIC,2022-10-27,10792.669921875,D2,Downtrend,Medium,-0.01625380286469269,-0.9585354973903387
^IXIC,2022-10-28,11102.4501953125,D2,Downtrend,Medium,0.028702839582782413,-0.5653386127045653
^IXIC,2022-10-31,10988.150390625,D2,Downtrend,Medium,-0.010295007199019768,-0.6768822820081237
^IXIC,2022-11-01,10890.849609375,D2,Downtrend,Medium,-0.00885506457328944,-0.7678743521061058
^IXIC,2022-11-02,10524.7998046875,D2,Downtrend,Medium,-0.03361076663591045,-1.1786053534999978
^IXIC,2022-11-03,10342.9404296875,D2,Downtrend,Medium,-0.01727912914020502,-1.3631590467643593
^IXIC,2022-11-04,10475.25,D2,Downtrend,Medium,0.012792258759678266,-1.1656717569994377
^IXIC,2022-11-07,10564.51953125,D2,Downtrend,Medium,0.008521947566883847,-1.0308912693326193
^IXIC,2022-11-08,10616.2001953125,D2,Downtrend,Medium,0.004891908610668683,-0.9464464662882338
^IXIC,2022-11-09,10353.169921875,D2,Downtrend,Medium,-0.024776310600627016,-1.2871530534711095
^IXIC,2022-11-10,11114.150390625,D2,Downtrend,Medium,0.07350217126661285,-0.1883280853153109
^IXIC,2022-11-11,11323.330078125,D2,Downtrend,Medium,0.018821023663351477,0.16896361647683109
^IXIC,2022-11-14,11196.2197265625,D2,Downtrend,Medium,-0.011225527356838128,0.01058435723981486
^IXIC,2022-11-15,11358.41015625,D2,Downtrend,Medium,0.014486177803630484,0.31406845258031135
^IXIC,2022-11-16,11183.66015625,D2,Downtrend,Medium,-0.01538507569246772,0.05428480141172289
^IXIC,2022-11-17,11144.9599609375,D2,Downtrend,Medium,-0.0034604230432442318,0.02510448393842596
^IXIC,2022-11-18,11146.0595703125,D2,Downtrend,Medium,9.866427325477822e-05,0.07819549356872152
^IXIC,2022-11-21,11024.509765625,D2,Downtrend,Medium,-0.010905181685126442,-0.1295090720686975
^IXIC,2022-11-22,11174.41015625,D2,Downtrend,Medium,0.013597011913617951,0.21271830955813575
^IXIC,2022-11-23,11285.3203125,D2,Downtrend,Medium,0.009925370082103813,0.4794232292362096
^IXIC,2022-11-25,11226.3603515625,D2,Downtrend,Medium,-0.005224482717800627,0.3814592822069924
^IXIC,2022-11-28,11049.5,D2,Downtrend,Medium,-0.01575402410255644,0.01770759524350743
^IXIC,2022-11-29,10983.7802734375,D2,Downtrend,Medium,-0.005947755695959067,-0.10832931891793429
^IXIC,2022-11-30,11468.0,D2,Downtrend,Medium,0.04408497935210032,1.0113165226362697
^IXIC,2022-12-01,11482.4501953125,D2,Downtrend,Medium,0.0012600449348185716,1.0750161523069672
^IXIC,2022-12-02,11461.5,D2,Downtrend,Medium,-0.0018245404905873341,1.0674134168077332
^IXIC,2022-12-05,11239.9404296875,D2,Downtrend,Medium,-0.019330765633861158,0.6049004656179033
^IXIC,2022-12-06,11014.8896484375,D2,Downtrend,Medium,-0.02002241761491763,0.09171940670067433
^IXIC,2022-12-07,10958.5498046875,D2,Downtrend,Medium,-0.005114880452569248,-0.036568113946293904
^IXIC,2022-12-08,11082.0,D2,Downtrend,Medium,0.011265194529635147,0.36813196154739564
^IXIC,2022-12-09,11004.6201171875,D2,Downtrend,Medium,-0.006982483560052377,0.1659644147629474
^IXIC,2022-12-12,11143.740234375,D2,Downtrend,Medium,0.012641973617082636,0.626409677935445
^IXIC,2022-12-13,11256.8095703125,D2,Downtrend,Medium,0.010146443972977481,1.022001855580093
^IXIC,2022-12-14,11170.8896484375,D2,Downtrend,Medium,-0.007632706348839391,0.769711789111545
^IXIC,2022-12-15,10810.5302734375,D2,Downtrend,Medium,-0.03225878925859804,-0.3982855488133868
^IXIC,2022-12-16,10705.41015625,D2,Downtrend,Medium,-0.009723863171244296,-0.7249944200800684
^IXIC,2022-12-19,10546.0302734375,D2,Downtrend,Medium,-0.014887788556092962,-1.2189427551704957
^IXIC,2022-12-20,10547.1103515625,D2,Downtrend,Medium,0.00010241561013923928,-1.1882564794219461
^IXIC,2022-12-21,10709.3701171875,D2,Downtrend,Medium,0.01538428633212896,-0.6556089368009195
^IXIC,2022-12-22,10476.1201171875,D2,Downtrend,Medium,-0.02177999242230466,-1.3562600643841363
^IXIC,2022-12-23,10497.8603515625,D2,Downtrend,Medium,0.0020752181276857407,-1.260017639586364
^IXIC,2022-12-27,10353.23046875,D2,Downtrend,Medium,-0.013777081992805584,-1.6755555600870609
^IXIC,2022-12-28,10213.2900390625,D2,Downtrend,Medium,-0.013516595627798833,-2.0046790979542073
^IXIC,2022-12-29,10478.08984375,D2,Downtrend,Medium,0.025926983731464404,-1.1739421762279072
^IXIC,2022-12-30,10466.48046875,D2,Downtrend,Medium,-0.0011079667356473921,-1.1674679213393546
^IXIC,2023-01-03,10386.98046875,D2,Downtrend,Medium,-0.007595676525395945,-1.3508700831775065
^IXIC,2023-01-04,10458.759765625,D2,Downtrend,Medium,0.006910506579939524,-1.1234427176027857
^IXIC,2023-01-05,10305.240234375,D2,Downtrend,Medium,-0.014678559857027706,-1.5336971826796315
^IXIC,2023-01-06,10569.2900390625,D2,Downtrend,Medium,0.02562286746180975,-0.7942397515363653
^IXIC,2023-01-09,10635.650390625,D2,Downtrend,Medium,0.00627860067395658,-0.6205727977895854
^IXIC,2023-01-10,10742.6298828125,D2,Downtrend,Medium,0.010058575475722531,-0.3160377184474667
^IXIC,2023-01-11,10931.669921875,D2,Downtrend,Medium,0.01759718440686031,0.20702897471884232
^IXIC,2023-01-12,11001.099609375,D2,Downtrend,Medium,0.006351242581983385,0.3970432585500758
^IXIC,2023-01-13,11079.16015625,D2,Downtrend,Medium,0.007095704033847516,0.6117343722366574
^IXIC,2023-01-17,11095.1103515625,D2,Downtrend,Medium,0.0014396574368051862,0.6379927371929597
^IXIC,2023-01-18,10957.009765625,D2,Downtrend,Medium,-0.012446977232457357,0.21413110313793274
^IXIC,2023-01-19,10852.26953125,D2,Downtrend,Medium,-0.009559198779177658,-0.09649788303605014
^IXIC,2023-01-20,11140.4296875,D2,Downtrend,Medium,0.02655298556861485,0.7464538750476852
^IXIC,2023-01-23,11364.41015625,D2,Downtrend,Medium,0.020105191184978777,1.3871126300629784
^IXIC,2023-01-24,11334.26953125,D2,Downtrend,Medium,-0.0026521944021373756,1.2639761775057476
^IXIC,2023-01-25,11313.3603515625,D2,Downtrend,Medium,-0.00184477523053872,1.165535841390834
^IXIC,2023-01-26,11512.41015625,D2,Downtrend,Medium,0.017594224748618492,1.6771831747347865
^IXIC,2023-01-27,11621.7099609375,D2,Downtrend,Medium,0.009494085356936521,1.8925882238465428
^IXIC,2023-01-30,11393.8095703125,D2,Downtrend,Medium,-0.019609884551499812,1.2362417601291327
^IXIC,2023-01-31,11584.5498046875,D2,Downtrend,Medium,0.016740690038561823,1.674276796379441
^IXIC,2023-02-01,11816.3203125,D2,Downtrend,Medium,0.02000686360023396,2.1757858025477517
^IXIC,2023-02-02,12200.8203125,D1,Downtrend,Medium,0.032539740784891746,2.9022628373304946
^IXIC,2023-02-03,12006.9501953125,D1,Downtrend,Medium,-0.015889924793735077,2.2872955647126445
^IXIC,2023-02-06,11887.4501953125,D1,Downtrend,Medium,-0.009952568975146847,1.9116083605247174
^IXIC,2023-02-07,12113.7900390625,D1,Downtrend,Medium,0.019040234872172324,2.2997401606450483
^IXIC,2023-02-08,11910.51953125,D1,Downtrend,Medium,-0.01678009171011119,1.769854905324429
^IXIC,2023-02-09,11789.580078125,D2,Downtrend,Medium,-0.010154003174058679,1.4674833034986006
^IXIC,2023-02-10,11718.1201171875,D2,Downtrend,Medium,-0.006061281272442431,1.2794975183273845
^IXIC,2023-02-13,11891.7900390625,D1,Downtrend,Medium,0.014820629942192687,1.5921265581698152
^IXIC,2023-02-14,11960.150390625,D1,Downtrend,Medium,0.005748533344260842,1.6648037076652114
^IXIC,2023-02-15,12070.58984375,D1,Downtrend,Medium,0.009233951875017299,1.8022924566534537
^IXIC,2023-02-16,11855.830078125,D1,Downtrend,Medium,-0.01779198600938292,1.3404430396297338
^IXIC,2023-02-17,11787.26953125,D2,Downtrend,Medium,-0.005782855053017344,1.171414512510826
^IXIC,2023-02-21,11492.2998046875,D2,Downtrend,Medium,-0.025024432145246744,0.6013101308815088
^IXIC,2023-02-22,11507.0703125,D2,Downtrend,Medium,0.0012852525659377,0.6203728592523194
^IXIC,2023-02-23,11590.400390625,D2,Downtrend,Medium,0.007241641517952591,0.7619146456267885
^IXIC,2023-02-24,11394.9404296875,D2,Downtrend,Medium,-0.016863952439089114,0.38502425575767474
^IXIC,2023-02-27,11466.98046875,D2,Downtrend,Medium,0.006322107562301227,0.5042297666694786
^IXIC,2023-02-28,11455.5400390625,D2,Downtrend,Medium,-0.000997684588255665,0.4833353725810552
^IXIC,2023-03-01,11379.48046875,D2,Downtrend,Medium,-0.00663954471401107,0.3448895805299521
^IXIC,2023-03-02,11462.98046875,D2,Downtrend,Medium,0.007337769086146251,0.501108280829809
^IXIC,2023-03-03,11689.009765625,D2,Downtrend,Medium,0.019718196108873487,0.9037474970781585
^IXIC,2023-03-06,11675.740234375,D2,Downtrend,Medium,-0.0011352143180701768,0.8541002640963992
^IXIC,2023-03-07,11530.330078125,D2,Downtrend,Medium,-0.012454041742200883,0.5671841558963994
^IXIC,2023-03-08,11576.0,D2,Downtrend,Medium,0.003960851212893246,0.6344924817128624
^IXIC,2023-03-09,11338.349609375,D2,Downtrend,Medium,-0.02052957762828267,0.1867881200290993
^IXIC,2023-03-10,11138.8896484375,D2,Downtrend,Medium,-0.017591622044585642,-0.180850761943628
^IXIC,2023-03-13,11188.83984375,D2,Downtrend,Medium,0.0044843065053172815,-0.08665449029091313
^IXIC,2023-03-14,11428.150390625,D2,Downtrend,Medium,0.0213883253506999,0.3463638194101276
^IXIC,2023-03-15,11434.0498046875,D2,Downtrend,Medium,0.0005162177483539754,0.33958960144953343
^IXIC,2023-03-16,11717.2802734375,D2,Downtrend,Medium,0.024770791940567527,0.8347825602891156
^IXIC,2023-03-17,11630.509765625,D2,Downtrend,Medium,-0.00740534542040483,0.6480053182193922
^IXIC,2023-03-20,11675.5400390625,D2,Downtrend,Medium,0.0038717368666496554,0.7060477446174723
^IXIC,2023-03-21,11860.1103515625,D1,Downtrend,Medium,0.015808289114035645,1.0226708124900712
^IXIC,2023-03-22,11669.9599609375,D2,Downtrend,Medium,-0.016032767401691905,0.6346645910815193
^IXIC,2023-03-23,11787.400390625,D2,Downtrend,Medium,0.0100634818011891,0.8358190327997207
^IXIC,2023-03-24,11823.9599609375,D1,Downtrend,Medium,0.0031015804249405754,0.8849055474810418
^IXIC,2023-03-27,11768.83984375,D2,Downtrend,Medium,-0.0046617307035543565,0.7546076255089925
^IXIC,2023-03-28,11716.080078125,D2,Downtrend,Medium,-0.004483004809774704,0.6176762816403016
^IXIC,2023-03-29,11926.240234375,D1,Downtrend,Medium,0.017937753484835728,1.0599415073244016
^IXIC,2023-03-30,12013.4697265625,D1,Downtrend,Medium,0.007314081426607499,1.2463005260904665
^IXIC,2023-03-31,12221.91015625,D1,Downtrend,Medium,0.017350560198826193,1.7176708103712897
^IXIC,2023-04-03,12189.4501953125,D1,Downtrend,Medium,-0.0026558827975756705,1.6540099382900977
^IXIC,2023-04-04,12126.330078125,D1,Downtrend,Medium,-0.00517825793420712,1.4808130286553312
^IXIC,2023-04-05,11996.8603515625,D1,Downtrend,Medium,-0.010676744384193637,1.1241864280465312
^IXIC,2023-04-06,12087.9599609375,D1,Downtrend,Medium,0.007593620889580155,1.3653705550036048
^IXIC,2023-04-10,12084.3603515625,D1,Downtrend,Medium,-0.00029778468712937656,1.325740306832464
^IXIC,2023-04-11,12031.8798828125,D1,Downtrend,Medium,-0.004342842088717935,1.1419005409344483
^IXIC,2023-04-12,11929.33984375,D1,Downtrend,Medium,-0.008522362262689986,0.8048380479025785
^IXIC,2023-04-13,12166.26953125,D1,Downtrend,Medium,0.019861089599533255,1.4966586843524952
^IXIC,2023-04-14,12123.4697265625,D1,Downtrend,Medium,-0.003517906995037845,1.3434781081422276
^IXIC,2023-04-17,12157.7197265625,D1,Downtrend,Medium,0.0028250988184479464,1.4570766989940862
^IXIC,2023-04-18,12153.41015625,D1,Downtrend,Medium,-0.00035447192478732514,1.410557388830626
^IXIC,2023-04-19,12157.23046875,D1,Downtrend,Low,0.00031434078590986125,1.3761740005420329
^IXIC,2023-04-20,12059.5595703125,D1,Downtrend,Low,-0.008033976051417424,1.0070766145633039
^IXIC,2023-04-21,12072.4599609375,D1,Downtrend,Low,0.001069723197583139,1.0215457963487113
^IXIC,2023-04-24,12037.2001953125,D1,Downtrend,Low,-0.0029206777855622645,0.8671732892180837
^IXIC,2023-04-25,11799.16015625,D2,Downtrend,Low,-0.01977536596551721,0.01356534499359063
^IXIC,2023-04-26,11854.349609375,D1,Downtrend,Low,0.00467740520462101,0.18563061028188563
^IXIC,2023-04-27,12142.240234375,D1,Downtrend,Medium,0.02428565332444066,1.184985844839042
^IXIC,2023-04-28,12226.580078125,D1,Downtrend,Medium,0.0069459870766872545,1.4370690716562151
^IXIC,2023-05-01,12212.599609375,D1,Downtrend,Low,-0.0011434488352971561,1.3857322871602245
^IXIC,2023-05-02,12080.509765625,D1,Downtrend,Medium,-0.010815866234458515,0.9128010355333793
^IXIC,2023-05-03,12025.330078125,D1,Downtrend,Medium,-0.004567662174075893,0.7082176064677307
^IXIC,2023-05-04,11966.400390625,D1,Downtrend,Low,-0.004900463198694083,0.5141146295077981
^IXIC,2023-05-05,12235.41015625,D1,Downtrend,Medium,0.02248042492676028,1.418411028788965
^IXIC,2023-05-08,12256.919921875,D1,Downtrend,Medium,0.0017579930178321934,1.4396983237597216
^IXIC,2023-05-09,12179.5498046875,D1,Downtrend,Medium,-0.006312362133444105,1.1389785456612163
^IXIC,2023-05-10,12306.4404296875,D1,Downtrend,Medium,0.010418334588292,1.5126377572540313
^IXIC,2023-05-11,12328.509765625,D1,Downtrend,Medium,0.0017933159522116604,1.5349213286473546
^IXIC,2023-05-12,12284.740234375,D1,Downtrend,Medium,-0.0035502694228333187,1.3650827064834405
^IXIC,2023-05-15,12365.2099609375,D1,Downtrend,Medium,0.0065503807998585906,1.5614194905552237
^IXIC,2023-05-16,12343.0498046875,D1,Downtrend,Medium,-0.0017921374825017322,1.4375210013721045
^IXIC,2023-05-17,12500.5703125,D1,Downtrend,Medium,0.01276187897683756,1.8372571038179462
^IXIC,2023-05-18,12688.83984375,D1,Downtrend,Medium,0.015060875347562286,2.2668971782131724
^IXIC,2023-05-19,12657.900390625,D1,Downtrend,Medium,-0.0024383200911972658,2.0611236973947236
^IXIC,2023-05-22,12720.7802734375,D1,Downtrend,Medium,0.004967639250745837,2.1321791862858133
^IXIC,2023-05-23,12560.25,D1,Downtrend,Medium,-0.012619530405120427,1.624277794946694
^IXIC,2023-05-24,12484.16015625,D1,Downtrend,Medium,-0.0060579879978504,1.369218497092642
^IXIC,2023-05-25,12698.08984375,D1,Downtrend,Low,0.017136089638588814,1.8854563333428112
^IXIC,2023-05-26,12975.6904296875,D1,Downtrend,Medium,0.021861601969538347,2.48397293643403
^IXIC,2023-05-30,13017.4296875,D1,Downtrend,Medium,0.0032167273131766816,2.421574816432545
^IXIC,2023-05-31,12935.2900390625,D1,Downtrend,Medium,-0.00630997442731529,2.094960237033787
^IXIC,2023-06-01,13100.98046875,D1,Downtrend,Medium,0.012809177775460867,2.3531889771318424
^IXIC,2023-06-02,13240.76953125,D1,Downtrend,Medium,0.010670122196841714,2.5056895475991605
^IXIC,2023-06-05,13229.4296875,D1,Downtrend,Low,-0.0008564338895286072,2.3568266335507597
^IXIC,2023-06-06,13276.419921875,D1,Downtrend,Low,0.003551947097114816,2.370792346420902
^IXIC,2023-06-07,13104.900390625,D1,Downtrend,Low,-0.012919110141085155,1.9440464600596115
^IXIC,2023-06-08,13238.51953125,D1,Downtrend,Low,0.01019612027883765,2.145801025205105
^IXIC,2023-06-09,13259.1396484375,D1,Downtrend,Low,0.0015575848295441563,2.102333633137692
^IXIC,2023-06-12,13461.919921875,D1,Downtrend,Low,0.015293622272195995,2.3869716416066153
^IXIC,2023-06-13,13573.3203125,D1,Downtrend,Low,0.008275223093845652,2.4599695817594154
^IXIC,2023-06-14,13626.48046875,D1,Downtrend,Low,0.003916518215594023,2.411899892768396
^IXIC,2023-06-15,13782.8203125,D1,Downtrend,Low,0.011473237282990212,2.5260499773772085
^IXIC,2023-06-16,13689.5703125,D1,Downtrend,Low,-0.006765668991231766,2.2280679131424592
^IXIC,2023-06-20,13667.2900390625,D1,Downtrend,Low,-0.0016275363600825044,2.0765432565497806
^IXIC,2023-06-21,13502.2001953125,D1,Downtrend,Medium,-0.0120791937010305,1.7134345789076901
^IXIC,2023-06-22,13630.6103515625,D1,Downtrend,Low,0.009510313459474506,1.8515842933946343
^IXIC,2023-06-23,13492.51953125,D1,Downtrend,Medium,-0.010130934474014253,1.559999692884645
^IXIC,2023-06-26,13335.7802734375,D1,Downtrend,Medium,-0.011616752338173497,1.250775807563461
^IXIC,2023-06-27,13555.669921875,D1,Downtrend,Low,0.01648869761865246,1.5579957790737544
^IXIC,2023-06-28,13591.75,D1,Downtrend,Low,0.002661622651845219,1.552778050732673
^IXIC,2023-06-29,13591.330078125,D1,Downtrend,Low,-3.0895350120463405e-05,1.491638686969675
^IXIC,2023-06-30,13787.919921875,D1,Downtrend,Low,0.014464356514040322,1.7292830952093299
^IXIC,2023-07-03,13816.76953125,D1,Downtrend,Low,0.0020923830090737727,1.7012198427620684
^IXIC,2023-07-05,13791.650390625,D1,Downtrend,Low,-0.0018180183557514606,1.5955511784659329
^IXIC,2023-07-06,13679.0400390625,D1,Downtrend,Low,-0.008165110655578123,1.3717033722917633
^IXIC,2023-07-07,13660.7197265625,D1,Downtrend,Low,-0.0013392981121250758,1.2979432114540859
^IXIC,2023-07-10,13685.48046875,D1,Downtrend,Low,0.0018125503401811294,1.292312773717681
^IXIC,2023-07-11,13760.7001953125,D1,Downtrend,Low,0.005496316094583564,1.3566286155742648
^IXIC,2023-07-12,13918.9599609375,D1,Downtrend,Low,0.01150085121968658,1.5351744876196098
^IXIC,2023-07-13,14138.5703125,U1,Uptrend,Low,0.015777784559968477,1.7824411930045776
^IXIC,2023-07-14,14113.7001953125,D1,Downtrend,Low,-0.0017590263115579985,1.675009302874789
^IXIC,2023-07-17,14244.9501953125,U1,Uptrend,Low,0.009299474849521872,1.7850974629157281
^IXIC,2023-07-18,14353.6396484375,U1,Uptrend,Low,0.007630033916212975,1.8571749974013914
^IXIC,2023-07-19,14358.01953125,U1,Uptrend,Low,0.0003051409203362887,1.7874251248136859
^IXIC,2023-07-20,14063.3095703125,D1,Downtrend,Low,-0.02052580861142228,1.3350629717515627
^IXIC,2023-07-21,14032.8095703125,D1,Downtrend,Low,-0.0021687640343482917,1.260003043821565
^IXIC,2023-07-24,14058.8701171875,D1,Downtrend,Low,0.0018571154083166785,1.264062223360512
^IXIC,2023-07-25,14144.5595703125,U1,Uptrend,Low,0.006095045505843499,1.3437386691628672
^IXIC,2023-07-26,14127.2802734375,D1,Downtrend,Low,-0.0012216214148701443,1.2775175960035916
^IXIC,2023-07-27,14050.1103515625,D1,Downtrend,Low,-0.005462475464587224,1.1312522637320261
^IXIC,2023-07-28,14316.66015625,U1,Uptrend,Low,0.018971367342880407,1.4757977174709973
^IXIC,2023-07-31,14346.01953125,U1,Uptrend,Low,0.0020507139709664557,1.4801880860539312
^IXIC,2023-08-01,14283.91015625,U1,Uptrend,Low,-0.004329380345865719,1.3595484695328668
^IXIC,2023-08-02,13973.4501953125,D1,Downtrend,Medium,-0.02173494215109273,0.8625294421644663
^IXIC,2023-08-03,13959.7197265625,D1,Downtrend,Low,-0.0009826112061147585,0.8157208511615629
^IXIC,2023-08-04,13909.240234375,D1,Downtrend,Medium,-0.0036160820687143325,0.7122021577004803
^IXIC,2023-08-07,13994.400390625,D1,Downtrend,Medium,0.006122559882137724,0.8269026666452947
^IXIC,2023-08-08,13884.3203125,D1,Downtrend,Medium,-0.007866008907301492,0.6177716429323818
^IXIC,2023-08-09,13722.01953125,D1,Downtrend,Medium,-0.011689501365355404,0.30775525144157034
^IXIC,2023-08-10,13737.990234375,D1,Downtrend,Low,0.0011638740994814878,0.30741658242918624
^IXIC,2023-08-11,13644.849609375,D1,Downtrend,Low,-0.006779785355134793,0.0964976443131033
^IXIC,2023-08-14,13788.330078125,D1,Downtrend,Low,0.010515357285537208,0.35070674423669246
^IXIC,2023-08-15,13631.0498046875,D1,Downtrend,Low,-0.011406767356623049,-0.00413110665632921
^IXIC,2023-08-16,13474.6298828125,D1,Downtrend,Low,-0.011475265963829862,-0.37791968755768185
^IXIC,2023-08-17,13316.9296875,D1,Downtrend,Low,-0.011703489942506917,-0.7704509798086085
^IXIC,2023-08-18,13290.7802734375,D1,Downtrend,Low,-0.001963621846486574,-0.9007463517865498
^IXIC,2023-08-21,13497.58984375,D1,Downtrend,Low,0.015560378401998198,-0.48151539865761117
^IXIC,2023-08-22,13505.8701171875,D1,Downtrend,Low,0.0006134631095886522,-0.5233050646119669
^IXIC,2023-08-23,13721.0302734375,D1,Downtrend,Medium,0.015930862238648924,0.02671203948107847
^IXIC,2023-08-24,13463.9697265625,D1,Downtrend,Medium,-0.018734784615455746,-0.7356981022401838
^IXIC,2023-08-25,13590.650390625,D1,Downtrend,Medium,0.00940886429747212,-0.42001242636123276
^IXIC,2023-08-28,13705.1298828125,D1,Downtrend,Medium,0.008423400565617412,-0.10841133557898606
^IXIC,2023-08-29,13943.759765625,D1,Downtrend,Medium,0.017411719907285406,0.6093134469418064
^IXIC,2023-08-30,14019.3095703125,D1,Downtrend,Medium,0.005418180315595267,0.8221384010515305
^IXIC,2023-08-31,14034.9697265625,D1,Downtrend,Medium,0.001117041903629934,0.84507942482895
^IXIC,2023-09-01,14031.8095703125,D1,Downtrend,Medium,-0.00022516302575414926,0.8144595611817543
^IXIC,2023-09-05,14020.9501953125,D1,Downtrend,Medium,-0.0007739112297372452,0.7529383758386302
^IXIC,2023-09-06,13872.4697265625,D1,Downtrend,Medium,-0.010589900590306622,0.2036344792250238
^IXIC,2023-09-07,13748.830078125,D1,Downtrend,Medium,-0.008912590971509537,-0.2644639693407816
^IXIC,2023-09-08,13761.5302734375,D1,Downtrend,Medium,0.000923729163887721,-0.23093691875785266
^IXIC,2023-09-11,13917.8896484375,D1,Downtrend,Medium,0.011362063076793438,0.32955893723244445
^IXIC,2023-09-12,13773.6103515625,D1,Downtrend,Medium,-0.010366463632020317,-0.20443167987129116
^IXIC,2023-09-13,13813.58984375,D1,Downtrend,Medium,0.0029026153032538637,-0.0641189909583591
^IXIC,2023-09-14,13926.0498046875,D1,Downtrend,Medium,0.008141255257291702,0.33819493372030124
^IXIC,2023-09-15,13708.330078125,D1,Downtrend,Medium,-0.015633990228098638,-0.4903299207450867
^IXIC,2023-09-18,13710.240234375,D1,Downtrend,Medium,0.0001393427382558876,-0.4897191345704999
^IXIC,2023-09-19,13678.1904296875,D1,Downtrend,Low,-0.0023376544932555143,-0.6297025277892476
^IXIC,2023-09-20,13469.1298828125,D1,Downtrend,Medium,-0.0152842254938379,-1.458236127072553
^IXIC,2023-09-21,13223.98046875,D1,Downtrend,Medium,-0.01820083525776428,-2.300868043282604
^IXIC,2023-09-22,13211.8095703125,D1,Downtrend,Low,-0.0009203657299904355,-2.2368811608401438
^IXIC,2023-09-25,13271.3203125,D1,Downtrend,Low,0.00450435966933882,-1.9495773761526118
^IXIC,2023-09-26,13063.6103515625,D1,Downtrend,Low,-0.01565103968908521,-2.490294930956592
^IXIC,2023-09-27,13092.849609375,D1,Downtrend,Low,0.0022382218257912534,-2.248677166646933
^IXIC,2023-09-28,13201.2802734375,D1,Downtrend,Low,0.008281670323690316,-1.8203604510081959
^IXIC,2023-09-29,13219.3203125,D1,Downtrend,Low,0.0013665370849522684,-1.6993693127484821
^IXIC,2023-10-02,13307.76953125,D1,Downtrend,Low,0.006690905179622897,-1.3944564297197768
^IXIC,2023-10-03,13059.4697265625,D1,Downtrend,Low,-0.018658258553729046,-2.0222102817461076
^IXIC,2023-10-04,13236.009765625,D1,Downtrend,Medium,0.013518162893201069,-1.4669749417187257
^IXIC,2023-10-05,13219.830078125,D1,Downtrend,Medium,-0.0012223991812109203,-1.4548087043492597
^IXIC,2023-10-06,13431.33984375,D1,Downtrend,Medium,0.015999431488532334,-0.844877639376625
^IXIC,2023-10-09,13484.240234375,D1,Downtrend,Medium,0.00393857881941817,-0.67381067868771
^IXIC,2023-10-10,13562.83984375,D1,Downtrend,Medium,0.0058289980012835585,-0.43156502743554165
^IXIC,2023-10-11,13659.6796875,D1,Downtrend,Medium,0.007140086063511575,-0.129863896214078
^IXIC,2023-10-12,13574.2197265625,D1,Downtrend,Medium,-0.006256366393108337,-0.35030894400184126
^IXIC,2023-10-13,13407.23046875,D1,Downtrend,Medium,-0.012301941561011387,-0.8207487635137752
^IXIC,2023-10-16,13567.98046875,D1,Downtrend,Medium,0.011989799114342059,-0.31747131485518554
^IXIC,2023-10-17,13533.75,D1,Downtrend,Medium,-0.002522886057275797,-0.3988710501793949
^IXIC,2023-10-18,13314.2998046875,D1,Downtrend,Medium,-0.01621503244204303,-1.038519216953269
^IXIC,2023-10-19,13186.1796875,D1,Downtrend,Medium,-0.009622745399077814,-1.3892425582028385
^IXIC,2023-10-20,12983.8095703125,D1,Downtrend,Medium,-0.01534713783548236,-1.925342934679787
^IXIC,2023-10-23,13018.330078125,D1,Downtrend,Medium,0.002658734913320915,-1.7769368806341426
^IXIC,2023-10-24,13139.8701171875,D1,Downtrend,Medium,0.009336069859430474,-1.383606936544345
^IXIC,2023-10-25,12821.2197265625,D1,Downtrend,Medium,-0.02425064995187376,-2.313497575888178
^IXIC,2023-10-26,12595.6103515625,D1,Downtrend,Medium,-0.01759656099899698,-2.7938843661461736
^IXIC,2023-10-27,12643.009765625,D1,Downtrend,Medium,0.0037631692898962843,-2.4811083379958947
^IXIC,2023-10-30,12789.48046875,D1,Downtrend,Medium,0.011585113500682365,-1.9614178244571336
^IXIC,2023-10-31,12851.240234375,D1,Downtrend,Medium,0.004828950306144497,-1.7198340423308953
^IXIC,2023-11-01,13061.4697265625,D1,Downtrend,Medium,0.016358692885156012,-1.0967271197889117
^IXIC,2023-11-02,13294.1904296875,D1,Downtrend,Medium,0.017817344295621318,-0.42839071113023697
^IXIC,2023-11-03,13478.2802734375,D1,Downtrend,Medium,0.013847390311102048,0.10000633927137474
^IXIC,2023-11-06,13518.7802734375,D1,Downtrend,Medium,0.0030048343837911773,0.220551551763604
^IXIC,2023-11-07,13639.8603515625,D1,Downtrend,Medium,0.008956435098135707,0.5726379560184071
^IXIC,2023-11-08,13650.41015625,D1,Downtrend,Medium,0.0007734540102011245,0.6013582378337387
^IXIC,2023-11-09,13521.4501953125,D1,Downtrend,Medium,-0.00944733231172945,0.2330409731390145
^IXIC,2023-11-10,13798.1103515625,D1,Downtrend,Medium,0.020460834618605483,0.9878309202864637
^IXIC,2023-11-13,13767.740234375,D1,Downtrend,Medium,-0.0022010345194884984,0.8755547453492907
^IXIC,2023-11-14,14094.3798828125,D1,Downtrend,Medium,0.02372500082634854,1.7177605097101332
^IXIC,2023-11-15,14103.83984375,D1,Downtrend,Medium,0.0006711867436635099,1.674562986643288
^IXIC,2023-11-16,14113.669921875,D1,Downtrend,Medium,0.0006969788535535759,1.6494789021612681
^IXIC,2023-11-17,14125.48046875,D1,Downtrend,Medium,0.0008368161463585544,1.6140529814257498
^IXIC,2023-11-20,14284.5302734375,U1,Uptrend,Medium,0.011259780156814392,1.9266006060047283
^IXIC,2023-11-21,14199.98046875,U1,Uptrend,Medium,-0.005918976898016903,1.6601626286769275
^IXIC,2023-11-22,14265.8603515625,U1,Uptrend,Medium,0.004639434748342275,1.7733206657111251
^IXIC,2023-11-24,14250.849609375,U1,Uptrend,Low,-0.0010522142946574053,1.705586159581452
^IXIC,2023-11-27,14241.01953125,U1,Uptrend,Low,-0.0006897889174645178,1.6552267960904046
^IXIC,2023-11-28,14281.759765625,U1,Uptrend,Low,0.0028607666948001764,1.7155123087775404
^IXIC,2023-11-29,14258.490234375,U1,Uptrend,Low,-0.001629318209511399,1.6327653130920114
^IXIC,2023-11-30,14226.2197265625,U1,Uptrend,Low,-0.002263248582567323,1.5232527551962347
^IXIC,2023-12-01,14305.0302734375,U1,Uptrend,Low,0.005539809477836721,1.6411091224366914
^IXIC,2023-12-04,14185.490234375,U1,Uptrend,Low,-0.00835650374571173,1.3473907276731978
^IXIC,2023-12-05,14229.91015625,U1,Uptrend,Low,0.0031313631845699685,1.4137502526646608
^IXIC,2023-12-06,14146.7099609375,U1,Uptrend,Low,-0.00584685317046485,1.211346094960347
^IXIC,2023-12-07,14339.990234375,U1,Uptrend,Low,0.013662559985409661,1.5663515041163438
^IXIC,2023-12-08,14403.9697265625,U1,Uptrend,Low,0.004461613372241491,1.6486471691728941
^IXIC,2023-12-11,14432.490234375,U1,Uptrend,Low,0.001980044970512962,1.6430115367829985
^IXIC,2023-12-12,14533.400390625,U1,Uptrend,Low,0.006991874209597793,1.7655873648147986
^IXIC,2023-12-13,14733.9599609375,U1,Uptrend,Low,0.013799906761109648,2.0383974405175143
^IXIC,2023-12-14,14761.5595703125,U1,Uptrend,Low,0.001873196984936376,1.980506241202697
^IXIC,2023-12-15,14813.919921875,U1,Uptrend,Low,0.0035470745020602656,1.9674662157136327
^IXIC,2023-12-18,14904.8095703125,U1,Uptrend,Low,0.00613542188136762,2.013090632283284
^IXIC,2023-12-19,15003.2197265625,U1,Uptrend,Low,0.00660257722755575,2.059611396939515
^IXIC,2023-12-20,14777.9404296875,U1,Uptrend,Low,-0.015015396760213684,1.6267570638599234
^IXIC,2023-12-21,14963.8701171875,U1,Uptrend,Low,0.012581569697390549,1.8370859586531911
^IXIC,2023-12-22,14992.9697265625,U1,Uptrend,Low,0.00194465797598542,1.7973789770828719
^IXIC,2023-12-26,15074.5703125,U1,Uptrend,Low,0.005442589922190821,1.833583059818754
^IXIC,2023-12-27,15099.1796875,U1,Uptrend,Low,0.00163250921849456,1.785179483310997
^IXIC,2023-12-28,15095.1396484375,U1,Uptrend,Low,-0.00026756679144923634,1.7070741623998265
^IXIC,2023-12-29,15011.349609375,U1,Uptrend,Low,-0.005550795886222426,1.524455433022205
^IXIC,2024-01-02,14765.9404296875,U1,Uptrend,Low,-0.016348242234944355,1.1342965565155685
^IXIC,2024-01-03,14592.2099609375,U1,Uptrend,Low,-0.011765621673558213,0.8574315540997298
^IXIC,2024-01-04,14510.2998046875,U1,Uptrend,Low,-0.005613279720430908,0.716222640396524
^IXIC,2024-01-05,14524.0703125,U1,Uptrend,Low,0.0009490160780862844,0.712372704416732
^IXIC,2024-01-08,14843.76953125,U1,Uptrend,Low,0.022011682116056308,1.1300514437823865
^IXIC,2024-01-09,14857.7099609375,U1,Uptrend,Low,0.0009391435011270044,1.1117655021248614
^IXIC,2024-01-10,14969.650390625,U1,Uptrend,Low,0.007534164415768263,1.2253169496146168
^IXIC,2024-01-11,14970.1904296875,U1,Uptrend,Low,3.6075596183460235e-05,1.1844034947700217
^IXIC,2024-01-12,14972.759765625,U1,Uptrend,Low,0.0001716301438894341,1.1479844374598227
^IXIC,2024-01-16,14944.349609375,U1,Uptrend,Low,-0.0018974562268223583,1.072770970573922
^IXIC,2024-01-17,14855.6201171875,U1,Uptrend,Low,-0.005937327117390034,0.9200141783795033
^IXIC,2024-01-18,15055.650390625,U1,Uptrend,Low,0.013464956148553586,1.165365574452091
^IXIC,2024-01-19,15310.9697265625,U1,Uptrend,Medium,0.016958373056834786,1.4807265131552985
^IXIC,2024-01-22,15360.2900390625,U1,Uptrend,Low,0.0032212402859392864,1.5021780414015768
^IXIC,2024-01-23,15425.9404296875,U1,Uptrend,Low,0.004274033267473776,1.5621799345690783
^IXIC,2024-01-24,15481.919921875,U1,Uptrend,Low,0.0036289192508331958,1.6301350952195408
^IXIC,2024-01-25,15510.5,U1,Uptrend,Low,0.0018460293212483325,1.664854502322892
^IXIC,2024-01-26,15455.3603515625,U1,Uptrend,Low,-0.0035549884554011424,1.5698622879406285
^IXIC,2024-01-29,15628.0400390625,U1,Uptrend,Low,0.011172802417547256,1.8375568067287276
^IXIC,2024-01-30,15509.900390625,U1,Uptrend,Low,-0.007559466711257956,1.6224434203105718
^IXIC,2024-01-31,15164.009765625,U1,Uptrend,Medium,-0.022301279588428202,1.0036076451646951
^IXIC,2024-02-01,15361.6396484375,U1,Uptrend,Low,0.013032824817912125,1.3303386858825266
^IXIC,2024-02-02,15628.9501953125,U1,Uptrend,Medium,0.01740117285606213,1.773901404518888
^IXIC,2024-02-05,15597.6796875,U1,Uptrend,Medium,-0.002000806671063504,1.6687547832140115
^IXIC,2024-02-06,15609.0,U1,Uptrend,Low,0.0007257690071089673,1.6464580212528224
^IXIC,2024-02-07,15756.6396484375,U1,Uptrend,Low,0.009458623130085275,1.8850793188901618
^IXIC,2024-02-08,15793.7099609375,U1,Uptrend,Low,0.0023526788279171207,1.8913245736231477
^IXIC,2024-02-09,15990.66015625,U1,Uptrend,Low,0.012470166654928727,2.182248215815806
^IXIC,2024-02-12,15942.5498046875,U1,Uptrend,Low,-0.0030086532446064185,1.9963883835137415
^IXIC,2024-02-13,15655.599609375,U1,Uptrend,Medium,-0.01799901514048463,1.4121198333961644
^IXIC,2024-02-14,15859.150390625,U1,Uptrend,Medium,0.013001787624161487,1.7263791080282083
^IXIC,2024-02-15,15906.169921875,U1,Uptrend,Medium,0.0029648203145733465,1.7458857916719757
^IXIC,2024-02-16,15775.650390625,U1,Uptrend,Medium,-0.008205591408306456,1.4519114268322064
^IXIC,2024-02-20,15630.7802734375,U1,Uptrend,Medium,-0.00918314703992118,1.14968704546271
^IXIC,2024-02-21,15580.8701171875,U1,Uptrend,Medium,-0.003193068764124063,1.0244251628032655
^IXIC,2024-02-22,16041.6201171875,U1,Uptrend,Medium,0.029571519211352593,1.808360658542269
^IXIC,2024-02-23,15996.8203125,U1,Uptrend,Medium,-0.002792723201286873,1.6645040449452093
^IXIC,2024-02-26,15976.25,U1,Uptrend,Medium,-0.0012859000787753816,1.5711388217394358
^IXIC,2024-02-27,16035.2998046875,U1,Uptrend,Medium,0.003696099190204194,1.6228199254295939
^IXIC,2024-02-28,15947.740234375,U1,Uptrend,Medium,-0.005460426146002173,1.4206867316154754
^IXIC,2024-02-29,16091.919921875,U1,Uptrend,Medium,0.009040759717745095,1.6303433356314738
^IXIC,2024-03-01,16274.9404296875,U1,Uptrend,Medium,0.011373441373127013,1.9018021680978079
^IXIC,2024-03-04,16207.509765625,U1,Uptrend,Medium,-0.004143220330287578,1.7247580534206115
^IXIC,2024-03-05,15939.58984375,U1,Uptrend,Medium,-0.016530603760192664,1.2055515372044927
^IXIC,2024-03-06,16031.5400390625,U1,Uptrend,Medium,0.005768667588931464,1.3450491361652652
^IXIC,2024-03-07,16273.3798828125,U1,Uptrend,Medium,0.015085253391797115,1.7522842343848146
^IXIC,2024-03-08,16085.1103515625,U1,Uptrend,Medium,-0.011569172022392493,1.3534086202723605
^IXIC,2024-03-11,16019.26953125,U1,Uptrend,Medium,-0.004093277501581061,1.191313798084123
^IXIC,2024-03-12,16265.6396484375,U1,Uptrend,Medium,0.015379609957051343,1.6157288948203754
^IXIC,2024-03-13,16177.76953125,U1,Uptrend,Medium,-0.00540219254125307,1.395095656467183
^IXIC,2024-03-14,16128.5302734375,U1,Uptrend,Medium,-0.0030436369931828855,1.2563436657103446
^IXIC,2024-03-15,15973.169921875,U1,Uptrend,Medium,-0.009632641594030877,0.9209135458606498
^IXIC,2024-03-18,16103.4501953125,U1,Uptrend,Medium,0.008156194047562515,1.137743842211856
^IXIC,2024-03-19,16166.7900390625,U1,Uptrend,Medium,0.003933308886094222,1.2234403567510723
^IXIC,2024-03-20,16369.41015625,U1,Uptrend,Medium,0.01253310748131975,1.5610663175827393
^IXIC,2024-03-21,16401.83984375,U1,Uptrend,Low,0.0019811152137096943,1.5621274044018971
^IXIC,2024-03-22,16428.8203125,U1,Uptrend,Low,0.0016449659920487747,1.5511981463282807
^IXIC,2024-03-25,16384.470703125,U1,Uptrend,Low,-0.0026995005442512765,1.4128585800906148
^IXIC,2024-03-26,16315.7001953125,U1,Uptrend,Low,-0.004197298103708835,1.2390811589430673
^IXIC,2024-03-27,16399.51953125,U1,Uptrend,Low,0.005137342249128984,1.3492163117637401
^IXIC,2024-03-28,16379.4599609375,U1,Uptrend,Low,-0.0012231803666122865,1.2761033865271296
^IXIC,2024-04-01,16396.830078125,U1,Uptrend,Low,0.001060481678206937,1.2846952943194334
^IXIC,2024-04-02,16240.4501953125,U1,Uptrend,Low,-0.009537202134034861,0.9651386575097428
^IXIC,2024-04-03,16277.4599609375,U1,Uptrend,Low,0.0022788632814920717,1.0304356907812664
^IXIC,2024-04-04,16049.080078125,U1,Uptrend,Low,-0.014030437387686057,0.5167399579993494
^IXIC,2024-04-05,16248.51953125,U1,Uptrend,Low,0.01242684640827707,0.937161826706809
^IXIC,2024-04-08,16253.9599609375,U1,Uptrend,Low,0.0003348261776734418,0.9260734228070296
^IXIC,2024-04-09,16306.6396484375,U1,Uptrend,Low,0.0032410371150539685,1.0280719340363098
^IXIC,2024-04-10,16170.3603515625,U1,Uptrend,Low,-0.008357288798496176,0.675706728001104
^IXIC,2024-04-11,16442.19921875,U1,Uptrend,Low,0.016810934405752542,1.3476643580000418
^IXIC,2024-04-12,16175.08984375,U1,Uptrend,Low,-0.0162453557122334,0.6332400265311826
^IXIC,2024-04-15,15885.01953125,U1,Uptrend,Low,-0.01793315000423834,-0.23253109620985296
^IXIC,2024-04-16,15865.25,U1,Uptrend,Low,-0.0012445393102040736,-0.329251575829554
^IXIC,2024-04-17,15683.3701171875,U1,Uptrend,Low,-0.011464041399442126,-0.9259307912103684
^IXIC,2024-04-18,15601.5,U1,Uptrend,Low,-0.005220186514490188,-1.2091740504513209
^IXIC,2024-04-19,15282.009765625,U1,Uptrend,Low,-0.020478174173957586,-2.1727436315719855
^IXIC,2024-04-22,15451.3095703125,U1,Uptrend,Medium,0.011078373020564358,-1.632851104128563
^IXIC,2024-04-23,15696.6396484375,U1,Uptrend,Medium,0.015877623641452843,-0.8970173676259698
^IXIC,2024-04-24,15712.75,U1,Uptrend,Medium,0.0010263567185926359,-0.8543905749987198
^IXIC,2024-04-25,15611.759765625,U1,Uptrend,Medium,-0.006427279398895758,-1.1890615342754949
^IXIC,2024-04-26,15927.900390625,U1,Uptrend,Medium,0.02025015947888842,-0.23307753296378847
^IXIC,2024-04-29,15983.080078125,U1,Uptrend,Medium,0.003464341573386376,-0.08395982710380695
^IXIC,2024-04-30,15657.8203125,U1,Uptrend,Medium,-0.020350255647543336,-1.2428807953802476
^IXIC,2024-05-01,15605.48046875,U1,Uptrend,Medium,-0.003342728598578648,-1.4304989102156798
^IXIC,2024-05-02,15840.9599609375,U1,Uptrend,Medium,0.015089538105478306,-0.6148089345883083
^IXIC,2024-05-03,16156.330078125,U1,Uptrend,Medium,0.019908523092361685,0.5025679512032767
^IXIC,2024-05-06,16349.25,U1,Uptrend,Medium,0.011940825728499194,1.162182795702998
^IXIC,2024-05-07,16332.5595703125,U1,Uptrend,Medium,-0.0010208682164319915,1.0708249325142705
^IXIC,2024-05-08,16302.759765625,U1,Uptrend,Medium,-0.001824564273542717,0.9365965128686661
^IXIC,2024-05-09,16346.259765625,U1,Uptrend,Medium,0.0026682598912928235,1.0569419137330724
^IXIC,2024-05-10,16340.8701171875,U1,Uptrend,Medium,-0.00032971753262078796,1.0042505394750771
^IXIC,2024-05-13,16388.240234375,U1,Uptrend,Medium,0.0028988736124690995,1.1341962485359565
^IXIC,2024-05-14,16511.1796875,U1,Uptrend,Medium,0.007501687268846036,1.5078000893052492
^IXIC,2024-05-15,16742.390625,U1,Uptrend,Medium,0.0140032960621852,2.2000989161811026
^IXIC,2024-05-16,16698.3203125,U1,Uptrend,Medium,-0.0026322592446381687,1.9719945197216648
^IXIC,2024-05-17,16685.970703125,U1,Uptrend,Medium,-0.0007395719535787659,1.8388150415901585
^IXIC,2024-05-20,16794.869140625,U1,Uptrend,Low,0.0065263471593897115,2.074880512560211
^IXIC,2024-05-21,16832.619140625,U1,Uptrend,Low,0.002247710278890258,2.072929777806779
^IXIC,2024-05-22,16801.5390625,U1,Uptrend,Low,-0.0018464196133320954,1.881037707644634
^IXIC,2024-05-23,16736.029296875,U1,Uptrend,Low,-0.003899033617177028,1.6162878402108332
^IXIC,2024-05-24,16920.7890625,U1,Uptrend,Low,0.011039641622729413,2.037386365218417
^IXIC,2024-05-28,17019.880859375,U1,Uptrend,Low,0.005856216072961384,2.1854124499049394
^IXIC,2024-05-29,16920.580078125,U1,Uptrend,Low,-0.005834399316332561,1.8314105190762273
^IXIC,2024-05-30,16737.080078125,U1,Uptrend,Low,-0.010844781866387043,1.304780587319491
^IXIC,2024-05-31,16735.01953125,U1,Uptrend,Low,-0.00012311268544940024,1.2547492789371955
^IXIC,2024-06-03,16828.669921875,U1,Uptrend,Low,0.005596072980382338,1.4434845197080035
^IXIC,2024-06-04,16857.05078125,U1,Uptrend,Low,0.0016864588530618452,1.457178336281755
^IXIC,2024-06-05,17187.900390625,U2,Uptrend,Low,0.01962677894658782,2.1410355063029143
^IXIC,2024-06-06,17173.119140625,U2,Uptrend,Low,-0.0008599799663757679,1.9977052140796796
^IXIC,2024-06-07,17133.130859375,U2,Uptrend,Low,-0.002328539208430902,1.8170360859330887
^IXIC,2024-06-10,17192.529296875,U2,Uptrend,Low,0.0034668758435063562,1.854944534390434
^IXIC,2024-06-11,17343.55078125,U2,Uptrend,Low,0.008784134188007497,2.0628761200380508
^IXIC,2024-06-12,17608.439453125,U2,Uptrend,Low,0.015273035793879508,2.4352882257323354
^IXIC,2024-06-13,17667.560546875,U2,Uptrend,Low,0.0033575430637895476,2.381253979306073
^IXIC,2024-06-14,17688.880859375,U2,Uptrend,Low,0.0012067490836344952,2.2717616539221672
^IXIC,2024-06-17,17857.01953125,U2,Uptrend,Low,0.00950533124235986,2.401999386858975
^IXIC,2024-06-18,17862.23046875,U2,Uptrend,Low,0.0002918145153441021,2.263057060024855
^IXIC,2024-06-20,17721.58984375,U2,Uptrend,Low,-0.007873631753103294,1.9320255500013916
^IXIC,2024-06-21,17689.359375,U2,Uptrend,Low,-0.001818712036232295,1.794296152303881
^IXIC,2024-06-24,17496.8203125,U2,Uptrend,Low,-0.01088445649264791,1.444071932466516
^IXIC,2024-06-25,17717.650390625,U2,Uptrend,Low,0.012621154825899206,1.7005710744383553
^IXIC,2024-06-26,17805.16015625,U2,Uptrend,Low,0.004939129269155407,1.7478373738370765
^IXIC,2024-06-27,17858.6796875,U2,Uptrend,Low,0.0030058438553957068,1.7422341512124715
^IXIC,2024-06-28,17732.599609375,U2,Uptrend,Low,-0.007059876784354269,1.5046693610802742
^IXIC,2024-07-01,17879.30078125,U2,Uptrend,Low,0.008272964771473212,1.634699841443844
^IXIC,2024-07-02,18028.759765625,U2,Uptrend,Low,0.008359330501992446,1.7529237356598946
^IXIC,2024-07-03,18188.30078125,U2,Uptrend,Low,0.008849250735993186,1.8673948959687703
^IXIC,2024-07-05,18352.759765625,U2,Uptrend,Low,0.00904202027187373,1.970026092467485
^IXIC,2024-07-08,18403.740234375,U2,Uptrend,Low,0.0027778094085602056,1.931175556964698
^IXIC,2024-07-09,18429.2890625,U2,Uptrend,Low,0.0013882410748919938,1.866462049991056
^IXIC,2024-07-10,18647.44921875,U2,Uptrend,Low,0.011837687037744349,2.0102887517968533
^IXIC,2024-07-11,18283.41015625,U2,Uptrend,Low,-0.019522190849242782,1.5369008062458047
^IXIC,2024-07-12,18398.44921875,U2,Uptrend,Low,0.006291991565953836,1.601808740135263
^IXIC,2024-07-15,18472.5703125,U2,Uptrend,Low,0.004028659854356853,1.623317671419286
^IXIC,2024-07-16,18509.33984375,U2,Uptrend,Low,0.0019904935062078355,1.6077463740038744
^IXIC,2024-07-17,17996.919921875,U2,Uptrend,Medium,-0.02768439750961882,1.0175344958819563
^IXIC,2024-07-18,17871.220703125,U2,Uptrend,Medium,-0.006984485083873393,0.8503176863149281
^IXIC,2024-07-19,17726.939453125,U2,Uptrend,Medium,-0.008073385271033628,0.6574025141390035
^IXIC,2024-07-22,18007.5703125,U2,Uptrend,Medium,0.015830756353462316,0.9618934584681189
^IXIC,2024-07-23,17997.349609375,U2,Uptrend,Medium,-0.0005675781322872497,0.9250497408856603
^IXIC,2024-07-24,17342.41015625,U2,Uptrend,Medium,-0.036390883510082794,0.08755528852840516
^IXIC,2024-07-25,17181.720703125,U2,Uptrend,Medium,-0.00926569327315152,-0.14465225679117977
^IXIC,2024-07-26,17357.880859375,U2,Uptrend,Medium,0.010252765674276132,0.04897641068582098
^IXIC,2024-07-29,17370.19921875,U2,Uptrend,Medium,0.000709669542889424,0.027186275878203308
^IXIC,2024-07-30,17147.419921875,U2,Uptrend,Medium,-0.012825373737482826,-0.3325007010759731
^IXIC,2024-07-31,17599.400390625,U2,Uptrend,Medium,0.026358511706674248,0.30725040091027483
^IXIC,2024-08-01,17194.150390625,U2,Uptrend,Medium,-0.023026352660052707,-0.33588454489227615
^IXIC,2024-08-02,16776.16015625,U1,Uptrend,Medium,-0.024310025495816623,-1.0108245003112102
^IXIC,2024-08-05,16200.080078125,U1,Uptrend,Medium,-0.03433920949487235,-1.9053857367285647
^IXIC,2024-08-06,16366.849609375,U1,Uptrend,Medium,0.010294364623245844,-1.6462150756623362
^IXIC,2024-08-07,16195.8095703125,U1,Uptrend,Medium,-0.010450394739652702,-1.8974503053834306
^IXIC,2024-08-08,16660.01953125,U1,Uptrend,Medium,0.028662349907374374,-1.1937240916249263
^IXIC,2024-08-09,16745.30078125,U1,Uptrend,Medium,0.0051189165678968696,-1.074131377916115
^IXIC,2024-08-12,16780.609375,U1,Uptrend,Medium,0.0021085673056129295,-1.0202744716623775
^IXIC,2024-08-13,17187.609375,U2,Uptrend,Medium,0.024254184750069685,-0.3913829685040502
^IXIC,2024-08-14,17192.599609375,U2,Uptrend,Medium,0.00029033906147879485,-0.4013425956178283
^IXIC,2024-08-15,17594.5,U2,Uptrend,Medium,0.02337635958240125,0.23058966534010827
^IXIC,2024-08-16,17631.720703125,U2,Uptrend,Medium,0.0021154737631077225,0.2719428216395397
^IXIC,2024-08-19,17876.76953125,U2,Uptrend,Medium,0.013898180004721095,0.6509881290005907
^IXIC,2024-08-20,17816.939453125,U2,Uptrend,Medium,-0.003346805921529139,0.5275369067305448
^IXIC,2024-08-21,17918.990234375,U2,Uptrend,Medium,0.005727739128175591,0.6739031178519643
^IXIC,2024-08-22,17619.349609375,U2,Uptrend,Medium,-0.016721959277882892,0.15259752215064815
^IXIC,2024-08-23,17877.7890625,U2,Uptrend,Medium,0.014667933769104025,0.5676819433176791
^IXIC,2024-08-26,17725.76953125,U2,Uptrend,Medium,-0.008503262384321975,0.28445509584572937
^IXIC,2024-08-27,17754.8203125,U2,Uptrend,Medium,0.001638900990943437,0.31067870775510115
^IXIC,2024-08-28,17556.029296875,U2,Uptrend,Medium,-0.011196453251911764,-0.06261577609256358
^IXIC,2024-08-29,17516.4296875,U2,Uptrend,Medium,-0.002255613083423591,-0.15561011139100991
^IXIC,2024-08-30,17713.619140625,U2,Uptrend,Medium,0.01125739986075569,0.18811761094718737
^IXIC,2024-09-03,17136.30078125,U2,Uptrend,Medium,-0.03259177894657106,-0.8652811989738992
^IXIC,2024-09-04,17084.30078125,U2,Uptrend,Medium,-0.0030344938889551587,-0.957438014002814
^IXIC,2024-09-05,17127.66015625,U2,Uptrend,Medium,0.0025379660282958127,-0.8749551328907853
^IXIC,2024-09-06,16690.830078125,U1,Uptrend,Medium,-0.02550436394346589,-1.616168943952081
^IXIC,2024-09-09,16884.599609375,U1,Uptrend,Medium,0.01160934059858132,-1.2327280884179914
^IXIC,2024-09-10,17025.880859375,U1,Uptrend,Medium,0.008367462259605718,-0.9578540213596862
^IXIC,2024-09-11,17395.529296875,U2,Uptrend,Medium,0.02171097287436141,-0.303874527231764
^IXIC,2024-09-12,17569.6796875,U2,Uptrend,Medium,0.010011215390628214,0.008382099998263223
^IXIC,2024-09-13,17683.98046875,U2,Uptrend,Medium,0.0065055700094134306,0.2138734560016922
^IXIC,2024-09-16,17592.130859375,U2,Uptrend,Medium,-0.00519394428970954,0.05675824228735887
^IXIC,2024-09-17,17628.060546875,U2,Uptrend,Medium,0.0020423726828324718,0.12158231607721856
^IXIC,2024-09-18,17573.30078125,U2,Uptrend,Medium,-0.003106397636846503,0.02331018448844875
^IXIC,2024-09-19,18013.98046875,U2,Uptrend,Medium,0.025076659927780076,0.7839300815544169
^IXIC,2024-09-20,17948.3203125,U2,Uptrend,Medium,-0.003644955448014686,0.6636106210327704
^IXIC,2024-09-23,17974.26953125,U2,Uptrend,Medium,0.001445774217207818,0.7039986806748143
^IXIC,2024-09-24,18074.51953125,U2,Uptrend,Medium,0.005577417197717205,0.8633551385685458
^IXIC,2024-09-25,18082.2109375,U2,Uptrend,Medium,0.00042553862838246026,0.8672107563759502
^IXIC,2024-09-26,18190.2890625,U2,Uptrend,Medium,0.005977041489758417,1.0441143844503857
^IXIC,2024-09-27,18119.58984375,U2,Uptrend,Medium,-0.0038866462488355014,0.9267351608575586
^IXIC,2024-09-30,18189.169921875,U2,Uptrend,Medium,0.0038400470830193267,1.0568950484136834
^IXIC,2024-10-01,17910.359375,U2,Uptrend,Medium,-0.015328382112681838,0.5983878157280283
^IXIC,2024-10-02,17925.119140625,U2,Uptrend,Medium,0.000824090980865666,0.6495110093063032
^IXIC,2024-10-03,17918.48046875,U2,Uptrend,Medium,-0.0003703558019848563,0.6790115330983085
^IXIC,2024-10-04,18137.849609375,U2,Uptrend,Low,0.012242619624335926,1.0919740291928952
^IXIC,2024-10-07,17923.900390625,U2,Uptrend,Low,-0.011795732314343055,0.7242324866809394
^IXIC,2024-10-08,18182.919921875,U2,Uptrend,Medium,0.01445106955545672,1.2365295268989966
^IXIC,2024-10-09,18291.619140625,U2,Uptrend,Low,0.005978094784393262,1.4674649522392873
^IXIC,2024-10-10,18282.05078125,U2,Uptrend,Low,-0.0005231007327147763,1.4244611884180325
^IXIC,2024-10-11,18342.939453125,U2,Uptrend,Low,0.003330516505153147,1.500910841649154
^IXIC,2024-10-14,18502.689453125,U2,Uptrend,Low,0.00870907306913593,1.7314108805346113
^IXIC,2024-10-15,18315.58984375,U2,Uptrend,Low,-0.010112022354858197,1.3658501960975744
^IXIC,2024-10-16,18367.080078125,U2,Uptrend,Low,0.002811279069593775,1.4297990280973154
^IXIC,2024-10-17,18373.609375,U2,Uptrend,Low,0.000355489105901885,1.3890277984762935
^IXIC,2024-10-18,18489.55078125,U2,Uptrend,Low,0.006310213953266919,1.5294935263303322
^IXIC,2024-10-21,18540.009765625,U2,Uptrend,Low,0.0027290541004474367,1.5519544709028548
^IXIC,2024-10-22,18579.76953125,U2,Uptrend,Low,0.00214453854812513,1.5543524426581943
^IXIC,2024-10-23,18276.650390625,U2,Uptrend,Low,-0.016314472583482398,1.0157842694621482
^IXIC,2024-10-24,18415.490234375,U2,Uptrend,Low,0.007596569436006506,1.208098693147787
^IXIC,2024-10-25,18518.609375,U2,Uptrend,Low,0.005599587049413213,1.3274787752430774
^IXIC,2024-10-28,18567.189453125,U2,Uptrend,Low,0.002623311348128654,1.3625284805887472
^IXIC,2024-10-29,18712.75,U2,Uptrend,Low,0.00783966508460976,1.5846325730852018
^IXIC,2024-10-30,18607.9296875,U2,Uptrend,Low,-0.005601545069538139,1.3914018757335198
^IXIC,2024-10-31,18095.150390625,U2,Uptrend,Medium,-0.027557031087636963,0.47607658613782194
^IXIC,2024-11-01,18239.919921875,U2,Uptrend,Medium,0.008000460240717544,0.7254633716081657
^IXIC,2024-11-04,18179.98046875,U2,Uptrend,Low,-0.0032861686554399583,0.5852516891479058
^IXIC,2024-11-05,18439.169921875,U2,Uptrend,Low,0.014256860922954528,1.0914638952577278
^IXIC,2024-11-06,18983.470703125,U2,Uptrend,Medium,0.029518724734147517,2.1266719815652864
^IXIC,2024-11-07,19269.4609375,U2,Uptrend,Medium,0.0150652237858655,2.5446799731400587
^IXIC,2024-11-08,19286.779296875,U2,Uptrend,Medium,0.0008987464377530063,2.4062115000146105
^IXIC,2024-11-11,19298.759765625,U2,Uptrend,Medium,0.0006211751877069904,2.277737379790438
^IXIC,2024-11-12,19281.400390625,U2,Uptrend,Medium,-0.000899507284966572,2.1186212774528697
^IXIC,2024-11-13,19230.720703125,U2,Uptrend,Medium,-0.0026284235830008607,1.9278365873028633
^IXIC,2024-11-14,19107.650390625,U2,Uptrend,Medium,-0.006399672399173273,1.6483680311542341
^IXIC,2024-11-15,18680.119140625,U2,Uptrend,Medium,-0.022374872957156677,0.9143489985538514
^IXIC,2024-11-18,18791.810546875,U2,Uptrend,Medium,0.005979159201779272,1.063748633057938
^IXIC,2024-11-19,18987.470703125,U2,Uptrend,Medium,0.010411990678702132,1.332558797139251
^IXIC,2024-11-20,18966.140625,U2,Uptrend,Medium,-0.0011233764864474471,1.2530737312228402
^IXIC,2024-11-21,18972.419921875,U2,Uptrend,Medium,0.00033107931651232825,1.2200735514390189
^IXIC,2024-11-22,19003.650390625,U2,Uptrend,Medium,0.0016460983300286003,1.226861278681168
^IXIC,2024-11-25,19054.83984375,U2,Uptrend,Medium,0.0026936642209673956,1.2621268531095413
^IXIC,2024-11-26,19174.30078125,U2,Uptrend,Medium,0.006269322569991687,1.4098265571970876
^IXIC,2024-11-27,19060.48046875,U2,Uptrend,Medium,-0.005936086733931978,1.2005961584988274
^IXIC,2024-11-29,19218.169921875,U2,Uptrend,Medium,0.008273110081539414,1.4205615150945798
^IXIC,2024-12-02,19403.94921875,U2,Uptrend,Medium,0.009666856814682268,1.7224971636967528
^IXIC,2024-12-03,19480.91015625,U2,Uptrend,Medium,0.003966251232281781,1.8370300391953738
^IXIC,2024-12-04,19735.119140625,U2,Uptrend,Medium,0.01304913283496889,2.232949857662691
^IXIC,2024-12-05,19700.259765625,U2,Uptrend,Low,-0.0017663625312623887,2.0908537938965095
^IXIC,2024-12-06,19859.76953125,U2,Uptrend,Low,0.008096835652052103,2.259617132826916
^IXIC,2024-12-09,19736.689453125,U2,Uptrend,Low,-0.006197457524939054,1.958793012465328
^IXIC,2024-12-10,19687.240234375,U2,Uptrend,Low,-0.0025054464613958327,1.808997041609532
^IXIC,2024-12-11,20034.890625,U2,Uptrend,Low,0.017658665535963847,2.287318443632815
^IXIC,2024-12-12,19902.83984375,U2,Uptrend,Low,-0.006591040785879021,1.990239779862813
^IXIC,2024-12-13,19926.720703125,U2,Uptrend,Low,0.0011998719560866178,1.9347355604074727
^IXIC,2024-12-16,20173.890625,U2,Uptrend,Low,0.01240394370741793,2.21210566149068
^IXIC,2024-12-17,20109.060546875,U2,Uptrend,Low,-0.00321356347816526,2.0086000788415164
^IXIC,2024-12-18,19392.689453125,U2,Uptrend,Medium,-0.03562429443583959,0.8667371600737019
^IXIC,2024-12-19,19372.76953125,U2,Uptrend,Medium,-0.0010271871739683247,0.8072926791548098
^IXIC,2024-12-20,19572.599609375,U2,Uptrend,Medium,0.010314997956417882,1.084201167941708
^IXIC,2024-12-23,19764.880859375,U2,Uptrend,Medium,0.00982400160619945,1.3386128510907993
^IXIC,2024-12-24,20031.130859375,U2,Uptrend,Medium,0.013470862885252899,1.6833622513896134
^IXIC,2024-12-26,20020.359375,U2,Uptrend,Medium,-0.0005377372076803555,1.6114117327748254
^IXIC,2024-12-27,19722.029296875,U2,Uptrend,Medium,-0.014901334813076983,1.1189335842131536
^IXIC,2024-12-30,19486.7890625,U2,Uptrend,Medium,-0.011927790534834837,0.7260573864164558
^IXIC,2024-12-31,19310.7890625,U2,Uptrend,Medium,-0.00903175989823235,0.4212852056132587
^IXIC,2025-01-02,19280.7890625,U2,Uptrend,Medium,-0.001553535689448271,0.34580610565192943
^IXIC,2025-01-03,19621.6796875,U2,Uptrend,Medium,0.017680325421069565,0.8848550485070811
^IXIC,2025-01-06,19864.98046875,U2,Uptrend,Medium,0.01239958989876877,1.2541574004637879
^IXIC,2025-01-07,19489.6796875,U2,Uptrend,Medium,-0.018892582443783112,0.5940490615577639
^IXIC,2025-01-08,19478.880859375,U2,Uptrend,Medium,-0.000554079302387156,0.5506340455104023
^IXIC,2025-01-10,19161.630859375,U2,Uptrend,Medium,-0.01628686998448936,-0.020870116116381836
^IXIC,2025-01-13,19088.099609375,U2,Uptrend,Medium,-0.003837421278994335,-0.17645011120840992
^IXIC,2025-01-14,19044.390625,U2,Uptrend,Medium,-0.002289855211858427,-0.2803029365999272
^IXIC,2025-01-15,19511.23046875,U2,Uptrend,Medium,0.024513246600664118,0.5482925943999778
^IXIC,2025-01-16,19338.2890625,U2,Uptrend,Medium,-0.008863685277409328,0.20328390137264607
^IXIC,2025-01-17,19630.19921875,U2,Uptrend,Medium,0.01509493188909139,0.7282451250557049
^IXIC,2025-01-21,19756.779296875,U2,Uptrend,Medium,0.006448231967207674,0.9387486896709938
^IXIC,2025-01-22,20009.33984375,U2,Uptrend,Medium,0.012783487788161407,1.3901193013949025
^IXIC,2025-01-23,20053.6796875,U2,Uptrend,Medium,0.0022159573527285037,1.4350531119141836
^IXIC,2025-01-24,19954.30078125,U2,Uptrend,Medium,-0.004955644440254314,1.203738560600939
^IXIC,2025-01-27,19341.830078125,U2,Uptrend,Medium,-0.03069366899092285,-0.04005798855969952
^IXIC,2025-01-28,19733.58984375,U2,Uptrend,Medium,0.020254534552450076,0.7284003467460197
^IXIC,2025-01-29,19632.3203125,U2,Uptrend,Medium,-0.0051318352135546474,0.4953533606781601
^IXIC,2025-01-30,19681.75,U2,Uptrend,Medium,0.0025177710384303165,0.5801965510026696
^IXIC,2025-01-31,19627.439453125,U2,Uptrend,Medium,-0.0027594368831531657,0.4334065207685564
^IXIC,2025-02-03,19391.9609375,U2,Uptrend,Medium,-0.011997413936106094,-0.1901256152616041
^IXIC,2025-02-04,19654.01953125,U2,Uptrend,Medium,0.01351377483662497,0.46407336450452275
^IXIC,2025-02-05,19692.330078125,U2,Uptrend,Medium,0.0019492474205637933,0.5448081430845826
^IXIC,2025-02-06,19791.990234375,U2,Uptrend,Medium,0.005060861556485108,0.7975164213382165
^IXIC,2025-02-07,19523.400390625,U2,Uptrend,Medium,-0.013570633401157828,0.03714585891661813
^IXIC,2025-02-10,19714.26953125,U2,Uptrend,Medium,0.009776429146874044,0.5523077259882704
^IXIC,2025-02-11,19643.859375,U2,Uptrend,Medium,-0.0035715325966498845,0.3391412757230455
^IXIC,2025-02-12,19649.94921875,U2,Uptrend,Medium,0.0003100125914030638,0.33826041514619826
^IXIC,2025-02-13,19945.640625,U2,Uptrend,Medium,0.015047947603236134,1.1346336140076858
^IXIC,2025-02-14,20026.76953125,U2,Uptrend,Medium,0.004067500652163103,1.351071179688318
^IXIC,2025-02-18,20041.259765625,U2,Uptrend,Medium,0.0007235432730370306,1.373270777669862
^IXIC,2025-02-19,20056.25,U2,Uptrend,Medium,0.0007479686681528541,1.3818746455447894
^IXIC,2025-02-20,19962.359375,U2,Uptrend,Medium,-0.0046813649111873135,1.0689785552742863
^IXIC,2025-02-21,19524.009765625,U2,Uptrend,Medium,-0.02195880763092417,-0.34787655969297143
^IXIC,2025-02-24,19286.9296875,U2,Uptrend,Medium,-0.012143001410622967,-1.1638426887175435
^IXIC,2025-02-25,19026.390625,U2,Uptrend,Medium,-0.013508581548304033,-2.0253390869681134
^IXIC,2025-02-26,19075.259765625,U2,Uptrend,Low,0.0025684924475790627,-1.8399294617336261
^IXIC,2025-02-27,18544.419921875,U2,Uptrend,Medium,-0.02782870850894581,-3.310553047216635
^IXIC,2025-02-28,18847.279296875,U2,Uptrend,Medium,0.016331563687400408,-2.2855628395306997
^IXIC,2025-03-03,18350.189453125,U2,Uptrend,Medium,-0.026374620756663858,-3.3420871153776472
^IXIC,2025-03-04,18285.16015625,U2,Uptrend,Medium,-0.0035437943047462728,-3.1544820818952646
^IXIC,2025-03-05,18552.73046875,U2,Uptrend,Medium,0.014633194908524993,-2.339446414890235
^IXIC,2025-03-06,18069.259765625,U2,Uptrend,Medium,-0.026059274883519334,-3.1051944635557476
^IXIC,2025-03-07,18196.220703125,U2,Uptrend,Medium,0.007026349676013233,-2.618789106437486
^IXIC,2025-03-10,17468.3203125,U2,Uptrend,Medium,-0.040002833692822315,-3.5449832148856135
^IXIC,2025-03-11,17436.099609375,U2,Uptrend,Medium,-0.001844522114810565,-3.210357359730518
^IXIC,2025-03-12,17648.44921875,U2,Uptrend,Medium,0.012178733439950351,-2.650970418638277
^IXIC,2025-03-13,17303.009765625,U2,Uptrend,Medium,-0.01957336017705169,-2.8925352832183515
^IXIC,2025-03-14,17754.08984375,U2,Uptrend,Medium,0.026069457524154904,-2.1279384028877075
^IXIC,2025-03-17,17808.66015625,U2,Uptrend,Medium,0.0030736755857529996,-1.9560054624175882
^IXIC,2025-03-18,17504.119140625,U2,Uptrend,Medium,-0.017100725880162315,-2.2281975346329297
^IXIC,2025-03-19,17750.7890625,U2,Uptrend,Medium,0.014092107114519692,-1.8206060593468179
^IXIC,2025-03-20,17691.630859375,U2,Uptrend,Medium,-0.003332708361115988,-1.807286671214574
^IXIC,2025-03-21,17784.05078125,U2,Uptrend,Medium,0.0052239345603362075,-1.6234528544072466
^IXIC,2025-03-24,18188.58984375,U2,Uptrend,Medium,0.022747295735711326,-1.1027048567051159
^IXIC,2025-03-25,18271.859375,U2,Uptrend,Medium,0.004578119137620407,-0.9710555289082698
^IXIC,2025-03-26,17899.01953125,U2,Uptrend,Medium,-0.02040513973417113,-1.364732804207857
^IXIC,2025-03-27,17804.029296875,U2,Uptrend,Medium,-0.005307007694424604,-1.4216634509066948
^IXIC,2025-03-28,17322.990234375,U2,Uptrend,Medium,-0.027018550378617556,-1.8858325068257642
^IXIC,2025-03-31,17299.2890625,U2,Uptrend,Medium,-0.0013681917240805364,-1.8223856150027369
^IXIC,2025-04-01,17449.890625,U2,Uptrend,Medium,0.008705650385741004,-1.588728756482628
^IXIC,2025-04-02,17601.05078125,U2,Uptrend,Medium,0.008662527433463518,-1.3731414242479814
^IXIC,2025-04-03,16550.609375,U1,Uptrend,Medium,-0.05968060766968586,-2.339899094897116
^IXIC,2025-04-04,15587.7900390625,U1,Uptrend,Medium,-0.05817425293064171,-3.007560857198213
^IXIC,2025-04-07,15603.259765625,U1,Uptrend,Medium,0.0009924259002549451,-2.7454921640390975
^IXIC,2025-04-08,15267.91015625,U1,Uptrend,Medium,-0.02149227881944238,-2.782714344590074
^IXIC,2025-04-09,17124.970703125,U2,Uptrend,High,0.12163161348672213,-1.208053577704982
^IXIC,2025-04-10,16387.310546875,U1,Uptrend,High,-0.043075119311905774,-1.7296645348198914
^IXIC,2025-04-11,16724.4609375,U1,Uptrend,High,0.020573869620679863,-1.40681098011607
^IXIC,2025-04-14,16831.48046875,U1,Uptrend,High,0.006398982403674314,-1.2762304477232118
^IXIC,2025-04-15,16823.169921875,U1,Uptrend,High,-0.0004937502016194584,-1.2384101164550303
^IXIC,2025-04-16,16307.16015625,U1,Uptrend,High,-0.03067256456549472,-1.572876240289787
^IXIC,2025-04-17,16286.4501953125,U1,Uptrend,High,-0.0012699918771302832,-1.5307243318988382
^IXIC,2025-04-21,15870.900390625,U1,Uptrend,High,-0.025515063117136583,-1.7707246537400065
^IXIC,2025-04-22,16300.419921875,U1,Uptrend,High,0.027063337345606397,-1.3997866574615212
^IXIC,2025-04-23,16708.05078125,U1,Uptrend,High,0.025007383940334194,-1.0593037917835728
^IXIC,2025-04-24,17166.0390625,U2,Uptrend,High,0.02741123349732466,-0.6923114370108868
^IXIC,2025-04-25,17382.939453125,U2,Uptrend,High,0.012635436155963742,-0.5062017459677505
^IXIC,2025-04-28,17366.130859375,U2,Uptrend,High,-0.0009669592300730612,-0.4952179810943629
^IXIC,2025-04-29,17461.3203125,U2,Uptrend,High,0.005481327642628653,-0.3993999733983246
^IXIC,2025-04-30,17446.33984375,U2,Uptrend,High,-0.0008579230254012193,-0.3894321911656254
^IXIC,2025-05-01,17710.740234375,U2,Uptrend,High,0.015155063640452937,-0.15965565032684745
^IXIC,2025-05-02,17977.73046875,U2,Uptrend,High,0.015075046601202846,0.07654295211055451
^IXIC,2025-05-05,17844.240234375,U2,Uptrend,High,-0.00742531069797947,-0.005265334231580511
^IXIC,2025-05-06,17689.66015625,U2,Uptrend,High,-0.008662743613326751,-0.10948580830379344
^IXIC,2025-05-07,17738.16015625,U2,Uptrend,High,0.00274171462716688,-0.04203427493125623
^IXIC,2025-05-08,17928.140625,U2,Uptrend,Medium,0.010710269107760961,0.14889799257899472
^IXIC,2025-05-09,17928.919921875,U2,Uptrend,Medium,4.346780245101378e-05,0.17901895007701615
^IXIC,2025-05-12,18708.33984375,U2,Uptrend,Medium,0.043472776122114976,0.9239792935231457
^IXIC,2025-05-13,19010.08984375,U2,Uptrend,Medium,0.016129170333668563,1.252725081837491
^IXIC,2025-05-14,19146.810546875,U2,Uptrend,Medium,0.007192007205055306,1.434898141932197
^IXIC,2025-05-15,19112.3203125,U2,Uptrend,Medium,-0.001801356643215457,1.45986665001041
^IXIC,2025-05-16,19211.099609375,U2,Uptrend,Medium,0.005168357125659773,1.6125439494520073
^IXIC,2025-05-19,19215.4609375,U2,Uptrend,Medium,0.000227021264460614,1.6381654037121718
^IXIC,2025-05-20,19142.7109375,U2,Uptrend,Medium,-0.00378601378528598,1.5714099060994458
^IXIC,2025-05-21,18872.640625,U2,Uptrend,Medium,-0.01410825840612473,1.2962358702618741
^IXIC,2025-05-22,18925.740234375,U2,Uptrend,Medium,0.0028135760347527405,1.3598432300493453
^IXIC,2025-05-23,18737.2109375,U2,Uptrend,Medium,-0.009961528296397737,1.1534016822089783
^IXIC,2025-05-27,19199.16015625,U2,Uptrend,Medium,0.024654107822710714,1.618074554035713
^IXIC,2025-05-28,19100.939453125,U2,Uptrend,Medium,-0.00511588539944674,1.4809551913073027
^IXIC,2025-05-29,19175.869140625,U2,Uptrend,Medium,0.003922827339664758,1.5171427960852713
^IXIC,2025-05-30,19113.76953125,U2,Uptrend,Medium,-0.0032384247576783265,1.4291020307026117
^IXIC,2025-06-02,19242.609375,U2,Uptrend,Medium,0.006740682079448224,1.509633789566902
^IXIC,2025-06-03,19398.9609375,U2,Uptrend,Medium,0.008125278617521214,1.6093473403254572
^IXIC,2025-06-04,19460.490234375,U2,Uptrend,Medium,0.0031717831214381764,1.6007969291223496
^IXIC,2025-06-05,19298.44921875,U2,Uptrend,Medium,-0.008326666680717576,1.3965724323250237
^IXIC,2025-06-06,19529.94921875,U2,Uptrend,Medium,0.011995782530291654,1.548584889554559
^IXIC,2025-06-09,19591.240234375,U2,Uptrend,Medium,0.003138309011380125,1.5399852399111744
^IXIC,2025-06-10,19714.990234375,U2,Uptrend,Low,0.006316598567499998,1.5854022046497678
^IXIC,2025-06-11,19615.880859375,U2,Uptrend,Low,-0.005027107486322402,1.4464911854345746
^IXIC,2025-06-12,19662.490234375,U2,Uptrend,Low,0.002376104103309906,1.431168918316746
^IXIC,2025-06-13,19406.830078125,U2,Uptrend,Low,-0.013002430170469537,1.1797195348707556
^IXIC,2025-06-16,19701.2109375,U2,Uptrend,Low,0.015168930638848721,1.3735329724163696
^IXIC,2025-06-17,19521.08984375,U2,Uptrend,Low,-0.009142640740278152,1.1887986405801014
^IXIC,2025-06-18,19546.26953125,U2,Uptrend,Low,0.0012898709908895079,1.1766934245044016
^IXIC,2025-06-20,19447.41015625,U2,Uptrend,Low,-0.00505771062053284,1.0719370105863077
^IXIC,2025-06-23,19630.970703125,U2,Uptrend,Low,0.009438817066138139,1.179618903972794
^IXIC,2025-06-24,19912.529296875,U2,Uptrend,Low,0.01434257113455839,1.3503906856303656
^IXIC,2025-06-25,19973.55078125,U2,Uptrend,Low,0.0030644768158396563,1.346509160453386
^IXIC,2025-06-26,20167.91015625,U2,Uptrend,Low,0.009730837402353698,1.4369820930723112
^IXIC,2025-06-27,20273.4609375,U2,Uptrend,Low,0.005233600330041721,1.457678089480838
^IXIC,2025-06-30,20369.73046875,U2,Uptrend,Low,0.004748549423642334,1.4696739402570145
^IXIC,2025-07-01,20202.890625,U2,Uptrend,Low,-0.00819057689575009,1.3046885483225454
^IXIC,2025-07-02,20393.130859375,U2,Uptrend,Low,0.00941648588344024,1.4112865936799939
^IXIC,2025-07-03,20601.099609375,U2,Uptrend,Low,0.010197980458914957,1.5327047321051426
^IXIC,2025-07-07,20412.51953125,U2,Uptrend,Low,-0.009153884098457632,1.3794481196135764
^IXIC,2025-07-08,20418.4609375,U2,Uptrend,Low,0.000291066776000104,1.3367573880257924
^IXIC,2025-07-09,20611.33984375,U2,Uptrend,Low,0.009446299936140878,1.4469978789109608
^IXIC,2025-07-10,20630.66015625,U2,Uptrend,Low,0.0009373632498645978,1.4183411758198543
^IXIC,2025-07-11,20585.529296875,U2,Uptrend,Low,-0.0021875625420221256,1.3417234907610238
^IXIC,2025-07-14,20640.330078125,U2,Uptrend,Low,0.0026621021232773323,1.3457114070859029
^IXIC,2025-07-15,20677.80078125,U2,Uptrend,Low,0.0018154120105235982,1.3503283004386128
^IXIC,2025-07-16,20730.490234375,U2,Uptrend,Low,0.0025481168757934824,1.3727412742982892
^IXIC,2025-07-17,20885.650390625,U2,Uptrend,Low,0.00748463516761011,1.5060505280648757
^IXIC,2025-07-18,20895.650390625,U2,Uptrend,Low,0.00047879763440294987,1.5068291884533727
^IXIC,2025-07-21,20974.1796875,U2,Uptrend,Low,0.0037581647571129917,1.559296616771952
^IXIC,2025-07-22,20892.689453125,U2,Uptrend,Low,-0.0038852644341349496,1.451098955825332
^IXIC,2025-07-23,21020.01953125,U2,Uptrend,Low,0.006094480005107927,1.5370278491700866
^IXIC,2025-07-24,21057.9609375,U2,Uptrend,Low,0.001805012892285518,1.5404780936721725
^IXIC,2025-07-25,21108.3203125,U2,Uptrend,Low,0.002391464926232212,1.5565042574211012
^IXIC,2025-07-28,21178.580078125,U2,Uptrend,Low,0.003328534179168896,1.597199534374102
^IXIC,2025-07-29,21098.2890625,U2,Uptrend,Low,-0.003791142528385638,1.4798508770418484
^IXIC,2025-07-30,21129.669921875,U2,Uptrend,Low,0.0014873651262450327,1.4731722785189092
^IXIC,2025-07-31,21122.44921875,U2,Uptrend,Low,-0.0003417328880052084,1.4346804140051421
^IXIC,2025-08-01,20650.130859375,U2,Uptrend,Low,-0.022360965552978174,0.9005936861043591
^IXIC,2025-08-04,21053.580078125,U2,Uptrend,Low,0.019537368624801488,1.3473614918368437
^IXIC,2025-08-05,20916.55078125,U2,Uptrend,Low,-0.006508598365053131,1.17000232411473
^IXIC,2025-08-06,21169.419921875,U2,Uptrend,Low,0.01208942828430759,1.470066390967006
^IXIC,2025-08-07,21242.69921875,U2,Uptrend,Low,0.0034615637625137197,1.5167614903922397
^IXIC,2025-08-08,21450.01953125,U2,Uptrend,Low,0.009759603069510403,1.7137051236757275
^IXIC,2025-08-11,21385.400390625,U2,Uptrend,Low,-0.0030125446054189986,1.5701651418435865
^IXIC,2025-08-12,21681.900390625,U2,Uptrend,Low,0.013864598959296481,1.859932274381739
^IXIC,2025-08-13,21713.140625,U2,Uptrend,Low,0.0014408439210664703,1.8165691923721927
^IXIC,2025-08-14,21710.669921875,U2,Uptrend,Low,-0.00011378838131570479,1.7391232174780433
^IXIC,2025-08-15,21622.98046875,U2,Uptrend,Low,-0.004039002639741107,1.5745921841151123
^IXIC,2025-08-18,21629.76953125,U2,Uptrend,Low,0.00031397440837599433,1.53589598397611
^IXIC,2025-08-19,21314.94921875,U2,Uptrend,Low,-0.014554954552111976,1.1259379662089055
^IXIC,2025-08-20,21172.859375,U2,Uptrend,Low,-0.006666206064662283,0.9293924919093238
^IXIC,2025-08-21,21100.310546875,U2,Uptrend,Low,-0.003426501203265042,0.8107845943198781
^IXIC,2025-08-22,21496.5390625,U2,Uptrend,Medium,0.018778326259453193,1.2819332723458585
^IXIC,2025-08-25,21449.2890625,U2,Uptrend,Medium,-0.0021980282436453447,1.188144125238088
^IXIC,2025-08-26,21544.26953125,U2,Uptrend,Medium,0.00442814064714403,1.2810832954204607
^IXIC,2025-08-27,21590.140625,U2,Uptrend,Medium,0.0021291552114803824,1.3075270284946376
^IXIC,2025-08-28,21705.16015625,U2,Uptrend,Medium,0.005327410008474587,1.4202631256940836
^IXIC,2025-08-29,21455.55078125,U2,Uptrend,Low,-0.011500001529734183,1.0498963537741937
^IXIC,2025-09-02,21279.630859375,U2,Uptrend,Low,-0.008199273170313437,0.7829869766334197
^IXIC,2025-09-03,21497.73046875,U2,Uptrend,Low,0.010249219585447555,1.062476873480684
^IXIC,2025-09-04,21707.689453125,U2,Uptrend,Low,0.009766565111615222,1.3270591585339164
^IXIC,2025-09-05,21700.390625,U2,Uptrend,Low,-0.0003362323816525903,1.2778520966164206
^IXIC,2025-09-08,21798.69921875,U2,Uptrend,Low,0.0045302683923460485,1.3841509380954873
^IXIC,2025-09-09,21879.490234375,U2,Uptrend,Low,0.003706231037653218,1.4628705756050817
^IXIC,2025-09-10,21886.060546875,U2,Uptrend,Low,0.00030029550184296205,1.4490863071084976
^IXIC,2025-09-11,22043.0703125,U2,Uptrend,Low,0.00717396195120279,1.6445906874160412
^IXIC,2025-09-12,22141.099609375,U2,Uptrend,Low,0.004447170720106586,1.7618354487137944
