ticker,date,price,sax_symbol,trend,volatility,daily_return,zscore
^KQ11,2020-01-03,669.9299926757812,D2,Downtrend,Unknown,-0.006068108864649369,0.0
^KQ11,2020-01-06,655.3099975585938,D2,Downtrend,Unknown,-0.021823168505702317,0.0
^KQ11,2020-01-07,663.4400024414062,D2,Downtrend,Unknown,0.012406349533963246,0.0
^KQ11,2020-01-08,640.9400024414062,D2,Downtrend,Unknown,-0.03391414433438111,0.0
^KQ11,2020-01-09,666.0900268554688,D2,Downtrend,Unknown,0.03923928030433976,0.0
^KQ11,2020-01-10,673.030029296875,D2,Downtrend,Unknown,0.010419015690970701,0.0
^KQ11,2020-01-13,679.219970703125,D2,Downtrend,Unknown,0.009197125145688823,0.0
^KQ11,2020-01-14,678.7100219726562,D2,Downtrend,Unknown,-0.0007507858314896865,0.0
^KQ11,2020-01-15,679.1599731445312,D2,Downtrend,Unknown,0.000662950534555673,0.0
^KQ11,2020-01-16,686.52001953125,D2,Downtrend,Unknown,0.010836984919240011,0.0
^KQ11,2020-01-17,688.4099731445312,D2,Downtrend,Unknown,0.0027529475609053833,0.0
^KQ11,2020-01-20,683.469970703125,D2,Downtrend,Unknown,-0.007175960015281646,0.0
^KQ11,2020-01-21,676.52001953125,D2,Downtrend,Unknown,-0.010168626962096305,0.0
^KQ11,2020-01-22,688.25,D2,Downtrend,Unknown,0.01733870414784988,0.0
^KQ11,2020-01-23,685.5700073242188,D2,Downtrend,Unknown,-0.003893923248501685,0.0
^KQ11,2020-01-28,664.7000122070312,D2,Downtrend,Unknown,-0.030441814685918223,0.0
^KQ11,2020-01-29,670.1799926757812,D2,Downtrend,Unknown,0.008244291211240595,0.0
^KQ11,2020-01-30,656.3900146484375,D2,Downtrend,Unknown,-0.020576528959459717,0.0
^KQ11,2020-01-31,642.47998046875,D2,Downtrend,Unknown,-0.021191721185974677,0.0
^KQ11,2020-02-03,646.8499755859375,D2,Downtrend,Medium,0.006801760755252184,0.0
^KQ11,2020-02-04,661.239990234375,D2,Downtrend,Medium,0.022246293872706158,0.0
^KQ11,2020-02-05,661.3200073242188,D2,Downtrend,Medium,0.00012101066333780608,0.0
^KQ11,2020-02-06,672.6900024414062,D2,Downtrend,Medium,0.01719287937951841,0.0
^KQ11,2020-02-07,672.6300048828125,D2,Downtrend,Medium,-8.919050138400664e-05,0.0
^KQ11,2020-02-10,676.0700073242188,D2,Downtrend,Medium,0.005114256599370037,0.0
^KQ11,2020-02-11,682.3400268554688,D2,Downtrend,Medium,0.009274216373043709,0.0
^KQ11,2020-02-12,686.5900268554688,D2,Downtrend,Medium,0.0062285661587022645,0.0
^KQ11,2020-02-13,687.6099853515625,D2,Downtrend,Medium,0.0014855422540362984,0.0
^KQ11,2020-02-14,688.9099731445312,D2,Downtrend,Medium,0.0018905888812887905,0.0
^KQ11,2020-02-17,692.5900268554688,D2,Downtrend,Medium,0.005341849957752665,0.0
^KQ11,2020-02-18,682.9199829101562,D2,Downtrend,Medium,-0.013962147259348967,0.0
^KQ11,2020-02-19,684.780029296875,D2,Downtrend,Medium,0.00272366665680579,0.0
^KQ11,2020-02-20,681.6599731445312,D2,Downtrend,Medium,-0.004556289638801836,0.0
^KQ11,2020-02-21,667.989990234375,D2,Downtrend,Medium,-0.020053961577200963,0.0
^KQ11,2020-02-24,639.2899780273438,D2,Downtrend,Medium,-0.042964733943036126,0.0
^KQ11,2020-02-25,656.9500122070312,D2,Downtrend,Medium,0.02762445022864446,0.0
^KQ11,2020-02-26,654.6300048828125,D2,Downtrend,Medium,-0.003531482275834996,0.0
^KQ11,2020-02-27,638.1699829101562,D2,Downtrend,Medium,-0.025144007836308768,0.0
^KQ11,2020-02-28,610.72998046875,D2,Downtrend,Medium,-0.042997952232531333,0.0
^KQ11,2020-03-02,627.6599731445312,D2,Downtrend,Medium,0.02772091303391888,0.0
^KQ11,2020-03-03,626.8200073242188,D2,Downtrend,Medium,-0.001338249778943701,0.0
^KQ11,2020-03-04,641.72998046875,D2,Downtrend,Medium,0.023786689911477588,0.0
^KQ11,2020-03-05,650.1900024414062,D2,Downtrend,Medium,0.013183149034858399,0.0
^KQ11,2020-03-06,642.719970703125,D2,Downtrend,Medium,-0.011488998154742358,0.0
^KQ11,2020-03-09,614.5999755859375,D2,Downtrend,Medium,-0.04375155028468258,0.0
^KQ11,2020-03-10,619.969970703125,D2,Downtrend,Medium,0.008737382574849573,0.0
^KQ11,2020-03-11,595.6099853515625,D2,Downtrend,Medium,-0.03929220204639128,0.0
^KQ11,2020-03-12,563.489990234375,D2,Downtrend,Medium,-0.05392789897272876,0.0
^KQ11,2020-03-13,524.0,D2,Downtrend,Medium,-0.07008108558938153,0.0
^KQ11,2020-03-16,504.510009765625,D2,Downtrend,Medium,-0.03719463785186072,0.0
^KQ11,2020-03-17,514.72998046875,D2,Downtrend,Medium,0.02025722087827897,0.0
^KQ11,2020-03-18,485.1400146484375,D2,Downtrend,High,-0.05748638498454228,0.0
^KQ11,2020-03-19,428.3500061035156,D2,Downtrend,High,-0.11705900735909291,0.0
^KQ11,2020-03-20,467.75,D2,Downtrend,High,0.09198084121647687,0.0
^KQ11,2020-03-23,443.760009765625,D2,Downtrend,High,-0.05128806036210587,0.0
^KQ11,2020-03-24,480.3999938964844,D2,Downtrend,High,0.0825671158386061,0.0
^KQ11,2020-03-25,505.67999267578125,D2,Downtrend,High,0.05262281244896139,0.0
^KQ11,2020-03-26,516.6099853515625,D2,Downtrend,High,0.02161444556654435,0.0
^KQ11,2020-03-27,522.8300170898438,D2,Downtrend,High,0.01204009197392586,-1.4760749053424984
^KQ11,2020-03-30,542.1099853515625,D2,Downtrend,High,0.03687616936960536,-1.1676958479693131
^KQ11,2020-03-31,569.0700073242188,D2,Downtrend,High,0.049731646162489485,-0.7715449912332135
^KQ11,2020-04-01,551.8400268554688,D2,Downtrend,High,-0.0302774355474571,-0.9779679337078219
^KQ11,2020-04-02,567.7000122070312,D2,Downtrend,High,0.028740186611574625,-0.7380825614177986
^KQ11,2020-04-03,573.010009765625,D2,Downtrend,High,0.009353527293314956,-0.6483407864637579
^KQ11,2020-04-06,597.2100219726562,D2,Downtrend,High,0.04223314042442228,-0.3048448867590065
^KQ11,2020-04-07,606.9000244140625,D2,Downtrend,High,0.016225451825806703,-0.15860416463767169
^KQ11,2020-04-08,607.3699951171875,D2,Downtrend,High,0.000774379113889001,-0.13659504923290394
^KQ11,2020-04-09,615.9500122070312,D2,Downtrend,High,0.014126507991538695,-0.00422540080335295
^KQ11,2020-04-10,611.260009765625,D2,Downtrend,High,-0.007614258216509073,-0.05382160021300934
^KQ11,2020-04-13,596.7100219726562,D2,Downtrend,High,-0.02380327121112935,-0.2375743389403757
^KQ11,2020-04-14,610.2899780273438,D2,Downtrend,High,0.0227580492276529,-0.028852222060864092
^KQ11,2020-04-16,623.4299926757812,D2,Downtrend,High,0.021530772454940728,0.1731293855190929
^KQ11,2020-04-17,634.7899780273438,D2,Downtrend,High,0.018221749811562882,0.3477940114658221
^KQ11,2020-04-20,637.8200073242188,D2,Downtrend,High,0.004773278409799575,0.40733805628437664
^KQ11,2020-04-21,628.77001953125,D2,Downtrend,Medium,-0.014188936830212051,0.29244550549084736
^KQ11,2020-04-22,635.1599731445312,D2,Downtrend,Medium,0.010162624512607854,0.3952064222586497
^KQ11,2020-04-23,643.7899780273438,D2,Downtrend,Medium,0.013587135914889803,0.5314303224838838
^KQ11,2020-04-24,632.9600219726562,D2,Downtrend,Medium,-0.01682218801832225,0.37803010182890084
^KQ11,2020-04-27,646.8599853515625,D2,Downtrend,Medium,0.021960254828711223,0.5831300179213335
^KQ11,2020-04-28,644.9299926757812,D2,Downtrend,Medium,-0.0029836328100157905,0.5550975676823414
^KQ11,2020-04-29,645.1799926757812,D2,Downtrend,Medium,0.0003876389729724483,0.5643409496986196
^KQ11,2020-05-04,641.9099731445312,D2,Downtrend,Medium,-0.005068383347859418,0.5221505392412538
^KQ11,2020-05-06,658.4000244140625,D2,Downtrend,Medium,0.025689040456485346,0.7745940847023385
^KQ11,2020-05-07,668.1699829101562,D2,Downtrend,Medium,0.01483894005743469,0.9231726535935227
^KQ11,2020-05-08,682.2999877929688,D2,Downtrend,Medium,0.021147320658241098,1.1317223048331206
^KQ11,2020-05-11,685.0399780273438,D2,Downtrend,Medium,0.004015814573349319,1.1711732237867145
^KQ11,2020-05-12,684.2100219726562,D2,Downtrend,Medium,-0.0012115439701453345,1.1601674324827582
^KQ11,2020-05-13,691.530029296875,D2,Downtrend,Medium,0.010698480129119226,1.2672836428110128
^KQ11,2020-05-14,690.5700073242188,D2,Downtrend,Medium,-0.0013882578224873043,1.251852233933892
^KQ11,2020-05-15,691.9299926757812,D2,Downtrend,Medium,0.001969366374355186,1.272626363891542
^KQ11,2020-05-18,690.8499755859375,D2,Downtrend,Medium,-0.0015608762465508796,1.2514891413007583
^KQ11,2020-05-19,696.3599853515625,D2,Downtrend,Medium,0.00797569654822916,1.3259984501931836
^KQ11,2020-05-20,708.760009765625,D2,Downtrend,Medium,0.017806916932198824,1.4904119804437232
^KQ11,2020-05-21,716.02001953125,D2,Downtrend,Medium,0.010243255355258718,1.5625740356966964
^KQ11,2020-05-22,708.5800170898438,D2,Downtrend,Medium,-0.010390774333763675,1.4151732392834095
^KQ11,2020-05-25,719.8900146484375,D2,Downtrend,Medium,0.015961496635262362,1.5358510411167285
^KQ11,2020-05-26,729.1099853515625,D2,Downtrend,Medium,0.012807471301887086,1.615830921989841
^KQ11,2020-05-27,724.5900268554688,D2,Downtrend,Medium,-0.006199282120535332,1.5051477855503852
^KQ11,2020-05-28,708.75,D2,Downtrend,Medium,-0.02186067468277242,1.2515696691775307
^KQ11,2020-05-29,713.6799926757812,D2,Downtrend,Medium,0.00695589795524687,1.2800712348273315
^KQ11,2020-06-01,735.719970703125,D2,Downtrend,Medium,0.030882157624609663,1.5154770506291
^KQ11,2020-06-02,743.5800170898438,D1,Downtrend,Medium,0.01068347564251515,1.562272607359875
^KQ11,2020-06-03,737.6599731445312,D2,Downtrend,Medium,-0.007961542549895118,1.444259251184441
^KQ11,2020-06-04,742.3699951171875,D1,Downtrend,Medium,0.006385085465025586,1.4556865611662222
^KQ11,2020-06-05,749.3099975585938,D1,Downtrend,Medium,0.009348441460528933,1.484081611046324
^KQ11,2020-06-08,753.0399780273438,D1,Downtrend,Medium,0.004977886963877465,1.4738327329436245
^KQ11,2020-06-09,753.8200073242188,D1,Downtrend,Medium,0.0010358404860766335,1.4280139943356285
^KQ11,2020-06-10,758.6199951171875,D1,Downtrend,Medium,0.006367551598964516,1.427553270158601
^KQ11,2020-06-11,757.0599975585938,D1,Downtrend,Medium,-0.0020563623008021947,1.3618579031757607
^KQ11,2020-06-12,746.0599975585938,D1,Downtrend,Medium,-0.014529891997296596,1.199970778994776
^KQ11,2020-06-15,693.1500244140625,D2,Downtrend,Medium,-0.07091919325211615,0.5688561650311036
^KQ11,2020-06-16,735.3800048828125,D2,Downtrend,Medium,0.06092473343623994,1.033162969221458
^KQ11,2020-06-17,735.4000244140625,D2,Downtrend,Medium,2.7223382628172033e-05,1.02607538751275
^KQ11,2020-06-18,737.3300170898438,D2,Downtrend,Medium,0.0026244120365905843,1.034259115807593
^KQ11,2020-06-19,742.030029296875,D1,Downtrend,Medium,0.006374367105765888,1.0964388853393117
^KQ11,2020-06-22,751.6400146484375,D1,Downtrend,Medium,0.01295093860374985,1.2214705203282703
^KQ11,2020-06-23,753.22998046875,D1,Downtrend,Medium,0.0021153288666466707,1.2290790739517103
^KQ11,2020-06-24,759.5,D1,Downtrend,Medium,0.008324176803674366,1.306778388607417
^KQ11,2020-06-25,750.3599853515625,D1,Downtrend,Medium,-0.012034252335006546,1.150226306709596
^KQ11,2020-06-26,750.5800170898438,D1,Downtrend,Medium,0.00029323490401500507,1.1348605065231665
^KQ11,2020-06-29,734.6900024414062,D2,Downtrend,Medium,-0.021170314006022206,0.8438011200471628
^KQ11,2020-06-30,737.969970703125,D2,Downtrend,Medium,0.004464424792523847,0.8826096099963503
^KQ11,2020-07-01,727.5800170898438,D2,Downtrend,Medium,-0.014079100811353995,0.673689356651643
^KQ11,2020-07-02,742.5499877929688,D1,Downtrend,Medium,0.02057501628893199,0.9337819480424897
^KQ11,2020-07-03,752.1799926757812,D1,Downtrend,Medium,0.012968830437173784,1.0929227361591183
^KQ11,2020-07-06,759.9000244140625,D1,Downtrend,Medium,0.010263543052798196,1.2134255116609063
^KQ11,2020-07-07,759.1599731445312,D1,Downtrend,Medium,-0.000973879781227649,1.1691264783564108
^KQ11,2020-07-08,765.9600219726562,D1,Downtrend,Medium,0.00895733319547709,1.2737506871703612
^KQ11,2020-07-09,772.9000244140625,D1,Downtrend,Medium,0.009060528281271019,1.384258212171358
^KQ11,2020-07-10,772.8099975585938,D1,Downtrend,Medium,-0.00011647930214131463,1.3643767934621356
^KQ11,2020-07-13,781.1900024414062,D1,Downtrend,Medium,0.010843551337697432,1.5179592796109338
^KQ11,2020-07-14,778.3900146484375,D1,Downtrend,Medium,-0.0035842596349391354,1.4230993882554908
^KQ11,2020-07-15,781.2899780273438,D1,Downtrend,Medium,0.00372559170124509,1.4496452087648952
^KQ11,2020-07-16,775.0700073242188,D1,Downtrend,Medium,-0.007961155112765739,1.2747153518663423
^KQ11,2020-07-17,783.219970703125,D1,Downtrend,Medium,0.01051513192600817,1.436395035290679
^KQ11,2020-07-20,781.9600219726562,D1,Downtrend,Medium,-0.001608677992898544,1.3786452239897717
^KQ11,2020-07-21,790.5800170898438,D1,Downtrend,Medium,0.01102357521480668,1.5502376820398238
^KQ11,2020-07-22,794.989990234375,D1,Downtrend,Medium,0.0055781490161672664,1.6341823005865626
^KQ11,2020-07-23,801.6900024414062,D1,Downtrend,Low,0.008427794424249235,1.7606429086059308
^KQ11,2020-07-24,794.7999877929688,D1,Downtrend,Medium,-0.008594362693129742,1.557875604330274
^KQ11,2020-07-27,801.22998046875,D1,Downtrend,Low,0.008090076465194995,1.7012893669610578
^KQ11,2020-07-28,807.8499755859375,D1,Downtrend,Low,0.008262290826055452,1.8616152617526431
^KQ11,2020-07-29,808.5900268554688,D1,Downtrend,Low,0.0009160751276799939,1.8441879694210848
^KQ11,2020-07-30,814.1900024414062,D1,Downtrend,Low,0.0069256055602309186,1.946939744981427
^KQ11,2020-07-31,815.2999877929688,D1,Downtrend,Low,0.001363300148901514,1.908884272605161
^KQ11,2020-08-03,827.5700073242188,D1,Downtrend,Low,0.015049699147506646,2.1600725766024773
^KQ11,2020-08-04,835.3499755859375,U1,Uptrend,Low,0.009400979002216037,2.270646742424623
^KQ11,2020-08-05,847.280029296875,U1,Uptrend,Low,0.01428150363273728,2.454234121237398
^KQ11,2020-08-06,854.1199951171875,U1,Uptrend,Low,0.00807285145855352,2.4890861348936326
^KQ11,2020-08-07,857.6300048828125,U1,Uptrend,Low,0.00410950426835921,2.439511377388892
^KQ11,2020-08-10,862.760009765625,U1,Uptrend,Low,0.005981606116396865,2.432630462039689
^KQ11,2020-08-11,860.22998046875,U1,Uptrend,Low,-0.0029324832725641237,2.2542637126175165
^KQ11,2020-08-12,845.5999755859375,U1,Uptrend,Low,-0.01700708556430508,1.8241045309577697
^KQ11,2020-08-13,854.77001953125,U1,Uptrend,Low,0.010844423143411719,1.9477923163830515
^KQ11,2020-08-14,835.030029296875,U1,Uptrend,Low,-0.023093919748378933,1.439353651811099
^KQ11,2020-08-18,800.219970703125,D1,Downtrend,Medium,-0.041687193720519655,0.6026607704186698
^KQ11,2020-08-19,818.739990234375,D1,Downtrend,Medium,0.023143660754901152,1.0050823858493931
^KQ11,2020-08-20,791.1400146484375,D1,Downtrend,Medium,-0.03371030597642688,0.33173068857128274
^KQ11,2020-08-21,796.010009765625,D1,Downtrend,Medium,0.006155667804707887,0.4224981024148174
^KQ11,2020-08-24,815.739990234375,D1,Downtrend,Medium,0.024786095936857988,0.876051255570142
^KQ11,2020-08-25,836.3099975585938,U1,Uptrend,Medium,0.02521637724087622,1.3377453829988124
^KQ11,2020-08-26,841.3499755859375,U1,Uptrend,Medium,0.006026447181137096,1.4083432281049997
^KQ11,2020-08-27,836.4000244140625,U1,Uptrend,Medium,-0.005883343811150299,1.2440941853357723
^KQ11,2020-08-28,841.2999877929688,U1,Uptrend,Medium,0.0058583969821603965,1.3159346394667295
^KQ11,2020-08-31,848.239990234375,U1,Uptrend,Medium,0.008249141260078252,1.4288424396449289
^KQ11,2020-09-01,853.3699951171875,U1,Uptrend,Medium,0.006047822481695331,1.4918773291004994
^KQ11,2020-09-02,866.739990234375,U1,Uptrend,Medium,0.015667289913739557,1.7288359230394879
^KQ11,2020-09-03,874.1300048828125,U1,Uptrend,Medium,0.008526218625771742,1.8118311617589984
^KQ11,2020-09-04,866.0399780273438,U1,Uptrend,Medium,-0.00925494698760887,1.5632070436653327
^KQ11,2020-09-07,878.8800048828125,U1,Uptrend,Medium,0.014826136415452273,1.7698999611402342
^KQ11,2020-09-08,878.2899780273438,U1,Uptrend,Medium,-0.0006713394913875348,1.726109339433173
^KQ11,2020-09-09,869.469970703125,U1,Uptrend,Medium,-0.010042249763601574,1.4783313304634675
^KQ11,2020-09-10,884.2999877929688,U1,Uptrend,Medium,0.017056387902449233,1.743674416874455
^KQ11,2020-09-11,888.4400024414062,U1,Uptrend,Medium,0.004681685746451336,1.76711219419047
^KQ11,2020-09-14,894.1699829101562,U1,Uptrend,Medium,0.0064494849995544445,1.8186766841386706
^KQ11,2020-09-15,899.4600219726562,U1,Uptrend,Medium,0.0059161447639777265,1.85121229659527
^KQ11,2020-09-16,896.280029296875,U1,Uptrend,Medium,-0.003535446376824014,1.712117400774005
^KQ11,2020-09-17,885.1799926757812,U1,Uptrend,Medium,-0.012384563147972427,1.4237486154235761
^KQ11,2020-09-18,888.8800048828125,U1,Uptrend,Medium,0.004179954628037441,1.4524419698982933
^KQ11,2020-09-21,866.989990234375,U1,Uptrend,Medium,-0.02462651260934079,0.9586004886625634
^KQ11,2020-09-22,842.719970703125,U1,Uptrend,Medium,-0.027993425304355668,0.4126296726015144
^KQ11,2020-09-23,843.4500122070312,U1,Uptrend,Medium,0.0008662919229232013,0.4020914518004552
^KQ11,2020-09-24,806.9500122070312,D1,Downtrend,Medium,-0.04327464517368551,-0.4779981456426142
^KQ11,2020-09-25,808.280029296875,D1,Downtrend,Medium,0.0016482025772650566,-0.4887213023073057
^KQ11,2020-09-28,835.9099731445312,U1,Uptrend,Medium,0.034183628007847355,0.16027803971639634
^KQ11,2020-09-29,848.1500244140625,U1,Uptrend,Medium,0.01464278649946782,0.4442984749516513
^KQ11,2020-10-05,858.3900146484375,U1,Uptrend,Medium,0.012073324222857007,0.6856235083399755
^KQ11,2020-10-06,862.5800170898438,U1,Uptrend,Medium,0.004881233902892301,0.7720129714359243
^KQ11,2020-10-07,869.6599731445312,U1,Uptrend,Medium,0.008207883227545398,0.9373521579125308
^KQ11,2020-10-08,871.6199951171875,U1,Uptrend,Medium,0.0022537796761752382,0.9643561491218686
^KQ11,2020-10-12,873.5,U1,Uptrend,Medium,0.0021569088517292556,0.9877624461057937
^KQ11,2020-10-13,871.9199829101562,U1,Uptrend,Medium,-0.0018088346764095764,0.9154192854964717
^KQ11,2020-10-14,861.47998046875,U1,Uptrend,Medium,-0.011973578592110345,0.584186185836983
^KQ11,2020-10-15,844.4400024414062,U1,Uptrend,Medium,-0.01977988857973456,0.03967557953289852
^KQ11,2020-10-16,833.8400268554688,U1,Uptrend,Medium,-0.012552668697943359,-0.3258642400964976
^KQ11,2020-10-19,822.25,D1,Downtrend,Medium,-0.013899580833480085,-0.7411137830099815
^KQ11,2020-10-20,824.6500244140625,D1,Downtrend,Medium,0.002918850001900175,-0.6971888513359689
^KQ11,2020-10-21,830.6699829101562,U1,Uptrend,Medium,0.007300016149724975,-0.5256026697889694
^KQ11,2020-10-22,812.7000122070312,D1,Downtrend,Medium,-0.021633104689986804,-1.164640020126649
^KQ11,2020-10-23,807.97998046875,D1,Downtrend,Medium,-0.005807840122289631,-1.3539002050576139
^KQ11,2020-10-26,778.02001953125,D1,Downtrend,Medium,-0.037080078296146235,-2.3362144719472853
^KQ11,2020-10-27,783.72998046875,D1,Downtrend,Medium,0.007339092560806115,-2.076127258869928
^KQ11,2020-10-28,806.2000122070312,D1,Downtrend,Medium,0.02867062929612807,-1.3167285576573733
^KQ11,2020-10-29,813.9299926757812,D1,Downtrend,Medium,0.009588167144265691,-1.0568774402175918
^KQ11,2020-10-30,792.6500244140625,D1,Downtrend,Medium,-0.026144715704309207,-1.7280192176282276
^KQ11,2020-11-02,802.9500122070312,D1,Downtrend,Medium,0.012994370120132936,-1.3566221398458873
^KQ11,2020-11-03,818.4600219726562,D1,Downtrend,Medium,0.019316283118289368,-0.8381044671331012
^KQ11,2020-11-04,826.969970703125,D1,Downtrend,Medium,0.010397513014695603,-0.5501872035158657
^KQ11,2020-11-05,844.7999877929688,U1,Uptrend,Medium,0.02156065845375732,0.030743717194655313
^KQ11,2020-11-06,836.780029296875,U1,Uptrend,Medium,-0.00949332222061916,-0.21757659185900152
^KQ11,2020-11-09,851.2100219726562,U1,Uptrend,Medium,0.01724466666336011,0.2564745852158385
^KQ11,2020-11-10,840.7899780273438,U1,Uptrend,Medium,-0.012241448850853875,-0.0714353033954151
^KQ11,2020-11-11,839.9000244140625,U1,Uptrend,Medium,-0.0010584731461348307,-0.09730462235919982
^KQ11,2020-11-12,840.0800170898438,U1,Uptrend,Medium,0.00021430250095155756,-0.08358196122203475
^KQ11,2020-11-13,839.1400146484375,U1,Uptrend,Medium,-0.0011189439366294796,-0.116490857461596
^KQ11,2020-11-16,847.3300170898438,U1,Uptrend,Medium,0.009759995112183395,0.12698573262806923
^KQ11,2020-11-17,839.469970703125,U1,Uptrend,Medium,-0.009276251552746917,-0.14581179399564206
^KQ11,2020-11-18,851.739990234375,U1,Uptrend,Medium,0.014616388863764707,0.23576831862494263
^KQ11,2020-11-19,859.9400024414062,U1,Uptrend,Medium,0.009627365511832853,0.4910422521621116
^KQ11,2020-11-20,870.1799926757812,U1,Uptrend,Medium,0.011907796131477966,0.8210876786058907
^KQ11,2020-11-23,873.2899780273438,U1,Uptrend,Medium,0.0035739563972270183,0.9034152702430659
^KQ11,2020-11-24,872.0999755859375,U1,Uptrend,Medium,-0.0013626658628264066,0.839099156728131
^KQ11,2020-11-25,865.1199951171875,U1,Uptrend,Medium,-0.00800364713238333,0.5790090973573186
^KQ11,2020-11-26,874.530029296875,U1,Uptrend,Medium,0.010877143324392602,0.8808528939721991
^KQ11,2020-11-27,885.5599975585938,U1,Uptrend,Medium,0.01261245227975416,1.2236960425676415
^KQ11,2020-11-30,886.1099853515625,U1,Uptrend,Medium,0.0006210621465343458,1.2085111432866067
^KQ11,2020-12-01,891.2899780273438,U1,Uptrend,Low,0.005845767186255291,1.3507966960884699
^KQ11,2020-12-02,899.3400268554688,U1,Uptrend,Low,0.009031907714189602,1.5774284909329501
^KQ11,2020-12-03,907.6099853515625,U1,Uptrend,Low,0.009195585928727601,1.7779081918600963
^KQ11,2020-12-04,913.760009765625,U1,Uptrend,Low,0.006776065174823209,1.905100616431894
^KQ11,2020-12-07,926.8800048828125,U2,Uptrend,Low,0.014358250500098757,2.2012415405524326
^KQ11,2020-12-08,906.8400268554688,U1,Uptrend,Low,-0.021620897982233878,1.554850713091816
^KQ11,2020-12-09,913.8099975585938,U1,Uptrend,Low,0.0076859980776256,1.711625964960551
^KQ11,2020-12-10,921.7000122070312,U2,Uptrend,Low,0.008634196024903451,1.8785483453731362
^KQ11,2020-12-11,928.4400024414062,U2,Uptrend,Low,0.00731256389835111,2.000777766162774
^KQ11,2020-12-14,929.5399780273438,U2,Uptrend,Low,0.0011847567780847168,1.973260964144962
^KQ11,2020-12-15,931.27001953125,U2,Uptrend,Low,0.0018611803094017443,1.956593744042874
^KQ11,2020-12-16,939.6500244140625,U2,Uptrend,Low,0.008998469516962038,2.080213971289929
^KQ11,2020-12-17,944.0399780273438,U2,Uptrend,Low,0.004671902835333475,2.0957368913707
^KQ11,2020-12-18,947.239990234375,U2,Uptrend,Low,0.0033896998871996153,2.062075379720028
^KQ11,2020-12-21,953.5800170898438,U2,Uptrend,Low,0.006693157933397753,2.087547372080203
^KQ11,2020-12-22,928.72998046875,U2,Uptrend,Medium,-0.026059728785982395,1.4667118717284402
^KQ11,2020-12-23,923.1699829101562,U2,Uptrend,Medium,-0.005986667465809115,1.298259696876306
^KQ11,2020-12-24,928.6799926757812,U2,Uptrend,Medium,0.005968575525230557,1.3723863065590518
^KQ11,2020-12-28,927.0,U2,Uptrend,Medium,-0.001809011380702552,1.287954131214187
^KQ11,2020-12-29,957.4099731445312,U2,Uptrend,Medium,0.032804717523766236,1.860260401165266
^KQ11,2020-12-30,968.4199829101562,U2,Uptrend,Medium,0.01149978595842649,1.9857697895167483
^KQ11,2021-01-04,977.6199951171875,U2,Uptrend,Medium,0.009500023098846677,2.056977627167984
^KQ11,2021-01-05,985.760009765625,U2,Uptrend,Medium,0.008326358594437089,2.0959565531528765
^KQ11,2021-01-06,981.3900146484375,U2,Uptrend,Medium,-0.004433122741737683,1.914407204562545
^KQ11,2021-01-07,988.8599853515625,U2,Uptrend,Medium,0.007611622893678005,1.949663726446408
^KQ11,2021-01-08,987.7899780273438,U2,Uptrend,Medium,-0.001082061505237597,1.8402561093974708
^KQ11,2021-01-11,976.6300048828125,U2,Uptrend,Medium,-0.011297921008287748,1.5803659990711239
^KQ11,2021-01-12,973.719970703125,U2,Uptrend,Medium,-0.0029796690303782736,1.4718869384654505
^KQ11,2021-01-13,979.1300048828125,U2,Uptrend,Medium,0.005556047264575259,1.5015913950119937
^KQ11,2021-01-14,980.2899780273438,U2,Uptrend,Medium,0.0011846977814453652,1.4646135334323949
^KQ11,2021-01-15,964.4400024414062,U2,Uptrend,Medium,-0.016168660234426424,1.1656715134813664
^KQ11,2021-01-18,944.6699829101562,U2,Uptrend,Medium,-0.02049896259093742,0.814993601770977
^KQ11,2021-01-19,957.75,U2,Uptrend,Medium,0.013846123330339521,0.9964999992387245
^KQ11,2021-01-20,977.6599731445312,U2,Uptrend,Medium,0.020788277885180007,1.2837653974928966
^KQ11,2021-01-21,981.4000244140625,U2,Uptrend,Medium,0.003825513340289355,1.3173007738868396
^KQ11,2021-01-22,979.97998046875,U2,Uptrend,Medium,-0.001446957316065256,1.2663110496533359
^KQ11,2021-01-25,999.2999877929688,U2,Uptrend,Medium,0.01971469592162234,1.5532694152345756
^KQ11,2021-01-26,994.0,U2,Uptrend,Medium,-0.005303700448024751,1.4187900516094178
^KQ11,2021-01-27,985.9199829101562,U2,Uptrend,Medium,-0.008128789828816596,1.2531647651139945
^KQ11,2021-01-28,961.22998046875,U2,Uptrend,Medium,-0.025042602715616313,0.78657906968147
^KQ11,2021-01-29,928.72998046875,U2,Uptrend,Medium,-0.033810847206566685,0.15430327051919812
^KQ11,2021-02-01,956.9199829101562,U2,Uptrend,Medium,0.030353281399592813,0.6682553339626269
^KQ11,2021-02-02,963.8099975585938,U2,Uptrend,Medium,0.0072001993599128955,0.7762597052223407
^KQ11,2021-02-03,970.6900024414062,U2,Uptrend,Medium,0.007138341478341248,0.8866541955254469
^KQ11,2021-02-04,964.5800170898438,U2,Uptrend,Medium,-0.0062944764406711595,0.7359718386436407
^KQ11,2021-02-05,967.4199829101562,U2,Uptrend,Medium,0.0029442511455719522,0.7694734062724186
^KQ11,2021-02-08,960.780029296875,U2,Uptrend,Medium,-0.006863568802152664,0.6042320476038788
^KQ11,2021-02-09,957.8499755859375,U2,Uptrend,Medium,-0.0030496613393200533,0.5150112745596712
^KQ11,2021-02-10,964.3099975585938,U2,Uptrend,Medium,0.006744294135106577,0.637781897771734
^KQ11,2021-02-15,981.969970703125,U2,Uptrend,Medium,0.01831358503929459,1.030141214463156
^KQ11,2021-02-16,977.739990234375,U2,Uptrend,Medium,-0.004307647478996923,0.9129820060983092
^KQ11,2021-02-17,979.77001953125,U2,Uptrend,Medium,0.002076246565703377,0.9465018926053425
^KQ11,2021-02-18,967.4199829101562,U2,Uptrend,Medium,-0.012605036258409252,0.5983672602533218
^KQ11,2021-02-19,965.1099853515625,U2,Uptrend,Medium,-0.0023877918581388657,0.509732485472241
^KQ11,2021-02-22,954.2899780273438,U2,Uptrend,Medium,-0.011211165036570714,0.17064852335297456
^KQ11,2021-02-23,936.5999755859375,U2,Uptrend,Medium,-0.018537344883338358,-0.4010906297992378
^KQ11,2021-02-24,906.3099975585938,U1,Uptrend,Medium,-0.03234035748121211,-1.4197937751023446
^KQ11,2021-02-25,936.2100219726562,U2,Uptrend,Medium,0.03299094624864218,-0.5134771370811327
^KQ11,2021-02-26,913.9400024414062,U1,Uptrend,Medium,-0.023787418430242346,-1.3260746486740995
^KQ11,2021-03-02,923.1699829101562,U2,Uptrend,Medium,0.010099109836634756,-1.0639110295550651
^KQ11,2021-03-03,930.7999877929688,U2,Uptrend,Medium,0.008265005388021773,-0.8418399182481797
^KQ11,2021-03-04,926.2000122070312,U2,Uptrend,Medium,-0.00494195922460694,-1.0611996124729803
^KQ11,2021-03-05,923.47998046875,U2,Uptrend,Medium,-0.0029367649561995446,-1.1958775973230433
^KQ11,2021-03-08,904.77001953125,U1,Uptrend,Medium,-0.02026027778967443,-1.9087667831973223
^KQ11,2021-03-09,896.3599853515625,U1,Uptrend,Medium,-0.00929521756705054,-2.147854076515712
^KQ11,2021-03-10,890.0700073242188,U1,Uptrend,Medium,-0.007017245448408538,-2.3243220563043874
^KQ11,2021-03-11,908.010009765625,U1,Uptrend,Medium,0.020155720666668264,-1.6470097833153516
^KQ11,2021-03-12,925.489990234375,U2,Uptrend,Medium,0.019250867590393517,-1.0081052219459377
^KQ11,2021-03-15,926.9000244140625,U2,Uptrend,Medium,0.0015235542194578233,-0.9542404941595485
^KQ11,2021-03-16,940.6500244140625,U2,Uptrend,Medium,0.01483439382655316,-0.4558937260792047
^KQ11,2021-03-17,943.780029296875,U2,Uptrend,Medium,0.0033274914171848025,-0.34920400951002867
^KQ11,2021-03-18,949.8300170898438,U2,Uptrend,Medium,0.00641037911924891,-0.13054915238572187
^KQ11,2021-03-19,952.1099853515625,U2,Uptrend,Medium,0.002400396092665291,-0.05056302421595364
^KQ11,2021-03-22,955.3800048828125,U2,Uptrend,Medium,0.003434497675226522,0.06651207251067669
^KQ11,2021-03-23,946.3099975585938,U2,Uptrend,Medium,-0.00949361225675982,-0.2676435433368066
^KQ11,2021-03-24,953.8200073242188,U2,Uptrend,Medium,0.007936098936923708,-0.002883293509936066
^KQ11,2021-03-25,954.989990234375,U2,Uptrend,Medium,0.0012266286104003488,0.021424381484123338
^KQ11,2021-03-26,956.7000122070312,U2,Uptrend,Medium,0.0017906176924813444,0.06929963777946217
^KQ11,2021-03-29,954.0999755859375,U2,Uptrend,Low,-0.002717713586200987,-0.04827700186750421
^KQ11,2021-03-30,958.0599975585938,U2,Uptrend,Low,0.004150531468386509,0.10477094870584377
^KQ11,2021-03-31,956.1699829101562,U2,Uptrend,Low,-0.0019727518665363375,0.039524804769481295
^KQ11,2021-04-01,965.780029296875,U2,Uptrend,Low,0.01005056272261351,0.4225699720535719
^KQ11,2021-04-02,970.0900268554688,U2,Uptrend,Low,0.004462711412381859,0.6067106994470748
^KQ11,2021-04-05,969.77001953125,U2,Uptrend,Low,-0.0003298738419732494,0.6056311713012391
^KQ11,2021-04-06,968.6300048828125,U2,Uptrend,Low,-0.0011755515487976709,0.5814969172632126
^KQ11,2021-04-07,973.219970703125,U2,Uptrend,Low,0.004738616186959588,0.7840723777111568
^KQ11,2021-04-08,982.02001953125,U2,Uptrend,Low,0.00904219918726823,1.1336064729114408
^KQ11,2021-04-09,989.3900146484375,U2,Uptrend,Low,0.007504933678139647,1.4046578727661645
^KQ11,2021-04-12,1000.6500244140625,U2,Uptrend,Low,0.011380759456750766,1.803758910297329
^KQ11,2021-04-13,1010.3699951171875,U2,Uptrend,Low,0.00971365658919221,2.099587355187668
^KQ11,2021-04-14,1014.4199829101562,U2,Uptrend,Low,0.004008420492038756,2.1350913896950887
^KQ11,2021-04-15,1013.9000244140625,U2,Uptrend,Low,-0.0005125672846093554,2.0038404957141545
^KQ11,2021-04-16,1021.6199951171875,U2,Uptrend,Low,0.007614134053884003,2.1478696339084697
^KQ11,2021-04-19,1029.4599609375,U2,Uptrend,Low,0.007674052835480394,2.283043428510773
^KQ11,2021-04-20,1031.8800048828125,U2,Uptrend,Low,0.0023507897705012937,2.2410769841985405
^KQ11,2021-04-21,1022.219970703125,U2,Uptrend,Low,-0.009361586748436457,1.8662783774097704
^KQ11,2021-04-22,1025.7099609375,U2,Uptrend,Low,0.003414128401320937,1.9183510163090254
^KQ11,2021-04-23,1026.8199462890625,U2,Uptrend,Low,0.0010821629835280344,1.890162094527119
^KQ11,2021-04-26,1030.06005859375,U2,Uptrend,Low,0.0031554824352577615,1.908319287780809
^KQ11,2021-04-27,1021.010009765625,U2,Uptrend,Low,-0.008785942870632502,1.589552257145463
^KQ11,2021-04-28,998.27001953125,U2,Uptrend,Low,-0.022272054158994026,0.9314905266269013
^KQ11,2021-04-29,990.6900024414062,U2,Uptrend,Low,-0.007593153096396743,0.7043204886540781
^KQ11,2021-04-30,983.4500122070312,U2,Uptrend,Low,-0.0073080279568110695,0.49554637785851535
^KQ11,2021-05-03,961.8099975585938,U2,Uptrend,Low,-0.022004183618721584,-0.09318618852447322
^KQ11,2021-05-04,967.2000122070312,U2,Uptrend,Low,0.005604032669777936,0.053279038191902085
^KQ11,2021-05-06,969.989990234375,U2,Uptrend,Low,0.0028845926304088554,0.12852265092293247
^KQ11,2021-05-07,978.2999877929688,U2,Uptrend,Low,0.008567096199194602,0.34783377901290435
^KQ11,2021-05-10,992.7999877929688,U2,Uptrend,Medium,0.014821629541989179,0.7256793764922687
^KQ11,2021-05-11,978.6099853515625,U2,Uptrend,Medium,-0.014292911579250833,0.3321548202300859
^KQ11,2021-05-12,967.0999755859375,U2,Uptrend,Medium,-0.011761590355620632,0.02555110822509174
^KQ11,2021-05-13,951.77001953125,U2,Uptrend,Medium,-0.015851469798041862,-0.3805413822716687
^KQ11,2021-05-14,966.719970703125,U2,Uptrend,Medium,0.015707524785491644,0.032951387064871045
^KQ11,2021-05-17,962.5,U2,Uptrend,Medium,-0.004365246225394137,-0.07998513412178296
^KQ11,2021-05-18,969.0999755859375,U2,Uptrend,Medium,0.0068571174918832245,0.09832146836874173
^KQ11,2021-05-20,971.1300048828125,U2,Uptrend,Medium,0.0020947573501357564,0.14615292730647741
^KQ11,2021-05-21,965.6300048828125,U2,Uptrend,Medium,-0.005663505372448752,-0.017344040309869413
^KQ11,2021-05-24,948.3699951171875,U2,Uptrend,Medium,-0.01787435112656799,-0.5216428248515823
^KQ11,2021-05-25,962.0700073242188,U2,Uptrend,Medium,0.014445851595440207,-0.15030085784845473
^KQ11,2021-05-26,966.0599975585938,U2,Uptrend,Medium,0.004147297186274601,-0.0634330771020033
^KQ11,2021-05-27,974.0800170898438,U2,Uptrend,Medium,0.00830178203374321,0.14522636626422233
^KQ11,2021-05-28,977.4600219726562,U2,Uptrend,Medium,0.003469945819143838,0.22361445076227368
^KQ11,2021-05-31,981.780029296875,U2,Uptrend,Medium,0.004419625587858134,0.3282854612841814
^KQ11,2021-06-01,984.5900268554688,U2,Uptrend,Medium,0.002862145770683666,0.3882027212400379
^KQ11,2021-06-02,981.0999755859375,U2,Uptrend,Medium,-0.0035446746100786797,0.25237629854785415
^KQ11,2021-06-03,990.1900024414062,U2,Uptrend,Medium,0.009265138193526035,0.5156249670327538
^KQ11,2021-06-04,987.5800170898438,U2,Uptrend,Medium,-0.002635842964610169,0.4028268364432423
^KQ11,2021-06-07,985.8599853515625,U2,Uptrend,Medium,-0.0017416631650261083,0.3112372064873266
^KQ11,2021-06-08,986.1199951171875,U2,Uptrend,Low,0.00026373903950704936,0.29264521929899384
^KQ11,2021-06-09,978.7899780273438,U2,Uptrend,Low,-0.0074331898005705055,-0.027340095396584333
^KQ11,2021-06-10,987.77001953125,U2,Uptrend,Low,0.009174635729316094,0.30979646248876275
^KQ11,2021-06-11,991.1300048828125,U2,Uptrend,Low,0.0034015866903482905,0.4234253341235141
^KQ11,2021-06-14,997.4099731445312,U2,Uptrend,Low,0.006336170059205504,0.6611114200723304
^KQ11,2021-06-15,997.3699951171875,U2,Uptrend,Low,-4.0081840386729795e-05,0.6339770250174336
^KQ11,2021-06-16,998.489990234375,U2,Uptrend,Low,0.0011229484771655418,0.6565265259430152
^KQ11,2021-06-17,1003.719970703125,U2,Uptrend,Low,0.005237889733398671,0.8550665220571829
^KQ11,2021-06-18,1015.8800048828125,U2,Uptrend,Low,0.012114966857906806,1.3438536542213424
^KQ11,2021-06-21,1010.989990234375,U2,Uptrend,Low,-0.004813575053090657,1.0935306517846082
^KQ11,2021-06-22,1011.5599975585938,U2,Uptrend,Low,0.0005638110463255241,1.0833635085954414
^KQ11,2021-06-23,1016.4600219726562,U2,Uptrend,Low,0.00484402746835455,1.260962030719567
^KQ11,2021-06-24,1012.6199951171875,U2,Uptrend,Low,-0.0037778434689603735,1.0555792782947686
^KQ11,2021-06-25,1012.1300048828125,U2,Uptrend,Low,-0.0004838836253853174,1.002153857459029
^KQ11,2021-06-28,1017.9099731445312,U2,Uptrend,Low,0.0057106974734810745,1.2217690054685522
^KQ11,2021-06-29,1022.52001953125,U2,Uptrend,Low,0.004528933312714756,1.3783513714299307
^KQ11,2021-06-30,1029.9599609375,U2,Uptrend,Low,0.007276083855708437,1.6415276309875646
^KQ11,2021-07-01,1035.6400146484375,U2,Uptrend,Low,0.005514829630626883,1.8080742037426112
^KQ11,2021-07-02,1038.1800537109375,U2,Uptrend,Low,0.002452627386517303,1.8291119024253089
^KQ11,2021-07-05,1047.3299560546875,U2,Uptrend,Low,0.008813406028216342,2.0923191205659344
^KQ11,2021-07-06,1044.9599609375,U2,Uptrend,Low,-0.0022628925139459577,1.8973013235661276
^KQ11,2021-07-07,1047.3599853515625,U2,Uptrend,Low,0.0022967620806344513,1.8997867964329782
^KQ11,2021-07-08,1034.47998046875,U2,Uptrend,Low,-0.01229759114626583,1.3710361087557537
^KQ11,2021-07-09,1028.9300537109375,U2,Uptrend,Low,-0.005364943607026329,1.1430210471177407
^KQ11,2021-07-12,1034.6400146484375,U2,Uptrend,Low,0.005549416033584054,1.3272174626867452
^KQ11,2021-07-13,1043.31005859375,U2,Uptrend,Low,0.008379768636977092,1.6076344659859434
^KQ11,2021-07-14,1044.97998046875,U2,Uptrend,Low,0.001600599803715852,1.6374685477678994
^KQ11,2021-07-15,1054.31005859375,U2,Uptrend,Low,0.008928475472625541,1.9185448647610688
^KQ11,2021-07-16,1051.97998046875,U2,Uptrend,Low,-0.0022100501707323916,1.7784802232097598
^KQ11,2021-07-19,1049.8299560546875,U2,Uptrend,Low,-0.0020437883362613984,1.6610616948708687
^KQ11,2021-07-20,1043.6400146484375,U2,Uptrend,Low,-0.005896137151117364,1.4266473231738532
^KQ11,2021-07-21,1042.030029296875,U2,Uptrend,Low,-0.001542663494083052,1.355506164191147
^KQ11,2021-07-22,1050.25,U2,Uptrend,Low,0.007888420172182053,1.582526394690333
^KQ11,2021-07-23,1055.5,U2,Uptrend,Low,0.004998809807188698,1.6800700923664165
^KQ11,2021-07-26,1047.6300048828125,U2,Uptrend,Low,-0.00745617727824488,1.3787122420095346
^KQ11,2021-07-27,1046.550048828125,U2,Uptrend,Low,-0.001030856361171395,1.297323316092412
^KQ11,2021-07-28,1035.6800537109375,U2,Uptrend,Low,-0.010386502900037287,0.9305561215486108
^KQ11,2021-07-29,1044.1300048828125,U2,Uptrend,Low,0.008158843207994648,1.1549214002681114
^KQ11,2021-07-30,1031.1400146484375,U2,Uptrend,Low,-0.01244097016044754,0.7233351469337894
^KQ11,2021-08-02,1037.800048828125,U2,Uptrend,Low,0.0064589038201161575,0.9017972947193863
^KQ11,2021-08-03,1036.1099853515625,U2,Uptrend,Low,-0.001628505874971653,0.8230529922291765
^KQ11,2021-08-04,1047.9300537109375,U2,Uptrend,Low,0.011408121267516114,1.153059070201789
^KQ11,2021-08-05,1059.5400390625,U2,Uptrend,Low,0.01107896973700595,1.4636814882277183
^KQ11,2021-08-06,1059.800048828125,U2,Uptrend,Low,0.0002453987164610094,1.4352841590925591
^KQ11,2021-08-09,1060.0,U2,Uptrend,Low,0.0001886687702044032,1.3963447263174795
^KQ11,2021-08-10,1052.0699462890625,U2,Uptrend,Low,-0.007481182746167492,1.1141199511933377
^KQ11,2021-08-11,1051.9200439453125,U2,Uptrend,Low,-0.00014248324864596373,1.076809029663521
^KQ11,2021-08-12,1054.0899658203125,U2,Uptrend,Low,0.0020628201615604524,1.1136649510944807
^KQ11,2021-08-13,1040.780029296875,U2,Uptrend,Low,-0.012626945474316753,0.6520755481787468
^KQ11,2021-08-17,1011.0499877929688,U2,Uptrend,Low,-0.028565153699183776,-0.4029900349877554
^KQ11,2021-08-18,1021.0800170898438,U2,Uptrend,Low,0.009920408899632749,-0.08578489611217308
^KQ11,2021-08-19,991.1500244140625,U2,Uptrend,Medium,-0.029312093249150073,-1.2392821997078947
^KQ11,2021-08-20,967.9000244140625,U2,Uptrend,Medium,-0.023457599180048083,-2.1006506051956055
^KQ11,2021-08-23,993.1799926757812,U2,Uptrend,Medium,0.02611836721155414,-1.1763583843591063
^KQ11,2021-08-24,1013.1799926757812,U2,Uptrend,Medium,0.020137336784359583,-0.441756934090006
^KQ11,2021-08-25,1017.780029296875,U2,Uptrend,Medium,0.004540196859735834,-0.28979358024729973
^KQ11,2021-08-26,1020.4400024414062,U2,Uptrend,Medium,0.0026135049499536045,-0.2156606155614029
^KQ11,2021-08-27,1023.510009765625,U2,Uptrend,Medium,0.0030085133049211343,-0.11489705091936434
^KQ11,2021-08-30,1031.8399658203125,U2,Uptrend,Medium,0.008138617087482203,0.20602554773555123
^KQ11,2021-08-31,1038.3299560546875,U2,Uptrend,Medium,0.006289725586676065,0.45679349442955147
^KQ11,2021-09-01,1045.97998046875,U2,Uptrend,Medium,0.007367623720623495,0.7661144209205716
^KQ11,2021-09-02,1047.18994140625,U2,Uptrend,Medium,0.0011567725578818244,0.8005067512362829
^KQ11,2021-09-03,1053.8499755859375,U2,Uptrend,Medium,0.0063599103814384605,1.0857291051814757
^KQ11,2021-09-06,1052.9599609375,U2,Uptrend,Medium,-0.000844536384737915,1.0176008667778467
^KQ11,2021-09-07,1054.4300537109375,U2,Uptrend,Medium,0.0013961525869687907,1.0595606611961301
^KQ11,2021-09-08,1037.219970703125,U2,Uptrend,Medium,-0.01632169241311332,0.17649129033369046
^KQ11,2021-09-09,1034.6199951171875,U2,Uptrend,Medium,-0.0025066771363599916,0.013348998161390603
^KQ11,2021-09-10,1037.9100341796875,U2,Uptrend,Medium,0.0031799492354942505,0.15989563788089656
^KQ11,2021-09-13,1026.3399658203125,U2,Uptrend,Medium,-0.011147467485965068,-0.4748922794724359
^KQ11,2021-09-14,1037.739990234375,U2,Uptrend,Medium,0.011107454443665565,0.12002223945340984
^KQ11,2021-09-15,1042.7900390625,U2,Uptrend,Medium,0.004866391269150672,0.37415091169711295
^KQ11,2021-09-16,1039.4300537109375,U2,Uptrend,Medium,-0.0032221110920691576,0.16725225579354616
^KQ11,2021-09-17,1046.1199951171875,U2,Uptrend,Low,0.006436163147645946,0.5193981327640842
^KQ11,2021-09-23,1036.260009765625,U2,Uptrend,Low,-0.00942529097769318,-0.06736090441192753
^KQ11,2021-09-24,1037.030029296875,U2,Uptrend,Low,0.0007430756026416407,-0.04160951552562271
^KQ11,2021-09-27,1034.8199462890625,U2,Uptrend,Low,-0.002131165873095253,-0.1846714861729764
^KQ11,2021-09-28,1012.510009765625,U2,Uptrend,Low,-0.021559244778226905,-1.4616704293758975
^KQ11,2021-09-29,1001.4600219726562,U2,Uptrend,Low,-0.010913460298063171,-1.9986165344579283
^KQ11,2021-09-30,1003.27001953125,U2,Uptrend,Low,0.0018073587750697673,-1.8110165507737768
^KQ11,2021-10-01,983.2000122070312,U2,Uptrend,Low,-0.02000459191793247,-2.673468342645487
^KQ11,2021-10-05,955.3699951171875,U2,Uptrend,Medium,-0.028305549984048994,-3.5619790692232924
^KQ11,2021-10-06,922.3599853515625,U2,Uptrend,Medium,-0.034552068763239685,-4.1681570458007675
^KQ11,2021-10-07,953.4299926757812,U2,Uptrend,Medium,0.03368533741451962,-2.7381059492846713
^KQ11,2021-10-08,953.1099853515625,U2,Uptrend,Medium,-0.00033563798776736764,-2.548742094971906
^KQ11,2021-10-12,940.1500244140625,U2,Uptrend,Medium,-0.013597550268786285,-2.7352364377826235
^KQ11,2021-10-13,953.469970703125,U2,Uptrend,Medium,0.014167894424471195,-2.1814581149888537
^KQ11,2021-10-14,983.4299926757812,U2,Uptrend,Medium,0.03142209287468445,-1.238426936165807
^KQ11,2021-10-15,990.5399780273438,U2,Uptrend,Medium,0.0072297829072887065,-0.9937159799124057
^KQ11,2021-10-18,993.8599853515625,U2,Uptrend,Medium,0.003351714618152535,-0.8661477728371775
^KQ11,2021-10-19,1005.3499755859375,U2,Uptrend,Medium,0.011560974788929146,-0.5056011429088739
^KQ11,2021-10-20,1001.6199951171875,U2,Uptrend,Medium,-0.003710131356571722,-0.5958262663670197
^KQ11,2021-10-21,993.7000122070312,U2,Uptrend,Medium,-0.007907173327974193,-0.805266132819795
^KQ11,2021-10-22,995.0700073242188,U2,Uptrend,Medium,0.0013786807893307884,-0.7387621767893225
^KQ11,2021-10-25,994.3099975585938,U2,Uptrend,Medium,-0.000763775171627068,-0.7347313049171738
^KQ11,2021-10-26,1011.760009765625,U2,Uptrend,Medium,0.017549871015958507,-0.19721224172185656
^KQ11,2021-10-27,1008.9500122070312,U2,Uptrend,Medium,-0.0027773360594126606,-0.26425884270068173
^KQ11,2021-10-28,1000.1300048828125,U2,Uptrend,Medium,-0.008741768390413518,-0.5128602932439025
^KQ11,2021-10-29,992.3300170898438,U2,Uptrend,Medium,-0.007798973888282323,-0.7232969211849074
^KQ11,2021-11-01,998.5700073242188,U2,Uptrend,Medium,0.006288220780295228,-0.5178599508643187
^KQ11,2021-11-02,1009.4400024414062,U2,Uptrend,Medium,0.010885561390247211,-0.1756280336880767
^KQ11,2021-11-03,1005.0,U2,Uptrend,Medium,-0.004398480772178415,-0.29539432670122107
^KQ11,2021-11-04,1001.4299926757812,U2,Uptrend,Medium,-0.0035522460937500444,-0.3833219599589745
^KQ11,2021-11-05,1001.3499755859375,U2,Uptrend,Medium,-7.990282938297177e-05,-0.36179045512925473
^KQ11,2021-11-08,1002.5,U2,Uptrend,Medium,0.0011484740021985296,-0.3015772893294426
^KQ11,2021-11-09,1008.6799926757812,U2,Uptrend,Low,0.006164581222724452,-0.08010978649800506
^KQ11,2021-11-10,987.75,U2,Uptrend,Medium,-0.02074988383606091,-0.7304788235393441
^KQ11,2021-11-11,992.6500244140625,U2,Uptrend,Low,0.004960794142305769,-0.5453940504196646
^KQ11,2021-11-12,1009.0700073242188,U2,Uptrend,Low,0.01654156299431775,0.024501544253671605
^KQ11,2021-11-15,1029.030029296875,U2,Uptrend,Medium,0.019780611679842464,0.7104631260046214
^KQ11,2021-11-16,1035.4599609375,U2,Uptrend,Low,0.006248536444576347,0.9089367845239303
^KQ11,2021-11-17,1031.260009765625,U2,Uptrend,Low,-0.0040561212700801486,0.7586940521864186
^KQ11,2021-11-18,1032.77001953125,U2,Uptrend,Low,0.0014642376814051339,0.7843708125717318
^KQ11,2021-11-19,1041.9200439453125,U2,Uptrend,Low,0.00885969212992399,1.0580007354466132
^KQ11,2021-11-22,1032.31005859375,U2,Uptrend,Medium,-0.009223342431510906,0.7097979095857124
^KQ11,2021-11-23,1013.719970703125,U2,Uptrend,Medium,-0.018008240582242374,0.0812802189759777
^KQ11,2021-11-24,1020.1300048828125,U2,Uptrend,Medium,0.006323278977370395,0.29646234623610684
^KQ11,2021-11-25,1015.6599731445312,U2,Uptrend,Medium,-0.0043818255681977725,0.14824654784971283
^KQ11,2021-11-26,1005.8900146484375,U2,Uptrend,Medium,-0.009619320200091708,-0.1722757867770976
^KQ11,2021-11-29,992.3400268554688,U2,Uptrend,Medium,-0.013470645493687039,-0.6092367738108919
^KQ11,2021-11-30,965.6300048828125,U2,Uptrend,Medium,-0.026916199336728397,-1.4572642315522801
^KQ11,2021-12-01,977.1500244140625,U2,Uptrend,Medium,0.01193005547983983,-1.036841495558536
^KQ11,2021-12-02,977.4299926757812,U2,Uptrend,Medium,0.0002865151253377274,-0.9948834886915187
^KQ11,2021-12-03,998.469970703125,U2,Uptrend,Medium,0.02152581584870883,-0.25645798479447285
^KQ11,2021-12-06,991.8699951171875,U2,Uptrend,Medium,-0.0066100892160930735,-0.45952931362541777
^KQ11,2021-12-07,996.6400146484375,U2,Uptrend,Medium,0.0048091176814824,-0.26363520569560744
^KQ11,2021-12-08,1006.0399780273438,U2,Uptrend,Medium,0.009431653596832623,0.09800072090663645
^KQ11,2021-12-09,1022.8699951171875,U2,Uptrend,Medium,0.01672897445173538,0.7295211592832568
^KQ11,2021-12-10,1011.5700073242188,U2,Uptrend,Medium,-0.01104733528885471,0.3315562816825014
^KQ11,2021-12-13,1005.9600219726562,U2,Uptrend,Medium,-0.005545820171558802,0.1345137294495856
^KQ11,2021-12-14,1002.8099975585938,U2,Uptrend,Medium,-0.0031313614311286875,0.038018229539559266
^KQ11,2021-12-15,1003.52001953125,U2,Uptrend,Medium,0.0007080324033315044,0.09240545533593277
^KQ11,2021-12-16,1007.8599853515625,U2,Uptrend,Medium,0.004324742641745871,0.28884772483420296
^KQ11,2021-12-17,1001.260009765625,U2,Uptrend,Medium,-0.006548504436988178,0.0563678795226408
^KQ11,2021-12-20,990.510009765625,U2,Uptrend,Medium,-0.010736471940506642,-0.3617259017023598
^KQ11,2021-12-21,996.5999755859375,U2,Uptrend,Medium,0.0061483132530417706,-0.07961614604782676
^KQ11,2021-12-22,1000.1300048828125,U2,Uptrend,Medium,0.00354207242961202,0.09875907932347211
^KQ11,2021-12-23,1003.3099975585938,U2,Uptrend,Medium,0.003179579314944947,0.24562957295684093
^KQ11,2021-12-24,1007.4199829101562,U2,Uptrend,Medium,0.004096426190871805,0.4214339240528725
^KQ11,2021-12-27,1011.3599853515625,U2,Uptrend,Medium,0.003910983014278502,0.5870727170192905
^KQ11,2021-12-28,1027.43994140625,U2,Uptrend,Low,0.01589933978760083,1.2466732307488837
^KQ11,2021-12-29,1028.050048828125,U2,Uptrend,Low,0.0005938132218608061,1.2426509096746443
^KQ11,2021-12-30,1033.97998046875,U2,Uptrend,Low,0.005768135167528499,1.5586028878311273
^KQ11,2022-01-04,1031.6600341796875,U2,Uptrend,Low,-0.002243705229196813,1.427719224583659
^KQ11,2022-01-05,1009.6199951171875,U2,Uptrend,Low,-0.021363664707652386,0.2961520540347401
^KQ11,2022-01-06,980.2999877929688,U2,Uptrend,Medium,-0.029040636542480125,-1.411353112392712
^KQ11,2022-01-07,995.1599731445312,U2,Uptrend,Medium,0.015158610156690955,-0.639747501892677
^KQ11,2022-01-10,980.3800048828125,U2,Uptrend,Medium,-0.01485185162242475,-1.554683339893008
^KQ11,2022-01-11,969.9199829101562,U2,Uptrend,Medium,-0.010669354658968788,-2.1147800152359872
^KQ11,2022-01-12,991.3300170898438,U2,Uptrend,Medium,0.022074021111977427,-0.8193089112609034
^KQ11,2022-01-13,983.25,U2,Uptrend,Medium,-0.008150683375414691,-1.2657067446091212
^KQ11,2022-01-14,971.3900146484375,U2,Uptrend,Medium,-0.012062024257882054,-1.8802979326415272
^KQ11,2022-01-17,957.9000244140625,U2,Uptrend,Medium,-0.013887305851354892,-2.486203982714302
^KQ11,2022-01-18,943.9400024414062,U2,Uptrend,Medium,-0.014573568866119824,-2.9558043920410073
^KQ11,2022-01-19,933.9000244140625,U2,Uptrend,Medium,-0.010636245949293799,-3.11688643005547
^KQ11,2022-01-20,958.7000122070312,U2,Uptrend,Medium,0.026555291942013337,-1.878386289021634
^KQ11,2022-01-21,942.8499755859375,U2,Uptrend,Medium,-0.016532842828076322,-2.40998882948166
^KQ11,2022-01-24,915.4000244140625,U1,Uptrend,Medium,-0.029113805889230848,-3.1917277323271547
^KQ11,2022-01-25,889.4400024414062,U1,Uptrend,Medium,-0.028359210487538422,-3.6292718278950375
^KQ11,2022-01-26,882.0900268554688,U1,Uptrend,Medium,-0.008263599080053363,-3.4094791390053802
^KQ11,2022-01-27,849.22998046875,U1,Uptrend,Medium,-0.03725248601195541,-3.765780871726229
^KQ11,2022-01-28,872.8699951171875,U1,Uptrend,Medium,0.027836999625694858,-2.860809342232034
^KQ11,2022-02-03,891.5999755859375,U1,Uptrend,Medium,0.021457926808717165,-2.2533729348355216
^KQ11,2022-02-04,902.8699951171875,U1,Uptrend,Medium,0.012640219649898032,-1.8916148353311573
^KQ11,2022-02-07,899.4000244140625,U1,Uptrend,Medium,-0.0038432672720224437,-1.8741989754802642
^KQ11,2022-02-08,895.27001953125,U1,Uptrend,Medium,-0.004591955493333577,-1.8692826506346483
^KQ11,2022-02-09,910.530029296875,U1,Uptrend,Medium,0.017045147757337897,-1.486153602285723
^KQ11,2022-02-10,895.6799926757812,U1,Uptrend,Medium,-0.01630922225877729,-1.7193034463067869
^KQ11,2022-02-11,877.4199829101562,U1,Uptrend,Medium,-0.020386756335903478,-1.9835685173489703
^KQ11,2022-02-14,852.7899780273438,U1,Uptrend,Medium,-0.02807094135367383,-2.3197644186137385
^KQ11,2022-02-15,839.9199829101562,U1,Uptrend,Medium,-0.015091635043552154,-2.403043350626398
^KQ11,2022-02-16,878.1500244140625,U1,Uptrend,Medium,0.04551628998210844,-1.635553940945384
^KQ11,2022-02-17,874.219970703125,U1,Uptrend,Medium,-0.004475378468001279,-1.6389069446947102
^KQ11,2022-02-18,881.7100219726562,U1,Uptrend,Medium,0.008567696369950362,-1.4539871429470186
^KQ11,2022-02-21,884.25,U1,Uptrend,Medium,0.002880740792376324,-1.3606649896702336
^KQ11,2022-02-22,868.1099853515625,U1,Uptrend,Medium,-0.01825277313931295,-1.5808831228997662
^KQ11,2022-02-23,877.3300170898438,U1,Uptrend,Medium,0.010620810604485165,-1.3694072072996086
^KQ11,2022-02-24,848.2100219726562,U1,Uptrend,Medium,-0.033191609257574806,-1.7920048312353136
^KQ11,2022-02-25,872.97998046875,U1,Uptrend,Medium,0.02920262417848707,-1.3211615621955093
^KQ11,2022-02-28,881.0700073242188,U1,Uptrend,Medium,0.009267139036939653,-1.1448101155571901
^KQ11,2022-03-02,895.4500122070312,U1,Uptrend,Medium,0.01632106956686008,-0.8786197922732261
^KQ11,2022-03-03,912.3200073242188,U1,Uptrend,Medium,0.018839683831828546,-0.578796923077756
^KQ11,2022-03-04,900.9600219726562,U1,Uptrend,Medium,-0.012451755152099175,-0.7448858138386971
^KQ11,2022-03-07,881.5399780273438,U1,Uptrend,Medium,-0.02155483425645477,-1.032488215835728
^KQ11,2022-03-08,870.1400146484375,U1,Uptrend,Medium,-0.012931873384138926,-1.1799213856415471
^KQ11,2022-03-10,889.0800170898438,U1,Uptrend,Medium,0.021766614708620846,-0.8394003523335499
^KQ11,2022-03-11,891.7100219726562,U1,Uptrend,Medium,0.0029581194406114175,-0.7686374961808047
^KQ11,2022-03-14,872.4400024414062,U1,Uptrend,Medium,-0.0216101861103013,-1.0543074509793895
^KQ11,2022-03-15,871.219970703125,U1,Uptrend,Medium,-0.0013984133405932075,-1.0404379714518588
^KQ11,2022-03-16,891.7999877929688,U1,Uptrend,Medium,0.02362206765443453,-0.6694870539755812
^KQ11,2022-03-17,914.1300048828125,U1,Uptrend,Medium,0.02503926597387185,-0.26985565866340544
^KQ11,2022-03-18,922.9600219726562,U2,Uptrend,Medium,0.00965947626998176,-0.09694033841561289
^KQ11,2022-03-21,918.4000244140625,U1,Uptrend,Medium,-0.0049406230497910375,-0.15272844268871816
^KQ11,2022-03-22,924.6699829101562,U2,Uptrend,Medium,0.006827045219313765,-0.01979204190948094
^KQ11,2022-03-23,930.5700073242188,U2,Uptrend,Medium,0.006380681240991226,0.1050674202277646
^KQ11,2022-03-24,931.75,U2,Uptrend,Medium,0.0012680321378228943,0.1482148834009762
^KQ11,2022-03-25,934.6900024414062,U2,Uptrend,Medium,0.0031553554509324844,0.2261665178312839
^KQ11,2022-03-28,927.1099853515625,U2,Uptrend,Medium,-0.008109658892300975,0.11026604991732274
^KQ11,2022-03-29,937.8300170898438,U2,Uptrend,Medium,0.011562847890389305,0.3448272342529456
^KQ11,2022-03-30,939.0700073242188,U2,Uptrend,Medium,0.0013221908147307282,0.40320060837266763
^KQ11,2022-03-31,944.530029296875,U2,Uptrend,Medium,0.0058142864004506745,0.5623993803194549
^KQ11,2022-04-01,940.5700073242188,U2,Uptrend,Medium,-0.004192584512748843,0.5339716712639568
^KQ11,2022-04-04,947.3200073242188,U2,Uptrend,Medium,0.007176499300889594,0.7538756755823148
^KQ11,2022-04-05,952.469970703125,U2,Uptrend,Medium,0.0054363502713858924,0.9584908767518775
^KQ11,2022-04-06,943.1300048828125,U2,Uptrend,Medium,-0.009806047547533336,0.7915543001786026
^KQ11,2022-04-07,927.9500122070312,U2,Uptrend,Medium,-0.016095334256349347,0.43560833293003104
^KQ11,2022-04-08,934.72998046875,U2,Uptrend,Medium,0.007306393849376924,0.66640484390114
^KQ11,2022-04-11,921.8300170898438,U2,Uptrend,Medium,-0.013800737804983143,0.3510247101127217
^KQ11,2022-04-12,913.8200073242188,U1,Uptrend,Medium,-0.008689248144589712,0.1551266162101665
^KQ11,2022-04-13,927.3099975585938,U2,Uptrend,Medium,0.0147621961942761,0.6060088720238523
^KQ11,2022-04-14,928.010009765625,U2,Uptrend,Low,0.000754884783809251,0.6848996854901997
^KQ11,2022-04-15,924.4400024414062,U2,Uptrend,Low,-0.0038469491564216973,0.6173855709655426
^KQ11,2022-04-18,918.22998046875,U1,Uptrend,Low,-0.006717604123854248,0.4453688436171113
^KQ11,2022-04-19,931.5599975585938,U2,Uptrend,Low,0.014517078916372217,0.9094288114262582
^KQ11,2022-04-20,928.9299926757812,U2,Uptrend,Low,-0.0028232265122001277,0.8249151921238413
^KQ11,2022-04-21,929.6799926757812,U2,Uptrend,Low,0.0008073805409594126,0.8873834654292215
^KQ11,2022-04-22,922.780029296875,U2,Uptrend,Low,-0.007421869281113547,0.6661495344043104
^KQ11,2022-04-25,899.8400268554688,U1,Uptrend,Medium,-0.02485966504811088,-0.13545124990647253
^KQ11,2022-04-26,911.1599731445312,U1,Uptrend,Medium,0.012579954159875006,0.25265384262384877
^KQ11,2022-04-27,896.1799926757812,U1,Uptrend,Medium,-0.01644056028608476,-0.2878268635367275
^KQ11,2022-04-28,892.219970703125,U1,Uptrend,Medium,-0.004418779715035348,-0.46922935938329485
^KQ11,2022-04-29,904.75,U1,Uptrend,Medium,0.014043654825390828,-0.028403360629858876
^KQ11,2022-05-02,901.8200073242188,U1,Uptrend,Medium,-0.0032384555686999494,-0.1440979841369776
^KQ11,2022-05-03,907.5700073242188,U1,Uptrend,Medium,0.00637599515790388,0.06744370179762679
^KQ11,2022-05-04,900.0599975585938,U1,Uptrend,Medium,-0.008274854507110407,-0.21310539990672978
^KQ11,2022-05-06,884.219970703125,U1,Uptrend,Medium,-0.017598856630041015,-0.7938243206629764
^KQ11,2022-05-10,856.1400146484375,U1,Uptrend,Medium,-0.031756753958360084,-1.7552644109777036
^KQ11,2022-05-11,866.3400268554688,U1,Uptrend,Medium,0.011913953363364094,-1.3483686121955576
^KQ11,2022-05-12,833.6599731445312,U1,Uptrend,Medium,-0.037721971394482856,-2.3806514580031672
^KQ11,2022-05-13,853.0800170898438,U1,Uptrend,Medium,0.023294921875715024,-1.7189950381139012
^KQ11,2022-05-16,856.25,U1,Uptrend,Medium,0.0037159268141928603,-1.6499126492000242
^KQ11,2022-05-17,865.97998046875,U1,Uptrend,Medium,0.011363480839416074,-1.2946918465729866
^KQ11,2022-05-18,865.97998046875,U1,Uptrend,Medium,0.0,-1.2828727908543758
^KQ11,2022-05-19,863.7999877929688,U1,Uptrend,Medium,-0.0025173707533068246,-1.3329502327551792
^KQ11,2022-05-20,879.8800048828125,U1,Uptrend,Medium,0.018615440283726636,-0.783718434221798
^KQ11,2022-05-23,883.5900268554688,U1,Uptrend,Medium,0.00421650901494286,-0.6723952628890866
^KQ11,2022-05-24,865.0700073242188,U1,Uptrend,Medium,-0.020959968954334274,-1.2876920277769617
^KQ11,2022-05-25,872.6900024414062,U1,Uptrend,Medium,0.008808530006440884,-1.0653398659432924
^KQ11,2022-05-26,871.4299926757812,U1,Uptrend,Medium,-0.0014438228490071259,-1.106939925130108
^KQ11,2022-05-27,873.969970703125,U1,Uptrend,Medium,0.0029147241300986337,-1.011330379063905
^KQ11,2022-05-30,886.4400024414062,U1,Uptrend,Medium,0.014268261103123292,-0.5755836710494544
^KQ11,2022-05-31,893.3599853515625,U1,Uptrend,Medium,0.007806487625893865,-0.32700636993865156
^KQ11,2022-06-02,891.1400146484375,U1,Uptrend,Medium,-0.0024849676944634913,-0.39710825724350646
^KQ11,2022-06-03,891.510009765625,U1,Uptrend,Medium,0.00041519302366133104,-0.3913851869639226
^KQ11,2022-06-07,873.780029296875,U1,Uptrend,Medium,-0.019887584294663307,-1.0058933061534292
^KQ11,2022-06-08,874.9500122070312,U1,Uptrend,Medium,0.0013389902159903766,-0.9517898024650551
^KQ11,2022-06-09,877.1799926757812,U1,Uptrend,Medium,0.0025486947112840497,-0.8625048605183979
^KQ11,2022-06-10,869.8599853515625,U1,Uptrend,Medium,-0.008344931924278765,-1.108957405540868
^KQ11,2022-06-13,828.77001953125,D1,Downtrend,Medium,-0.04723744799423735,-2.382819753285267
^KQ11,2022-06-14,823.5800170898438,D1,Downtrend,Medium,-0.006262295110942451,-2.390314891514376
^KQ11,2022-06-15,799.4099731445312,D1,Downtrend,Medium,-0.029347535690239845,-2.8601641734768046
^KQ11,2022-06-16,802.1500244140625,D1,Downtrend,Medium,0.003427592051113759,-2.5738885757911003
^KQ11,2022-06-17,798.6900024414062,D1,Downtrend,Medium,-0.004313434977682218,-2.478986235629057
^KQ11,2022-06-20,769.9199829101562,D1,Downtrend,Medium,-0.036021509525982376,-2.9282351258787247
^KQ11,2022-06-21,778.2999877929688,D1,Downtrend,Medium,0.010884254297618856,-2.5333711683808344
^KQ11,2022-06-22,746.9600219726562,D1,Downtrend,Medium,-0.04026720584845889,-2.9522256291815223
^KQ11,2022-06-23,714.3800048828125,D2,Downtrend,Medium,-0.04361681499875025,-3.2521416631380213
^KQ11,2022-06-24,750.2999877929688,D1,Downtrend,Medium,0.05028133859380435,-2.390348814578793
^KQ11,2022-06-27,770.5999755859375,D1,Downtrend,Medium,0.027055828499586987,-1.9199495364214474
^KQ11,2022-06-28,769.510009765625,D1,Downtrend,Medium,-0.0014144379118150585,-1.8520347948604796
^KQ11,2022-06-29,762.3499755859375,D1,Downtrend,Medium,-0.009304666721448251,-1.8901074004546397
^KQ11,2022-06-30,745.4400024414062,D1,Downtrend,Medium,-0.022181378220067938,-2.0730716959401327
^KQ11,2022-07-01,729.47998046875,D2,Downtrend,Medium,-0.021410203263019456,-2.2176326512748403
^KQ11,2022-07-04,722.72998046875,D2,Downtrend,Medium,-0.009253166886996067,-2.208719685857183
^KQ11,2022-07-05,750.9500122070312,D1,Downtrend,Medium,0.03904643850526068,-1.688222583631125
^KQ11,2022-07-06,744.6300048828125,D1,Downtrend,Medium,-0.008416016008368277,-1.7141248740780541
^KQ11,2022-07-07,757.969970703125,D1,Downtrend,Medium,0.0179148916009797,-1.4526009590342
^KQ11,2022-07-08,766.47998046875,D1,Downtrend,Medium,0.011227370601147646,-1.2750761886469315
^KQ11,2022-07-11,767.0399780273438,D1,Downtrend,Medium,0.0007306095043098093,-1.223307217371574
^KQ11,2022-07-12,750.780029296875,D1,Downtrend,Medium,-0.021198306732702177,-1.4232032131773085
^KQ11,2022-07-13,763.1799926757812,D1,Downtrend,Medium,0.01651610710865481,-1.1930956735562013
^KQ11,2022-07-14,766.0800170898438,D1,Downtrend,Medium,0.003799921960604191,-1.1119634197676875
^KQ11,2022-07-15,762.3900146484375,D1,Downtrend,Medium,-0.004816732402737389,-1.1315280036354272
^KQ11,2022-07-18,776.719970703125,D1,Downtrend,Medium,0.018796096196636913,-0.8803997927003056
^KQ11,2022-07-19,782.3300170898438,D1,Downtrend,Medium,0.007222739981360693,-0.7652356018622886
^KQ11,2022-07-20,790.719970703125,D1,Downtrend,Medium,0.010724315097215165,-0.605810717049942
^KQ11,2022-07-21,795.1500244140625,D1,Downtrend,Medium,0.005602557005102815,-0.5085954698185842
^KQ11,2022-07-22,789.75,D1,Downtrend,Medium,-0.006791201972284111,-0.5735272557198262
^KQ11,2022-07-25,789.6900024414062,D1,Downtrend,Medium,-7.59703179408211e-05,-0.5494050569615494
^KQ11,2022-07-26,789.9299926757812,D1,Downtrend,Medium,0.00030390435947413863,-0.5211968236716701
^KQ11,2022-07-27,795.7000122070312,D1,Downtrend,Medium,0.007304469490650556,-0.3989971761865074
^KQ11,2022-07-28,798.3200073242188,D1,Downtrend,Medium,0.0032926920660971692,-0.32860970198806294
^KQ11,2022-07-29,803.6199951171875,D1,Downtrend,Medium,0.006638926425924119,-0.20957129656043863
^KQ11,2022-08-01,807.6099853515625,D1,Downtrend,Medium,0.004965021102782741,-0.10986880671138266
^KQ11,2022-08-02,804.3400268554688,D1,Downtrend,Low,-0.004048932721739784,-0.14414464786968517
^KQ11,2022-08-03,815.3599853515625,D1,Downtrend,Low,0.013700621787001932,0.08814281518462395
^KQ11,2022-08-04,825.1599731445312,D1,Downtrend,Low,0.012019216013823941,0.28881384623312206
^KQ11,2022-08-05,831.6400146484375,U1,Uptrend,Low,0.007853072997726862,0.42947868292114166
^KQ11,2022-08-08,830.8599853515625,U1,Uptrend,Low,-0.000937941035947798,0.4152967210542065
^KQ11,2022-08-09,833.6500244140625,U1,Uptrend,Low,0.003358013518149461,0.4783128297792135
^KQ11,2022-08-10,820.27001953125,D1,Downtrend,Low,-0.016049906424721483,0.22859250239989554
^KQ11,2022-08-11,832.1500244140625,U1,Uptrend,Low,0.014483041681325082,0.47937931181504045
^KQ11,2022-08-12,831.6300048828125,U1,Uptrend,Low,-0.0006249107925174746,0.4850661269650528
^KQ11,2022-08-16,834.739990234375,U1,Uptrend,Low,0.0037396261959075083,0.5623332776367161
^KQ11,2022-08-17,827.4199829101562,D1,Downtrend,Low,-0.008769206471303082,0.4388332033985212
^KQ11,2022-08-18,826.0599975585938,D1,Downtrend,Low,-0.0016436457659376735,0.4396427849160854
^KQ11,2022-08-19,814.1699829101562,D1,Downtrend,Low,-0.01439364535696952,0.20895558359428199
^KQ11,2022-08-22,795.8699951171875,D1,Downtrend,Low,-0.02247686377181035,-0.1588304975433543
^KQ11,2022-08-23,783.4199829101562,D1,Downtrend,Medium,-0.015643273755028386,-0.40599340437485043
^KQ11,2022-08-24,793.1400146484375,D1,Downtrend,Medium,0.012407178716803191,-0.16351414848365348
^KQ11,2022-08-25,807.3699951171875,D1,Downtrend,Medium,0.017941322094381373,0.19669874544874427
^KQ11,2022-08-26,802.4500122070312,D1,Downtrend,Medium,-0.0060938391814302495,0.12185801529841057
^KQ11,2022-08-29,779.8900146484375,D1,Downtrend,Medium,-0.028113897707528812,-0.40585879844406925
^KQ11,2022-08-30,797.02001953125,D1,Downtrend,Medium,0.021964641886759395,0.0804460826428977
^KQ11,2022-08-31,807.0399780273438,D1,Downtrend,Medium,0.012571777685065788,0.39971479422370165
^KQ11,2022-09-01,788.3200073242188,D1,Downtrend,Medium,-0.02319584061855573,-0.09506967758048304
^KQ11,2022-09-02,785.8800048828125,D1,Downtrend,Medium,-0.003095192838867944,-0.1299330657513754
^KQ11,2022-09-05,771.4299926757812,D1,Downtrend,Medium,-0.018387046517599037,-0.5655482846211934
^KQ11,2022-09-06,779.4600219726562,D1,Downtrend,Medium,0.01040927805907832,-0.27381301040237904
^KQ11,2022-09-07,768.1900024414062,D1,Downtrend,Medium,-0.014458752487045867,-0.6310901982884339
^KQ11,2022-09-08,777.8099975585938,D1,Downtrend,Medium,0.012522937146557389,-0.28930945849975565
^KQ11,2022-09-13,796.7899780273438,D1,Downtrend,Medium,0.02440182117525458,0.36540398663270157
^KQ11,2022-09-14,782.9299926757812,D1,Downtrend,Medium,-0.01739477871681616,-0.10188475149591533
^KQ11,2022-09-15,781.3800048828125,D1,Downtrend,Medium,-0.001979727188214375,-0.16217267097863128
^KQ11,2022-09-16,770.0399780273438,D1,Downtrend,Medium,-0.014512819351154893,-0.5474518614342143
^KQ11,2022-09-19,751.9099731445312,D1,Downtrend,Medium,-0.02354423848130227,-1.178637258951394
^KQ11,2022-09-20,760.3499755859375,D1,Downtrend,Medium,0.011224751290516366,-0.9582795866011313
^KQ11,2022-09-21,754.8900146484375,D1,Downtrend,Medium,-0.007180852387471237,-1.1629916090756829
^KQ11,2022-09-22,751.4099731445312,D1,Downtrend,Medium,-0.004609998061144038,-1.2640176953191116
^KQ11,2022-09-23,729.3599853515625,D2,Downtrend,Medium,-0.02934481651965981,-1.9702996757758637
^KQ11,2022-09-26,692.3699951171875,D2,Downtrend,Medium,-0.05071568358188072,-2.9798646047646224
^KQ11,2022-09-27,698.1099853515625,D2,Downtrend,Medium,0.008290350932095958,-2.6349413967667275
^KQ11,2022-09-28,673.8699951171875,D2,Downtrend,Medium,-0.03472230843706947,-3.1309362467008923
^KQ11,2022-09-29,675.0700073242188,D2,Downtrend,Medium,0.0017807770278042145,-2.915723309384683
^KQ11,2022-09-30,672.6500244140625,D2,Downtrend,Medium,-0.0035847880722006398,-2.762726281012905
^KQ11,2022-10-04,696.7899780273438,D2,Downtrend,Medium,0.03588783577954868,-2.0621558909050095
^KQ11,2022-10-05,685.3400268554688,D2,Downtrend,Medium,-0.016432428038489544,-2.2207509328837336
^KQ11,2022-10-06,706.010009765625,D2,Downtrend,Medium,0.03016018633115003,-1.6660873965880607
^KQ11,2022-10-07,698.489990234375,D2,Downtrend,Medium,-0.010651434720800101,-1.765485829007711
^KQ11,2022-10-11,669.5,D2,Downtrend,Medium,-0.04150380197237691,-2.285658306161461
^KQ11,2022-10-12,671.6699829101562,D2,Downtrend,Medium,0.003241199268343875,-2.1199993655244196
^KQ11,2022-10-13,651.5900268554688,D2,Downtrend,Medium,-0.02989556860600906,-2.373218250890291
^KQ11,2022-10-14,678.239990234375,D2,Downtrend,Medium,0.04089989453570553,-1.7707771022796588
^KQ11,2022-10-17,682.0,D2,Downtrend,Medium,0.005543774799132262,-1.6299175754816666
^KQ11,2022-10-18,697.0900268554688,D2,Downtrend,Medium,0.022126139084265084,-1.301770559208207
^KQ11,2022-10-19,690.5599975585938,D2,Downtrend,Medium,-0.009367555186998722,-1.371010122164983
^KQ11,2022-10-20,680.4400024414062,D2,Downtrend,Medium,-0.01465476591891468,-1.4945203518094865
^KQ11,2022-10-21,674.47998046875,D2,Downtrend,Medium,-0.008759070529762769,-1.5373593978211715
^KQ11,2022-10-24,688.5,D2,Downtrend,Medium,0.02078641314380647,-1.247124012974269
^KQ11,2022-10-25,688.8499755859375,D2,Downtrend,Medium,0.0005083160289578448,-1.1994202700466652
^KQ11,2022-10-26,683.1699829101562,D2,Downtrend,Medium,-0.00824561642896171,-1.2519390294582864
^KQ11,2022-10-27,695.0900268554688,D2,Downtrend,Medium,0.017448137716086,-1.0152822342188605
^KQ11,2022-10-28,687.6300048828125,D2,Downtrend,Medium,-0.010732454336030095,-1.1035539252689057
^KQ11,2022-10-31,695.3300170898438,D2,Downtrend,Medium,0.011197900255012216,-0.9419626005906334
^KQ11,2022-11-01,700.0499877929688,D2,Downtrend,Medium,0.006788101458469198,-0.8339764989925977
^KQ11,2022-11-02,697.3699951171875,D2,Downtrend,Medium,-0.0038282875830487617,-0.8497770986050648
^KQ11,2022-11-03,694.1300048828125,D2,Downtrend,Medium,-0.004646013245566349,-0.8750152651713083
^KQ11,2022-11-04,693.8900146484375,D2,Downtrend,Medium,-0.0003457424872672643,-0.85071078896004
^KQ11,2022-11-07,700.47998046875,D2,Downtrend,Medium,0.009497133091980414,-0.7103938411790686
^KQ11,2022-11-08,713.3300170898438,D2,Downtrend,Medium,0.018344616519225365,-0.45924278251651945
^KQ11,2022-11-09,714.5999755859375,D2,Downtrend,Medium,0.001780323925347771,-0.411882693143449
^KQ11,2022-11-10,707.780029296875,D2,Downtrend,Medium,-0.009543725891496768,-0.5108820665881701
^KQ11,2022-11-11,731.219970703125,D2,Downtrend,Medium,0.03311755126735605,-0.04213117665995575
^KQ11,2022-11-14,729.5399780273438,D2,Downtrend,Medium,-0.002297520230698624,-0.042124500722332626
^KQ11,2022-11-15,744.9600219726562,D1,Downtrend,Medium,0.021136667502455353,0.30195222972310215
^KQ11,2022-11-16,743.0999755859375,D1,Downtrend,Medium,-0.0024968405442661323,0.30218571100293284
^KQ11,2022-11-17,737.5399780273438,D2,Downtrend,Medium,-0.007482166251196132,0.21723072805643712
^KQ11,2022-11-18,731.9199829101562,D2,Downtrend,Medium,-0.007619919305552725,0.11982024221993375
^KQ11,2022-11-21,718.5700073242188,D2,Downtrend,Medium,-0.0182396653973802,-0.15629066634035255
^KQ11,2022-11-22,712.260009765625,D2,Downtrend,Medium,-0.008781326098052267,-0.2740624377734908
^KQ11,2022-11-23,725.5900268554688,D2,Downtrend,Medium,0.01871509969263907,0.06750684488549726
^KQ11,2022-11-24,738.219970703125,D2,Downtrend,Medium,0.017406446312928647,0.4068741074812907
^KQ11,2022-11-25,733.5599975585938,D2,Downtrend,Medium,-0.006312445245951315,0.31655065057354365
^KQ11,2022-11-28,717.9000244140625,D2,Downtrend,Medium,-0.02134791045947182,-0.04398612960132208
^KQ11,2022-11-29,727.5399780273438,D2,Downtrend,Medium,0.01342798897541364,0.25079656700644604
^KQ11,2022-11-30,729.5399780273438,D2,Downtrend,Medium,0.002748989829291393,0.34188938620470877
^KQ11,2022-12-01,740.5999755859375,D1,Downtrend,Medium,0.015160235068268246,0.6912234246081016
^KQ11,2022-12-02,732.9500122070312,D2,Downtrend,Medium,-0.010329413490533623,0.4996307912156835
^KQ11,2022-12-05,733.3200073242188,D2,Downtrend,Medium,0.0005048026618805768,0.5482696153683008
^KQ11,2022-12-06,719.4400024414062,D2,Downtrend,Medium,-0.01892762333521847,0.15786318676587804
^KQ11,2022-12-07,718.1400146484375,D2,Downtrend,Medium,-0.00180694399610426,0.1535723777780124
^KQ11,2022-12-08,712.52001953125,D2,Downtrend,Medium,-0.00782576517469058,0.020437595950686498
^KQ11,2022-12-09,719.489990234375,D2,Downtrend,Medium,0.00978214016738832,0.3093741146548052
^KQ11,2022-12-12,715.219970703125,D2,Downtrend,Medium,-0.005934786569941064,0.2074948366838692
^KQ11,2022-12-13,715.1599731445312,D2,Downtrend,Medium,-8.388686145710533e-05,0.25148225477979624
^KQ11,2022-12-14,729.0,D2,Downtrend,Medium,0.019352351047577043,0.834327786086334
^KQ11,2022-12-15,722.6799926757812,D2,Downtrend,Medium,-0.008669420197830902,0.6254721267389266
^KQ11,2022-12-16,717.4099731445312,D2,Downtrend,Medium,-0.0072923279801027086,0.4443290363817332
^KQ11,2022-12-19,717.219970703125,D2,Downtrend,Medium,-0.00026484499591417077,0.4754189378598822
^KQ11,2022-12-20,703.1300048828125,D2,Downtrend,Medium,-0.01964525026610653,-0.1393527923273631
^KQ11,2022-12-21,705.7000122070312,D2,Downtrend,Medium,0.0036550955106049443,-0.033013024850530995
^KQ11,2022-12-22,715.02001953125,D2,Downtrend,Medium,0.01320675522602155,0.378172607572192
^KQ11,2022-12-23,691.25,D2,Downtrend,Medium,-0.03324385175513411,-0.7272590894269039
^KQ11,2022-12-27,704.1900024414062,D2,Downtrend,Medium,0.018719714200949422,-0.15495874621469172
^KQ11,2022-12-28,692.3699951171875,D2,Downtrend,Medium,-0.016785252961898256,-0.7406406187022552
^KQ11,2022-12-29,679.2899780273438,D2,Downtrend,Medium,-0.01889165790269387,-1.3362604641037343
^KQ11,2023-01-02,671.510009765625,D2,Downtrend,Medium,-0.01145308853858229,-1.6684148868953588
^KQ11,2023-01-03,674.9500122070312,D2,Downtrend,Medium,0.005122786542834934,-1.4565263796096095
^KQ11,2023-01-04,683.6699829101562,D2,Downtrend,Medium,0.012919431877053356,-1.037623550034907
^KQ11,2023-01-05,679.9199829101562,D2,Downtrend,Medium,-0.005485102598826286,-1.2301343274638925
^KQ11,2023-01-06,688.9400024414062,D2,Downtrend,Medium,0.01326629567885762,-0.8429258771002444
^KQ11,2023-01-09,701.2100219726562,D2,Downtrend,Medium,0.017809997224386143,-0.32761745331252456
^KQ11,2023-01-10,696.0499877929688,D2,Downtrend,Medium,-0.007358757031411534,-0.607853110033172
^KQ11,2023-01-11,709.77001953125,D2,Downtrend,Medium,0.01971127358508351,0.06127925468198627
^KQ11,2023-01-12,710.8200073242188,D2,Downtrend,Medium,0.001479335227010825,0.10359830737226759
^KQ11,2023-01-13,711.8200073242188,D2,Downtrend,Medium,0.0014068259048649612,0.13775587711333764
^KQ11,2023-01-16,716.8900146484375,D2,Downtrend,Medium,0.007122597387051899,0.3752332124723237
^KQ11,2023-01-17,709.7100219726562,D2,Downtrend,Medium,-0.010015473125682073,-0.034762078855347586
^KQ11,2023-01-18,711.75,D2,Downtrend,Medium,0.0028743824437953425,0.055627382457515445
^KQ11,2023-01-19,712.8900146484375,D2,Downtrend,Medium,0.0016017065661222407,0.09747629882888968
^KQ11,2023-01-20,717.969970703125,D2,Downtrend,Medium,0.007125862265292993,0.35502404618356387
^KQ11,2023-01-25,732.3499755859375,D2,Downtrend,Medium,0.020028699624762503,1.132510608260806
^KQ11,2023-01-26,738.9400024414062,D2,Downtrend,Medium,0.008998466682812678,1.4549824420623607
^KQ11,2023-01-27,741.25,D1,Downtrend,Medium,0.0031260962337424925,1.5245221323761133
^KQ11,2023-01-30,738.6199951171875,D2,Downtrend,Medium,-0.003548067295531143,1.32806663152385
^KQ11,2023-01-31,740.489990234375,D1,Downtrend,Low,0.002531741801669929,1.379552432125374
^KQ11,2023-02-01,750.9600219726562,D1,Downtrend,Low,0.014139329196019679,1.865436148845929
^KQ11,2023-02-02,764.6199951171875,D1,Downtrend,Low,0.018190013775498448,2.4341331243780417
^KQ11,2023-02-03,766.7899780273438,D1,Downtrend,Low,0.002837988705518546,2.3802038344904837
^KQ11,2023-02-06,761.3300170898438,D1,Downtrend,Low,-0.007120542904781257,1.9997954953557493
^KQ11,2023-02-07,772.7899780273438,D1,Downtrend,Low,0.015052553663003287,2.3758840625073896
^KQ11,2023-02-08,779.97998046875,D1,Downtrend,Low,0.009303954044227902,2.5065286912575195
^KQ11,2023-02-09,784.5800170898438,D1,Downtrend,Low,0.005897634216623482,2.5193622196924848
^KQ11,2023-02-10,772.4400024414062,D1,Downtrend,Low,-0.015473265166078387,1.9342660873314148
^KQ11,2023-02-13,772.5499877929688,D1,Downtrend,Low,0.00014238691835588568,1.8734218301367254
^KQ11,2023-02-14,779.5800170898438,D1,Downtrend,Low,0.009099772711094634,2.050775672023155
^KQ11,2023-02-15,765.4600219726562,D1,Downtrend,Medium,-0.018112310228136863,1.4848308519586317
^KQ11,2023-02-16,784.7100219726562,D1,Downtrend,Medium,0.025148276131248704,2.0733598926357666
^KQ11,2023-02-17,775.6199951171875,D1,Downtrend,Medium,-0.011583931134991232,1.6799723525143624
^KQ11,2023-02-20,788.8900146484375,D1,Downtrend,Medium,0.01710891881951171,2.019426065217208
^KQ11,2023-02-21,793.4199829101562,D1,Downtrend,Medium,0.0057422050952660175,2.0529498809584155
^KQ11,2023-02-22,778.510009765625,D1,Downtrend,Medium,-0.018792031289460942,1.5267098560151084
^KQ11,2023-02-23,783.280029296875,D1,Downtrend,Medium,0.006127113937412387,1.612494937998599
^KQ11,2023-02-24,778.8800048828125,D1,Downtrend,Medium,-0.005617434697029466,1.423606147317782
^KQ11,2023-02-27,780.2999877929688,D1,Downtrend,Medium,0.001823108696146214,1.4149272610002162
^KQ11,2023-02-28,791.5999755859375,D1,Downtrend,Medium,0.014481594219846183,1.6755434378748195
^KQ11,2023-03-02,787.1900024414062,D1,Downtrend,Medium,-0.005570961698510679,1.4971882480351446
^KQ11,2023-03-03,802.4199829101562,D1,Downtrend,Medium,0.01934727374778067,1.8381343967698247
^KQ11,2023-03-06,816.510009765625,D1,Downtrend,Medium,0.017559416708901043,2.101098273511844
^KQ11,2023-03-07,815.760009765625,D1,Downtrend,Medium,-0.0009185435463495706,1.973019917890508
^KQ11,2023-03-08,813.9500122070312,D1,Downtrend,Medium,-0.0022187868207879102,1.8348919715858754
^KQ11,2023-03-09,809.219970703125,D1,Downtrend,Medium,-0.0058112186657270914,1.644768951663364
^KQ11,2023-03-10,788.5999755859375,D1,Downtrend,Medium,-0.025481322586825117,1.1071056117354126
^KQ11,2023-03-13,788.8900146484375,D1,Downtrend,Medium,0.00036778984463503583,1.0776657105517373
^KQ11,2023-03-14,758.0499877929688,D1,Downtrend,Medium,-0.039092936002254164,0.32374678495999226
^KQ11,2023-03-15,781.1699829101562,D1,Downtrend,Medium,0.03049930148340274,0.8534024983160097
^KQ11,2023-03-16,781.97998046875,D1,Downtrend,Medium,0.0010369030765573495,0.8460441890300565
^KQ11,2023-03-17,797.3900146484375,D1,Downtrend,Medium,0.01970643055395116,1.1717173672844448
^KQ11,2023-03-20,802.2000122070312,D1,Downtrend,Medium,0.006032176814647627,1.2406736440058102
^KQ11,2023-03-21,802.530029296875,D1,Downtrend,Medium,0.0004113900334354881,1.2064886521710005
^KQ11,2023-03-22,813.4299926757812,D1,Downtrend,Medium,0.013582000649192016,1.4079968316585876
^KQ11,2023-03-23,812.1900024414062,D1,Downtrend,Medium,-0.0015243969924149114,1.3298931663932951
^KQ11,2023-03-24,824.1099853515625,D1,Downtrend,Medium,0.01467634774415516,1.5483491626000436
^KQ11,2023-03-27,827.6900024414062,D1,Downtrend,Medium,0.004344101095094199,1.56869682966158
^KQ11,2023-03-28,833.510009765625,U1,Uptrend,Medium,0.007031626946141234,1.6407819176436607
^KQ11,2023-03-29,843.9400024414062,U1,Uptrend,Medium,0.012513338236590732,1.8159844524886462
^KQ11,2023-03-30,850.47998046875,U1,Uptrend,Medium,0.0077493400104562404,1.908583752001118
^KQ11,2023-03-31,847.52001953125,U1,Uptrend,Medium,-0.003480341695836997,1.7943586543861259
^KQ11,2023-04-03,854.9600219726562,U1,Uptrend,Medium,0.008778556576777063,1.9043919665646722
^KQ11,2023-04-04,857.1799926757812,U1,Uptrend,Medium,0.0025965783733405967,1.9034809425973285
^KQ11,2023-04-05,872.3599853515625,U1,Uptrend,Medium,0.017709224206686525,2.171256981535941
^KQ11,2023-04-06,865.5800170898438,U1,Uptrend,Medium,-0.00777198447380234,1.9408187415932172
^KQ11,2023-04-07,880.0700073242188,U1,Uptrend,Medium,0.016740208817541458,2.1836634307292373
^KQ11,2023-04-10,887.780029296875,U1,Uptrend,Medium,0.008760691659176034,2.2459233651958703
^KQ11,2023-04-11,898.9400024414062,U1,Uptrend,Low,0.012570651260729537,2.3648945758438864
^KQ11,2023-04-12,890.6199951171875,U1,Uptrend,Low,-0.009255353306808711,2.090780167903584
^KQ11,2023-04-13,894.25,U1,Uptrend,Low,0.0040758178602702255,2.0742494114764605
^KQ11,2023-04-14,903.8400268554688,U1,Uptrend,Low,0.010724100481374066,2.1800284309787727
^KQ11,2023-04-17,909.5,U1,Uptrend,Low,0.006262140396926963,2.198879107473414
^KQ11,2023-04-18,909.02001953125,U1,Uptrend,Low,-0.000527741032160578,2.1021931176416278
^KQ11,2023-04-19,909.2000122070312,U1,Uptrend,Low,0.00019800738368114246,2.024487519654168
^KQ11,2023-04-20,885.7100219726562,U1,Uptrend,Medium,-0.025835888604262558,1.499627562101656
^KQ11,2023-04-21,868.8200073242188,U1,Uptrend,Medium,-0.019069463175792056,1.1225130331475695
^KQ11,2023-04-24,855.22998046875,U1,Uptrend,Medium,-0.01564193589109808,0.8170063989247346
^KQ11,2023-04-25,838.7100219726562,U1,Uptrend,Medium,-0.019316393102869478,0.44951081440428714
^KQ11,2023-04-26,830.4400024414062,U1,Uptrend,Medium,-0.009860403851856714,0.24852208005330056
^KQ11,2023-04-27,850.2100219726562,U1,Uptrend,Medium,0.02380668016127374,0.6503958378425556
^KQ11,2023-04-28,842.8300170898438,U1,Uptrend,Medium,-0.008680213937833137,0.46485325704766095
^KQ11,2023-05-02,855.6099853515625,U1,Uptrend,Medium,0.015163162206592862,0.7221289438766573
^KQ11,2023-05-03,843.1799926757812,U1,Uptrend,Medium,-0.014527638630437267,0.4193768411315317
^KQ11,2023-05-04,845.0599975585938,U1,Uptrend,Medium,0.002229660213884266,0.4393595765370495
^KQ11,2023-05-08,842.280029296875,U1,Uptrend,Medium,-0.0032896696917972257,0.3545787373807493
^KQ11,2023-05-09,835.8499755859375,U1,Uptrend,Medium,-0.007634104439476319,0.18706328908511777
^KQ11,2023-05-10,829.739990234375,D1,Downtrend,Medium,-0.007309906717744785,0.022116472248202797
^KQ11,2023-05-11,824.5399780273438,D1,Downtrend,Medium,-0.006267038190557073,-0.1237977762778005
^KQ11,2023-05-12,822.4299926757812,D1,Downtrend,Medium,-0.0025589848979918894,-0.19428150165781743
^KQ11,2023-05-15,814.530029296875,D1,Downtrend,Medium,-0.009605636284255259,-0.4155752093231996
^KQ11,2023-05-16,816.75,D1,Downtrend,Medium,0.002725462074174567,-0.3774960720554292
^KQ11,2023-05-17,834.1900024414062,U1,Uptrend,Medium,0.021352926160276953,0.03774773826404518
^KQ11,2023-05-18,835.8900146484375,U1,Uptrend,Medium,0.0020379196610553763,0.06191369912753346
^KQ11,2023-05-19,841.719970703125,U1,Uptrend,Medium,0.0069745492260000486,0.19385202386897826
^KQ11,2023-05-22,852.0399780273438,U1,Uptrend,Medium,0.012260618356955355,0.439032506992958
^KQ11,2023-05-23,859.1599731445312,U1,Uptrend,Medium,0.008356409676540943,0.6029970016864536
^KQ11,2023-05-24,855.4600219726562,U1,Uptrend,Medium,-0.004306475263661458,0.47805469007289286
^KQ11,2023-05-25,847.719970703125,U1,Uptrend,Medium,-0.009047823475938688,0.23951330218520428
^KQ11,2023-05-26,843.22998046875,U1,Uptrend,Medium,-0.005296548848142457,0.0905804755688796
^KQ11,2023-05-30,851.5,U1,Uptrend,Low,0.009807549212911937,0.3017518865500567
^KQ11,2023-05-31,856.9400024414062,U1,Uptrend,Low,0.006388728645221775,0.43767293944620117
^KQ11,2023-06-01,863.780029296875,U1,Uptrend,Low,0.007981920363131279,0.6163825530150104
^KQ11,2023-06-02,868.0599975585938,U1,Uptrend,Low,0.004954928473170028,0.717376199079711
^KQ11,2023-06-05,870.280029296875,U1,Uptrend,Low,0.0025574634754799153,0.7563847349667367
^KQ11,2023-06-07,880.719970703125,U1,Uptrend,Low,0.011996071442297307,1.0294382456212785
^KQ11,2023-06-08,876.1300048828125,U1,Uptrend,Low,-0.0052116063822739145,0.8670204980000566
^KQ11,2023-06-09,883.7100219726562,U1,Uptrend,Low,0.008651703568647529,1.065741466251333
^KQ11,2023-06-12,885.760009765625,U1,Uptrend,Low,0.0023197516628732373,1.1293594931259727
^KQ11,2023-06-13,896.8099975585938,U1,Uptrend,Low,0.012475148653293466,1.4655567995753767
^KQ11,2023-06-14,871.8300170898438,U1,Uptrend,Medium,-0.027854261813264336,0.6097763572101956
^KQ11,2023-06-15,878.0399780273438,U1,Uptrend,Medium,0.0071229033363966465,0.8039624122705714
^KQ11,2023-06-16,887.9500122070312,U1,Uptrend,Low,0.01128654096360382,1.1347991651913512
^KQ11,2023-06-19,888.6099853515625,U1,Uptrend,Low,0.0007432548403156769,1.1343657823041633
^KQ11,2023-06-20,886.4099731445312,U1,Uptrend,Low,-0.00247579055299596,1.0221120205825134
^KQ11,2023-06-21,875.7000122070312,U1,Uptrend,Medium,-0.012082401216117367,0.5848522343190946
^KQ11,2023-06-22,876.3800048828125,U1,Uptrend,Low,0.0007765132651620377,0.5863674481429246
^KQ11,2023-06-23,874.8400268554688,U1,Uptrend,Low,-0.0017572035176106615,0.5000726943249844
^KQ11,2023-06-26,879.5,U1,Uptrend,Low,0.005326657447626282,0.6641579001682772
^KQ11,2023-06-27,874.1400146484375,U1,Uptrend,Low,-0.006094355146745278,0.42506819230652193
^KQ11,2023-06-28,866.969970703125,U1,Uptrend,Low,-0.00820239758523833,0.11846067641339664
^KQ11,2023-06-29,861.7899780273438,U1,Uptrend,Low,-0.005974823639601001,-0.10585745786305045
^KQ11,2023-06-30,868.239990234375,U1,Uptrend,Low,0.00748443631451301,0.1527433789432903
^KQ11,2023-07-03,889.2899780273438,U1,Uptrend,Medium,0.02424443475275373,0.9970213639763389
^KQ11,2023-07-04,890.0,U1,Uptrend,Medium,0.0007984144544519456,1.0060582141000096
^KQ11,2023-07-05,891.1799926757812,U1,Uptrend,Medium,0.0013258344671700506,1.0273818562753831
^KQ11,2023-07-06,870.530029296875,U1,Uptrend,Medium,-0.023171484490921324,0.1978052185737981
^KQ11,2023-07-07,867.27001953125,U1,Uptrend,Medium,-0.0037448561863605567,0.07984319135235095
^KQ11,2023-07-10,860.3499755859375,U1,Uptrend,Medium,-0.007979111221961377,-0.1797593817386554
^KQ11,2023-07-11,878.72998046875,U1,Uptrend,Medium,0.021363404898448346,0.5966781946767853
^KQ11,2023-07-12,879.8800048828125,U1,Uptrend,Medium,0.00130873469623638,0.6612863321503213
^KQ11,2023-07-13,893.0700073242188,U1,Uptrend,Medium,0.014990683238861546,1.2404182186241974
^KQ11,2023-07-14,896.280029296875,U1,Uptrend,Medium,0.003594367682634436,1.4097488975624024
^KQ11,2023-07-17,898.2899780273438,U1,Uptrend,Medium,0.0022425454821810575,1.525914443369172
^KQ11,2023-07-18,914.1400146484375,U1,Uptrend,Medium,0.017644677118518803,2.203540361716035
^KQ11,2023-07-19,923.719970703125,U2,Uptrend,Medium,0.010479746976585158,2.4737847519519782
^KQ11,2023-07-20,931.5999755859375,U2,Uptrend,Medium,0.008530729152488092,2.594446130840867
^KQ11,2023-07-21,934.5800170898438,U2,Uptrend,Medium,0.003198842402321711,2.5138710364720387
^KQ11,2023-07-24,929.9000244140625,U2,Uptrend,Medium,-0.005007589066963081,2.2067773427983166
^KQ11,2023-07-25,939.9600219726562,U2,Uptrend,Medium,0.010818364656923984,2.4113455952490903
^KQ11,2023-07-26,900.6300048828125,U1,Uptrend,Medium,-0.04184222325466935,1.019944798875089
^KQ11,2023-07-27,883.7899780273438,U1,Uptrend,Medium,-0.018698052212528626,0.4209739409767411
^KQ11,2023-07-28,913.739990234375,U1,Uptrend,Medium,0.03388815550260138,1.4021149367965993
^KQ11,2023-07-31,935.969970703125,U2,Uptrend,Medium,0.024328562508299623,2.0469659207673363
^KQ11,2023-08-01,939.6699829101562,U2,Uptrend,Medium,0.003953131321351888,2.0551746132477264
^KQ11,2023-08-02,909.760009765625,U1,Uptrend,Medium,-0.03183029541062932,1.0583768795678328
^KQ11,2023-08-03,920.3200073242188,U1,Uptrend,Medium,0.01160745410354358,1.3514046832816662
^KQ11,2023-08-04,918.4299926757812,U1,Uptrend,Medium,-0.0020536494191109034,1.252777932798407
^KQ11,2023-08-07,898.219970703125,U1,Uptrend,Medium,-0.022004967317950652,0.5734747981275674
^KQ11,2023-08-08,892.3400268554688,U1,Uptrend,Medium,-0.006546218119658831,0.35087820274457676
^KQ11,2023-08-09,908.97998046875,U1,Uptrend,Medium,0.01864754814587788,0.9041863218813996
^KQ11,2023-08-10,911.2899780273438,U1,Uptrend,Medium,0.0025413074085554044,0.9720041409187712
^KQ11,2023-08-11,912.2000122070312,U1,Uptrend,Medium,0.0009986219552831077,0.9806920490643606
^KQ11,2023-08-14,901.6799926757812,U1,Uptrend,Medium,-0.011532579906239238,0.5532137007223392
^KQ11,2023-08-16,878.2899780273438,U1,Uptrend,Medium,-0.02594048314083852,-0.40439230116687086
^KQ11,2023-08-17,886.0399780273438,U1,Uptrend,Medium,0.008823964970438025,-0.1152684390259876
^KQ11,2023-08-18,877.3200073242188,U1,Uptrend,Medium,-0.009841509321666164,-0.4934877264914357
^KQ11,2023-08-21,888.7100219726562,U1,Uptrend,Medium,0.012982736690545282,-0.04150803665255605
^KQ11,2023-08-22,893.3300170898438,U1,Uptrend,Medium,0.005198540584624656,0.12605465317409809
^KQ11,2023-08-23,882.8699951171875,U1,Uptrend,Medium,-0.011709023286524456,-0.3736708451847939
^KQ11,2023-08-24,901.739990234375,U1,Uptrend,Medium,0.021373469731160943,0.4564274448767826
^KQ11,2023-08-25,899.3800048828125,U1,Uptrend,Medium,-0.0026171461586715905,0.3206618794671561
^KQ11,2023-08-28,909.3800048828125,U1,Uptrend,Medium,0.011118770648345766,0.7698172532790133
^KQ11,2023-08-29,916.239990234375,U1,Uptrend,Medium,0.0075435849861758,1.0651928300664908
^KQ11,2023-08-30,923.8099975585938,U2,Uptrend,Medium,0.008262035498234788,1.38118289778046
^KQ11,2023-08-31,928.4000244140625,U2,Uptrend,Medium,0.004968583223389,1.537971638704777
^KQ11,2023-09-01,919.739990234375,U1,Uptrend,Medium,-0.009327912485949219,1.090728885157172
^KQ11,2023-09-04,919.1599731445312,U1,Uptrend,Medium,-0.0006306315871901225,1.0292761790601104
^KQ11,2023-09-05,921.47998046875,U2,Uptrend,Medium,0.002524051734195787,1.1012658150035748
^KQ11,2023-09-06,917.9500122070312,U1,Uptrend,Medium,-0.003830759578654197,0.9139672623108087
^KQ11,2023-09-07,906.3599853515625,U1,Uptrend,Medium,-0.012625989107623359,0.3561084975560737
^KQ11,2023-09-08,914.1799926757812,U1,Uptrend,Medium,0.008627926486831194,0.6962736333659406
^KQ11,2023-09-11,912.5499877929688,U1,Uptrend,Medium,-0.0017830240170116918,0.6001412412195514
^KQ11,2023-09-12,898.0399780273438,U1,Uptrend,Medium,-0.015900509516983186,-0.08801537118897247
^KQ11,2023-09-13,882.719970703125,U1,Uptrend,Medium,-0.01705938232045201,-0.8036502744612067
^KQ11,2023-09-14,899.469970703125,U1,Uptrend,Medium,0.018975440180262204,-0.03685423684475241
^KQ11,2023-09-15,899.030029296875,U1,Uptrend,Medium,-0.000489111833167799,-0.07647962986676317
^KQ11,2023-09-18,891.2899780273438,U1,Uptrend,Medium,-0.008609335636524551,-0.4662510834663546
^KQ11,2023-09-19,883.8900146484375,U1,Uptrend,Medium,-0.008302531792497292,-0.8316912999507502
^KQ11,2023-09-20,882.719970703125,U1,Uptrend,Medium,-0.0013237438209751096,-0.9026870789817735
^KQ11,2023-09-21,860.6799926757812,U1,Uptrend,Medium,-0.02496825579893469,-1.960462157660302
^KQ11,2023-09-22,857.3499755859375,U1,Uptrend,Medium,-0.0038690536763739125,-2.103310435678091
^KQ11,2023-09-25,839.1699829101562,U1,Uptrend,Medium,-0.021204867549400097,-2.809635404954016
^KQ11,2023-09-26,827.8200073242188,D1,Downtrend,Medium,-0.013525240198150268,-3.0206618852885376
^KQ11,2023-09-27,841.02001953125,U1,Uptrend,Medium,0.01594551000246769,-2.317388896998301
^KQ11,2023-10-04,807.4000244140625,D1,Downtrend,Medium,-0.03997526139261931,-3.26719596838642
^KQ11,2023-10-05,801.02001953125,D1,Downtrend,Medium,-0.00790191316558675,-3.1694674394078652
^KQ11,2023-10-06,816.3900146484375,D1,Downtrend,Medium,0.01918802869144498,-2.5026160439586627
^KQ11,2023-10-10,795.0,D1,Downtrend,Medium,-0.02620073036739512,-2.935283600376811
^KQ11,2023-10-11,817.1199951171875,D1,Downtrend,Medium,0.027823893229166563,-2.161222040825751
^KQ11,2023-10-12,835.489990234375,U1,Uptrend,Medium,0.02248139223976886,-1.5841489460165916
^KQ11,2023-10-13,822.780029296875,D1,Downtrend,Medium,-0.015212583138111024,-1.848636041662591
^KQ11,2023-10-16,810.5399780273438,D1,Downtrend,Medium,-0.014876456444854691,-2.0612785117657286
^KQ11,2023-10-17,820.3800048828125,D1,Downtrend,Medium,0.012140088240208735,-1.7260770077324326
^KQ11,2023-10-18,808.8900146484375,D1,Downtrend,Medium,-0.014005692686301252,-1.9164888867181389
^KQ11,2023-10-19,784.0399780273438,D1,Downtrend,Medium,-0.030721156363753832,-2.3659947290783254
^KQ11,2023-10-20,769.25,D1,Downtrend,Medium,-0.01886380598162296,-2.5278813736612227
^KQ11,2023-10-23,763.6900024414062,D1,Downtrend,Medium,-0.007227816130768616,-2.4784105452599907
^KQ11,2023-10-24,784.8599853515625,D1,Downtrend,Medium,0.0277206495338147,-1.926728246773737
^KQ11,2023-10-25,770.8400268554688,D1,Downtrend,Medium,-0.01786300583258016,-2.110624873476887
^KQ11,2023-10-26,743.8499755859375,D1,Downtrend,Medium,-0.03501381652381663,-2.476163356980259
^KQ11,2023-10-27,748.489990234375,D1,Downtrend,Medium,0.006237836661596274,-2.239543082109555
^KQ11,2023-10-30,757.1199951171875,D1,Downtrend,Medium,0.011529886832701841,-1.9728718631974071
^KQ11,2023-10-31,736.0999755859375,D2,Downtrend,Medium,-0.027763128258152192,-2.224035155735824
^KQ11,2023-11-01,739.22998046875,D1,Downtrend,Medium,0.004252146429323034,-2.064141875654315
^KQ11,2023-11-02,772.8400268554688,D1,Downtrend,Medium,0.04546629232408361,-1.431240992949867
^KQ11,2023-11-03,782.0499877929688,D1,Downtrend,Medium,0.011917034078803512,-1.231772544374084
^KQ11,2023-11-06,839.4500122070312,U1,Uptrend,Medium,0.07339687399785233,-0.24050568402046144
^KQ11,2023-11-07,824.3699951171875,D1,Downtrend,Medium,-0.01796416328614525,-0.47857607586039963
^KQ11,2023-11-08,811.02001953125,D1,Downtrend,Medium,-0.0161941551305973,-0.6841424924157397
^KQ11,2023-11-09,802.8699951171875,D1,Downtrend,Medium,-0.010049103866477949,-0.795974731906621
^KQ11,2023-11-10,789.3099975585938,D1,Downtrend,Medium,-0.01688940630620339,-0.9954348056263517
^KQ11,2023-11-13,774.4199829101562,D1,Downtrend,Medium,-0.018864596539374445,-1.209968219988974
^KQ11,2023-11-14,794.1900024414062,D1,Downtrend,Medium,0.025528808614877496,-0.8413199151797359
^KQ11,2023-11-15,809.3599853515625,D1,Downtrend,Medium,0.019101201052043493,-0.5606004474147155
^KQ11,2023-11-16,811.1099853515625,D1,Downtrend,Medium,0.002162202272997016,-0.5103469393989518
^KQ11,2023-11-17,799.0599975585938,D1,Downtrend,Medium,-0.014856169953013088,-0.6954668868206777
^KQ11,2023-11-20,813.0800170898438,D1,Downtrend,Medium,0.017545640595306944,-0.4337244946538645
^KQ11,2023-11-21,817.010009765625,D1,Downtrend,Medium,0.004833463611425781,-0.3459024246892327
^KQ11,2023-11-22,814.6099853515625,D1,Downtrend,Medium,-0.0029375703912746243,-0.3695794610162071
^KQ11,2023-11-23,815.97998046875,D1,Downtrend,Medium,0.0016817804124955593,-0.32395826574809955
^KQ11,2023-11-24,815.0,D1,Downtrend,Medium,-0.0012009859214769936,-0.31981662718914006
^KQ11,2023-11-27,810.25,D1,Downtrend,Medium,-0.005828220858895672,-0.3810986033330444
^KQ11,2023-11-28,816.4400024414062,D1,Downtrend,Medium,0.007639620415188286,-0.24313680800669027
^KQ11,2023-11-29,822.4400024414062,D1,Downtrend,Medium,0.007348978470013812,-0.10304923141354905
^KQ11,2023-11-30,831.6799926757812,U1,Uptrend,Medium,0.011234850210284142,0.10752626281323147
^KQ11,2023-12-01,827.239990234375,D1,Downtrend,Medium,-0.005338594748589998,0.051914471693601104
^KQ11,2023-12-04,828.52001953125,D1,Downtrend,Medium,0.0015473493931457138,0.11224613169154521
^KQ11,2023-12-05,813.3800048828125,D1,Downtrend,Medium,-0.01827356526279622,-0.17434243909357014
^KQ11,2023-12-06,819.5399780273438,D1,Downtrend,Medium,0.00757330289354563,-0.004384565202319441
^KQ11,2023-12-07,813.2000122070312,D1,Downtrend,Medium,-0.007736005552252623,-0.11698904136593105
^KQ11,2023-12-08,830.3699951171875,U1,Uptrend,Medium,0.021114095735877747,0.33379254784452267
^KQ11,2023-12-11,835.25,U1,Uptrend,Medium,0.0058769041650208464,0.5091518502213825
^KQ11,2023-12-12,839.530029296875,U1,Uptrend,Medium,0.005124249382669754,0.6687238439300287
^KQ11,2023-12-13,829.3099975585938,D1,Downtrend,Medium,-0.012173515397466805,0.431123702674156
^KQ11,2023-12-14,840.5900268554688,U1,Uptrend,Medium,0.01360170422409257,0.8035126399431594
^KQ11,2023-12-15,838.3099975585938,U1,Uptrend,Low,-0.002712415355918818,0.806846137547425
^KQ11,2023-12-18,850.9600219726562,U1,Uptrend,Low,0.015089912384324444,1.2578112896645315
^KQ11,2023-12-19,858.2999877929688,U1,Uptrend,Low,0.008625511928630036,1.542517053368759
^KQ11,2023-12-20,862.97998046875,U1,Uptrend,Low,0.005452630481581844,1.742705897008392
^KQ11,2023-12-21,859.4400024414062,U1,Uptrend,Low,-0.0041020395692388245,1.628346366533332
^KQ11,2023-12-22,854.6199951171875,U1,Uptrend,Low,-0.005608311587227299,1.4739124609938108
^KQ11,2023-12-26,848.3400268554688,U1,Uptrend,Low,-0.0073482580534025566,1.2535831248239981
^KQ11,2023-12-27,859.7899780273438,U1,Uptrend,Medium,0.013496888994282585,1.5826524008297258
^KQ11,2023-12-28,866.5700073242188,U1,Uptrend,Medium,0.007885680771053893,1.754430503935102
^KQ11,2024-01-02,878.9299926757812,U1,Uptrend,Medium,0.014263112324562677,2.0324443406004726
^KQ11,2024-01-03,871.5700073242188,U1,Uptrend,Medium,-0.008373801568832606,1.7271712231817915
^KQ11,2024-01-04,866.25,U1,Uptrend,Medium,-0.006103935747572953,1.5131543686435036
^KQ11,2024-01-05,878.3300170898438,U1,Uptrend,Low,0.013945185673701399,1.779900197812405
^KQ11,2024-01-08,879.3400268554688,U1,Uptrend,Low,0.0011499205833491732,1.732516442398831
^KQ11,2024-01-09,884.6400146484375,U1,Uptrend,Low,0.0060272336423961015,1.8078988593447136
^KQ11,2024-01-10,875.4600219726562,U1,Uptrend,Low,-0.010377094099038087,1.506171676148358
^KQ11,2024-01-11,882.530029296875,U1,Uptrend,Low,0.008075762623960925,1.6240285630111353
^KQ11,2024-01-12,868.0800170898438,U1,Uptrend,Medium,-0.0163733943631853,1.2137888430027093
^KQ11,2024-01-15,859.7100219726562,U1,Uptrend,Low,-0.009641962667505166,0.9710693158350118
^KQ11,2024-01-16,854.8300170898438,U1,Uptrend,Low,-0.005676338251373481,0.8190214732121851
^KQ11,2024-01-17,833.0499877929688,U1,Uptrend,Medium,-0.025478783923641668,0.2423150362553764
^KQ11,2024-01-18,840.3300170898438,U1,Uptrend,Medium,0.008739006546488515,0.4051313871545577
^KQ11,2024-01-19,842.6699829101562,U1,Uptrend,Medium,0.0027845795969732023,0.4448970701890448
^KQ11,2024-01-22,839.6900024414062,U1,Uptrend,Medium,-0.003536355310128192,0.34138490787118003
^KQ11,2024-01-23,840.1099853515625,U1,Uptrend,Medium,0.0005001642379154347,0.32351727466795305
^KQ11,2024-01-24,836.2100219726562,U1,Uptrend,Medium,-0.004642205719378789,0.18018967906617156
^KQ11,2024-01-25,823.739990234375,D1,Downtrend,Medium,-0.014912559537212822,-0.23071335402069157
^KQ11,2024-01-26,837.239990234375,U1,Uptrend,Medium,0.01638866652104487,0.14448577499828774
^KQ11,2024-01-29,819.1400146484375,D1,Downtrend,Medium,-0.021618622852535574,-0.5515404497277818
^KQ11,2024-01-30,818.8599853515625,D1,Downtrend,Medium,-0.00034185767007754997,-0.6151045301158267
^KQ11,2024-01-31,799.239990234375,D1,Downtrend,Medium,-0.0239601341721003,-1.3998252138827667
^KQ11,2024-02-01,798.72998046875,D1,Downtrend,Medium,-0.0006381184273267504,-1.3708344572695383
^KQ11,2024-02-02,814.77001953125,D1,Downtrend,Medium,0.02008192938129927,-0.7493859565691199
^KQ11,2024-02-05,807.989990234375,D1,Downtrend,Medium,-0.008321402523838173,-1.0036643609657288
^KQ11,2024-02-06,807.030029296875,D1,Downtrend,Medium,-0.0011880851855869956,-1.0459127336669203
^KQ11,2024-02-07,811.9199829101562,D1,Downtrend,Medium,0.006059196604544681,-0.8909812349941575
^KQ11,2024-02-08,826.5800170898438,D1,Downtrend,Medium,0.018056008582448824,-0.37295733885065924
^KQ11,2024-02-13,845.1500244140625,U1,Uptrend,Medium,0.02246607338706119,0.3584356766679331
^KQ11,2024-02-14,853.2999877929688,U1,Uptrend,Medium,0.009643214983702464,0.6733506322393553
^KQ11,2024-02-15,859.2100219726562,U1,Uptrend,Medium,0.006926091953866731,0.891691618471964
^KQ11,2024-02-16,857.5999755859375,U1,Uptrend,Medium,-0.0018738682575213383,0.7970624889338721
^KQ11,2024-02-19,858.469970703125,U1,Uptrend,Medium,0.0010144532905251857,0.8061946964850591
^KQ11,2024-02-20,866.1699829101562,U1,Uptrend,Medium,0.00896946016728406,1.101633715912036
^KQ11,2024-02-21,864.0700073242188,U1,Uptrend,Medium,-0.002424438190390732,0.9780059593821759
^KQ11,2024-02-22,870.1099853515625,U1,Uptrend,Medium,0.0069901489186599,1.198181300186459
^KQ11,2024-02-23,868.5700073242188,U1,Uptrend,Medium,-0.0017698659402484163,1.0949880858257541
^KQ11,2024-02-26,867.4000244140625,U1,Uptrend,Medium,-0.0013470220020151968,1.012197320306413
^KQ11,2024-02-27,853.75,U1,Uptrend,Medium,-0.01573671204734317,0.3932218050598402
^KQ11,2024-02-28,863.3900146484375,U1,Uptrend,Medium,0.011291378797584128,0.7915296253714735
^KQ11,2024-02-29,862.9600219726562,U1,Uptrend,Medium,-0.0004980283168508626,0.7481696747636474
^KQ11,2024-03-04,872.969970703125,U1,Uptrend,Low,0.01159955093584375,1.1510825798927076
^KQ11,2024-03-05,866.3699951171875,U1,Uptrend,Low,-0.007560369551568469,0.8324933228790075
^KQ11,2024-03-06,870.6699829101562,U1,Uptrend,Low,0.004963223353998014,0.9907267601413109
^KQ11,2024-03-07,863.3699951171875,U1,Uptrend,Low,-0.008384333830562363,0.6403378342388072
^KQ11,2024-03-08,873.1799926757812,U1,Uptrend,Low,0.01136244902425898,1.0506577707009013
^KQ11,2024-03-11,875.9299926757812,U1,Uptrend,Low,0.0031494079377298867,1.1366124062108067
^KQ11,2024-03-12,889.7100219726562,U1,Uptrend,Low,0.015731884296803056,1.685660779024963
^KQ11,2024-03-13,889.9299926757812,U1,Uptrend,Low,0.00024723864820286323,1.6241311616552054
^KQ11,2024-03-14,887.52001953125,U1,Uptrend,Low,-0.0027080480086810743,1.4625018861883143
^KQ11,2024-03-15,880.4600219726562,U1,Uptrend,Low,-0.007954747389610994,1.1201120096395232
^KQ11,2024-03-18,894.47998046875,U1,Uptrend,Low,0.01592344700067394,1.6467160533547422
^KQ11,2024-03-19,891.9099731445312,U1,Uptrend,Low,-0.0028731859631693224,1.4818691090224314
^KQ11,2024-03-20,891.4500122070312,U1,Uptrend,Low,-0.000515703323597072,1.4152518171433472
^KQ11,2024-03-21,904.2899780273438,U1,Uptrend,Low,0.014403461376957694,1.8505493770781003
^KQ11,2024-03-22,903.97998046875,U1,Uptrend,Low,-0.00034280769015049284,1.7603915808094956
^KQ11,2024-03-25,913.6900024414062,U1,Uptrend,Low,0.010741412622457869,2.018954978621742
^KQ11,2024-03-26,916.0900268554688,U1,Uptrend,Low,0.0026267381799620626,1.996137500117824
^KQ11,2024-03-27,911.25,U1,Uptrend,Low,-0.005283352851337519,1.7456647713462434
^KQ11,2024-03-28,910.0499877929688,U1,Uptrend,Low,-0.0013168858239026582,1.6401690652006626
^KQ11,2024-03-29,905.5,U1,Uptrend,Low,-0.004999711943300289,1.4486959780276623
^KQ11,2024-04-01,912.4500122070312,U1,Uptrend,Low,0.007675330985125628,1.6209887029662589
^KQ11,2024-04-02,891.5900268554688,U1,Uptrend,Low,-0.02286151029918493,0.9208859861554651
^KQ11,2024-04-03,879.9600219726562,U1,Uptrend,Medium,-0.013044117287662083,0.5435716136806166
^KQ11,2024-04-04,882.9000244140625,U1,Uptrend,Low,0.0033410636483410805,0.6359872983936505
^KQ11,2024-04-05,872.2899780273438,U1,Uptrend,Low,-0.012017268199488562,0.3009994392098554
^KQ11,2024-04-08,860.5700073242188,U1,Uptrend,Medium,-0.01343586536398067,-0.07082204240652669
^KQ11,2024-04-09,859.3300170898438,U1,Uptrend,Low,-0.001440894086270239,-0.09885348074801117
^KQ11,2024-04-11,858.0999755859375,U1,Uptrend,Low,-0.00143139594735886,-0.13350776515717924
^KQ11,2024-04-12,860.469970703125,U1,Uptrend,Low,0.00276191024894179,-0.056742227456329314
^KQ11,2024-04-15,852.4199829101562,U1,Uptrend,Low,-0.009355338439516747,-0.31747431013652805
^KQ11,2024-04-16,832.8099975585938,U1,Uptrend,Low,-0.023005074663564495,-0.9556106237340708
^KQ11,2024-04-17,833.030029296875,U1,Uptrend,Low,0.0002642040068279172,-0.9413557114317738
^KQ11,2024-04-18,855.6500244140625,U1,Uptrend,Medium,0.02715387719729634,-0.21518196556488944
^KQ11,2024-04-19,841.9099731445312,U1,Uptrend,Medium,-0.016058027087582083,-0.6640581756337809
^KQ11,2024-04-22,845.8200073242188,U1,Uptrend,Medium,0.00464424262024532,-0.5408926170799797
^KQ11,2024-04-23,845.4400024414062,U1,Uptrend,Medium,-0.00044927393478744193,-0.5603377713897811
^KQ11,2024-04-24,862.22998046875,U1,Uptrend,Medium,0.019859455406485038,-0.03189987663010869
^KQ11,2024-04-25,853.260009765625,U1,Uptrend,Medium,-0.010403222929279865,-0.34057198219039925
^KQ11,2024-04-26,856.8200073242188,U1,Uptrend,Medium,0.004172230642300434,-0.24723352667317924
^KQ11,2024-04-29,869.719970703125,U1,Uptrend,Medium,0.015055628099992502,0.16628780077860475
^KQ11,2024-04-30,868.9299926757812,U1,Uptrend,Medium,-0.0009083130823189789,0.10323106518736407
^KQ11,2024-05-02,867.47998046875,U1,Uptrend,Medium,-0.0016687330616429463,0.009215554656290694
^KQ11,2024-05-03,865.5900268554688,U1,Uptrend,Medium,-0.002178671157644474,-0.0995823598187733
^KQ11,2024-05-07,871.260009765625,U1,Uptrend,Medium,0.006550425414158623,0.08897696302682141
^KQ11,2024-05-08,872.4199829101562,U1,Uptrend,Medium,0.001331374252840245,0.09783445525242813
^KQ11,2024-05-09,870.1500244140625,U1,Uptrend,Medium,-0.0026019102502923275,-0.0500612753754785
^KQ11,2024-05-10,864.1599731445312,U1,Uptrend,Medium,-0.006883929324215998,-0.37945725865722796
^KQ11,2024-05-13,854.4299926757812,U1,Uptrend,Medium,-0.01125946673200362,-0.876067260938757
^KQ11,2024-05-14,862.1500244140625,U1,Uptrend,Medium,0.009035300497943322,-0.500816332964656
^KQ11,2024-05-16,870.3699951171875,U1,Uptrend,Medium,0.009534269524276162,-0.09802921505302614
^KQ11,2024-05-17,855.0599975585938,U1,Uptrend,Medium,-0.017590217544818265,-0.8653617261007626
^KQ11,2024-05-20,847.0800170898438,U1,Uptrend,Medium,-0.0093326555932155,-1.245238477809876
^KQ11,2024-05-21,846.510009765625,U1,Uptrend,Low,-0.0006729084770256133,-1.241424045005171
^KQ11,2024-05-22,845.719970703125,U1,Uptrend,Low,-0.0009332896875239305,-1.249629047801021
^KQ11,2024-05-23,846.5800170898438,U1,Uptrend,Low,0.0010169399050654615,-1.1746367444284471
^KQ11,2024-05-24,839.4099731445312,U1,Uptrend,Low,-0.008469422618738176,-1.4675387930133652
^KQ11,2024-05-27,847.989990234375,U1,Uptrend,Low,0.010221485763031835,-1.0386574954519754
^KQ11,2024-05-28,851.010009765625,U1,Uptrend,Low,0.0035613858253389363,-0.8939957365082853
^KQ11,2024-05-29,838.4500122070312,U1,Uptrend,Low,-0.014758930464346509,-1.434766655502631
^KQ11,2024-05-30,831.989990234375,U1,Uptrend,Low,-0.007704719277958683,-1.6669259110189059
^KQ11,2024-05-31,839.97998046875,U1,Uptrend,Low,0.009603469186118652,-1.2674792201755487
^KQ11,2024-06-03,844.719970703125,U1,Uptrend,Low,0.00564298000498753,-1.0330042369683679
^KQ11,2024-06-04,845.8400268554688,U1,Uptrend,Low,0.001325949653364411,-0.9583877840750595
^KQ11,2024-06-05,850.75,U1,Uptrend,Low,0.005804848421260944,-0.7332428719606644
^KQ11,2024-06-07,866.1799926757812,U1,Uptrend,Low,0.018136929386754375,-0.06219972579960928
^KQ11,2024-06-10,864.7100219726562,U1,Uptrend,Low,-0.0016970730281866686,-0.11772028919120756
^KQ11,2024-06-11,868.3599853515625,U1,Uptrend,Low,0.00422102587706763,0.0558847918837446
^KQ11,2024-06-12,870.6699829101562,U1,Uptrend,Low,0.0026601842525695307,0.17196395753422786
^KQ11,2024-06-13,871.3300170898438,U1,Uptrend,Low,0.0007580761857453044,0.2142822404185549
^KQ11,2024-06-14,862.1900024414062,U1,Uptrend,Low,-0.010489727737102661,-0.1771602164933701
^KQ11,2024-06-17,858.9600219726562,U1,Uptrend,Low,-0.003746251359449615,-0.2980795070778838
^KQ11,2024-06-18,858.9500122070312,U1,Uptrend,Low,-1.1653354485607892e-05,-0.2770145136769651
^KQ11,2024-06-19,861.1699829101562,U1,Uptrend,Low,0.002584516760667954,-0.15500382269199933
^KQ11,2024-06-20,857.510009765625,U1,Uptrend,Low,-0.004250000832777601,-0.2960950482635788
^KQ11,2024-06-21,852.6699829101562,U1,Uptrend,Low,-0.005644280300345028,-0.4998532114142001
^KQ11,2024-06-24,841.52001953125,U1,Uptrend,Low,-0.013076528554284872,-1.0330632305519711
^KQ11,2024-06-25,841.989990234375,U1,Uptrend,Low,0.0005584783394538828,-1.007191518486903
^KQ11,2024-06-26,842.1199951171875,U1,Uptrend,Low,0.00015440193389504309,-0.9974566110151853
^KQ11,2024-06-27,838.6500244140625,U1,Uptrend,Low,-0.004120518124785866,-1.2093923851490123
^KQ11,2024-06-28,840.4400024414062,U1,Uptrend,Low,0.0021343563765998663,-1.1058053660911569
^KQ11,2024-07-01,847.1500244140625,U1,Uptrend,Low,0.007983939309366805,-0.6676427665635848
^KQ11,2024-07-02,829.9099731445312,D1,Downtrend,Low,-0.020350647196705762,-1.9616154394485286
^KQ11,2024-07-03,836.0999755859375,U1,Uptrend,Low,0.007458643276634369,-1.4418905573753356
^KQ11,2024-07-04,840.8099975585938,U1,Uptrend,Low,0.005633323896888642,-1.0493955652005236
^KQ11,2024-07-05,847.489990234375,U1,Uptrend,Low,0.007944711284567862,-0.4713246779778134
^KQ11,2024-07-08,859.27001953125,U1,Uptrend,Low,0.013899903754163834,0.5252278168316951
^KQ11,2024-07-09,860.4199829101562,U1,Uptrend,Low,0.0013383026903854844,0.620290172194679
^KQ11,2024-07-10,858.5499877929688,U1,Uptrend,Low,-0.0021733515658977076,0.46168151366635807
^KQ11,2024-07-11,852.4199829101562,U1,Uptrend,Low,-0.007139951045332382,-0.044423580664241624
^KQ11,2024-07-12,850.3699951171875,U1,Uptrend,Low,-0.0024049034913167233,-0.2150161282595822
^KQ11,2024-07-15,852.8800048828125,U1,Uptrend,Low,0.002951667838749561,-0.03169167758427271
^KQ11,2024-07-16,839.6099853515625,U1,Uptrend,Low,-0.01555906980498778,-1.2108329296124634
^KQ11,2024-07-17,829.4099731445312,D1,Downtrend,Low,-0.012148512267586065,-1.9989883988260697
^KQ11,2024-07-18,822.47998046875,D1,Downtrend,Low,-0.008355328366148829,-2.443889133421692
^KQ11,2024-07-19,828.719970703125,D1,Downtrend,Low,0.007586798928307825,-1.8611721757625799
^KQ11,2024-07-22,809.9600219726562,D1,Downtrend,Low,-0.022637259138997168,-3.0304025311331295
^KQ11,2024-07-23,812.1199951171875,D1,Downtrend,Low,0.0026667651315315233,-2.650554369679151
^KQ11,2024-07-24,814.25,D1,Downtrend,Medium,0.002622771136801205,-2.3418057675681903
^KQ11,2024-07-25,797.2899780273438,D1,Downtrend,Medium,-0.02082901071250387,-3.0943706057597167
^KQ11,2024-07-26,797.5599975585938,D1,Downtrend,Medium,0.0003386716736588635,-2.828211460768154
^KQ11,2024-07-29,807.989990234375,D1,Downtrend,Medium,0.01307737688413213,-2.1253079132182733
^KQ11,2024-07-30,803.780029296875,D1,Downtrend,Medium,-0.005210412243199736,-2.2208251485100754
^KQ11,2024-07-31,803.1500244140625,D1,Downtrend,Medium,-0.0007838026074915572,-2.1310840589325863
^KQ11,2024-08-01,813.530029296875,D1,Downtrend,Medium,0.012924116998421553,-1.5443827839818032
^KQ11,2024-08-02,779.3300170898438,D1,Downtrend,Medium,-0.04203902864727682,-2.997598110262017
^KQ11,2024-08-05,691.280029296875,D2,Downtrend,Medium,-0.11298164559574264,-5.21240827631347
^KQ11,2024-08-06,732.8699951171875,D2,Downtrend,High,0.06016370220128464,-3.3254187328020115
^KQ11,2024-08-07,748.5399780273438,D1,Downtrend,High,0.02138166798280583,-2.609080670605853
^KQ11,2024-08-08,745.280029296875,D1,Downtrend,High,-0.00435507631677845,-2.5139768517165075
^KQ11,2024-08-09,764.4299926757812,D1,Downtrend,High,0.025694990642608495,-1.8768741581973805
^KQ11,2024-08-12,772.719970703125,D1,Downtrend,High,0.010844653018291295,-1.5783783781533625
^KQ11,2024-08-13,764.8599853515625,D1,Downtrend,High,-0.010171841869714315,-1.7140560478035807
^KQ11,2024-08-14,776.8300170898438,D1,Downtrend,High,0.01564996465696833,-1.3443527451407986
^KQ11,2024-08-16,786.3300170898438,D1,Downtrend,High,0.012229187584162693,-1.0596113888558178
^KQ11,2024-08-19,777.469970703125,D1,Downtrend,High,-0.011267592733530951,-1.246958682967523
^KQ11,2024-08-20,787.4400024414062,D1,Downtrend,High,0.012823687234202241,-0.9601896969089959
^KQ11,2024-08-21,779.8699951171875,D1,Downtrend,High,-0.009613440136071905,-1.1166083413642869
^KQ11,2024-08-22,773.469970703125,D1,Downtrend,High,-0.008206527311133138,-1.2353519418069574
^KQ11,2024-08-23,773.260009765625,D1,Downtrend,High,-0.0002714532502265943,-1.1997784098261037
^KQ11,2024-08-26,766.7899780273438,D1,Downtrend,High,-0.008367213688242225,-1.3149092082930924
^KQ11,2024-08-27,764.9500122070312,D1,Downtrend,High,-0.0023995694688733193,-1.3122006298136895
^KQ11,2024-08-28,762.5,D1,Downtrend,High,-0.003202839620804032,-1.3225396267310991
^KQ11,2024-08-29,756.0399780273438,D1,Downtrend,High,-0.008472159964139303,-1.4219052134540833
^KQ11,2024-08-30,767.6599731445312,D1,Downtrend,High,0.015369551154565064,-1.1087261379307658
^KQ11,2024-09-02,769.2100219726562,D1,Downtrend,High,0.002019186726351707,-1.0377292594158731
^KQ11,2024-09-03,760.3699951171875,D1,Downtrend,Medium,-0.011492344877148564,-1.2058607847678935
^KQ11,2024-09-04,731.75,D2,Downtrend,Medium,-0.03763956402932056,-1.8048681918931109
^KQ11,2024-09-05,725.280029296875,D2,Downtrend,Medium,-0.00884177752391524,-1.8744942387956678
^KQ11,2024-09-06,706.5900268554688,D2,Downtrend,Medium,-0.02576936036626476,-2.189250479174582
^KQ11,2024-09-09,714.4600219726562,D2,Downtrend,Medium,0.011137993487130293,-1.922199071625355
^KQ11,2024-09-10,706.2000122070312,D2,Downtrend,Medium,-0.011561192385290853,-2.0042714854488897
^KQ11,2024-09-11,709.4199829101562,D2,Downtrend,Medium,0.004559573275936257,-1.8514500069981166
^KQ11,2024-09-12,731.030029296875,D2,Downtrend,Medium,0.03046156988427473,-1.3465317428885628
^KQ11,2024-09-13,733.2000122070312,D2,Downtrend,Medium,0.002968390932234888,-1.258766377924222
^KQ11,2024-09-19,739.510009765625,D1,Downtrend,Medium,0.008606106728776153,-1.0885082948298925
^KQ11,2024-09-20,748.3300170898438,D1,Downtrend,Medium,0.011926826152108605,-0.8696626910989914
^KQ11,2024-09-23,755.1199951171875,D1,Downtrend,Medium,0.009073507506419443,-0.6974863475000093
^KQ11,2024-09-24,767.3499755859375,D1,Downtrend,Medium,0.016196075521549336,-0.4099453296155186
^KQ11,2024-09-25,759.2999877929688,D1,Downtrend,Medium,-0.010490634064100779,-0.562231964113869
^KQ11,2024-09-26,779.1799926757812,D1,Downtrend,Medium,0.026182016597414925,-0.10173180737983474
^KQ11,2024-09-27,774.489990234375,D1,Downtrend,Medium,-0.006019151525310962,-0.1827726587760211
^KQ11,2024-09-30,763.8800048828125,D1,Downtrend,Medium,-0.013699318887713141,-0.40291859984110073
^KQ11,2024-10-02,762.1300048828125,D1,Downtrend,Medium,-0.0022909357344266246,-0.4199286295072145
^KQ11,2024-10-04,768.97998046875,D1,Downtrend,Medium,0.008987935840409245,-0.2366921948868269
^KQ11,2024-10-07,781.010009765625,D1,Downtrend,Medium,0.015644138472293845,0.0759324017380622
^KQ11,2024-10-08,778.239990234375,D1,Downtrend,Medium,-0.0035467145063624583,0.04302089545919279
^KQ11,2024-10-10,775.47998046875,D1,Downtrend,Medium,-0.003546476408638144,0.009694369102338833
^KQ11,2024-10-11,770.97998046875,D1,Downtrend,Medium,-0.005802857731130429,-0.07264229808913082
^KQ11,2024-10-14,770.260009765625,D1,Downtrend,Medium,-0.000933838389276076,-0.057282218683313554
^KQ11,2024-10-15,773.8099975585938,D1,Downtrend,Medium,0.004608817474567983,0.08319625176703341
^KQ11,2024-10-16,765.7899780273438,D1,Downtrend,Medium,-0.010364326587345096,-0.11764118463055712
^KQ11,2024-10-17,765.0599975585938,D1,Downtrend,Medium,-0.0009532384722903409,-0.10608723386603894
^KQ11,2024-10-18,753.219970703125,D1,Downtrend,Medium,-0.015475945537934077,-0.4666129307969685
^KQ11,2024-10-21,759.9500122070312,D1,Downtrend,Medium,0.00893502796749246,-0.21056930361973106
^KQ11,2024-10-22,738.3400268554688,D2,Downtrend,Medium,-0.02843606158884482,-0.9431575539179917
^KQ11,2024-10-23,745.1900024414062,D1,Downtrend,Medium,0.009277535196230646,-0.6703459946024207
^KQ11,2024-10-24,734.5900268554688,D2,Downtrend,Medium,-0.014224527370482187,-1.0323948376678156
^KQ11,2024-10-25,727.4099731445312,D2,Downtrend,Medium,-0.009774232494923596,-1.272477006786376
^KQ11,2024-10-28,740.47998046875,D1,Downtrend,Medium,0.017967869298956884,-0.7454304180995898
^KQ11,2024-10-29,744.1799926757812,D1,Downtrend,Medium,0.004996775476210802,-0.5768045140605476
^KQ11,2024-10-30,738.1900024414062,D2,Downtrend,Medium,-0.008049114855718353,-0.7885045402400738
^KQ11,2024-10-31,743.0599975585938,D1,Downtrend,Medium,0.006597210882131943,-0.5661757537507166
^KQ11,2024-11-01,729.0499877929688,D2,Downtrend,Medium,-0.018854479869265584,-1.12284774365857
^KQ11,2024-11-04,754.0800170898438,D1,Downtrend,Medium,0.03433239107876229,-0.015955767838076954
^KQ11,2024-11-05,751.8099975585938,D1,Downtrend,Medium,-0.0030103165178816393,-0.0985516634162316
^KQ11,2024-11-06,743.3099975585938,D1,Downtrend,Medium,-0.011306048107371125,-0.5644263554421985
^KQ11,2024-11-07,733.52001953125,D2,Downtrend,Medium,-0.013170787503866466,-1.0446762793216808
^KQ11,2024-11-08,743.3800048828125,D1,Downtrend,Medium,0.013442012609094833,-0.5566081123853442
^KQ11,2024-11-11,728.8400268554688,D2,Downtrend,Medium,-0.019559280491591724,-1.2394790600726424
^KQ11,2024-11-12,710.52001953125,D2,Downtrend,Medium,-0.025135841404401393,-2.011336719423615
^KQ11,2024-11-13,689.6500244140625,D2,Downtrend,Medium,-0.029372846005037312,-2.743966729266176
^KQ11,2024-11-14,681.5599975585938,D2,Downtrend,Medium,-0.011730626504859676,-2.8282350550004853
^KQ11,2024-11-15,685.4199829101562,D2,Downtrend,Medium,0.005663456431406422,-2.489471972011608
^KQ11,2024-11-18,689.5499877929688,D2,Downtrend,Medium,0.006025509885599467,-2.2083442918267764
^KQ11,2024-11-19,686.1199951171875,D2,Downtrend,Medium,-0.004974248040754192,-2.2074090745599015
^KQ11,2024-11-20,682.9099731445312,D2,Downtrend,Medium,-0.004678513956014374,-2.2085009150075043
^KQ11,2024-11-21,680.6699829101562,D2,Downtrend,Medium,-0.0032800666595345085,-2.167835442203692
^KQ11,2024-11-22,677.010009765625,D2,Downtrend,Medium,-0.005377015641094274,-2.1683905385759252
^KQ11,2024-11-25,696.8300170898438,D2,Downtrend,Medium,0.02927579657364343,-1.4437232689336443
^KQ11,2024-11-26,693.1500244140625,D2,Downtrend,Medium,-0.005281047867527144,-1.5064239836250293
^KQ11,2024-11-27,692.0,D2,Downtrend,Medium,-0.0016591277119764047,-1.4851016418446485
^KQ11,2024-11-28,694.3900146484375,D2,Downtrend,Medium,0.003453778393695872,-1.3558767379271153
^KQ11,2024-11-29,678.1900024414062,D2,Downtrend,Medium,-0.023329846145948907,-1.7925914508085918
^KQ11,2024-12-02,675.8400268554688,D2,Downtrend,Medium,-0.0034650696375320145,-1.7842439342423624
^KQ11,2024-12-03,690.7999877929688,D2,Downtrend,Medium,0.02213535798864319,-1.2761310521739835
^KQ11,2024-12-04,677.1500244140625,D2,Downtrend,Medium,-0.019759646236411244,-1.626836360671359
^KQ11,2024-12-05,670.9400024414062,D2,Downtrend,Medium,-0.009170821455747213,-1.7374207825360861
^KQ11,2024-12-06,661.3300170898438,D2,Downtrend,Medium,-0.014323166477768212,-1.925412962696131
^KQ11,2024-12-09,627.010009765625,D2,Downtrend,Medium,-0.05189543259391516,-2.6923816026855287
^KQ11,2024-12-10,661.5900268554688,D2,Downtrend,Medium,0.055150661953179414,-1.6990479540509758
^KQ11,2024-12-11,675.9199829101562,D2,Downtrend,Medium,0.021659873143489827,-1.2948197763698466
^KQ11,2024-12-12,683.3499755859375,D2,Downtrend,Medium,0.010992414581074472,-1.0821066018597059
^KQ11,2024-12-13,693.72998046875,D2,Downtrend,Medium,0.015189881105815761,-0.7958242800857218
^KQ11,2024-12-16,698.530029296875,D2,Downtrend,Medium,0.006919188968713241,-0.6564885746972502
^KQ11,2024-12-17,694.469970703125,D2,Downtrend,Medium,-0.005812289269563342,-0.738054538218857
^KQ11,2024-12-18,697.5700073242188,D2,Downtrend,Medium,0.004463888651592862,-0.6380274589465152
^KQ11,2024-12-19,684.3599853515625,D2,Downtrend,Medium,-0.018937198896105123,-0.9409352775018621
^KQ11,2024-12-20,668.3099975585938,D2,Downtrend,Medium,-0.023452551488269302,-1.300825381052223
^KQ11,2024-12-23,679.239990234375,D2,Downtrend,Medium,0.016354674800181934,-0.9917924071500598
^KQ11,2024-12-24,680.1099853515625,D2,Downtrend,Medium,0.0012808361252218958,-0.9402400932934439
^KQ11,2024-12-26,675.6400146484375,D2,Downtrend,Medium,-0.006572423283587536,-1.0223021028522314
^KQ11,2024-12-27,665.969970703125,D2,Downtrend,Medium,-0.014312420424572148,-1.2300896803606425
^KQ11,2024-12-30,678.1900024414062,D2,Downtrend,Medium,0.01834922335218736,-0.8849186205718274
^KQ11,2025-01-02,686.6300048828125,D2,Downtrend,Medium,0.012444893630137788,-0.6399761844081101
^KQ11,2025-01-03,705.760009765625,D2,Downtrend,Medium,0.027860717921986966,-0.10556873990592797
^KQ11,2025-01-06,717.9600219726562,D2,Downtrend,Medium,0.017286346687569898,0.2611527490826403
^KQ11,2025-01-07,718.2899780273438,D2,Downtrend,Medium,0.0004595744116515643,0.30626456081119263
^KQ11,2025-01-08,719.6300048828125,D2,Downtrend,Medium,0.0018655792179489428,0.3803407099520447
^KQ11,2025-01-09,723.52001953125,D2,Downtrend,Medium,0.005405575951590524,0.5344188168535591
^KQ11,2025-01-10,717.8900146484375,D2,Downtrend,Medium,-0.007781408573131143,0.40544384347816814
^KQ11,2025-01-13,708.2100219726562,D2,Downtrend,Medium,-0.013483949460589284,0.13289411507313859
^KQ11,2025-01-14,718.0399780273438,D2,Downtrend,Medium,0.013880001340996317,0.4975137845206711
^KQ11,2025-01-15,711.6099853515625,D2,Downtrend,Medium,-0.008954922946555421,0.31038521349028475
^KQ11,2025-01-16,724.239990234375,D2,Downtrend,Medium,0.01774849305490389,0.7935809167862563
^KQ11,2025-01-17,724.6900024414062,D2,Downtrend,Medium,0.0006213578552678456,0.825120455956097
^KQ11,2025-01-20,727.6599731445312,D2,Downtrend,Medium,0.004098263661868495,0.9559851134019767
^KQ11,2025-01-21,726.0700073242188,D2,Downtrend,Medium,-0.002185039550054668,0.9080235337970072
^KQ11,2025-01-22,732.3099975585938,D2,Downtrend,Medium,0.00859419914254711,1.1313102769983434
^KQ11,2025-01-23,724.010009765625,D2,Downtrend,Medium,-0.011333981265638338,0.8464530898172347
^KQ11,2025-01-24,728.739990234375,D2,Downtrend,Medium,0.006533031871038819,1.0452342722061334
^KQ11,2025-01-31,728.2899780273438,D2,Downtrend,Medium,-0.0006175209444544416,1.0425555173847874
^KQ11,2025-02-03,703.7999877929688,D2,Downtrend,Medium,-0.0336267022384531,0.14139243738500806
^KQ11,2025-02-04,719.9199829101562,D2,Downtrend,Medium,0.022904227616908468,0.777209711056098
^KQ11,2025-02-05,730.97998046875,D2,Downtrend,Medium,0.01536281506437076,1.256256619906219
^KQ11,2025-02-06,740.3200073242188,D1,Downtrend,Medium,0.012777404450227792,1.6624248087726519
^KQ11,2025-02-07,742.9000244140625,D1,Downtrend,Medium,0.0034850025182608935,1.7684763226032771
^KQ11,2025-02-10,749.6699829101562,D1,Downtrend,Medium,0.009112879625267745,1.9952581659370934
^KQ11,2025-02-11,749.5900268554688,D1,Downtrend,Medium,-0.00010665500354856139,1.97252827821705
^KQ11,2025-02-12,745.1799926757812,D1,Downtrend,Medium,-0.005883261545231111,1.7589348827741782
^KQ11,2025-02-13,749.280029296875,D1,Downtrend,Medium,0.005502075554083774,1.840147599526715
^KQ11,2025-02-14,756.3200073242188,D1,Downtrend,Medium,0.009395656833333765,1.99566880738942
^KQ11,2025-02-17,768.47998046875,D1,Downtrend,Medium,0.016077814981454663,2.288471162173114
^KQ11,2025-02-18,773.6500244140625,D1,Downtrend,Medium,0.006727623460222043,2.312038637167502
^KQ11,2025-02-19,778.27001953125,D1,Downtrend,Medium,0.005971686126018616,2.308874011961879
^KQ11,2025-02-20,768.27001953125,D1,Downtrend,Medium,-0.01284901094612767,1.8904690458331526
^KQ11,2025-02-21,774.6500244140625,D1,Downtrend,Medium,0.008304378305306281,1.981432037402842
^KQ11,2025-02-24,773.3300170898438,D1,Downtrend,Medium,-0.0017040047539108594,1.849924851557854
^KQ11,2025-02-25,769.4299926757812,D1,Downtrend,Medium,-0.0050431566444800735,1.6627845134025363
^KQ11,2025-02-26,771.4099731445312,D1,Downtrend,Medium,0.0025733081470666885,1.6471801990385118
^KQ11,2025-02-27,770.8499755859375,D1,Downtrend,Medium,-0.0007259402627516343,1.5649426816887777
^KQ11,2025-02-28,743.9600219726562,D1,Downtrend,Medium,-0.034883511013724444,0.7892775052851262
^KQ11,2025-03-04,737.9000244140625,D2,Downtrend,Medium,-0.008145595703550446,0.6003331310730317
^KQ11,2025-03-05,746.9500122070312,D1,Downtrend,Medium,0.012264517541051623,0.8235714692650521
^KQ11,2025-03-06,734.9199829101562,D2,Downtrend,Medium,-0.016105534641239982,0.4644759438646395
^KQ11,2025-03-07,727.7000122070312,D2,Downtrend,Medium,-0.009824158916641679,0.24450481321615608
^KQ11,2025-03-10,725.8200073242188,D2,Downtrend,Medium,-0.0025834888707926273,0.17023148108480712
^KQ11,2025-03-11,721.5,D2,Downtrend,Medium,-0.005951898928970967,0.02242911387163426
^KQ11,2025-03-12,729.489990234375,D2,Downtrend,Medium,0.011074137538981343,0.22850262513917588
^KQ11,2025-03-13,722.7999877929688,D2,Downtrend,Medium,-0.009170794021802653,-0.02147442522385099
^KQ11,2025-03-14,734.260009765625,D2,Downtrend,Medium,0.015855038968178192,0.3207013742172905
^KQ11,2025-03-17,743.510009765625,D1,Downtrend,Medium,0.012597717262244235,0.6046841268646225
^KQ11,2025-03-18,745.5399780273438,D1,Downtrend,Medium,0.0027302500774113447,0.6481394313000647
^KQ11,2025-03-19,738.3499755859375,D2,Downtrend,Medium,-0.009644019976541851,0.37702416011452133
^KQ11,2025-03-20,725.1500244140625,D2,Downtrend,Medium,-0.017877634737374803,-0.1016022159878828
^KQ11,2025-03-21,719.4099731445312,D2,Downtrend,Medium,-0.007915674103671666,-0.3227168910984308
^KQ11,2025-03-24,720.219970703125,D2,Downtrend,Medium,0.001125919279452381,-0.3102790663451401
^KQ11,2025-03-25,711.260009765625,D2,Downtrend,Medium,-0.012440589405973701,-0.6621444048494648
^KQ11,2025-03-26,716.47998046875,D2,Downtrend,Medium,0.0073390470874992175,-0.521648589423842
^KQ11,2025-03-27,707.489990234375,D2,Downtrend,Medium,-0.012547440932673903,-0.9087899569764493
^KQ11,2025-03-28,693.760009765625,D2,Downtrend,Medium,-0.01940660738422828,-1.4825566210601837
^KQ11,2025-03-31,672.8499755859375,D2,Downtrend,Medium,-0.030140154931604712,-2.308467121181359
^KQ11,2025-04-01,691.4500122070312,D2,Downtrend,Medium,0.027643660988315055,-1.6435478906053311
^KQ11,2025-04-02,684.8499755859375,D2,Downtrend,Medium,-0.009545211518656505,-1.9401434558854873
^KQ11,2025-04-03,683.489990234375,D2,Downtrend,Medium,-0.0019858149960492177,-1.98629915592956
^KQ11,2025-04-04,687.3900146484375,D2,Downtrend,Medium,0.005706044667494137,-1.778423723899146
^KQ11,2025-04-07,651.2999877929688,D2,Downtrend,Medium,-0.052502983875793996,-2.96269135422436
^KQ11,2025-04-08,658.4500122070312,D2,Downtrend,Medium,0.010978081603058909,-2.510827795326125
^KQ11,2025-04-09,643.3900146484375,D2,Downtrend,Medium,-0.022871891987844006,-2.795976563903782
^KQ11,2025-04-10,681.7899780273438,D2,Downtrend,Medium,0.059683803765417265,-1.4688149363008456
^KQ11,2025-04-11,695.5900268554688,D2,Downtrend,Medium,0.020240908891112408,-0.9986454365905166
^KQ11,2025-04-14,708.97998046875,D2,Downtrend,Medium,0.019249778024870157,-0.5659371194988227
^KQ11,2025-04-15,711.9199829101562,D2,Downtrend,Medium,0.004146806006373405,-0.46690258030036946
^KQ11,2025-04-16,699.1099853515625,D2,Downtrend,Medium,-0.01799359178854565,-0.8702340839349352
^KQ11,2025-04-17,711.75,D2,Downtrend,Medium,0.018080151783386622,-0.4560206431064503
^KQ11,2025-04-18,717.77001953125,D2,Downtrend,Medium,0.00845805343343864,-0.258808530076383
^KQ11,2025-04-21,715.4500122070312,D2,Downtrend,Medium,-0.0032322432827911474,-0.32646144350464273
^KQ11,2025-04-22,716.1199951171875,D2,Downtrend,Medium,0.0009364496452930471,-0.2994230785951268
^KQ11,2025-04-23,726.0800170898438,D2,Downtrend,Medium,0.013908314305658198,0.023116951543278905
^KQ11,2025-04-24,726.0800170898438,D2,Downtrend,Medium,0.0,0.022011086417990565
^KQ11,2025-04-25,729.6900024414062,D2,Downtrend,Medium,0.004971883630720875,0.13723794992632277
^KQ11,2025-04-28,719.4099731445312,D2,Downtrend,Medium,-0.014088214532856358,-0.18755109853382068
^KQ11,2025-04-29,726.4600219726562,D2,Downtrend,Medium,0.009799765212190836,0.02642366608466713
^KQ11,2025-04-30,717.239990234375,D2,Downtrend,Medium,-0.01269172626078563,-0.2687863002124684
^KQ11,2025-05-02,721.8599853515625,D2,Downtrend,Medium,0.006441351820996255,-0.11527239205305263
^KQ11,2025-05-07,722.8099975585938,D2,Downtrend,Medium,0.0013160615996308245,-0.07545792054517907
^KQ11,2025-05-08,729.5900268554688,D2,Downtrend,Medium,0.00938009894685421,0.15067888018954045
^KQ11,2025-05-09,722.52001953125,D2,Downtrend,Medium,-0.009690383727818275,-0.0635819317356233
^KQ11,2025-05-12,725.4000244140625,D2,Downtrend,Medium,0.0039860554793775815,0.04338222930694539
^KQ11,2025-05-13,731.8800048828125,D2,Downtrend,Medium,0.008932975255941278,0.26339438873953125
^KQ11,2025-05-14,739.0499877929688,D2,Downtrend,Medium,0.009796664565667745,0.5061420823852475
^KQ11,2025-05-15,733.22998046875,D2,Downtrend,Low,-0.007874984669980267,0.3301455702470038
^KQ11,2025-05-16,725.0700073242188,D2,Downtrend,Medium,-0.011128804552310578,0.08465844042217582
^KQ11,2025-05-19,713.75,D2,Downtrend,Medium,-0.015612295654034658,-0.27217259917604386
^KQ11,2025-05-20,715.5499877929688,D2,Downtrend,Low,0.0025218743158932355,-0.1792603015993557
^KQ11,2025-05-21,723.6199951171875,D2,Downtrend,Low,0.011278048301153198,0.1417206233860956
^KQ11,2025-05-22,717.6699829101562,D2,Downtrend,Low,-0.008222564670932964,-0.04465914921966679
^KQ11,2025-05-23,715.97998046875,D2,Downtrend,Low,-0.002354846212953343,-0.07570149915934475
^KQ11,2025-05-26,725.27001953125,D2,Downtrend,Low,0.012975277683627162,0.3360814809320059
^KQ11,2025-05-27,727.1099853515625,D2,Downtrend,Low,0.0025369390306546613,0.46241525704525993
^KQ11,2025-05-28,728.7899780273438,D2,Downtrend,Low,0.002310506951666902,0.5925005356863188
^KQ11,2025-05-29,736.2899780273438,D2,Downtrend,Low,0.010291030648226895,0.9440458818132935
^KQ11,2025-05-30,734.3499755859375,D2,Downtrend,Low,-0.002634834778824313,0.8605423589352549
^KQ11,2025-06-02,740.2899780273438,D1,Downtrend,Low,0.008088789594725254,1.1446524603559922
^KQ11,2025-06-04,750.2100219726562,D1,Downtrend,Low,0.013400213753732793,1.5661989679924944
^KQ11,2025-06-05,756.22998046875,D1,Downtrend,Low,0.008024364271040252,1.7722157927255267
^KQ11,2025-06-09,764.2100219726562,D1,Downtrend,Low,0.010552400341176327,2.024452403411942
^KQ11,2025-06-10,771.2000122070312,D1,Downtrend,Low,0.009146687472550763,2.1914752757396627
^KQ11,2025-06-11,786.2899780273438,D1,Downtrend,Low,0.019566864083842228,2.607713143723647
^KQ11,2025-06-12,789.4500122070312,D1,Downtrend,Low,0.004018917025516933,2.5341357657623202
^KQ11,2025-06-13,768.8599853515625,D1,Downtrend,Medium,-0.026081482724797378,1.723901284804971
^KQ11,2025-06-16,777.260009765625,D1,Downtrend,Medium,0.01092529793993835,1.946754822519736
^KQ11,2025-06-17,775.6500244140625,D1,Downtrend,Medium,-0.002071360074279327,1.8305320092447934
^KQ11,2025-06-18,779.72998046875,D1,Downtrend,Low,0.0052600476068696,1.8893247231592967
^KQ11,2025-06-19,782.510009765625,D1,Downtrend,Low,0.00356537438153115,1.8883405983645511
^KQ11,2025-06-20,791.530029296875,D1,Downtrend,Low,0.011527034055387464,2.057049630967377
^KQ11,2025-06-23,784.7899780273438,D1,Downtrend,Low,-0.00851521865256144,1.7689278196133653
^KQ11,2025-06-24,800.9299926757812,D1,Downtrend,Medium,0.020566030530878132,2.11994029615379
^KQ11,2025-06-25,798.2100219726562,D1,Downtrend,Medium,-0.003396015541930253,1.9387723249913729
^KQ11,2025-06-26,787.9500122070312,D1,Downtrend,Medium,-0.012853772169220457,1.58697309331541
^KQ11,2025-06-27,781.5599975585938,D1,Downtrend,Medium,-0.008109670092572463,1.3628782959899035
^KQ11,2025-06-30,781.5,D1,Downtrend,Medium,-7.676641432674547e-05,1.3207106901248595
^KQ11,2025-07-01,783.6699829101562,D1,Downtrend,Medium,0.0027766895843330808,1.3316162160874319
^KQ11,2025-07-02,782.1699829101562,D1,Downtrend,Medium,-0.0019140710154926799,1.2498194891586505
^KQ11,2025-07-03,793.3300170898438,D1,Downtrend,Medium,0.014268042015835647,1.4982659239838134
^KQ11,2025-07-04,775.7999877929688,D1,Downtrend,Medium,-0.022096767951854446,0.9939620204897374
^KQ11,2025-07-07,778.4600219726562,D1,Downtrend,Medium,0.003428762853238565,1.0517957296983236
^KQ11,2025-07-08,784.239990234375,D1,Downtrend,Medium,0.007424874879344401,1.199757460783447
^KQ11,2025-07-09,790.3599853515625,D1,Downtrend,Medium,0.0078037274219573405,1.3931022891001257
^KQ11,2025-07-10,797.7000122070312,D1,Downtrend,Medium,0.00928694138305075,1.5838927903765403
^KQ11,2025-07-11,800.469970703125,D1,Downtrend,Low,0.0034724313071401447,1.6180494130646241
^KQ11,2025-07-14,799.3699951171875,D1,Downtrend,Low,-0.0013741622124453512,1.5260964495096898
^KQ11,2025-07-15,812.8800048828125,D1,Downtrend,Medium,0.016900821707280134,1.8661149549154148
^KQ11,2025-07-16,812.22998046875,D1,Downtrend,Medium,-0.0007996560502877559,1.7808458397958138
^KQ11,2025-07-17,818.27001953125,D1,Downtrend,Medium,0.007436365571010128,1.881903930198061
^KQ11,2025-07-18,820.6699829101562,D1,Downtrend,Medium,0.0029329723949571562,1.8669494645987448
^KQ11,2025-07-21,821.6900024414062,D1,Downtrend,Low,0.0012429107345111046,1.8168008400631595
^KQ11,2025-07-22,812.969970703125,D1,Downtrend,Low,-0.010612313296221587,1.5049479071272673
^KQ11,2025-07-23,813.5599975585938,D1,Downtrend,Low,0.0007257670968565666,1.465499387731967
^KQ11,2025-07-24,809.8900146484375,D1,Downtrend,Low,-0.004511016914756749,1.3120783956515036
^KQ11,2025-07-25,806.9500122070312,D1,Downtrend,Low,-0.0036301255580765135,1.186053114535437
^KQ11,2025-07-28,804.4000244140625,D1,Downtrend,Low,-0.0031600319157247814,1.077922393072063
^KQ11,2025-07-29,804.4500122070312,D1,Downtrend,Low,6.214295307249706e-05,1.0444252421829838
^KQ11,2025-07-30,803.6699829101562,D1,Downtrend,Low,-0.0009696429672926277,0.9907024813856783
^KQ11,2025-07-31,805.239990234375,D1,Downtrend,Low,0.0019535472987726177,1.0043639622663434
^KQ11,2025-08-01,772.7899780273438,D1,Downtrend,Medium,-0.04029856018152589,0.02433360558110532
^KQ11,2025-08-04,784.0599975585938,D1,Downtrend,Medium,0.014583547731840785,0.3394890014177384
^KQ11,2025-08-05,798.5999755859375,D1,Downtrend,Medium,0.01854447117901481,0.7544615543390039
^KQ11,2025-08-06,803.489990234375,D1,Downtrend,Medium,0.006123234157188184,0.8767401543496458
^KQ11,2025-08-07,805.8099975585938,D1,Downtrend,Medium,0.002887412851953597,0.9189366963901991
^KQ11,2025-08-08,809.27001953125,D1,Downtrend,Medium,0.0042938434409343085,0.994864279475689
^KQ11,2025-08-11,811.8499755859375,D1,Downtrend,Medium,0.0031880039942440153,1.0434405469509718
^KQ11,2025-08-12,807.1900024414062,D1,Downtrend,Medium,-0.005739943689926252,0.8680286557212431
^KQ11,2025-08-13,814.0999755859375,D1,Downtrend,Medium,0.008560528653268173,1.0729265406848763
^KQ11,2025-08-14,815.260009765625,D1,Downtrend,Medium,0.0014249284049574484,1.0935823366125788
^KQ11,2025-08-18,798.0499877929688,D1,Downtrend,Medium,-0.021109856691736706,0.4680326028251934
^KQ11,2025-08-19,787.9600219726562,D1,Downtrend,Medium,-0.012643275452226543,0.0640136877601341
^KQ11,2025-08-20,777.6099853515625,D1,Downtrend,Medium,-0.013135230636679318,-0.39530669081782316
^KQ11,2025-08-21,777.239990234375,D1,Downtrend,Medium,-0.00047581065592960936,-0.471557776789742
^KQ11,2025-08-22,782.510009765625,D1,Downtrend,Medium,0.006780427663868549,-0.30257499929724885
^KQ11,2025-08-25,798.02001953125,D1,Downtrend,Medium,0.01982084519311189,0.38224967260830145
^KQ11,2025-08-26,801.6599731445312,D1,Downtrend,Medium,0.004561230951849238,0.540434286152596
^KQ11,2025-08-27,801.719970703125,D1,Downtrend,Medium,7.484165432192214e-05,0.5256686656122996
^KQ11,2025-08-28,798.4299926757812,D1,Downtrend,Medium,-0.0041036498373095975,0.3077515752761612
^KQ11,2025-08-29,796.9099731445312,D1,Downtrend,Medium,-0.0019037605615940256,0.17727812678143584
^KQ11,2025-09-01,785.0,D1,Downtrend,Medium,-0.014945192739319935,-0.6720289030536741
^KQ11,2025-09-02,794.0,D1,Downtrend,Medium,0.01146496815286624,-0.08585544592955563
^KQ11,2025-09-03,796.8099975585938,D1,Downtrend,Low,0.003539039746339734,0.08841603788436957
^KQ11,2025-09-04,805.4199829101562,D1,Downtrend,Low,0.010805568928531573,0.7026221998515643
^KQ11,2025-09-05,811.4000244140625,D1,Downtrend,Medium,0.007424749361568006,1.10882221448999
^KQ11,2025-09-08,818.5999755859375,D1,Downtrend,Medium,0.008873491441011794,1.5985449030144605
^KQ11,2025-09-09,824.8200073242188,D1,Downtrend,Medium,0.007598377624955521,1.971924364062762
^KQ11,2025-09-10,833.0,U1,Uptrend,Medium,0.009917306325191833,2.4275484200594604
^KQ11,2025-09-11,834.760009765625,U1,Uptrend,Medium,0.0021128568614945387,2.3995453896681593
^KQ11,2025-09-12,847.0800170898438,U1,Uptrend,Medium,0.014758741650402918,2.958341357943285
