ticker,date,price,sax_symbol,trend,volatility,daily_return,zscore
^KS11,2020-01-03,2176.4599609375,D2,Downtrend,Unknown,0.0005930750740559265,0.0
^KS11,2020-01-06,2155.070068359375,D2,Downtrend,Unknown,-0.009827836469323947,0.0
^KS11,2020-01-07,2175.5400390625,D2,Downtrend,Unknown,0.009498517474519241,0.0
^KS11,2020-01-08,2151.31005859375,D2,Downtrend,Unknown,-0.01113745554376988,0.0
^KS11,2020-01-09,2186.449951171875,D2,Downtrend,Unknown,0.016334183181895723,0.0
^KS11,2020-01-10,2206.389892578125,D2,Downtrend,Unknown,0.009119779483432788,0.0
^KS11,2020-01-13,2229.260009765625,D2,Downtrend,Unknown,0.01036540153869936,0.0
^KS11,2020-01-14,2238.8798828125,D2,Downtrend,Unknown,0.004315276371860355,0.0
^KS11,2020-01-15,2230.97998046875,D2,Downtrend,Unknown,-0.0035285065556202033,0.0
^KS11,2020-01-16,2248.050048828125,D2,Downtrend,Unknown,0.007651376753182948,0.0
^KS11,2020-01-17,2250.570068359375,D2,Downtrend,Unknown,0.001120980172378161,0.0
^KS11,2020-01-20,2262.639892578125,D2,Downtrend,Unknown,0.005363007527932062,0.0
^KS11,2020-01-21,2239.68994140625,D2,Downtrend,Unknown,-0.01014299767592497,0.0
^KS11,2020-01-22,2267.25,D2,Downtrend,Unknown,0.012305300874122738,0.0
^KS11,2020-01-23,2246.1298828125,D2,Downtrend,Unknown,-0.00931530143896786,0.0
^KS11,2020-01-28,2176.719970703125,D2,Downtrend,Unknown,-0.03090200288082323,0.0
^KS11,2020-01-29,2185.280029296875,D2,Downtrend,Unknown,0.003932549298468091,0.0
^KS11,2020-01-30,2148.0,D2,Downtrend,Unknown,-0.017059611947705444,0.0
^KS11,2020-01-31,2119.010009765625,D2,Downtrend,Unknown,-0.013496271058833775,0.0
^KS11,2020-02-03,2118.8798828125,D2,Downtrend,Medium,-6.140931497511382e-05,0.0
^KS11,2020-02-04,2157.89990234375,D2,Downtrend,Medium,0.018415399498463714,0.0
^KS11,2020-02-05,2165.6298828125,D2,Downtrend,Medium,0.0035821774959785557,0.0
^KS11,2020-02-06,2227.93994140625,D2,Downtrend,Medium,0.028772256556059306,0.0
^KS11,2020-02-07,2211.949951171875,D2,Downtrend,Medium,-0.007177029298322202,0.0
^KS11,2020-02-10,2201.070068359375,D2,Downtrend,Medium,-0.00491868399044737,0.0
^KS11,2020-02-11,2223.1201171875,D2,Downtrend,Medium,0.010017876825048289,0.0
^KS11,2020-02-12,2238.3798828125,D2,Downtrend,Medium,0.006864121064364959,0.0
^KS11,2020-02-13,2232.9599609375,D2,Downtrend,Medium,-0.002421359268199752,0.0
^KS11,2020-02-14,2243.590087890625,D2,Downtrend,Medium,0.004760554214622736,0.0
^KS11,2020-02-17,2242.169921875,D2,Downtrend,Medium,-0.0006329881841117269,0.0
^KS11,2020-02-18,2208.8798828125,D2,Downtrend,Medium,-0.014847241833777391,0.0
^KS11,2020-02-19,2210.340087890625,D2,Downtrend,Medium,0.0006610613322557413,0.0
^KS11,2020-02-20,2195.5,D2,Downtrend,Medium,-0.006713938715551815,0.0
^KS11,2020-02-21,2162.840087890625,D2,Downtrend,Medium,-0.014875842454736943,0.0
^KS11,2020-02-24,2079.0400390625,D2,Downtrend,Medium,-0.038745374333177596,0.0
^KS11,2020-02-25,2103.610107421875,D2,Downtrend,Medium,0.011817987098725835,0.0
^KS11,2020-02-26,2076.77001953125,D2,Downtrend,Medium,-0.012759060148992862,0.0
^KS11,2020-02-27,2054.889892578125,D2,Downtrend,Medium,-0.010535652357916647,0.0
^KS11,2020-02-28,1987.010009765625,D2,Downtrend,Medium,-0.03303334307967998,0.0
^KS11,2020-03-02,2002.510009765625,D2,Downtrend,Medium,0.007800665282923447,0.0
^KS11,2020-03-03,2014.1500244140625,D2,Downtrend,Medium,0.005812712341847437,0.0
^KS11,2020-03-04,2059.330078125,D2,Downtrend,Medium,0.02243132495757405,0.0
^KS11,2020-03-05,2085.260009765625,D2,Downtrend,Medium,0.012591440253344022,0.0
^KS11,2020-03-06,2040.219970703125,D2,Downtrend,Medium,-0.0215992436682092,0.0
^KS11,2020-03-09,1954.77001953125,D2,Downtrend,Medium,-0.041882714804730714,0.0
^KS11,2020-03-10,1962.9300537109375,D2,Downtrend,Medium,0.004174421593412969,0.0
^KS11,2020-03-11,1908.27001953125,D2,Downtrend,Medium,-0.027846144632791225,0.0
^KS11,2020-03-12,1834.3299560546875,D2,Downtrend,Medium,-0.038747170326935865,0.0
^KS11,2020-03-13,1771.43994140625,D2,Downtrend,Medium,-0.034285006599195755,0.0
^KS11,2020-03-16,1714.8599853515625,D2,Downtrend,Medium,-0.031940092764179084,0.0
^KS11,2020-03-17,1672.43994140625,D2,Downtrend,Medium,-0.024736739038561217,0.0
^KS11,2020-03-18,1591.199951171875,D2,Downtrend,Medium,-0.048575729521303734,0.0
^KS11,2020-03-19,1457.6400146484375,D2,Downtrend,Medium,-0.08393661426716004,0.0
^KS11,2020-03-20,1566.1500244140625,D2,Downtrend,High,0.07444225506652002,0.0
^KS11,2020-03-23,1482.4599609375,D2,Downtrend,High,-0.05343681139862266,0.0
^KS11,2020-03-24,1609.969970703125,D2,Downtrend,High,0.08601244763803839,0.0
^KS11,2020-03-25,1704.760009765625,D2,Downtrend,High,0.05887689881638125,0.0
^KS11,2020-03-26,1686.239990234375,D2,Downtrend,High,-0.010863710683708616,0.0
^KS11,2020-03-27,1717.72998046875,D2,Downtrend,High,0.018674678821961832,-1.4975286644824841
^KS11,2020-03-30,1717.1199951171875,D2,Downtrend,High,-0.0003551113146409435,-1.4433111419670963
^KS11,2020-03-31,1754.6400146484375,D2,Downtrend,High,0.021850551876364088,-1.2350357434340713
^KS11,2020-04-01,1685.4599609375,D2,Downtrend,High,-0.039426921267835424,-1.4758208163902906
^KS11,2020-04-02,1724.8599853515625,D2,Downtrend,High,0.023376422654470597,-1.2622900543134876
^KS11,2020-04-03,1725.43994140625,D2,Downtrend,High,0.0003362336999019888,-1.2171244406748303
^KS11,2020-04-06,1791.8800048828125,D2,Downtrend,High,0.03850615827428516,-0.9097486749850331
^KS11,2020-04-07,1823.5999755859375,D2,Downtrend,High,0.017702061866134544,-0.7518247125846856
^KS11,2020-04-08,1807.1400146484375,D2,Downtrend,High,-0.009026080915696011,-0.7928240285573513
^KS11,2020-04-09,1836.2099609375,D2,Downtrend,High,0.016086161588712233,-0.6468239982621864
^KS11,2020-04-10,1860.699951171875,D2,Downtrend,High,0.013337249418836183,-0.5215311083445182
^KS11,2020-04-13,1825.760009765625,D2,Downtrend,High,-0.018777848295338906,-0.644042758948892
^KS11,2020-04-14,1857.0799560546875,D2,Downtrend,High,0.017154470533661703,-0.4876026276820004
^KS11,2020-04-16,1857.0699462890625,D2,Downtrend,High,-5.39005635824541e-06,-0.46409252971500775
^KS11,2020-04-17,1914.530029296875,D2,Downtrend,High,0.030941259440783853,-0.1930299865278434
^KS11,2020-04-20,1898.3599853515625,D2,Downtrend,High,-0.008445959947283255,-0.24089305818230786
^KS11,2020-04-21,1879.3800048828125,D2,Downtrend,Medium,-0.00999809341495106,-0.30273105401541955
^KS11,2020-04-22,1896.1500244140625,D2,Downtrend,Medium,0.008923165877938288,-0.20734382506861815
^KS11,2020-04-23,1914.72998046875,D2,Downtrend,Medium,0.009798779535089341,-0.10275406555397007
^KS11,2020-04-24,1889.010009765625,D2,Downtrend,Medium,-0.013432688141660765,-0.2033945915646174
^KS11,2020-04-27,1922.77001953125,D2,Downtrend,Medium,0.017871800356321854,-0.030891062148638918
^KS11,2020-04-28,1934.0899658203125,D2,Downtrend,Medium,0.005887311625454972,0.0369609149208997
^KS11,2020-04-29,1947.56005859375,D2,Downtrend,Medium,0.006964563702559934,0.11841710681052897
^KS11,2020-05-04,1895.3699951171875,D2,Downtrend,Medium,-0.02679766574913578,-0.11059879077877248
^KS11,2020-05-06,1928.760009765625,D2,Downtrend,Medium,0.017616620889038037,0.07630511523699483
^KS11,2020-05-07,1928.6099853515625,D2,Downtrend,Medium,-7.778283109505235e-05,0.10072412628246223
^KS11,2020-05-08,1945.8199462890625,D2,Downtrend,Medium,0.008923505046751545,0.2124147976540693
^KS11,2020-05-11,1935.4000244140625,D2,Downtrend,Medium,-0.005355028811824147,0.1879445994770471
^KS11,2020-05-12,1922.1700439453125,D2,Downtrend,Medium,-0.006835786040023106,0.1503784479121025
^KS11,2020-05-13,1940.4200439453125,D2,Downtrend,Medium,0.009494477378568122,0.282888943962024
^KS11,2020-05-14,1924.9599609375,D2,Downtrend,Medium,-0.007967389873163033,0.23446910136120952
^KS11,2020-05-15,1927.280029296875,D2,Downtrend,Medium,0.001205255385283488,0.28830467927284903
^KS11,2020-05-18,1937.1099853515625,D2,Downtrend,Medium,0.005100429571863296,0.3862598978683364
^KS11,2020-05-19,1980.6099853515625,D2,Downtrend,Medium,0.022456133275315926,0.7005534931674319
^KS11,2020-05-20,1989.6400146484375,D2,Downtrend,Medium,0.004559216283700707,0.805648734009825
^KS11,2020-05-21,1998.31005859375,D2,Downtrend,Medium,0.004357594279106092,0.9043287036876742
^KS11,2020-05-22,1970.1300048828125,D2,Downtrend,Medium,-0.014101942583809257,0.7365026410641695
^KS11,2020-05-25,1994.5999755859375,D2,Downtrend,Medium,0.012420485268727521,0.9315261145303644
^KS11,2020-05-26,2029.780029296875,D2,Downtrend,Medium,0.01763764872232243,1.1904777010164738
^KS11,2020-05-27,2031.199951171875,D2,Downtrend,Medium,0.000699544706571853,1.2075635547156427
^KS11,2020-05-28,2028.5400390625,D2,Downtrend,Medium,-0.0013095274583088123,1.1779443373798117
^KS11,2020-05-29,2029.5999755859375,D2,Downtrend,Medium,0.0005225120051992604,1.1780869376432612
^KS11,2020-06-01,2065.080078125,D2,Downtrend,Medium,0.01748132783102707,1.408983073136509
^KS11,2020-06-02,2087.18994140625,D2,Downtrend,Low,0.01070654039785457,1.551351898265271
^KS11,2020-06-03,2147.0,D2,Downtrend,Medium,0.028655781348511544,1.931970959996047
^KS11,2020-06-04,2151.179931640625,D2,Downtrend,Medium,0.001946870815382029,1.9096870366560974
^KS11,2020-06-05,2181.8701171875,D2,Downtrend,Medium,0.014266675276888074,2.02052995030289
^KS11,2020-06-08,2184.2900390625,D2,Downtrend,Medium,0.0011091044585731513,1.9514178244435443
^KS11,2020-06-09,2188.919921875,D2,Downtrend,Medium,0.002119628222306602,1.890869747063627
^KS11,2020-06-10,2195.68994140625,D2,Downtrend,Medium,0.003092858474900595,1.8403039747962344
^KS11,2020-06-11,2176.780029296875,D2,Downtrend,Medium,-0.008612287077866765,1.655062411272782
^KS11,2020-06-12,2132.300048828125,D2,Downtrend,Medium,-0.020433842588641116,1.3488917659438393
^KS11,2020-06-15,2030.8199462890625,D2,Downtrend,Medium,-0.04759184927788851,0.7408592481077163
^KS11,2020-06-16,2138.050048828125,D2,Downtrend,Medium,0.05280138336980844,1.325605260347522
^KS11,2020-06-17,2141.050048828125,D2,Downtrend,Medium,0.001403147696025231,1.3409682750379246
^KS11,2020-06-18,2133.47998046875,D2,Downtrend,Medium,-0.0035356802441486312,1.2729103027805815
^KS11,2020-06-19,2141.320068359375,D2,Downtrend,Medium,0.0036747885906585065,1.330578103954379
^KS11,2020-06-22,2126.72998046875,D2,Downtrend,Medium,-0.0068135950838043025,1.2133450475998377
^KS11,2020-06-23,2131.239990234375,D2,Downtrend,Medium,0.002120631113043725,1.211370968126682
^KS11,2020-06-24,2161.510009765625,D2,Downtrend,Medium,0.014203008422303931,1.3909287398548749
^KS11,2020-06-25,2112.3701171875,D2,Downtrend,Medium,-0.022734057374757755,1.0114410989265463
^KS11,2020-06-26,2134.64990234375,D2,Downtrend,Medium,0.010547292339996961,1.1457097710923752
^KS11,2020-06-29,2093.47998046875,D2,Downtrend,Medium,-0.01928649837605556,0.8126833760413509
^KS11,2020-06-30,2108.330078125,D2,Downtrend,Medium,0.007093498765115891,0.9074769187696193
^KS11,2020-07-01,2106.699951171875,D2,Downtrend,Medium,-0.0007731839383398054,0.8733307201753021
^KS11,2020-07-02,2135.3701171875,D2,Downtrend,Medium,0.013609041002577094,1.089246172130397
^KS11,2020-07-03,2152.409912109375,D2,Downtrend,Medium,0.007979785230074476,1.2025123153740263
^KS11,2020-07-06,2187.929931640625,D2,Downtrend,Medium,0.016502441905426934,1.4625882099093366
^KS11,2020-07-07,2164.169921875,D2,Downtrend,Medium,-0.010859584405341738,1.2259055994807055
^KS11,2020-07-08,2158.8798828125,D2,Downtrend,Medium,-0.0024443732486203462,1.146689647033404
^KS11,2020-07-09,2167.89990234375,D2,Downtrend,Medium,0.004178101617908991,1.1904480603364365
^KS11,2020-07-10,2150.25,D2,Downtrend,Medium,-0.008141474763049938,1.0060723707361738
^KS11,2020-07-13,2186.06005859375,D2,Downtrend,Medium,0.016653904705848266,1.2976617300345779
^KS11,2020-07-14,2183.610107421875,D2,Downtrend,Medium,-0.001120715399489547,1.2414190549591397
^KS11,2020-07-15,2201.8798828125,D2,Downtrend,Medium,0.008366775427778084,1.3656029671287333
^KS11,2020-07-16,2183.760009765625,D2,Downtrend,Medium,-0.008229274079987636,1.1597287425835734
^KS11,2020-07-17,2201.18994140625,D2,Downtrend,Medium,0.007981614995548725,1.2886108661735725
^KS11,2020-07-20,2198.199951171875,D2,Downtrend,Medium,-0.001358351761531651,1.224425874996197
^KS11,2020-07-21,2228.830078125,D2,Downtrend,Medium,0.013934185985581493,1.4714700683143036
^KS11,2020-07-22,2228.659912109375,D2,Downtrend,Medium,-7.634768450726082e-05,1.4311136210194602
^KS11,2020-07-23,2216.18994140625,D2,Downtrend,Low,-0.005595277518732122,1.2705927799998884
^KS11,2020-07-24,2200.43994140625,D2,Downtrend,Low,-0.007106791573111337,1.0822275832307326
^KS11,2020-07-27,2217.860107421875,D2,Downtrend,Low,0.007916674155847403,1.2169780900763392
^KS11,2020-07-28,2256.989990234375,D2,Downtrend,Low,0.01764307977836621,1.5704483764379276
^KS11,2020-07-29,2263.159912109375,D2,Downtrend,Low,0.0027336948332497,1.5848976427312467
^KS11,2020-07-30,2267.010009765625,D2,Downtrend,Low,0.00170120442468491,1.5787553625009114
^KS11,2020-07-31,2249.3701171875,D2,Downtrend,Low,-0.007781126903779634,1.3590481406483423
^KS11,2020-08-03,2251.0400390625,D2,Downtrend,Low,0.0007423953320264687,1.3435697776248048
^KS11,2020-08-04,2279.969970703125,D2,Downtrend,Low,0.012851806782021358,1.6142528262554052
^KS11,2020-08-05,2311.860107421875,D2,Downtrend,Low,0.013987086289963369,1.8996073003767326
^KS11,2020-08-06,2342.610107421875,D2,Downtrend,Low,0.013300977814912684,2.1664953603394443
^KS11,2020-08-07,2351.669921875,D2,Downtrend,Low,0.003867401760293543,2.201000651806676
^KS11,2020-08-10,2386.3798828125,D2,Downtrend,Low,0.014759707820656054,2.4799801969940574
^KS11,2020-08-11,2418.669921875,D1,Downtrend,Low,0.013530971868755515,2.6626843986685005
^KS11,2020-08-12,2432.35009765625,D1,Downtrend,Low,0.00565607388487499,2.6376953271732027
^KS11,2020-08-13,2437.530029296875,D1,Downtrend,Low,0.0021295995365206988,2.535549333695438
^KS11,2020-08-14,2407.489990234375,D1,Downtrend,Low,-0.012323966762028071,2.1599849251983083
^KS11,2020-08-18,2348.239990234375,D2,Downtrend,Medium,-0.024610694225246532,1.5388128065404605
^KS11,2020-08-19,2360.5400390625,D2,Downtrend,Medium,0.0052379862702607305,1.6061160950762914
^KS11,2020-08-20,2274.219970703125,D2,Downtrend,Medium,-0.036567932308260054,0.7264348355366598
^KS11,2020-08-21,2304.590087890625,D2,Downtrend,Medium,0.013354080774389931,1.0045784832550317
^KS11,2020-08-24,2329.830078125,D2,Downtrend,Medium,0.010952051892871406,1.2321370413836392
^KS11,2020-08-25,2366.72998046875,D2,Downtrend,Medium,0.015838022991550682,1.5634206943901268
^KS11,2020-08-26,2369.320068359375,D2,Downtrend,Medium,0.0010943740570321658,1.5341587199119742
^KS11,2020-08-27,2344.449951171875,D2,Downtrend,Medium,-0.010496731750016863,1.2318768188612663
^KS11,2020-08-28,2353.800048828125,D2,Downtrend,Medium,0.00398818394548206,1.281307435377907
^KS11,2020-08-31,2326.169921875,D2,Downtrend,Medium,-0.011738519151990423,0.9688909235491487
^KS11,2020-09-01,2349.550048828125,D2,Downtrend,Medium,0.010050911041906918,1.1662948676616567
^KS11,2020-09-02,2364.3701171875,D2,Downtrend,Medium,0.006307619778845197,1.2698693331170596
^KS11,2020-09-03,2395.89990234375,D1,Downtrend,Medium,0.013335384729763033,1.520287833340682
^KS11,2020-09-04,2368.25,D2,Downtrend,Medium,-0.011540508147565687,1.208731097365989
^KS11,2020-09-07,2384.219970703125,D2,Downtrend,Medium,0.00674336353979732,1.3151954639993197
^KS11,2020-09-08,2401.909912109375,D1,Downtrend,Medium,0.007419592832717203,1.4540710860233759
^KS11,2020-09-09,2375.81005859375,D2,Downtrend,Medium,-0.010866291605709733,1.1593754523590627
^KS11,2020-09-10,2396.47998046875,D1,Downtrend,Medium,0.008700157573722223,1.31457677432933
^KS11,2020-09-11,2396.68994140625,D1,Downtrend,Medium,8.761222259789925e-05,1.273125608732192
^KS11,2020-09-14,2427.909912109375,D1,Downtrend,Medium,0.013026286864961323,1.5188723139380127
^KS11,2020-09-15,2443.580078125,D1,Downtrend,Medium,0.006454179348858391,1.6095607582708045
^KS11,2020-09-16,2435.919921875,D1,Downtrend,Medium,-0.0031348087662744772,1.4836663055638837
^KS11,2020-09-17,2406.169921875,D1,Downtrend,Low,-0.012213045155072488,1.1594779798850228
^KS11,2020-09-18,2412.39990234375,D1,Downtrend,Low,0.00258916895773309,1.1851832554611903
^KS11,2020-09-21,2389.389892578125,D1,Downtrend,Low,-0.009538223635007559,0.9327086827614086
^KS11,2020-09-22,2332.590087890625,D2,Downtrend,Medium,-0.02377167697240634,0.34831334308196904
^KS11,2020-09-23,2333.239990234375,D2,Downtrend,Medium,0.000278618325235902,0.3272333628558102
^KS11,2020-09-24,2272.699951171875,D2,Downtrend,Medium,-0.025946769006140125,-0.3478277771717094
^KS11,2020-09-25,2278.7900390625,D2,Downtrend,Medium,0.002679670885496588,-0.316768190505399
^KS11,2020-09-28,2308.080078125,D2,Downtrend,Medium,0.012853329425009274,-0.01892347915964389
^KS11,2020-09-29,2327.889892578125,D2,Downtrend,Medium,0.008582810726921464,0.1847127157751544
^KS11,2020-10-05,2358.0,D2,Downtrend,Medium,0.012934506704064264,0.510554568252977
^KS11,2020-10-06,2365.89990234375,D2,Downtrend,Medium,0.0033502554468829437,0.5798554364739156
^KS11,2020-10-07,2386.93994140625,D2,Downtrend,Medium,0.008893038560784827,0.8136296073633924
^KS11,2020-10-08,2391.9599609375,D1,Downtrend,Medium,0.0021031193303893136,0.8563762882655845
^KS11,2020-10-12,2403.72998046875,D1,Downtrend,Medium,0.00492065909273709,0.9836492537298192
^KS11,2020-10-13,2403.14990234375,D1,Downtrend,Medium,-0.00024132416274424973,0.9516734196357359
^KS11,2020-10-14,2380.47998046875,D2,Downtrend,Medium,-0.009433419801607279,0.6158027786913105
^KS11,2020-10-15,2361.2099609375,D2,Downtrend,Medium,-0.00809501432037063,0.3158450977677426
^KS11,2020-10-16,2341.530029296875,D2,Downtrend,Medium,-0.008334680933165028,-0.006864078437174795
^KS11,2020-10-19,2346.739990234375,D2,Downtrend,Medium,0.002225024181758739,0.03619803503402602
^KS11,2020-10-20,2358.409912109375,D2,Downtrend,Medium,0.004972822691718282,0.19262639357637898
^KS11,2020-10-21,2370.860107421875,D2,Downtrend,Medium,0.0052790633420314315,0.36885629776590484
^KS11,2020-10-22,2355.050048828125,D2,Downtrend,Medium,-0.006668490706919994,0.06613469788937318
^KS11,2020-10-23,2360.81005859375,D2,Downtrend,Medium,0.0024458120405939088,0.12869662645454
^KS11,2020-10-26,2343.909912109375,D2,Downtrend,Low,-0.007158621856449443,-0.24309010658199154
^KS11,2020-10-27,2330.840087890625,D2,Downtrend,Low,-0.00557607788218617,-0.5462674896111637
^KS11,2020-10-28,2345.260009765625,D2,Downtrend,Low,0.006186577084337674,-0.28615065480089896
^KS11,2020-10-29,2326.669921875,D2,Downtrend,Low,-0.007926663914967325,-0.7250214820673663
^KS11,2020-10-30,2267.14990234375,D2,Downtrend,Low,-0.025581634494713512,-2.0700697200478553
^KS11,2020-11-02,2300.159912109375,D2,Downtrend,Low,0.014560135495010673,-1.4022258395443683
^KS11,2020-11-03,2343.31005859375,D2,Downtrend,Low,0.01875962895327743,-0.4413578292886656
^KS11,2020-11-04,2357.320068359375,D2,Downtrend,Low,0.005978726423438996,-0.1272398038716774
^KS11,2020-11-05,2413.7900390625,D1,Downtrend,Medium,0.023955156306977976,1.1932893611946236
^KS11,2020-11-06,2416.5,D1,Downtrend,Medium,0.0011226995279807195,1.217214131572698
^KS11,2020-11-09,2447.199951171875,D1,Downtrend,Medium,0.012704304230033214,1.862920130893722
^KS11,2020-11-10,2452.830078125,D1,Downtrend,Medium,0.002300640350384464,1.9382945692059688
^KS11,2020-11-11,2485.8701171875,D1,Downtrend,Medium,0.013470170378763635,2.554240270753814
^KS11,2020-11-12,2475.6201171875,D1,Downtrend,Medium,-0.004123304725025978,2.260213916010494
^KS11,2020-11-13,2493.8701171875,D1,Downtrend,Medium,0.007371890328930375,2.4849805829966582
^KS11,2020-11-16,2543.030029296875,D1,Downtrend,Medium,0.01971229847559819,3.1100303120680572
^KS11,2020-11-17,2539.14990234375,D1,Downtrend,Medium,-0.0015257888850797041,2.7801073633182107
^KS11,2020-11-18,2545.639892578125,D1,Downtrend,Medium,0.0025559697079657884,2.7008418174641933
^KS11,2020-11-19,2547.419921875,D1,Downtrend,Medium,0.0006992463081934019,2.544398544897382
^KS11,2020-11-20,2553.5,D1,Downtrend,Medium,0.002386759274664474,2.4582264342151636
^KS11,2020-11-23,2602.590087890625,D1,Downtrend,Medium,0.019224628114597575,2.896203032918013
^KS11,2020-11-24,2617.760009765625,D1,Downtrend,Medium,0.005828778779102706,2.8316889726366106
^KS11,2020-11-25,2601.5400390625,D1,Downtrend,Medium,-0.006196125940734043,2.443203576249625
^KS11,2020-11-26,2625.909912109375,U1,Uptrend,Medium,0.009367479524034827,2.5376416580283454
^KS11,2020-11-27,2633.449951171875,U1,Uptrend,Low,0.0028714005106302842,2.446697387387132
^KS11,2020-11-30,2591.340087890625,D1,Downtrend,Low,-0.015990379183971726,1.8881283329893324
^KS11,2020-12-01,2634.25,U1,Uptrend,Low,0.016558965884058807,2.204078698119671
^KS11,2020-12-02,2675.89990234375,U1,Uptrend,Low,0.015810914812090626,2.4462045609781473
^KS11,2020-12-03,2696.219970703125,U1,Uptrend,Low,0.007593732613681459,2.4574468122851933
^KS11,2020-12-04,2731.449951171875,U1,Uptrend,Low,0.01306643406382113,2.5713628431940356
^KS11,2020-12-07,2745.43994140625,U1,Uptrend,Low,0.005121818259336219,2.4983873621959414
^KS11,2020-12-08,2700.929931640625,U1,Uptrend,Medium,-0.01621234145184991,2.0198353130526954
^KS11,2020-12-09,2755.469970703125,U1,Uptrend,Medium,0.020193059591653517,2.2951189790770887
^KS11,2020-12-10,2746.4599609375,U1,Uptrend,Medium,-0.0032698631672353207,2.1014434780612157
^KS11,2020-12-11,2770.06005859375,U1,Uptrend,Medium,0.008592915240677401,2.1423003884603697
^KS11,2020-12-14,2762.199951171875,U1,Uptrend,Medium,-0.002837522384213309,1.980208207277696
^KS11,2020-12-15,2756.820068359375,U1,Uptrend,Medium,-0.0019476804386364677,1.8514499143656027
^KS11,2020-12-16,2771.7900390625,U1,Uptrend,Medium,0.005430158781466687,1.8551208929536391
^KS11,2020-12-17,2770.429931640625,U1,Uptrend,Medium,-0.0004906964101563105,1.762282585992641
^KS11,2020-12-18,2772.179931640625,U1,Uptrend,Medium,0.0006316709114400076,1.6953422129373779
^KS11,2020-12-21,2778.64990234375,U1,Uptrend,Low,0.0023338927712732715,1.662206495679689
^KS11,2020-12-22,2733.679931640625,U1,Uptrend,Medium,-0.01618410821211891,1.3447414637438209
^KS11,2020-12-23,2759.820068359375,U1,Uptrend,Medium,0.009562252118909154,1.4488232490782336
^KS11,2020-12-24,2806.860107421875,U1,Uptrend,Medium,0.01704460359637272,1.6621305707746923
^KS11,2020-12-28,2808.60009765625,U1,Uptrend,Medium,0.0006199062895133611,1.6089926020123926
^KS11,2020-12-29,2820.510009765625,U1,Uptrend,Low,0.004240515450851801,1.613052996430023
^KS11,2020-12-30,2873.469970703125,U1,Uptrend,Medium,0.01877673213501585,1.8304874683668917
^KS11,2021-01-04,2944.449951171875,U2,Uptrend,Medium,0.02470183478248833,2.109928022840171
^KS11,2021-01-05,2990.570068359375,U2,Uptrend,Medium,0.01566340673209421,2.2231153987112195
^KS11,2021-01-06,2968.2099609375,U2,Uptrend,Medium,-0.007476871268942253,1.9978264688051355
^KS11,2021-01-07,3031.679931640625,U2,Uptrend,Medium,0.021383248334318816,2.188268037615332
^KS11,2021-01-08,3152.179931640625,U2,Uptrend,Medium,0.03974693988715039,2.5789777428741116
^KS11,2021-01-11,3148.449951171875,U2,Uptrend,Medium,-0.0011833018893717684,2.396606585289483
^KS11,2021-01-12,3125.949951171875,U2,Uptrend,Medium,-0.007146373723242894,2.1699577842611966
^KS11,2021-01-13,3148.2900390625,U2,Uptrend,Medium,0.007146655653347933,2.147422381388216
^KS11,2021-01-14,3149.929931640625,U2,Uptrend,Medium,0.0005208835773635734,2.0477487213348273
^KS11,2021-01-15,3085.89990234375,U2,Uptrend,Medium,-0.020327445589726323,1.7114821732219796
^KS11,2021-01-18,3013.929931640625,U2,Uptrend,Medium,-0.023322198704003205,1.3697746620512767
^KS11,2021-01-19,3092.659912109375,U2,Uptrend,Medium,0.026122034106444314,1.6250022416420966
^KS11,2021-01-20,3114.550048828125,U2,Uptrend,Medium,0.007078093725416901,1.647827216407151
^KS11,2021-01-21,3160.840087890625,U2,Uptrend,Medium,0.014862512509605352,1.7606462395145317
^KS11,2021-01-22,3140.6298828125,U2,Uptrend,Medium,-0.006393934687031977,1.6226675786796474
^KS11,2021-01-25,3208.989990234375,U2,Uptrend,Medium,0.021766368522436963,1.817520991092151
^KS11,2021-01-26,3140.31005859375,U2,Uptrend,Medium,-0.021402351471843883,1.502188590762235
^KS11,2021-01-27,3122.56005859375,U2,Uptrend,Medium,-0.005652308106145587,1.3983640334289242
^KS11,2021-01-28,3069.050048828125,U2,Uptrend,Medium,-0.01713658304773269,1.1572949872529805
^KS11,2021-01-29,2976.2099609375,U2,Uptrend,Medium,-0.03025043137568728,0.7565179171094284
^KS11,2021-02-01,3056.530029296875,U2,Uptrend,Medium,0.026987366285836423,1.0606330262647075
^KS11,2021-02-02,3096.81005859375,U2,Uptrend,Medium,0.013178352219932465,1.1961996328297275
^KS11,2021-02-03,3129.679931640625,U2,Uptrend,Medium,0.010614106911613685,1.2998626857187383
^KS11,2021-02-04,3087.550048828125,U2,Uptrend,Medium,-0.013461402997339333,1.0867740694445136
^KS11,2021-02-05,3120.6298828125,U2,Uptrend,Medium,0.010713942595661052,1.1977908739897698
^KS11,2021-02-08,3091.239990234375,U2,Uptrend,Medium,-0.009417936019902817,1.0369852585719697
^KS11,2021-02-09,3084.669921875,U2,Uptrend,Medium,-0.002125382817293575,0.9794304292068536
^KS11,2021-02-10,3100.580078125,U2,Uptrend,Medium,0.005157814823937068,1.0232369609534855
^KS11,2021-02-15,3147.0,U2,Uptrend,Medium,0.014971366875023984,1.2030104506565233
^KS11,2021-02-16,3163.25,U2,Uptrend,Medium,0.005163647918652758,1.2433777758155187
^KS11,2021-02-17,3133.72998046875,U2,Uptrend,Medium,-0.009332180362364606,1.073023096131985
^KS11,2021-02-18,3086.659912109375,U2,Uptrend,Medium,-0.015020460809560321,0.8205479022661302
^KS11,2021-02-19,3107.6201171875,U2,Uptrend,Medium,0.006790578060088537,0.8974527571629056
^KS11,2021-02-22,3079.75,U2,Uptrend,Medium,-0.008968315346318256,0.7313625358778165
^KS11,2021-02-23,3070.090087890625,U2,Uptrend,Medium,-0.0031365896937657345,0.6562014993080845
^KS11,2021-02-24,2994.97998046875,U2,Uptrend,Medium,-0.024465115117674352,0.23631014397026895
^KS11,2021-02-25,3099.68994140625,U2,Uptrend,Medium,0.03496182332447906,0.772765527117009
^KS11,2021-02-26,3012.949951171875,U2,Uptrend,Medium,-0.027983440884097988,0.2694306439579829
^KS11,2021-03-02,3043.8701171875,U2,Uptrend,Medium,0.010262422714190311,0.41700925530005106
^KS11,2021-03-03,3082.989990234375,U2,Uptrend,Medium,0.012852017839388497,0.6219417342104993
^KS11,2021-03-04,3043.489990234375,U2,Uptrend,Medium,-0.012812237511350855,0.35603204069650585
^KS11,2021-03-05,3026.260009765625,U2,Uptrend,Medium,-0.00566125747876145,0.2206464033869119
^KS11,2021-03-08,2996.110107421875,U2,Uptrend,Medium,-0.009962760055797437,-0.000901444667974036
^KS11,2021-03-09,2976.1201171875,U2,Uptrend,Medium,-0.006671981174809383,-0.16126312056505748
^KS11,2021-03-10,2958.1201171875,U2,Uptrend,Medium,-0.006048142981880167,-0.32236553738331414
^KS11,2021-03-11,3013.699951171875,U2,Uptrend,Medium,0.01878890368969155,0.0359099716034438
^KS11,2021-03-12,3054.389892578125,U2,Uptrend,Medium,0.013501656457348243,0.2993941378350917
^KS11,2021-03-15,3045.7099609375,U2,Uptrend,Medium,-0.00284178901381138,0.20723426303645107
^KS11,2021-03-16,3067.169921875,U2,Uptrend,Medium,0.007045963408444322,0.3425660079869927
^KS11,2021-03-17,3047.5,U2,Uptrend,Medium,-0.006413052545512499,0.1562754454469211
^KS11,2021-03-18,3066.010009765625,U2,Uptrend,Medium,0.006073834213494722,0.2777348352063505
^KS11,2021-03-19,3039.530029296875,U2,Uptrend,Medium,-0.008636625576696755,0.015998792806175277
^KS11,2021-03-22,3035.4599609375,U2,Uptrend,Medium,-0.0013390452866545166,-0.06199317205441389
^KS11,2021-03-23,3004.739990234375,U2,Uptrend,Medium,-0.010120367620871873,-0.4044037444658572
^KS11,2021-03-24,2996.35009765625,U2,Uptrend,Medium,-0.00279221916218797,-0.5773134018863034
^KS11,2021-03-25,3008.330078125,U2,Uptrend,Medium,0.003998191158676834,-0.5391349587989738
^KS11,2021-03-26,3041.010009765625,U2,Uptrend,Medium,0.010863146926016087,-0.2187229230939518
^KS11,2021-03-29,3036.0400390625,U2,Uptrend,Low,-0.001634315798752728,-0.36171414083549563
^KS11,2021-03-30,3070.0,U2,Uptrend,Low,0.011185610367637544,0.0579544298123155
^KS11,2021-03-31,3061.419921875,U2,Uptrend,Low,-0.002794813721498368,-0.13380812836089834
^KS11,2021-04-01,3087.39990234375,U2,Uptrend,Low,0.008486251847749982,0.2730420498463232
^KS11,2021-04-02,3112.800048828125,U2,Uptrend,Low,0.008227034814988876,0.6903647884304875
^KS11,2021-04-05,3120.830078125,U2,Uptrend,Low,0.0025796804070015167,0.807757362451111
^KS11,2021-04-06,3127.080078125,U2,Uptrend,Low,0.0020026723158714788,0.8913161315776925
^KS11,2021-04-07,3137.409912109375,U2,Uptrend,Low,0.003303348083931734,1.089162610361705
^KS11,2021-04-08,3143.260009765625,U2,Uptrend,Low,0.0018646264976949212,1.1998333449031275
^KS11,2021-04-09,3131.8798828125,U2,Uptrend,Low,-0.003620485393435069,0.9883577843634836
^KS11,2021-04-12,3135.590087890625,U2,Uptrend,Low,0.0011846575274123694,1.0648261958193324
^KS11,2021-04-13,3169.080078125,U2,Uptrend,Low,0.010680602150042073,1.6580548335759837
^KS11,2021-04-14,3182.3798828125,U2,Uptrend,Low,0.0041967398612940965,1.8168073685015258
^KS11,2021-04-15,3194.330078125,U2,Uptrend,Low,0.003755112762320101,1.9323884304670098
^KS11,2021-04-16,3198.6201171875,U2,Uptrend,Low,0.0013430168321924008,1.9131442898376398
^KS11,2021-04-19,3198.840087890625,U2,Uptrend,Low,6.877049948594838e-05,1.8412742513081841
^KS11,2021-04-20,3220.699951171875,U2,Uptrend,Low,0.0068336842982559265,2.1217266168374906
^KS11,2021-04-21,3171.659912109375,U2,Uptrend,Low,-0.015226515914547267,1.325626747289586
^KS11,2021-04-22,3177.52001953125,U2,Uptrend,Low,0.0018476468424313275,1.446049147742733
^KS11,2021-04-23,3181.080078125,U2,Uptrend,Low,0.001120389036691316,1.4729896652409016
^KS11,2021-04-26,3217.530029296875,U2,Uptrend,Low,0.011458356997211983,1.9577570660414474
^KS11,2021-04-27,3215.419921875,U2,Uptrend,Low,-0.0006558159217354698,1.8343881047260282
^KS11,2021-04-28,3181.469970703125,U2,Uptrend,Low,-0.010558481317139434,1.2961447431513686
^KS11,2021-04-29,3174.070068359375,U2,Uptrend,Low,-0.00232593813925408,1.146375192021532
^KS11,2021-04-30,3147.860107421875,U2,Uptrend,Low,-0.008257524368719293,0.7420346375206398
^KS11,2021-05-03,3127.199951171875,U2,Uptrend,Low,-0.0065632383730421795,0.4382282044127903
^KS11,2021-05-04,3147.3701171875,U2,Uptrend,Low,0.006449912487388687,0.7178525255640441
^KS11,2021-05-06,3160.429931640625,U2,Uptrend,Low,0.0041494371385832896,0.8944436970070117
^KS11,2021-05-07,3197.199951171875,U2,Uptrend,Low,0.011634499206303328,1.3821020792734764
^KS11,2021-05-10,3249.300048828125,U2,Uptrend,Low,0.016295539363171185,2.016831393281822
^KS11,2021-05-11,3209.429931640625,U2,Uptrend,Low,-0.012270371030179028,1.4146057080858332
^KS11,2021-05-12,3161.659912109375,U2,Uptrend,Low,-0.014884269340265877,0.7596064409423018
^KS11,2021-05-13,3122.110107421875,U2,Uptrend,Low,-0.01250919004160489,0.2331114081020208
^KS11,2021-05-14,3153.320068359375,U2,Uptrend,Low,0.009996431856553523,0.6528625489677258
^KS11,2021-05-17,3134.52001953125,U2,Uptrend,Low,-0.005961985596313557,0.3858712069256938
^KS11,2021-05-18,3173.050048828125,U2,Uptrend,Medium,0.012292162454472733,0.8889128720780701
^KS11,2021-05-20,3162.280029296875,U2,Uptrend,Low,-0.0033942167206684193,0.7224600079394646
^KS11,2021-05-21,3156.419921875,U2,Uptrend,Low,-0.0018531272903045126,0.6235561577425177
^KS11,2021-05-24,3144.300048828125,U2,Uptrend,Low,-0.0038397530578490047,0.4354890492951092
^KS11,2021-05-25,3171.320068359375,U2,Uptrend,Low,0.00859333368687909,0.785605590917152
^KS11,2021-05-26,3168.429931640625,U2,Uptrend,Low,-0.0009113355500081077,0.719466841184998
^KS11,2021-05-27,3165.510009765625,U2,Uptrend,Low,-0.000921567444443383,0.6544173212050485
^KS11,2021-05-28,3188.72998046875,U2,Uptrend,Low,0.007335301620115198,0.9467690169564844
^KS11,2021-05-31,3203.919921875,U2,Uptrend,Low,0.004763633640756604,1.1181638526644606
^KS11,2021-06-01,3221.8701171875,U2,Uptrend,Low,0.005602573019988233,1.32091619332306
^KS11,2021-06-02,3224.22998046875,U2,Uptrend,Low,0.000732451401023626,1.3183720526077207
^KS11,2021-06-03,3247.429931640625,U2,Uptrend,Low,0.00719550134835667,1.6089140440084997
^KS11,2021-06-04,3240.080078125,U2,Uptrend,Low,-0.0022632831717208646,1.492826573533805
^KS11,2021-06-07,3252.1201171875,U2,Uptrend,Low,0.0037159695971056284,1.6237613239496704
^KS11,2021-06-08,3247.830078125,U2,Uptrend,Low,-0.0013191514790081849,1.5048632093422623
^KS11,2021-06-09,3216.179931640625,U2,Uptrend,Low,-0.009745013046571382,1.0045217019686505
^KS11,2021-06-10,3224.639892578125,U2,Uptrend,Low,0.0026304376985477607,1.0948862709119624
^KS11,2021-06-11,3249.320068359375,U2,Uptrend,Low,0.0076536222968817125,1.4205136697860363
^KS11,2021-06-14,3252.1298828125,U2,Uptrend,Low,0.0008647392051297498,1.413657191266063
^KS11,2021-06-15,3258.6298828125,U2,Uptrend,Low,0.001998690161285621,1.4701241258315876
^KS11,2021-06-16,3278.679931640625,U2,Uptrend,Low,0.006152907678738773,1.7243254547661402
^KS11,2021-06-17,3264.9599609375,U2,Uptrend,Low,-0.004184602031665707,1.5005511408319172
^KS11,2021-06-18,3267.929931640625,U2,Uptrend,Low,0.0009096499616099152,1.5499435027370765
^KS11,2021-06-21,3240.7900390625,U2,Uptrend,Low,-0.008304918754638013,1.09829628592188
^KS11,2021-06-22,3263.8798828125,U2,Uptrend,Low,0.007124757689232819,1.4909029362380155
^KS11,2021-06-23,3276.18994140625,U2,Uptrend,Low,0.0037716028272285484,1.7098965803596475
^KS11,2021-06-24,3286.10009765625,U2,Uptrend,Low,0.003024902837515553,1.855038996088136
^KS11,2021-06-25,3302.840087890625,U2,Uptrend,Low,0.005094181472534709,2.132633922040314
^KS11,2021-06-28,3301.889892578125,U2,Uptrend,Low,-0.00028769037774001305,2.047206684382459
^KS11,2021-06-29,3286.679931640625,U2,Uptrend,Low,-0.004606440987535154,1.690481978930867
^KS11,2021-06-30,3296.679931640625,U2,Uptrend,Low,0.00304258406902691,1.81493261246105
^KS11,2021-07-01,3282.06005859375,U2,Uptrend,Low,-0.004434726254908039,1.4804203973260146
^KS11,2021-07-02,3281.780029296875,U2,Uptrend,Low,-8.532119823390083e-05,1.4249654810858097
^KS11,2021-07-05,3293.2099609375,U2,Uptrend,Low,0.003482845144582747,1.5853250250004256
^KS11,2021-07-06,3305.2099609375,U2,Uptrend,Low,0.0036438611999654036,1.748947756483522
^KS11,2021-07-07,3285.340087890625,U2,Uptrend,Low,-0.006011682550187802,1.3267973317957484
^KS11,2021-07-08,3252.679931640625,U2,Uptrend,Low,-0.009941179718465532,0.6748696793100558
^KS11,2021-07-09,3217.949951171875,U2,Uptrend,Low,-0.010677343359520974,-0.005775640280573692
^KS11,2021-07-12,3246.469970703125,U2,Uptrend,Low,0.00886279151758207,0.5288554882703133
^KS11,2021-07-13,3271.3798828125,U2,Uptrend,Low,0.0076729223846725425,0.9801590667684786
^KS11,2021-07-14,3264.81005859375,U2,Uptrend,Low,-0.002008273100066127,0.8291749543952334
^KS11,2021-07-15,3286.219970703125,U2,Uptrend,Low,0.0065577818387991815,1.2022716889721834
^KS11,2021-07-16,3276.909912109375,U2,Uptrend,Low,-0.0028330600741124368,0.9928813326800271
^KS11,2021-07-19,3244.0400390625,U2,Uptrend,Low,-0.010030752730006087,0.35391600943686374
^KS11,2021-07-20,3232.699951171875,U2,Uptrend,Low,-0.003495668288330478,0.12319712114250357
^KS11,2021-07-21,3215.909912109375,U2,Uptrend,Low,-0.005193813009590764,-0.19670938676582647
^KS11,2021-07-22,3250.2099609375,U2,Uptrend,Low,0.010665736841374063,0.4461811431776427
^KS11,2021-07-23,3254.419921875,U2,Uptrend,Low,0.0012952889161306214,0.5053935944446251
^KS11,2021-07-26,3224.949951171875,U2,Uptrend,Low,-0.009055368210180492,-0.07555661946578811
^KS11,2021-07-27,3232.530029296875,U2,Uptrend,Low,0.002350448298351182,0.044553706415935916
^KS11,2021-07-28,3236.860107421875,U2,Uptrend,Low,0.0013395322195790538,0.09747689936780764
^KS11,2021-07-29,3242.64990234375,U2,Uptrend,Low,0.0017887071821853784,0.18842506446951324
^KS11,2021-07-30,3202.320068359375,U2,Uptrend,Low,-0.012437307510510198,-0.6856531604473485
^KS11,2021-08-02,3223.0400390625,U2,Uptrend,Low,0.006470299739195218,-0.2530652379188932
^KS11,2021-08-03,3237.139892578125,U2,Uptrend,Low,0.004374706284978824,0.054309607351905126
^KS11,2021-08-04,3280.3798828125,U2,Uptrend,Low,0.013357467291887026,0.953637848522506
^KS11,2021-08-05,3276.1298828125,U2,Uptrend,Low,-0.0012955816557307376,0.8352668368722688
^KS11,2021-08-06,3270.360107421875,U2,Uptrend,Low,-0.0017611558750753042,0.6921700595264358
^KS11,2021-08-09,3260.419921875,U2,Uptrend,Low,-0.003039477372634436,0.4378294483808295
^KS11,2021-08-10,3243.18994140625,U2,Uptrend,Low,-0.005284589372414716,-0.014645190058964822
^KS11,2021-08-11,3220.6201171875,U2,Uptrend,Low,-0.0069591435057805295,-0.6177819699083319
^KS11,2021-08-12,3208.3798828125,U2,Uptrend,Low,-0.0038005830956832076,-0.9844247265365793
^KS11,2021-08-13,3171.2900390625,U2,Uptrend,Low,-0.011560303051609488,-2.0086292355057633
^KS11,2021-08-17,3143.090087890625,U2,Uptrend,Low,-0.008892264922009896,-2.7663155648852
^KS11,2021-08-18,3158.929931640625,U2,Uptrend,Low,0.005039576756334929,-2.304958418943592
^KS11,2021-08-19,3097.830078125,U2,Uptrend,Low,-0.01934194643054088,-3.5779333680976375
^KS11,2021-08-20,3060.510009765625,U2,Uptrend,Low,-0.012047164440330937,-3.9354418884114333
^KS11,2021-08-23,3090.2099609375,U2,Uptrend,Low,0.00970424899023592,-3.02491552565028
^KS11,2021-08-24,3138.300048828125,U2,Uptrend,Low,0.015562077819474718,-1.9764585248269897
^KS11,2021-08-25,3146.81005859375,U2,Uptrend,Low,0.0027116622481022645,-1.740725500818973
^KS11,2021-08-26,3128.530029296875,U2,Uptrend,Low,-0.005809066628267967,-1.9876466211737436
^KS11,2021-08-27,3133.89990234375,U2,Uptrend,Low,0.0017164204903226121,-1.802310014552693
^KS11,2021-08-30,3144.18994140625,U2,Uptrend,Low,0.003283461304812052,-1.5568220131544022
^KS11,2021-08-31,3199.27001953125,U2,Uptrend,Low,0.017518050484051084,-0.5786100305162831
^KS11,2021-09-01,3207.02001953125,U2,Uptrend,Low,0.0024224276015112345,-0.431283033745822
^KS11,2021-09-02,3175.85009765625,U2,Uptrend,Low,-0.009719278858619673,-0.9552116057282738
^KS11,2021-09-03,3201.06005859375,U2,Uptrend,Low,0.007938019793851225,-0.5116398702783292
^KS11,2021-09-06,3203.330078125,U2,Uptrend,Low,0.0007091461858566017,-0.45884826750710606
^KS11,2021-09-07,3187.419921875,U2,Uptrend,Low,-0.004966755177259974,-0.7121454013403963
^KS11,2021-09-08,3162.989990234375,U2,Uptrend,Low,-0.007664484830807616,-1.0953375646938812
^KS11,2021-09-09,3114.699951171875,U2,Uptrend,Low,-0.01526721210360893,-1.8287677623797745
^KS11,2021-09-10,3125.760009765625,U2,Uptrend,Medium,0.0035509226465260113,-1.5773789081412093
^KS11,2021-09-13,3127.860107421875,U2,Uptrend,Low,0.0006718678496393515,-1.4832182991970413
^KS11,2021-09-14,3148.830078125,U2,Uptrend,Low,0.006704254660675701,-1.1097275248753131
^KS11,2021-09-15,3153.39990234375,U2,Uptrend,Low,0.0014512768569179268,-1.0032119861284692
^KS11,2021-09-16,3130.090087890625,U2,Uptrend,Low,-0.007391962698990451,-1.3248974941124627
^KS11,2021-09-17,3140.510009765625,U2,Uptrend,Low,0.003328952708202104,-1.1225776882525516
^KS11,2021-09-23,3127.580078125,U2,Uptrend,Low,-0.004117143903512033,-1.2852414296364303
^KS11,2021-09-24,3125.239990234375,U2,Uptrend,Low,-0.0007482103838019061,-1.2817435516387616
^KS11,2021-09-27,3133.639892578125,U2,Uptrend,Low,0.0026877623382517424,-1.1116392263488575
^KS11,2021-09-28,3097.919921875,U2,Uptrend,Low,-0.011398875406113507,-1.6231783066957481
^KS11,2021-09-29,3060.27001953125,U2,Uptrend,Low,-0.012153284556484789,-2.1100073464234366
^KS11,2021-09-30,3068.820068359375,U2,Uptrend,Low,0.002793887066682599,-1.891003715060539
^KS11,2021-10-01,3019.179931640625,U2,Uptrend,Low,-0.01617564262908644,-2.4885603861893175
^KS11,2021-10-05,2962.169921875,U2,Uptrend,Low,-0.01888261417220194,-3.0516130770427408
^KS11,2021-10-06,2908.31005859375,U1,Uptrend,Low,-0.018182570447261015,-3.3842771581498883
^KS11,2021-10-07,2959.4599609375,U2,Uptrend,Low,0.01758749972088003,-2.5431772883356834
^KS11,2021-10-08,2956.300048828125,U2,Uptrend,Low,-0.0010677326779491292,-2.4058346274112745
^KS11,2021-10-12,2916.3798828125,U1,Uptrend,Low,-0.01350342162712792,-2.6439369212518558
^KS11,2021-10-13,2944.409912109375,U2,Uptrend,Medium,0.009611240792760878,-2.211341715492586
^KS11,2021-10-14,2988.639892578125,U2,Uptrend,Medium,0.015021678974400654,-1.6778730398449968
^KS11,2021-10-15,3015.06005859375,U2,Uptrend,Medium,0.00884019720182283,-1.3598193280017354
^KS11,2021-10-18,3006.679931640625,U2,Uptrend,Medium,-0.002779422893829042,-1.3979500260741142
^KS11,2021-10-19,3029.0400390625,U2,Uptrend,Medium,0.00743681001312102,-1.1287958679505037
^KS11,2021-10-20,3013.1298828125,U2,Uptrend,Medium,-0.005252540753777679,-1.2480252116275534
^KS11,2021-10-21,3007.330078125,U2,Uptrend,Medium,-0.0019248439042017784,-1.2617077737487652
^KS11,2021-10-22,3006.159912109375,U2,Uptrend,Medium,-0.00038910461612995384,-1.2315714289360102
^KS11,2021-10-25,3020.5400390625,U2,Uptrend,Medium,0.0047835535612057445,-1.0511997343343265
^KS11,2021-10-26,3049.080078125,U2,Uptrend,Medium,0.009448654443712678,-0.7336332309228116
^KS11,2021-10-27,3025.489990234375,U2,Uptrend,Medium,-0.007736788567760944,-0.943475801976543
^KS11,2021-10-28,3009.550048828125,U2,Uptrend,Medium,-0.005268548716968358,-1.0718804728823381
^KS11,2021-10-29,2970.679931640625,U2,Uptrend,Medium,-0.012915590887958683,-1.4229897729264749
^KS11,2021-11-01,2978.93994140625,U2,Uptrend,Medium,0.0027805115178003437,-1.2911556313320476
^KS11,2021-11-02,3013.489990234375,U2,Uptrend,Medium,0.011598101844179975,-0.9071009947736713
^KS11,2021-11-03,2975.7099609375,U2,Uptrend,Medium,-0.012536968571094098,-1.2548844581261096
^KS11,2021-11-04,2983.219970703125,U2,Uptrend,Low,0.002523770751924781,-1.149292829300563
^KS11,2021-11-05,2969.27001953125,U2,Uptrend,Low,-0.004676138973616184,-1.266543995905037
^KS11,2021-11-08,2960.199951171875,U2,Uptrend,Low,-0.003054645855618987,-1.3333475834319028
^KS11,2021-11-09,2962.4599609375,U2,Uptrend,Low,0.0007634652398160746,-1.2791435338330592
^KS11,2021-11-10,2930.169921875,U2,Uptrend,Low,-0.010899738557911709,-1.5939616821675406
^KS11,2021-11-11,2924.919921875,U1,Uptrend,Low,-0.0017917049659156303,-1.6009447898056206
^KS11,2021-11-12,2968.800048828125,U2,Uptrend,Low,0.015002163520769551,-1.0746379990539856
^KS11,2021-11-15,2999.52001953125,U2,Uptrend,Low,0.010347605159616968,-0.6978500472349094
^KS11,2021-11-16,2997.2099609375,U2,Uptrend,Low,-0.0007701427490759416,-0.6990311499200523
^KS11,2021-11-17,2962.419921875,U2,Uptrend,Low,-0.011607474790193861,-1.065379807332661
^KS11,2021-11-18,2947.3798828125,U2,Uptrend,Low,-0.005076943667385536,-1.1980376067939396
^KS11,2021-11-19,2971.02001953125,U2,Uptrend,Low,0.008020729481328814,-0.9036801558728497
^KS11,2021-11-22,3013.25,U2,Uptrend,Low,0.014213966984784276,-0.40864522702945183
^KS11,2021-11-23,2997.330078125,U2,Uptrend,Low,-0.005283306023396661,-0.5666175802838103
^KS11,2021-11-24,2994.2900390625,U2,Uptrend,Low,-0.0010142490093723033,-0.5772421051394533
^KS11,2021-11-25,2980.27001953125,U2,Uptrend,Low,-0.0046822516684588145,-0.7133919348865511
^KS11,2021-11-26,2936.43994140625,U2,Uptrend,Low,-0.014706747320799352,-1.1808856087831074
^KS11,2021-11-29,2909.320068359375,U1,Uptrend,Low,-0.009235630078607171,-1.441900456410708
^KS11,2021-11-30,2839.010009765625,U1,Uptrend,Low,-0.02416717890836928,-2.1605090467821353
^KS11,2021-12-01,2899.719970703125,U1,Uptrend,Medium,0.02138420108723471,-1.437061793067017
^KS11,2021-12-02,2945.27001953125,U2,Uptrend,Medium,0.015708430223722702,-0.8817348445460407
^KS11,2021-12-03,2968.330078125,U2,Uptrend,Medium,0.007829522740132377,-0.5843738482380681
^KS11,2021-12-06,2973.25,U2,Uptrend,Medium,0.0016574712870569552,-0.4989801794896898
^KS11,2021-12-07,2991.719970703125,U2,Uptrend,Medium,0.006212047659337472,-0.22865565547302816
^KS11,2021-12-08,3001.800048828125,U2,Uptrend,Medium,0.0033693254127094008,-0.05831217258268198
^KS11,2021-12-09,3029.570068359375,U2,Uptrend,Medium,0.009251122353099772,0.35883687743302867
^KS11,2021-12-10,3010.22998046875,U2,Uptrend,Medium,-0.006383773094608913,0.11222159309421405
^KS11,2021-12-13,3001.659912109375,U2,Uptrend,Medium,-0.0028469812655445015,0.017573279347020274
^KS11,2021-12-14,2987.949951171875,U2,Uptrend,Medium,-0.004567459785231098,-0.15666539116311964
^KS11,2021-12-15,2989.389892578125,U2,Uptrend,Medium,0.0004819161732227961,-0.09557663069756353
^KS11,2021-12-16,3006.409912109375,U2,Uptrend,Medium,0.005693475974313689,0.23509621247237592
^KS11,2021-12-17,3017.72998046875,U2,Uptrend,Medium,0.0037653110155668745,0.4985830557235673
^KS11,2021-12-20,2963.0,U2,Uptrend,Medium,-0.018136142339762462,-0.4979756022304301
^KS11,2021-12-21,2975.030029296875,U2,Uptrend,Medium,0.004060084136643605,-0.2257955250772856
^KS11,2021-12-22,2984.47998046875,U2,Uptrend,Medium,0.0031764221129924053,0.02853184205912842
^KS11,2021-12-23,2998.169921875,U2,Uptrend,Medium,0.004587044140299312,0.40861693252154757
^KS11,2021-12-24,3012.429931640625,U2,Uptrend,Medium,0.004756238017592729,0.8016381992442249
^KS11,2021-12-27,2999.550048828125,U2,Uptrend,Medium,-0.004275579218363856,0.5264591774562457
^KS11,2021-12-28,3020.239990234375,U2,Uptrend,Low,0.006897681675400946,1.0723138075612448
^KS11,2021-12-29,2993.2900390625,U2,Uptrend,Low,-0.008923115798418313,0.34692742051118686
^KS11,2021-12-30,2977.64990234375,U2,Uptrend,Low,-0.005225065568202791,-0.100301458009318
^KS11,2022-01-04,2989.239990234375,U2,Uptrend,Low,0.003892360845209497,0.20310775429437627
^KS11,2022-01-05,2953.969970703125,U2,Uptrend,Low,-0.01179899226775849,-0.7607182515432938
^KS11,2022-01-06,2920.530029296875,U1,Uptrend,Low,-0.01132033898038931,-1.682901933891189
^KS11,2022-01-07,2954.889892578125,U2,Uptrend,Low,0.011764940930780954,-0.7479508577550431
^KS11,2022-01-10,2926.719970703125,U1,Uptrend,Low,-0.009533323710556929,-1.4683317279466541
^KS11,2022-01-11,2927.3798828125,U1,Uptrend,Low,0.00022547839081998866,-1.3972659963924452
^KS11,2022-01-12,2972.47998046875,U2,Uptrend,Low,0.015406301696969882,-0.17441820335780597
^KS11,2022-01-13,2962.090087890625,U2,Uptrend,Low,-0.0034953616664851195,-0.43007248864600656
^KS11,2022-01-14,2921.919921875,U1,Uptrend,Low,-0.01356142616318301,-1.468961670701108
^KS11,2022-01-17,2890.10009765625,U1,Uptrend,Low,-0.01089003979216896,-2.192335955054256
^KS11,2022-01-18,2864.239990234375,U1,Uptrend,Low,-0.008947824140363325,-2.6447553040630423
^KS11,2022-01-19,2842.280029296875,U1,Uptrend,Low,-0.007666941671219063,-2.910516184967477
^KS11,2022-01-20,2862.679931640625,U1,Uptrend,Low,0.007177302072096214,-2.3262362287216405
^KS11,2022-01-21,2834.2900390625,U1,Uptrend,Low,-0.00991724302264363,-2.7428237817347396
^KS11,2022-01-24,2792.0,U1,Uptrend,Low,-0.014920857950193489,-3.254434182425196
^KS11,2022-01-25,2720.389892578125,U1,Uptrend,Low,-0.025648319277175813,-3.918601566147353
^KS11,2022-01-26,2709.239990234375,U1,Uptrend,Low,-0.004098641291885974,-3.5658505795991537
^KS11,2022-01-27,2614.489990234375,D1,Downtrend,Medium,-0.034972907657325414,-4.123959460146998
^KS11,2022-01-28,2663.340087890625,U1,Uptrend,Medium,0.01868436973892207,-3.1439937314988664
^KS11,2022-02-03,2707.820068359375,U1,Uptrend,Medium,0.0167008264062809,-2.451532429644401
^KS11,2022-02-04,2750.260009765625,U1,Uptrend,Medium,0.015673102471673417,-1.8931114301540954
^KS11,2022-02-07,2745.06005859375,U1,Uptrend,Medium,-0.0018907125702337657,-1.8541946268680056
^KS11,2022-02-08,2746.469970703125,U1,Uptrend,Medium,0.000513617946158007,-1.7564857385459853
^KS11,2022-02-09,2768.85009765625,U1,Uptrend,Medium,0.00814868802202695,-1.4786735691603814
^KS11,2022-02-10,2771.929931640625,U1,Uptrend,Medium,0.0011123151762466588,-1.3995552936794888
^KS11,2022-02-11,2747.7099609375,U1,Uptrend,Medium,-0.008737584030051537,-1.565533155376313
^KS11,2022-02-14,2704.47998046875,U1,Uptrend,Medium,-0.01573309449808169,-1.8767492019925365
^KS11,2022-02-15,2676.5400390625,U1,Uptrend,Medium,-0.010330984739405413,-2.0204354796228348
^KS11,2022-02-16,2729.679931640625,U1,Uptrend,Medium,0.01985395017544289,-1.4882045388780103
^KS11,2022-02-17,2744.090087890625,U1,Uptrend,Medium,0.005279064436444436,-1.3147121039373617
^KS11,2022-02-18,2744.52001953125,U1,Uptrend,Medium,0.0001566754832584838,-1.2652050012332694
^KS11,2022-02-21,2743.800048828125,U1,Uptrend,Medium,-0.00026233027924782437,-1.2281102435918374
^KS11,2022-02-22,2706.7900390625,U1,Uptrend,Medium,-0.013488595782127799,-1.4834399865946426
^KS11,2022-02-23,2719.530029296875,U1,Uptrend,Medium,0.004706678408934684,-1.3275577194809691
^KS11,2022-02-24,2648.800048828125,U1,Uptrend,Medium,-0.026008163067438916,-1.8269050398849935
^KS11,2022-02-25,2676.760009765625,U1,Uptrend,Medium,0.010555708404592412,-1.5357365505066616
^KS11,2022-02-28,2699.179931640625,U1,Uptrend,Medium,0.008375768389099258,-1.310195327463432
^KS11,2022-03-02,2703.52001953125,U1,Uptrend,Medium,0.0016079283339911488,-1.2419050014047799
^KS11,2022-03-03,2747.080078125,U1,Uptrend,Medium,0.016112349188855957,-0.8785195153376641
^KS11,2022-03-04,2713.429931640625,U1,Uptrend,Medium,-0.012249423215701327,-1.100878311420998
^KS11,2022-03-07,2651.31005859375,U1,Uptrend,Medium,-0.022893487066870888,-1.5154913789460858
^KS11,2022-03-08,2622.39990234375,U1,Uptrend,Medium,-0.010904102353586631,-1.6613358536405767
^KS11,2022-03-10,2680.320068359375,U1,Uptrend,Medium,0.022086702323264706,-1.189654405186189
^KS11,2022-03-11,2661.280029296875,U1,Uptrend,Medium,-0.007103643810029925,-1.286223903062378
^KS11,2022-03-14,2645.64990234375,U1,Uptrend,Medium,-0.005873161328781573,-1.3573794515515543
^KS11,2022-03-15,2621.530029296875,U1,Uptrend,Medium,-0.009116804542244061,-1.4831634599264563
^KS11,2022-03-16,2659.22998046875,U1,Uptrend,Medium,0.014380896175347768,-1.1663720991137572
^KS11,2022-03-17,2694.510009765625,U1,Uptrend,Medium,0.01326700945611936,-0.874864712202659
^KS11,2022-03-18,2707.02001953125,U1,Uptrend,Medium,0.0046427772471748785,-0.7540719716530334
^KS11,2022-03-21,2686.050048828125,U1,Uptrend,Medium,-0.007746514821399875,-0.8837618238282227
^KS11,2022-03-22,2710.0,U1,Uptrend,Medium,0.00891642029616091,-0.6746760297302814
^KS11,2022-03-23,2735.050048828125,U1,Uptrend,Medium,0.009243560453182642,-0.45519468296540205
^KS11,2022-03-24,2729.659912109375,U1,Uptrend,Medium,-0.001970763467768921,-0.4731726156586319
^KS11,2022-03-25,2729.97998046875,U1,Uptrend,Medium,0.00011725576433718743,-0.44537460722092376
^KS11,2022-03-28,2729.56005859375,U1,Uptrend,Medium,-0.00015381866460717486,-0.4228282741301881
^KS11,2022-03-29,2741.070068359375,U1,Uptrend,Medium,0.0042168003335874005,-0.29757364027772965
^KS11,2022-03-30,2746.739990234375,U1,Uptrend,Medium,0.0020685067267884882,-0.218714163186329
^KS11,2022-03-31,2757.64990234375,U1,Uptrend,Medium,0.003971949346557535,-0.08476673226173825
^KS11,2022-04-01,2739.85009765625,U1,Uptrend,Medium,-0.006454700675517899,-0.2215477065940654
^KS11,2022-04-04,2757.89990234375,U1,Uptrend,Medium,0.006587880374528732,-0.00874245796504619
^KS11,2022-04-05,2759.199951171875,U1,Uptrend,Low,0.00047139086774694583,0.04596863408929458
^KS11,2022-04-06,2735.030029296875,U1,Uptrend,Low,-0.008759757285706882,-0.18177519919629667
^KS11,2022-04-07,2695.860107421875,U1,Uptrend,Low,-0.014321569216945607,-0.5951634254845038
^KS11,2022-04-08,2700.389892578125,U1,Uptrend,Low,0.0016802745601596225,-0.5191639207098276
^KS11,2022-04-11,2693.10009765625,U1,Uptrend,Low,-0.002699534219821609,-0.5839724367783281
^KS11,2022-04-12,2666.760009765625,U1,Uptrend,Low,-0.009780582576023877,-0.9001550755458283
^KS11,2022-04-13,2716.489990234375,U1,Uptrend,Low,0.018648089924342637,-0.20657186899227029
^KS11,2022-04-14,2716.7099609375,U1,Uptrend,Low,8.097607718626776e-05,-0.1605420289326681
^KS11,2022-04-15,2696.06005859375,U1,Uptrend,Low,-0.007601069912013703,-0.47333671145496603
^KS11,2022-04-18,2693.2099609375,U1,Uptrend,Low,-0.0010571343346619244,-0.5039061325929214
^KS11,2022-04-19,2718.889892578125,U1,Uptrend,Low,0.009535064853126274,0.03405014062202276
^KS11,2022-04-20,2718.68994140625,U1,Uptrend,Low,-7.354147456317683e-05,0.07651290287274297
^KS11,2022-04-21,2728.2099609375,U1,Uptrend,Low,0.0035016937335361487,0.3652301062304561
^KS11,2022-04-22,2704.7099609375,U1,Uptrend,Low,-0.008613706546223732,-0.15638719305950702
^KS11,2022-04-25,2657.1298828125,U1,Uptrend,Low,-0.01759156390599015,-1.3587313643591303
^KS11,2022-04-26,2668.31005859375,U1,Uptrend,Low,0.004207613580942571,-1.0314537394020074
^KS11,2022-04-27,2639.06005859375,U1,Uptrend,Low,-0.01096199443006829,-1.7219881917315034
^KS11,2022-04-28,2667.489990234375,U1,Uptrend,Low,0.010772749012682326,-1.0601834693596852
^KS11,2022-04-29,2695.050048828125,U1,Uptrend,Low,0.010331832057344892,-0.3451667462246348
^KS11,2022-05-02,2687.449951171875,U1,Uptrend,Low,-0.0028200209712448965,-0.5389907680087245
^KS11,2022-05-03,2680.4599609375,U1,Uptrend,Low,-0.0026009750363265027,-0.7002457576353538
^KS11,2022-05-04,2677.570068359375,U1,Uptrend,Low,-0.0010781330891860286,-0.7513663231785319
^KS11,2022-05-06,2644.510009765625,U1,Uptrend,Low,-0.01234703770572354,-1.5843783287257427
^KS11,2022-05-10,2596.56005859375,D1,Downtrend,Low,-0.01813188492189699,-2.6862993056289772
^KS11,2022-05-11,2592.27001953125,D1,Downtrend,Low,-0.0016522009757876654,-2.6301380124349416
^KS11,2022-05-12,2550.080078125,D1,Downtrend,Medium,-0.01627528810207779,-3.291435224300798
^KS11,2022-05-13,2604.239990234375,D1,Downtrend,Medium,0.021238514262343244,-1.9516780631461985
^KS11,2022-05-16,2596.580078125,D1,Downtrend,Medium,-0.002941323433362064,-2.0186640599850234
^KS11,2022-05-17,2620.43994140625,D1,Downtrend,Medium,0.009188957229649297,-1.453243592633934
^KS11,2022-05-18,2625.97998046875,U1,Uptrend,Medium,0.0021141637230299715,-1.2913619001862902
^KS11,2022-05-19,2592.340087890625,D1,Downtrend,Medium,-0.012810414713108398,-1.90482399038513
^KS11,2022-05-20,2639.2900390625,U1,Uptrend,Medium,0.01811103079846199,-0.9096702839843308
^KS11,2022-05-23,2647.3798828125,U1,Uptrend,Medium,0.0030651590504520154,-0.7203516347710551
^KS11,2022-05-24,2605.8701171875,D1,Downtrend,Medium,-0.015679565254118843,-1.513597033850364
^KS11,2022-05-25,2617.219970703125,D1,Downtrend,Medium,0.004355494712021457,-1.259531843701424
^KS11,2022-05-26,2612.449951171875,D1,Downtrend,Medium,-0.001822552014979717,-1.3138716725104285
^KS11,2022-05-27,2638.050048828125,U1,Uptrend,Medium,0.009799268171536202,-0.7840712686771617
^KS11,2022-05-30,2669.659912109375,U1,Uptrend,Medium,0.011982283389692316,-0.15023540243980632
^KS11,2022-05-31,2685.89990234375,U1,Uptrend,Medium,0.006083168182101195,0.19377180852841766
^KS11,2022-06-02,2658.989990234375,U1,Uptrend,Medium,-0.010018955690006548,-0.3294990812907996
^KS11,2022-06-03,2670.64990234375,U1,Uptrend,Medium,0.0043850906367448594,-0.10121047831205308
^KS11,2022-06-07,2626.340087890625,U1,Uptrend,Medium,-0.01659139762731121,-0.9986328954524627
^KS11,2022-06-08,2626.14990234375,U1,Uptrend,Medium,-7.241466851604095e-05,-0.9761790889865247
^KS11,2022-06-09,2625.43994140625,U1,Uptrend,Medium,-0.00027034288365124226,-0.9710714087991487
^KS11,2022-06-10,2595.8701171875,D1,Downtrend,Medium,-0.011262807330839841,-1.5164565424026226
^KS11,2022-06-13,2504.510009765625,D1,Downtrend,Medium,-0.03519440622894465,-3.023913511046108
^KS11,2022-06-14,2492.969970703125,D1,Downtrend,Medium,-0.004607703310229527,-2.9377426933479773
^KS11,2022-06-15,2447.3798828125,D1,Downtrend,Medium,-0.018287459707252984,-3.2820251057469596
^KS11,2022-06-16,2451.409912109375,D1,Downtrend,Medium,0.0016466709255793521,-2.925087340663635
^KS11,2022-06-17,2440.929931640625,D1,Downtrend,Medium,-0.004275082848030243,-2.8057927125047337
^KS11,2022-06-20,2391.030029296875,D1,Downtrend,Medium,-0.020442988427042064,-3.1057108025833844
^KS11,2022-06-21,2408.929931640625,D1,Downtrend,Medium,0.007486272495295099,-2.670741978425632
^KS11,2022-06-22,2342.81005859375,D2,Downtrend,Medium,-0.02744781912433769,-3.0825082977062936
^KS11,2022-06-23,2314.320068359375,D2,Downtrend,Medium,-0.012160606076395242,-3.0532624980871055
^KS11,2022-06-24,2366.60009765625,D2,Downtrend,Medium,0.022589800784960756,-2.3854970424924975
^KS11,2022-06-27,2401.919921875,D1,Downtrend,Medium,0.014924289174892191,-1.9600994239472862
^KS11,2022-06-28,2422.090087890625,D1,Downtrend,Medium,0.008397518098721468,-1.7056333027895698
^KS11,2022-06-29,2377.989990234375,D2,Downtrend,Medium,-0.018207455567706088,-1.9959474300386222
^KS11,2022-06-30,2332.639892578125,D2,Downtrend,Medium,-0.01907076894456583,-2.2507608310366227
^KS11,2022-07-01,2305.419921875,D2,Downtrend,Medium,-0.011669169677553826,-2.3336146846556933
^KS11,2022-07-04,2300.340087890625,D2,Downtrend,Medium,-0.0022034311129937034,-2.2447362141994462
^KS11,2022-07-05,2341.780029296875,D2,Downtrend,Medium,0.018014702097484125,-1.8349660768749727
^KS11,2022-07-06,2292.010009765625,D2,Downtrend,Medium,-0.02125307198310744,-2.0970119241606446
^KS11,2022-07-07,2334.27001953125,D2,Downtrend,Medium,0.018437969112511166,-1.7057009760016495
^KS11,2022-07-08,2350.610107421875,D2,Downtrend,Medium,0.0070000847176652226,-1.524249660223007
^KS11,2022-07-11,2340.27001953125,D2,Downtrend,Medium,-0.004398895358263322,-1.5352925487355105
^KS11,2022-07-12,2317.760009765625,D2,Downtrend,Medium,-0.009618552379752177,-1.6283807703940307
^KS11,2022-07-13,2328.610107421875,D2,Downtrend,Medium,0.00468128607385343,-1.4952661489624128
^KS11,2022-07-14,2322.320068359375,D2,Downtrend,Medium,-0.0027011989007743598,-1.4817363822338527
^KS11,2022-07-15,2330.97998046875,D2,Downtrend,Medium,0.0037289916352887253,-1.3715120559439355
^KS11,2022-07-18,2375.25,D2,Downtrend,Medium,0.018992020481594762,-1.0337201103812352
^KS11,2022-07-19,2370.969970703125,D2,Downtrend,Medium,-0.0018019279220607975,-1.0298463732287206
^KS11,2022-07-20,2386.85009765625,D2,Downtrend,Medium,0.006697734323651394,-0.8903059584593362
^KS11,2022-07-21,2409.159912109375,D1,Downtrend,Medium,0.009346969244123038,-0.706976572362069
^KS11,2022-07-22,2393.139892578125,D1,Downtrend,Medium,-0.0066496289643236395,-0.7929417199351239
^KS11,2022-07-25,2403.68994140625,D1,Downtrend,Medium,0.004408454708746401,-0.6915366181275947
^KS11,2022-07-26,2412.9599609375,D1,Downtrend,Medium,0.003856578742359229,-0.6010860031942521
^KS11,2022-07-27,2415.530029296875,D1,Downtrend,Medium,0.0010651102384544586,-0.5580745272196773
^KS11,2022-07-28,2435.27001953125,D1,Downtrend,Medium,0.008172115434276428,-0.3890193046302815
^KS11,2022-07-29,2451.5,D1,Downtrend,Low,0.006664550681683368,-0.24344199692014704
^KS11,2022-08-01,2452.25,D1,Downtrend,Low,0.00030593514175003556,-0.2129384935954946
^KS11,2022-08-02,2439.6201171875,D1,Downtrend,Low,-0.005150324319502464,-0.2856005623719209
^KS11,2022-08-03,2461.449951171875,D1,Downtrend,Low,0.008948046390739428,-0.09061426252873248
^KS11,2022-08-04,2473.110107421875,D1,Downtrend,Low,0.004737108810377588,0.019505764774167055
^KS11,2022-08-05,2490.800048828125,D1,Downtrend,Low,0.0071529129872389685,0.17762698538445304
^KS11,2022-08-08,2493.10009765625,D1,Downtrend,Low,0.0009234176903147873,0.20481153460436877
^KS11,2022-08-09,2503.4599609375,D1,Downtrend,Low,0.00415541409307596,0.30632016269791384
^KS11,2022-08-10,2480.8798828125,D1,Downtrend,Low,-0.009019548336033356,0.1370807152297284
^KS11,2022-08-11,2523.780029296875,D1,Downtrend,Low,0.017292310998846316,0.5148272758036915
^KS11,2022-08-12,2527.93994140625,D1,Downtrend,Low,0.001648286324911652,0.571617915491593
^KS11,2022-08-16,2533.52001953125,D1,Downtrend,Low,0.002207361825967924,0.6325567774764841
^KS11,2022-08-17,2516.469970703125,D1,Downtrend,Low,-0.006729786501264545,0.5125998599258392
^KS11,2022-08-18,2508.050048828125,D1,Downtrend,Low,-0.003345925829843055,0.46944304496833245
^KS11,2022-08-19,2492.68994140625,D1,Downtrend,Low,-0.006124322530585813,0.35347659805445014
^KS11,2022-08-22,2462.5,D1,Downtrend,Low,-0.012111390552335788,0.10341618979591098
^KS11,2022-08-23,2435.340087890625,D1,Downtrend,Low,-0.011029405932741154,-0.12431690513985931
^KS11,2022-08-24,2447.449951171875,D1,Downtrend,Low,0.004972555308174309,0.021387764544610124
^KS11,2022-08-25,2477.260009765625,D1,Downtrend,Low,0.012180048290457046,0.35870701054947884
^KS11,2022-08-26,2481.030029296875,D1,Downtrend,Low,0.0015218505592420328,0.45607762770324967
^KS11,2022-08-29,2426.889892578125,D1,Downtrend,Low,-0.021821637013435646,-0.0892178609802114
^KS11,2022-08-30,2450.929931640625,D1,Downtrend,Low,0.009905698291471365,0.23946910358392515
^KS11,2022-08-31,2472.050048828125,D1,Downtrend,Low,0.008617185222166812,0.5514287926227032
^KS11,2022-09-01,2415.610107421875,D1,Downtrend,Medium,-0.022831229259701047,-0.12636709119737408
^KS11,2022-09-02,2409.409912109375,D1,Downtrend,Medium,-0.0025667202225434504,-0.17229964920476357
^KS11,2022-09-05,2403.679931640625,D1,Downtrend,Medium,-0.0023781675504661592,-0.22067239006470113
^KS11,2022-09-06,2410.02001953125,D1,Downtrend,Medium,0.0026376589524952365,-0.1020989727725937
^KS11,2022-09-07,2376.4599609375,D2,Downtrend,Medium,-0.01392521984123496,-0.5943286756640292
^KS11,2022-09-08,2384.280029296875,D2,Downtrend,Medium,0.0032906375398347176,-0.45666752471613375
^KS11,2022-09-13,2449.5400390625,D1,Downtrend,Medium,0.02737095012487689,0.5584641339512851
^KS11,2022-09-14,2411.419921875,D1,Downtrend,Medium,-0.01556215313063003,-0.02668708305525983
^KS11,2022-09-15,2401.830078125,D1,Downtrend,Medium,-0.003976845203527812,-0.1789747184337393
^KS11,2022-09-16,2382.780029296875,D2,Downtrend,Medium,-0.007931472339207435,-0.46821795004382755
^KS11,2022-09-19,2355.659912109375,D2,Downtrend,Medium,-0.011381712476204897,-0.8964646008240179
^KS11,2022-09-20,2367.85009765625,D2,Downtrend,Medium,0.005174849512109558,-0.7319301037255056
^KS11,2022-09-21,2347.2099609375,D2,Downtrend,Medium,-0.008716825756486912,-1.0493365867405156
^KS11,2022-09-22,2332.31005859375,D2,Downtrend,Medium,-0.006347920548956276,-1.2495181997313576
^KS11,2022-09-23,2290.0,D2,Downtrend,Medium,-0.018140837852090974,-1.8205062076156946
^KS11,2022-09-26,2220.93994140625,D2,Downtrend,Medium,-0.030157230826965087,-2.654322746427729
^KS11,2022-09-27,2223.860107421875,D2,Downtrend,Medium,0.0013148334005719242,-2.471430657694743
^KS11,2022-09-28,2169.2900390625,D2,Downtrend,Medium,-0.02453844474175948,-2.9767043192725082
^KS11,2022-09-29,2170.929931640625,D2,Downtrend,Medium,0.0007559581930471904,-2.76942428068583
^KS11,2022-09-30,2155.489990234375,D2,Downtrend,Medium,-0.007112132538787952,-2.7351593931200666
^KS11,2022-10-04,2209.3798828125,D2,Downtrend,Medium,0.02500122608886035,-2.05960844995483
^KS11,2022-10-05,2215.219970703125,D2,Downtrend,Medium,0.0026433154099287925,-1.9179515892852783
^KS11,2022-10-06,2237.860107421875,D2,Downtrend,Medium,0.010220265715446653,-1.6215052979099418
^KS11,2022-10-07,2232.840087890625,D2,Downtrend,Medium,-0.0022432231195332886,-1.6215549945453867
^KS11,2022-10-11,2192.070068359375,D2,Downtrend,Medium,-0.018259265297303817,-1.9590308205799247
^KS11,2022-10-12,2202.469970703125,D2,Downtrend,Medium,0.0047443293414126675,-1.7890643928484438
^KS11,2022-10-13,2162.8701171875,D2,Downtrend,Medium,-0.01797974730297136,-2.0730225157480153
^KS11,2022-10-14,2212.550048828125,D2,Downtrend,Medium,0.02296944751598251,-1.5594643107244563
^KS11,2022-10-17,2219.7099609375,D2,Downtrend,Medium,0.0032360452651307714,-1.4433866409166838
^KS11,2022-10-18,2249.949951171875,D2,Downtrend,Medium,0.013623397095358758,-1.1397957234495195
^KS11,2022-10-19,2237.43994140625,D2,Downtrend,Medium,-0.005560128019340693,-1.213445080175451
^KS11,2022-10-20,2218.090087890625,D2,Downtrend,Medium,-0.008648211358675995,-1.3356622406306655
^KS11,2022-10-21,2213.1201171875,D2,Downtrend,Medium,-0.0022406532224538145,-1.3322591064846343
^KS11,2022-10-24,2236.159912109375,D2,Downtrend,Medium,0.010410548773626793,-1.1009050389955863
^KS11,2022-10-25,2235.070068359375,D2,Downtrend,Medium,-0.00048737290392253385,-1.075619401997413
^KS11,2022-10-26,2249.56005859375,D2,Downtrend,Medium,0.006483013861400488,-0.9256466925240862
^KS11,2022-10-27,2288.780029296875,D2,Downtrend,Medium,0.017434507050966275,-0.578829342731261
^KS11,2022-10-28,2268.39990234375,D2,Downtrend,Medium,-0.008904362451723213,-0.7237603473563314
^KS11,2022-10-31,2293.610107421875,D2,Downtrend,Medium,0.011113651103616062,-0.493209063726131
^KS11,2022-11-01,2335.219970703125,D2,Downtrend,Medium,0.018141646283561963,-0.13094063482191307
^KS11,2022-11-02,2336.8701171875,D2,Downtrend,Medium,0.0007066342807431347,-0.10035257082315797
^KS11,2022-11-03,2329.169921875,D2,Downtrend,Medium,-0.003295089126205908,-0.14663818274464946
^KS11,2022-11-04,2348.429931640625,D2,Downtrend,Medium,0.008269044514416679,0.0388573362201618
^KS11,2022-11-07,2371.7900390625,D2,Downtrend,Medium,0.009947117053458632,0.26245957135279746
^KS11,2022-11-08,2399.0400390625,D1,Downtrend,Medium,0.011489212599430143,0.5251942325096862
^KS11,2022-11-09,2424.409912109375,D1,Downtrend,Medium,0.010575010268185858,0.7666025974659454
^KS11,2022-11-10,2402.22998046875,D1,Downtrend,Low,-0.009148589737173252,0.5977752788512418
^KS11,2022-11-11,2483.159912109375,D1,Downtrend,Medium,0.03368950196218634,1.363602796337237
^KS11,2022-11-14,2474.64990234375,D1,Downtrend,Medium,-0.0034270888975475033,1.312783893369555
^KS11,2022-11-15,2480.330078125,D1,Downtrend,Medium,0.0022953452025153975,1.3844228222921
^KS11,2022-11-16,2477.449951171875,D1,Downtrend,Medium,-0.0011611869639955863,1.3720955992564179
^KS11,2022-11-17,2442.89990234375,D1,Downtrend,Medium,-0.013945811019020704,1.05977909658476
^KS11,2022-11-18,2444.47998046875,D1,Downtrend,Medium,0.0006468042851384137,1.0817358989708084
^KS11,2022-11-21,2419.5,D1,Downtrend,Medium,-0.010218934361638676,0.8433967330956867
^KS11,2022-11-22,2405.27001953125,D1,Downtrend,Medium,-0.005881372378073957,0.7161062708114959
^KS11,2022-11-23,2418.010009765625,D1,Downtrend,Medium,0.005296698553976853,0.8604767497959822
^KS11,2022-11-24,2441.330078125,D1,Downtrend,Medium,0.009644322507017078,1.1080417055584066
^KS11,2022-11-25,2437.860107421875,D1,Downtrend,Medium,-0.0014213443459435426,1.069455835149436
^KS11,2022-11-28,2408.27001953125,D1,Downtrend,Medium,-0.012137730052901863,0.7865861609023322
^KS11,2022-11-29,2433.389892578125,D1,Downtrend,Medium,0.010430671329689334,1.0544834121075843
^KS11,2022-11-30,2472.530029296875,D1,Downtrend,Medium,0.01608461382950921,1.4258985269406899
^KS11,2022-12-01,2479.840087890625,D1,Downtrend,Medium,0.0029565095295642774,1.467559449909388
^KS11,2022-12-02,2434.330078125,D1,Downtrend,Medium,-0.01835199373857055,1.0075577401342781
^KS11,2022-12-05,2419.320068359375,D1,Downtrend,Medium,-0.006165971451655428,0.8570255661061692
^KS11,2022-12-06,2393.159912109375,D1,Downtrend,Medium,-0.010813019985296934,0.5959479425050728
^KS11,2022-12-07,2382.81005859375,D2,Downtrend,Medium,-0.0043247647026238845,0.4945268774316502
^KS11,2022-12-08,2371.080078125,D2,Downtrend,Medium,-0.00492275094544159,0.39609318845480407
^KS11,2022-12-09,2389.0400390625,D2,Downtrend,Low,0.007574590627787758,0.5796467215087088
^KS11,2022-12-12,2373.02001953125,D2,Downtrend,Low,-0.006705630407741747,0.4261051469709202
^KS11,2022-12-13,2372.39990234375,D2,Downtrend,Low,-0.0002613198297511943,0.4219917815577471
^KS11,2022-12-14,2399.25,D1,Downtrend,Low,0.011317694638970588,0.6806631685663592
^KS11,2022-12-15,2360.969970703125,D2,Downtrend,Low,-0.015954998143951182,0.300750165094931
^KS11,2022-12-16,2360.02001953125,D2,Downtrend,Low,-0.0004023563127285579,0.2890191461737681
^KS11,2022-12-19,2352.169921875,D2,Downtrend,Low,-0.0033262843498290673,0.20748779432590256
^KS11,2022-12-20,2333.2900390625,D2,Downtrend,Low,-0.00802658117379984,0.01241791049762694
^KS11,2022-12-21,2328.949951171875,D2,Downtrend,Low,-0.001860072180468797,-0.049306690702451646
^KS11,2022-12-22,2356.72998046875,D2,Downtrend,Low,0.011928134944633184,0.21040222919596954
^KS11,2022-12-23,2313.68994140625,D2,Downtrend,Medium,-0.018262609386392015,-0.2585357648245207
^KS11,2022-12-26,2317.139892578125,D2,Downtrend,Low,0.0014911035010067852,-0.25462282751573684
^KS11,2022-12-27,2332.7900390625,D2,Downtrend,Low,0.006754079257149215,-0.12282639953003516
^KS11,2022-12-28,2280.449951171875,D2,Downtrend,Low,-0.02243669040684837,-0.727676263496053
^KS11,2022-12-29,2236.39990234375,D2,Downtrend,Medium,-0.019316384823744426,-1.234645339339076
^KS11,2023-01-02,2225.669921875,D2,Downtrend,Low,-0.004797880941375898,-1.349831698155257
^KS11,2023-01-03,2218.679931640625,D2,Downtrend,Low,-0.0031406230392359014,-1.4209283098936862
^KS11,2023-01-04,2255.97998046875,D2,Downtrend,Medium,0.016811820531744237,-1.0305055180696259
^KS11,2023-01-05,2264.64990234375,D2,Downtrend,Medium,0.0038430845796773028,-0.9582027748402543
^KS11,2023-01-06,2289.969970703125,D2,Downtrend,Medium,0.011180566291138616,-0.7142011938713957
^KS11,2023-01-09,2350.18994140625,D2,Downtrend,Medium,0.02629727528026704,-0.01580981660811072
^KS11,2023-01-10,2351.31005859375,D2,Downtrend,Medium,0.00047660708939534224,-0.029757677599265182
^KS11,2023-01-11,2359.530029296875,D2,Downtrend,Medium,0.003495911002074026,0.05188270270142499
^KS11,2023-01-12,2365.10009765625,D2,Downtrend,Medium,0.002360668561202761,0.09803395619239852
^KS11,2023-01-13,2386.090087890625,D2,Downtrend,Medium,0.008874884515533088,0.34609636047085757
^KS11,2023-01-16,2399.860107421875,D1,Downtrend,Medium,0.005770955422484958,0.5061913779972517
^KS11,2023-01-17,2379.389892578125,D2,Downtrend,Medium,-0.008529753372058302,0.19297461405542493
^KS11,2023-01-18,2368.320068359375,D2,Downtrend,Medium,-0.004652379273056284,0.0027027476052086234
^KS11,2023-01-19,2380.340087890625,D2,Downtrend,Medium,0.005075335758809363,0.15216185630883722
^KS11,2023-01-20,2395.260009765625,D1,Downtrend,Medium,0.006267979080342823,0.35606695647895586
^KS11,2023-01-25,2428.570068359375,D1,Downtrend,Medium,0.013906656671068163,0.8405197291284983
^KS11,2023-01-26,2468.64990234375,D1,Downtrend,Medium,0.016503470295774036,1.415989025141572
^KS11,2023-01-27,2484.02001953125,D1,Downtrend,Medium,0.006226122696826097,1.5871264657078568
^KS11,2023-01-30,2450.469970703125,D1,Downtrend,Medium,-0.013506352027893964,1.0396538064435499
^KS11,2023-01-31,2425.080078125,D1,Downtrend,Low,-0.010361233919075397,0.6309077671718021
^KS11,2023-02-01,2449.800048828125,D1,Downtrend,Low,0.010193465744124053,0.9759543092955962
^KS11,2023-02-02,2468.8798828125,D1,Downtrend,Low,0.00778832296680787,1.2246384459421908
^KS11,2023-02-03,2480.39990234375,D1,Downtrend,Low,0.004666091538696682,1.3550024809388206
^KS11,2023-02-06,2438.18994140625,D1,Downtrend,Medium,-0.017017401467245397,0.7289450553777408
^KS11,2023-02-07,2451.7099609375,D1,Downtrend,Medium,0.005545105121486982,0.9091205030485235
^KS11,2023-02-08,2483.639892578125,D1,Downtrend,Low,0.013023535470898517,1.374409367411097
^KS11,2023-02-09,2481.52001953125,D1,Downtrend,Low,-0.0008535347870719523,1.3388961036555236
^KS11,2023-02-10,2469.72998046875,D1,Downtrend,Low,-0.004751135985083477,1.1737663760175947
^KS11,2023-02-13,2452.699951171875,D1,Downtrend,Low,-0.00689550251709814,0.937601352332305
^KS11,2023-02-14,2465.639892578125,D1,Downtrend,Low,0.005275794701291359,1.1161610402766649
^KS11,2023-02-15,2427.89990234375,D1,Downtrend,Medium,-0.015306367465896753,0.5701600023342555
^KS11,2023-02-16,2475.47998046875,D1,Downtrend,Medium,0.01959721571678852,1.2393696570129626
^KS11,2023-02-17,2451.2099609375,D1,Downtrend,Medium,-0.00980416716060628,0.8712619374259848
^KS11,2023-02-20,2455.1201171875,D1,Downtrend,Medium,0.001595194337617789,0.9132501686818033
^KS11,2023-02-21,2458.9599609375,D1,Downtrend,Medium,0.0015640146170927682,0.9605648710911887
^KS11,2023-02-22,2417.679931640625,D1,Downtrend,Medium,-0.016787597176302405,0.3775246329544943
^KS11,2023-02-23,2439.090087890625,D1,Downtrend,Medium,0.008855661979818574,0.6740252265886166
^KS11,2023-02-24,2423.610107421875,D1,Downtrend,Medium,-0.006346621039380107,0.4563125106891675
^KS11,2023-02-27,2402.639892578125,D1,Downtrend,Medium,-0.008652470452872096,0.1757044322919764
^KS11,2023-02-28,2412.85009765625,D1,Downtrend,Medium,0.004249577770545132,0.34378255486708936
^KS11,2023-03-02,2427.85009765625,D1,Downtrend,Medium,0.006216714421907188,0.5653354735041282
^KS11,2023-03-03,2432.070068359375,D1,Downtrend,Low,0.0017381512586789327,0.6229655277244743
^KS11,2023-03-06,2462.6201171875,D1,Downtrend,Medium,0.012561335804249119,1.0427287300599626
^KS11,2023-03-07,2463.35009765625,D1,Downtrend,Low,0.0002964243098866337,1.0245781756496202
^KS11,2023-03-08,2431.909912109375,D1,Downtrend,Low,-0.012763181967836656,0.5577826753883801
^KS11,2023-03-09,2419.090087890625,D1,Downtrend,Low,-0.005271504571331076,0.3665769620338158
^KS11,2023-03-10,2394.590087890625,D1,Downtrend,Low,-0.010127774952508384,0.01092778969127713
^KS11,2023-03-13,2410.60009765625,D1,Downtrend,Low,0.006685908309145283,0.2311127377705372
^KS11,2023-03-14,2348.969970703125,D2,Downtrend,Medium,-0.025566300695435085,-0.6373512953919381
^KS11,2023-03-15,2379.719970703125,D2,Downtrend,Medium,0.01309084423535456,-0.20323705478140794
^KS11,2023-03-16,2377.909912109375,D2,Downtrend,Medium,-0.0007606183147739198,-0.23373676886117362
^KS11,2023-03-17,2395.68994140625,D1,Downtrend,Medium,0.007477166904570787,0.010461636629837694
^KS11,2023-03-20,2379.199951171875,D2,Downtrend,Medium,-0.006883190495300728,-0.23885310619136138
^KS11,2023-03-21,2388.35009765625,D2,Downtrend,Medium,0.0038458921789521483,-0.1218850617887514
^KS11,2023-03-22,2416.9599609375,D1,Downtrend,Medium,0.011978923571265954,0.28091476441225827
^KS11,2023-03-23,2424.47998046875,D1,Downtrend,Low,0.003111354616041284,0.36813588706876577
^KS11,2023-03-24,2414.9599609375,D1,Downtrend,Low,-0.003926623279194685,0.20594440506341263
^KS11,2023-03-27,2409.219970703125,D1,Downtrend,Low,-0.002376846956976708,0.1019047803461062
^KS11,2023-03-28,2434.93994140625,D1,Downtrend,Low,0.010675642330666424,0.4643389198708454
^KS11,2023-03-29,2443.919921875,D1,Downtrend,Low,0.0036879679519175035,0.5841113233621503
^KS11,2023-03-30,2453.159912109375,D1,Downtrend,Low,0.0037808072808236393,0.7305591102207263
^KS11,2023-03-31,2476.860107421875,D1,Downtrend,Low,0.00966108862105175,1.1944788938685458
^KS11,2023-04-03,2472.340087890625,D1,Downtrend,Low,-0.0018248989992232234,1.1250684115982779
^KS11,2023-04-04,2480.510009765625,D1,Downtrend,Low,0.0033045299532277195,1.341948163013223
^KS11,2023-04-05,2495.2099609375,D1,Downtrend,Low,0.005926180952305016,1.7231777355686178
^KS11,2023-04-06,2459.22998046875,D1,Downtrend,Low,-0.014419620405503486,0.7873799679377795
^KS11,2023-04-07,2490.409912109375,D1,Downtrend,Low,0.01267873760821736,1.563737228726266
^KS11,2023-04-10,2512.080078125,D1,Downtrend,Low,0.008701445456932966,2.058446821486964
^KS11,2023-04-11,2547.860107421875,D1,Downtrend,Low,0.014243188188324485,2.796620239556456
^KS11,2023-04-12,2550.639892578125,D1,Downtrend,Low,0.001091027387317034,2.659458290948183
^KS11,2023-04-13,2561.659912109375,D1,Downtrend,Low,0.004320492109966656,2.6952525319722
^KS11,2023-04-14,2571.489990234375,D1,Downtrend,Low,0.0038373860942788607,2.706999757266106
^KS11,2023-04-17,2575.909912109375,D1,Downtrend,Low,0.001718817452832866,2.6238664316500904
^KS11,2023-04-18,2571.090087890625,D1,Downtrend,Low,-0.0018711152110141294,2.3773530570131913
^KS11,2023-04-19,2575.080078125,D1,Downtrend,Low,0.0015518671450553967,2.310279436572485
^KS11,2023-04-20,2563.110107421875,D1,Downtrend,Low,-0.004648387754931815,1.9714306245350384
^KS11,2023-04-21,2544.39990234375,D1,Downtrend,Low,-0.00729980542932851,1.5651858389739022
^KS11,2023-04-24,2523.5,D1,Downtrend,Low,-0.008214079211565029,1.1598042907395751
^KS11,2023-04-25,2489.02001953125,D1,Downtrend,Low,-0.013663554772637254,0.5233134394516936
^KS11,2023-04-26,2484.830078125,D1,Downtrend,Low,-0.001683369909993404,0.4304953479480248
^KS11,2023-04-27,2495.81005859375,D1,Downtrend,Low,0.0044188053603388955,0.6134165698245251
^KS11,2023-04-28,2501.530029296875,D1,Downtrend,Low,0.002291829333498141,0.7038238053898302
^KS11,2023-05-02,2524.389892578125,D1,Downtrend,Low,0.009138352533659244,1.090808202690997
^KS11,2023-05-03,2501.39990234375,D1,Downtrend,Low,-0.009107147157405127,0.6617151484653515
^KS11,2023-05-04,2500.93994140625,D1,Downtrend,Low,-0.00018388140859404434,0.6370131302452069
^KS11,2023-05-08,2513.2099609375,D1,Downtrend,Low,0.004906163210121273,0.8410547329909893
^KS11,2023-05-09,2510.06005859375,D1,Downtrend,Low,-0.0012533383174141433,0.7737404376792606
^KS11,2023-05-10,2496.510009765625,D1,Downtrend,Low,-0.005398296658971735,0.527190564847601
^KS11,2023-05-11,2491.0,D1,Downtrend,Low,-0.0022070849882721566,0.41925779805291913
^KS11,2023-05-12,2475.419921875,D1,Downtrend,Low,-0.006254547621437179,0.14424996170314708
^KS11,2023-05-15,2479.35009765625,D1,Downtrend,Low,0.001587680436163419,0.19864975421339798
^KS11,2023-05-16,2480.239990234375,D1,Downtrend,Low,0.00035892171055884603,0.21280638917693173
^KS11,2023-05-17,2494.659912109375,D1,Downtrend,Low,0.005813922012295913,0.45236414214043036
^KS11,2023-05-18,2515.39990234375,D1,Downtrend,Low,0.008313754565782983,0.7939201005827059
^KS11,2023-05-19,2537.7900390625,D1,Downtrend,Low,0.00890122349845357,1.1481646262300604
^KS11,2023-05-22,2557.080078125,D1,Downtrend,Low,0.007601117021337922,1.4254520332063279
^KS11,2023-05-23,2567.550048828125,D1,Downtrend,Low,0.004094502472836936,1.539645588855294
^KS11,2023-05-24,2567.449951171875,D1,Downtrend,Low,-3.898566896320954e-05,1.4790111934512895
^KS11,2023-05-25,2554.68994140625,D1,Downtrend,Low,-0.004969915678317616,1.226647705060415
^KS11,2023-05-26,2558.81005859375,D1,Downtrend,Low,0.0016127660428459922,1.251111794389325
^KS11,2023-05-30,2585.52001953125,D1,Downtrend,Low,0.010438430491467976,1.6221607316044342
^KS11,2023-05-31,2577.1201171875,D1,Downtrend,Low,-0.0032488251029952897,1.4301609808975884
^KS11,2023-06-01,2569.169921875,D1,Downtrend,Low,-0.003084914536764516,1.2583544559562851
^KS11,2023-06-02,2601.360107421875,D1,Downtrend,Low,0.012529410870333768,1.6914860777786593
^KS11,2023-06-05,2615.409912109375,D1,Downtrend,Low,0.0054009457004491335,1.8213010473299203
^KS11,2023-06-07,2615.60009765625,D1,Downtrend,Low,7.271729987512465e-05,1.7473496557941712
^KS11,2023-06-08,2610.85009765625,D1,Downtrend,Low,-0.0018160268476271613,1.6194795010035947
^KS11,2023-06-09,2641.159912109375,U1,Uptrend,Low,0.01160917452914445,1.9761978868842045
^KS11,2023-06-12,2629.35009765625,U1,Uptrend,Low,-0.004471449986416354,1.7699499346706449
^KS11,2023-06-13,2637.949951171875,U1,Uptrend,Low,0.0032707145097530255,1.8408655780713445
^KS11,2023-06-14,2619.080078125,D1,Downtrend,Low,-0.007153233911239454,1.524384652557088
^KS11,2023-06-15,2608.5400390625,D1,Downtrend,Low,-0.004024328675756084,1.3308359165581851
^KS11,2023-06-16,2625.7900390625,U1,Uptrend,Low,0.006612894470348962,1.568662930941795
^KS11,2023-06-19,2609.5,D1,Downtrend,Low,-0.00620386200730505,1.2890196564897063
^KS11,2023-06-20,2604.909912109375,D1,Downtrend,Low,-0.0017589913357444198,1.1844421345542728
^KS11,2023-06-21,2582.6298828125,D1,Downtrend,Low,-0.008553090144615916,0.7903478453449008
^KS11,2023-06-22,2593.699951171875,D1,Downtrend,Low,0.004286354941157811,0.9553551839117352
^KS11,2023-06-23,2570.10009765625,D1,Downtrend,Low,-0.009098914276866266,0.5190126229834632
^KS11,2023-06-26,2582.199951171875,D1,Downtrend,Low,0.0047079308415494125,0.7155667739532635
^KS11,2023-06-27,2581.389892578125,D1,Downtrend,Low,-0.0003137087015211426,0.6756688570790366
^KS11,2023-06-28,2564.18994140625,D1,Downtrend,Low,-0.006663058231275887,0.3166667236604002
^KS11,2023-06-29,2550.02001953125,D1,Downtrend,Low,-0.005526081218160006,0.011446315953037273
^KS11,2023-06-30,2564.280029296875,D1,Downtrend,Low,0.005592116789830737,0.2741474917429383
^KS11,2023-07-03,2602.469970703125,D1,Downtrend,Low,0.014893046379463426,1.0293141293266488
^KS11,2023-07-04,2593.31005859375,D1,Downtrend,Low,-0.0035196994441785145,0.8102311956321013
^KS11,2023-07-05,2579.0,D1,Downtrend,Low,-0.0055180669763451595,0.4845112377337651
^KS11,2023-07-06,2556.2900390625,D1,Downtrend,Low,-0.008805723512020136,-0.03217125434729889
^KS11,2023-07-07,2526.7099609375,D1,Downtrend,Low,-0.011571487457600171,-0.6937205963831546
^KS11,2023-07-10,2520.699951171875,D1,Downtrend,Low,-0.0023785910763557405,-0.8126551284156817
^KS11,2023-07-11,2562.489990234375,D1,Downtrend,Low,0.016578743948906682,0.10487948443934554
^KS11,2023-07-12,2574.719970703125,D1,Downtrend,Low,0.00477269394821378,0.3694850507078362
^KS11,2023-07-13,2591.22998046875,D1,Downtrend,Low,0.00641235161628706,0.7233487148025926
^KS11,2023-07-14,2628.300048828125,U1,Uptrend,Low,0.014305973857507315,1.4906173203404478
^KS11,2023-07-17,2619.0,D1,Downtrend,Low,-0.0035384273695355795,1.2561974797031343
^KS11,2023-07-18,2607.6201171875,D1,Downtrend,Low,-0.004345125167048547,0.9948514182643334
^KS11,2023-07-19,2608.239990234375,D1,Downtrend,Low,0.0002377160088578023,0.9837749456319017
^KS11,2023-07-20,2600.22998046875,D1,Downtrend,Low,-0.003071040163334482,0.7931224417982324
^KS11,2023-07-21,2609.760009765625,D1,Downtrend,Low,0.0036650716930650695,0.9595274978385675
^KS11,2023-07-24,2628.530029296875,U1,Uptrend,Low,0.007192239692927149,1.3095588447222501
^KS11,2023-07-25,2636.4599609375,U1,Uptrend,Low,0.0030168693346623865,1.433223338673023
^KS11,2023-07-26,2592.360107421875,D1,Downtrend,Low,-0.016726919493950332,0.4785345365397428
^KS11,2023-07-27,2603.81005859375,D1,Downtrend,Low,0.004416805805294466,0.6981012290701879
^KS11,2023-07-28,2608.320068359375,D1,Downtrend,Low,0.0017320809368333023,0.7691089612056232
^KS11,2023-07-31,2632.580078125,U1,Uptrend,Low,0.009301009511798242,1.2620970347600742
^KS11,2023-08-01,2667.070068359375,U1,Uptrend,Low,0.013101212198999734,1.942660919888828
^KS11,2023-08-02,2616.469970703125,D1,Downtrend,Low,-0.018972166594549256,0.8093773615309641
^KS11,2023-08-03,2605.389892578125,D1,Downtrend,Low,-0.004234743088613602,0.5391559060962509
^KS11,2023-08-04,2602.800048828125,D1,Downtrend,Low,-0.00099403308402235,0.45472819018247396
^KS11,2023-08-07,2580.7099609375,D1,Downtrend,Low,-0.008487047593444874,-0.0968804926840645
^KS11,2023-08-08,2573.97998046875,D1,Downtrend,Low,-0.0026078019500901384,-0.3190554750265718
^KS11,2023-08-09,2605.1201171875,D1,Downtrend,Low,0.012098049306925374,0.4601216966896938
^KS11,2023-08-10,2601.56005859375,D1,Downtrend,Low,-0.0013665621674264772,0.3323602470784415
^KS11,2023-08-11,2591.260009765625,D1,Downtrend,Low,-0.003959181643376164,-0.026696333143443565
^KS11,2023-08-14,2570.8701171875,D1,Downtrend,Low,-0.007868717342637166,-0.7543574895429942
^KS11,2023-08-16,2525.639892578125,D1,Downtrend,Low,-0.017593352657915062,-2.255847150989873
^KS11,2023-08-17,2519.85009765625,D1,Downtrend,Low,-0.002292407139627861,-2.341093756433767
^KS11,2023-08-18,2504.5,D1,Downtrend,Low,-0.006091670957144357,-2.644048928413832
^KS11,2023-08-21,2508.800048828125,D1,Downtrend,Low,0.001716929058943828,-2.3703850055835467
^KS11,2023-08-22,2515.739990234375,D1,Downtrend,Low,0.0027662393459739754,-2.086363406161458
^KS11,2023-08-23,2505.5,D1,Downtrend,Low,-0.0040703690660103264,-2.2597368152314457
^KS11,2023-08-24,2537.679931640625,D1,Downtrend,Low,0.012843716479993939,-1.3419624339468932
^KS11,2023-08-25,2519.139892578125,D1,Downtrend,Low,-0.0073059012806685475,-1.7642468095494843
^KS11,2023-08-28,2543.409912109375,D1,Downtrend,Low,0.009634248420563818,-1.1107978738387192
^KS11,2023-08-29,2552.159912109375,D1,Downtrend,Low,0.0034402633874863753,-0.8592683136573578
^KS11,2023-08-30,2561.219970703125,D1,Downtrend,Low,0.003549957254152636,-0.6044693757459675
^KS11,2023-08-31,2556.27001953125,D1,Downtrend,Low,-0.0019326536683672568,-0.7072403771950874
^KS11,2023-09-01,2563.7099609375,D1,Downtrend,Low,0.00291046773204906,-0.49631600716931046
^KS11,2023-09-04,2584.550048828125,D1,Downtrend,Low,0.008128878932546657,0.06753930186080882
^KS11,2023-09-05,2582.179931640625,D1,Downtrend,Low,-0.0009170328075382983,0.026169975864100012
^KS11,2023-09-06,2563.340087890625,D1,Downtrend,Low,-0.007296100290745344,-0.45192837517958623
^KS11,2023-09-07,2548.260009765625,D1,Downtrend,Low,-0.005882979865309057,-0.8331633971558838
^KS11,2023-09-08,2547.679931640625,D1,Downtrend,Low,-0.00022763694551453106,-0.8212067892552457
^KS11,2023-09-11,2556.8798828125,D1,Downtrend,Low,0.0036111094873485516,-0.5454613278146959
^KS11,2023-09-12,2536.580078125,D1,Downtrend,Low,-0.007939287576219978,-1.0699963073275252
^KS11,2023-09-13,2534.699951171875,D1,Downtrend,Low,-0.0007412054400879331,-1.084665891898003
^KS11,2023-09-14,2572.889892578125,D1,Downtrend,Low,0.015066848992755011,-0.032269312110901185
^KS11,2023-09-15,2601.280029296875,D1,Downtrend,Low,0.011034338002821498,0.7419796955984189
^KS11,2023-09-18,2574.719970703125,D1,Downtrend,Low,-0.01021038038758526,0.012363088105866853
^KS11,2023-09-19,2559.2099609375,D1,Downtrend,Low,-0.006023959864415618,-0.40162607216142177
^KS11,2023-09-20,2559.739990234375,D1,Downtrend,Low,0.00020710660905720601,-0.37692069890340146
^KS11,2023-09-21,2514.969970703125,D1,Downtrend,Low,-0.01749006528086894,-1.5466382707916382
^KS11,2023-09-22,2508.1298828125,D1,Downtrend,Low,-0.0027197493291392094,-1.6746416790494068
^KS11,2023-09-25,2495.760009765625,D1,Downtrend,Low,-0.0049319108757653884,-1.906968887569046
^KS11,2023-09-26,2462.969970703125,D1,Downtrend,Low,-0.013138298127302384,-2.541083723806739
^KS11,2023-09-27,2465.070068359375,D1,Downtrend,Low,0.0008526688027992169,-2.3293781889127105
^KS11,2023-10-04,2405.68994140625,D1,Downtrend,Low,-0.024088616269088647,-3.277346454430245
^KS11,2023-10-05,2403.60009765625,D1,Downtrend,Low,-0.0008687086868636174,-3.003660652344242
^KS11,2023-10-06,2408.72998046875,D1,Downtrend,Low,0.002134249710466385,-2.6929193842503976
^KS11,2023-10-10,2402.580078125,D1,Downtrend,Low,-0.0025531721669164176,-2.6107972533669357
^KS11,2023-10-11,2450.080078125,D1,Downtrend,Medium,0.019770412829307027,-1.7299239577571188
^KS11,2023-10-12,2479.820068359375,D1,Downtrend,Medium,0.012138374782074246,-1.2001818326186156
^KS11,2023-10-13,2456.14990234375,D1,Downtrend,Medium,-0.009545114307944469,-1.5223887507449645
^KS11,2023-10-16,2436.239990234375,D1,Downtrend,Medium,-0.00810614697839751,-1.7641878853139454
^KS11,2023-10-17,2460.169921875,D1,Downtrend,Medium,0.009822485361272948,-1.3386763841820117
^KS11,2023-10-18,2462.60009765625,D1,Downtrend,Medium,0.0009878081020509022,-1.2556713973305667
^KS11,2023-10-19,2415.800048828125,D1,Downtrend,Medium,-0.019004323467974538,-1.8922284235231086
^KS11,2023-10-20,2375.0,D2,Downtrend,Medium,-0.016888835169912575,-2.354250469153082
^KS11,2023-10-23,2357.02001953125,D2,Downtrend,Medium,-0.007570518092105294,-2.4447720288712556
^KS11,2023-10-24,2383.510009765625,D2,Downtrend,Medium,0.011238763360034154,-1.9794132411029093
^KS11,2023-10-25,2363.169921875,D2,Downtrend,Medium,-0.008533670010735572,-2.148331934270382
^KS11,2023-10-26,2299.080078125,D2,Downtrend,Medium,-0.027120285831646607,-2.762963722735916
^KS11,2023-10-27,2302.81005859375,D2,Downtrend,Medium,0.0016223795352929837,-2.5277931475561433
^KS11,2023-10-30,2310.550048828125,D2,Downtrend,Medium,0.0033611066642211807,-2.291097072171368
^KS11,2023-10-31,2277.989990234375,D2,Downtrend,Medium,-0.014091907946449322,-2.500627648391746
^KS11,2023-11-01,2301.56005859375,D2,Downtrend,Medium,0.010346870908308992,-2.145428251963828
^KS11,2023-11-02,2343.1201171875,D2,Downtrend,Medium,0.018057342643990504,-1.6245772971425532
^KS11,2023-11-03,2368.340087890625,D2,Downtrend,Medium,0.01076341350071175,-1.3040256598266182
^KS11,2023-11-06,2502.3701171875,D1,Downtrend,Medium,0.05659239143152339,0.17879215714846872
^KS11,2023-11-07,2443.9599609375,D1,Downtrend,Medium,-0.02334193325312295,-0.445306952584098
^KS11,2023-11-08,2421.6201171875,D1,Downtrend,Medium,-0.00914083868273785,-0.6692133328273353
^KS11,2023-11-09,2427.080078125,D1,Downtrend,Medium,0.0022546727699972458,-0.5828843105274535
^KS11,2023-11-10,2409.659912109375,D1,Downtrend,Medium,-0.0071774170834456585,-0.7535231085276349
^KS11,2023-11-13,2403.760009765625,D1,Downtrend,Medium,-0.0024484377708658966,-0.7934062325839291
^KS11,2023-11-14,2433.25,D1,Downtrend,Medium,0.012268275582657084,-0.4285735433471174
^KS11,2023-11-15,2486.669921875,D1,Downtrend,Medium,0.02195414440563037,0.20616136319104678
^KS11,2023-11-16,2488.179931640625,D1,Downtrend,Medium,0.000607241738174169,0.23074140128693338
^KS11,2023-11-17,2469.85009765625,D1,Downtrend,Medium,-0.007366763854689928,0.0213564772018028
^KS11,2023-11-20,2491.199951171875,D1,Downtrend,Medium,0.008644189999986063,0.2774385427118745
^KS11,2023-11-21,2510.419921875,D1,Downtrend,Medium,0.007715145744958685,0.5061626517715302
^KS11,2023-11-22,2511.699951171875,D1,Downtrend,Medium,0.000509886527636727,0.519778895202226
^KS11,2023-11-23,2514.9599609375,D1,Downtrend,Medium,0.001297929620974081,0.5646161065426595
^KS11,2023-11-24,2496.6298828125,D1,Downtrend,Medium,-0.007288417473718778,0.35229893549535984
^KS11,2023-11-27,2495.659912109375,D1,Downtrend,Medium,-0.00038851201365586174,0.35236935486544035
^KS11,2023-11-28,2521.760009765625,D1,Downtrend,Medium,0.010458194856441727,0.6743071372140644
^KS11,2023-11-29,2519.81005859375,D1,Downtrend,Medium,-0.0007732500968862244,0.6642419837332308
^KS11,2023-11-30,2535.2900390625,D1,Downtrend,Medium,0.006143312435775039,0.8597862042071828
^KS11,2023-12-01,2505.010009765625,D1,Downtrend,Medium,-0.011943418240254688,0.5083435582928183
^KS11,2023-12-04,2514.949951171875,D1,Downtrend,Low,0.003968024625650157,0.6551130165910096
^KS11,2023-12-05,2494.280029296875,D1,Downtrend,Low,-0.00821882036474264,0.42268996039596246
^KS11,2023-12-06,2495.3798828125,D1,Downtrend,Low,0.0004409502953583999,0.45700872813462506
^KS11,2023-12-07,2492.070068359375,D1,Downtrend,Low,-0.0013263769880978993,0.4305685529194726
^KS11,2023-12-08,2517.85009765625,D1,Downtrend,Low,0.010344825221486165,0.7775918607573644
^KS11,2023-12-11,2525.360107421875,D1,Downtrend,Low,0.0029827072599022397,0.889653171659368
^KS11,2023-12-12,2535.27001953125,D1,Downtrend,Low,0.003924158016217261,1.021080848136352
^KS11,2023-12-13,2510.659912109375,D1,Downtrend,Low,-0.009707095193917548,0.7046284487120199
^KS11,2023-12-14,2544.179931640625,D1,Downtrend,Low,0.013351079279824818,1.1658531156876726
^KS11,2023-12-15,2563.56005859375,D1,Downtrend,Low,0.007617435666441796,1.4547380878931
^KS11,2023-12-18,2566.860107421875,D1,Downtrend,Low,0.0012872914044133044,1.5055729403520473
^KS11,2023-12-19,2568.550048828125,D1,Downtrend,Low,0.000658369110713819,1.5216732669335358
^KS11,2023-12-20,2614.300048828125,D1,Downtrend,Low,0.017811605431193644,2.084720480125834
^KS11,2023-12-21,2600.02001953125,D1,Downtrend,Low,-0.00546227633789631,1.830455435820861
^KS11,2023-12-22,2599.510009765625,D1,Downtrend,Low,-0.0001961560917969063,1.7614206417043488
^KS11,2023-12-26,2602.590087890625,D1,Downtrend,Low,0.00118486873042567,1.7341828237223824
^KS11,2023-12-27,2613.5,D1,Downtrend,Low,0.004191944079145138,1.786610644651104
^KS11,2023-12-28,2655.280029296875,U1,Uptrend,Low,0.01598623657810405,2.1577369518307896
^KS11,2024-01-02,2669.81005859375,U1,Uptrend,Low,0.005472126908107056,2.188075301085234
^KS11,2024-01-03,2607.31005859375,D1,Downtrend,Low,-0.02340990506003271,1.4394052573038367
^KS11,2024-01-04,2587.02001953125,D1,Downtrend,Low,-0.007781981661760362,1.176437711023532
^KS11,2024-01-05,2578.080078125,D1,Downtrend,Low,-0.003455690848449544,1.04399531489471
^KS11,2024-01-08,2567.820068359375,D1,Downtrend,Low,-0.0039797094949381995,0.9063367658705925
^KS11,2024-01-09,2561.239990234375,D1,Downtrend,Low,-0.0025625152658005357,0.8163715561382787
^KS11,2024-01-10,2541.97998046875,D1,Downtrend,Low,-0.007519798940771039,0.5940929746510929
^KS11,2024-01-11,2540.27001953125,D1,Downtrend,Low,-0.0006726885933950877,0.557270611246861
^KS11,2024-01-12,2525.050048828125,D1,Downtrend,Low,-0.005991477514635801,0.3834310008932871
^KS11,2024-01-15,2525.989990234375,D1,Downtrend,Low,0.00037224664385804296,0.38197004768197684
^KS11,2024-01-16,2497.590087890625,D1,Downtrend,Low,-0.011243077943121627,0.06562854998761675
^KS11,2024-01-17,2435.89990234375,D1,Downtrend,Medium,-0.0246998840386079,-0.6114638898742665
^KS11,2024-01-18,2440.0400390625,D1,Downtrend,Medium,0.0016996333530645558,-0.5909354623177877
^KS11,2024-01-19,2472.739990234375,D1,Downtrend,Medium,0.013401399423117244,-0.2512499071075796
^KS11,2024-01-22,2464.35009765625,D1,Downtrend,Low,-0.0033929538128794068,-0.36978080628055215
^KS11,2024-01-23,2478.610107421875,D1,Downtrend,Low,0.005786519447535943,-0.2533415838355041
^KS11,2024-01-24,2469.68994140625,D1,Downtrend,Low,-0.003598858081355627,-0.4110000322864918
^KS11,2024-01-25,2470.340087890625,D1,Downtrend,Low,0.00026325024590123647,-0.45826934107827993
^KS11,2024-01-26,2478.56005859375,D1,Downtrend,Low,0.003327465211538483,-0.4278272467560081
^KS11,2024-01-29,2500.64990234375,D1,Downtrend,Low,0.008912369774300766,-0.17581002533571852
^KS11,2024-01-30,2498.81005859375,D1,Downtrend,Low,-0.0007357462347190591,-0.259038205525036
^KS11,2024-01-31,2497.090087890625,D1,Downtrend,Low,-0.000688315903487613,-0.3386662410252323
^KS11,2024-02-01,2542.4599609375,D1,Downtrend,Low,0.01816909740937711,0.4264219142945899
^KS11,2024-02-02,2615.31005859375,D1,Downtrend,Medium,0.028653390328863715,1.6093183651976273
^KS11,2024-02-05,2591.31005859375,D1,Downtrend,Medium,-0.009176732189415726,1.1693865868546942
^KS11,2024-02-06,2576.199951171875,D1,Downtrend,Medium,-0.0058310688725821125,0.8823490055693043
^KS11,2024-02-07,2609.580078125,D1,Downtrend,Medium,0.012957118075381135,1.4339711671728843
^KS11,2024-02-08,2620.320068359375,D1,Downtrend,Medium,0.004115600944536446,1.5962243349392942
^KS11,2024-02-13,2649.639892578125,U1,Uptrend,Medium,0.011189405665662733,2.0470242280313613
^KS11,2024-02-14,2620.419921875,D1,Downtrend,Medium,-0.01102790261611497,1.4618960958607383
^KS11,2024-02-15,2613.800048828125,D1,Downtrend,Medium,-0.00252626420353963,1.2964040578048912
^KS11,2024-02-16,2648.760009765625,U1,Uptrend,Low,0.013375147403939414,1.8327599052562977
^KS11,2024-02-19,2680.260009765625,U1,Uptrend,Medium,0.011892357134607678,2.239871749842974
^KS11,2024-02-20,2657.7900390625,U1,Uptrend,Medium,-0.008383504070968772,1.7772221859673847
^KS11,2024-02-21,2653.31005859375,U1,Uptrend,Medium,-0.0016856036040868716,1.6319329186209446
^KS11,2024-02-22,2664.27001953125,U1,Uptrend,Medium,0.004130674778095367,1.7268466478939835
^KS11,2024-02-23,2667.699951171875,U1,Uptrend,Medium,0.0012873813898293118,1.7038246601495841
^KS11,2024-02-26,2647.080078125,U1,Uptrend,Medium,-0.007729457369378134,1.3373543900405778
^KS11,2024-02-27,2625.050048828125,U1,Uptrend,Medium,-0.008322388687417193,0.9699535744907566
^KS11,2024-02-28,2652.2900390625,U1,Uptrend,Medium,0.010376941287856711,1.3333478355893986
^KS11,2024-02-29,2642.360107421875,U1,Uptrend,Medium,-0.0037439086579440506,1.1463539017574438
^KS11,2024-03-04,2674.27001953125,U1,Uptrend,Medium,0.012076291955720242,1.555408343848407
^KS11,2024-03-05,2649.39990234375,U1,Uptrend,Medium,-0.009299777885502847,1.1515465391488642
^KS11,2024-03-06,2641.489990234375,U1,Uptrend,Low,-0.0029855485773883084,1.0027901616601733
^KS11,2024-03-07,2647.6201171875,U1,Uptrend,Low,0.002320708000328686,1.056479178253167
^KS11,2024-03-08,2680.35009765625,U1,Uptrend,Low,0.01236203798886315,1.4784105877733666
^KS11,2024-03-11,2659.840087890625,U1,Uptrend,Low,-0.007651989112750335,1.1416350303342788
^KS11,2024-03-12,2681.81005859375,U1,Uptrend,Low,0.008259884044588661,1.4041610594320741
^KS11,2024-03-13,2693.570068359375,U1,Uptrend,Low,0.00438510166965056,1.5097930957925612
^KS11,2024-03-14,2718.760009765625,U1,Uptrend,Low,0.00935187901816592,1.7812544375274337
^KS11,2024-03-15,2666.840087890625,U1,Uptrend,Low,-0.01909691244850842,1.0322123218157242
^KS11,2024-03-18,2685.840087890625,U1,Uptrend,Low,0.007124536670298998,1.2488018269960088
^KS11,2024-03-19,2656.169921875,U1,Uptrend,Low,-0.011046884790124278,0.8236872395709646
^KS11,2024-03-20,2690.139892578125,U1,Uptrend,Low,0.012789080406100384,1.2380978351194034
^KS11,2024-03-21,2754.860107421875,U1,Uptrend,Medium,0.024058308276944107,1.99570273925822
^KS11,2024-03-22,2748.56005859375,U1,Uptrend,Medium,-0.0022868852074020563,1.8280712848711558
^KS11,2024-03-25,2737.570068359375,U1,Uptrend,Medium,-0.003998453735807317,1.62429930499304
^KS11,2024-03-26,2757.090087890625,U1,Uptrend,Medium,0.007130418233622926,1.7798282869002164
^KS11,2024-03-27,2755.110107421875,U1,Uptrend,Medium,-0.0007181413757374466,1.6857100108001808
^KS11,2024-03-28,2745.820068359375,U1,Uptrend,Medium,-0.003371930231562792,1.5329254116374371
^KS11,2024-03-29,2746.6298828125,U1,Uptrend,Medium,0.00029492626354388207,1.5033990831450266
^KS11,2024-04-01,2747.860107421875,U1,Uptrend,Low,0.00044790330764010733,1.463256023033954
^KS11,2024-04-02,2753.159912109375,U1,Uptrend,Low,0.0019287025104317568,1.4642573777360888
^KS11,2024-04-03,2706.969970703125,U1,Uptrend,Medium,-0.01677706449345362,0.9389259874467447
^KS11,2024-04-04,2742.0,U1,Uptrend,Medium,0.012940678942136907,1.2675114999893078
^KS11,2024-04-05,2714.2099609375,U1,Uptrend,Medium,-0.010134952247447093,0.9431729059490503
^KS11,2024-04-08,2717.64990234375,U1,Uptrend,Medium,0.0012673822054141137,0.9473657393055329
^KS11,2024-04-09,2705.159912109375,U1,Uptrend,Medium,-0.004595879043729489,0.7888025520898636
^KS11,2024-04-11,2706.9599609375,U1,Uptrend,Medium,0.0006654130944596659,0.7800361069145512
^KS11,2024-04-12,2681.820068359375,U1,Uptrend,Medium,-0.009287131298912232,0.4910426626571314
^KS11,2024-04-15,2670.429931640625,U1,Uptrend,Low,-0.004247166636245692,0.34486031618658897
^KS11,2024-04-16,2609.6298828125,D1,Downtrend,Medium,-0.022767887712661805,-0.3627991261385748
^KS11,2024-04-17,2584.179931640625,D1,Downtrend,Medium,-0.009752322097280164,-0.7085539943252187
^KS11,2024-04-18,2634.699951171875,U1,Uptrend,Medium,0.019549729843763686,-0.14751171409542754
^KS11,2024-04-19,2591.860107421875,D1,Downtrend,Low,-0.016259856736606904,-0.7289043401035799
^KS11,2024-04-22,2629.43994140625,U1,Uptrend,Medium,0.014499175274454101,-0.29227030790322406
^KS11,2024-04-23,2623.02001953125,U1,Uptrend,Medium,-0.002441554862655071,-0.43389546183173466
^KS11,2024-04-24,2675.75,U1,Uptrend,Medium,0.020102774693337322,0.27492540153592776
^KS11,2024-04-25,2628.6201171875,U1,Uptrend,Medium,-0.017613709357189533,-0.4961044010860415
^KS11,2024-04-26,2656.330078125,U1,Uptrend,Medium,0.010541637704252427,-0.10266212760801988
^KS11,2024-04-29,2687.43994140625,U1,Uptrend,Medium,0.011711595459254598,0.3949415507370154
^KS11,2024-04-30,2692.06005859375,U1,Uptrend,Medium,0.0017191517906378628,0.45695157668096004
^KS11,2024-05-02,2683.64990234375,U1,Uptrend,Medium,-0.0031240596669277476,0.2594042385532959
^KS11,2024-05-03,2676.6298828125,U1,Uptrend,Medium,-0.0026158477397215663,0.09335286508441894
^KS11,2024-05-07,2734.360107421875,U1,Uptrend,Medium,0.021568250799290256,1.2715630180117976
^KS11,2024-05-08,2745.050048828125,U1,Uptrend,Medium,0.00390948557844828,1.4685615039517717
^KS11,2024-05-09,2712.139892578125,U1,Uptrend,Medium,-0.011988909369448297,0.7275940237563138
^KS11,2024-05-10,2727.6298828125,U1,Uptrend,Medium,0.005711353708842237,1.0348102865560127
^KS11,2024-05-13,2727.2099609375,U1,Uptrend,Medium,-0.00015395119317540562,0.992495339843396
^KS11,2024-05-14,2730.340087890625,U1,Uptrend,Medium,0.0011477396305963339,1.0283118785343153
^KS11,2024-05-16,2753.0,U1,Uptrend,Medium,0.008299300226324968,1.482830380089447
^KS11,2024-05-17,2724.6201171875,U1,Uptrend,Medium,-0.010308711519251723,0.8236346839013298
^KS11,2024-05-20,2742.139892578125,U1,Uptrend,Medium,0.006430171780684724,1.1764158642426648
^KS11,2024-05-21,2724.179931640625,U1,Uptrend,Medium,-0.006549615133097486,0.7565219897585088
^KS11,2024-05-22,2723.4599609375,U1,Uptrend,Medium,-0.00026428896812680236,0.7158264013921648
^KS11,2024-05-23,2721.81005859375,U1,Uptrend,Low,-0.000605811125338529,0.6579514983636328
^KS11,2024-05-24,2687.60009765625,U1,Uptrend,Medium,-0.012568827435069041,-0.10114416029660031
^KS11,2024-05-27,2722.989990234375,U1,Uptrend,Low,0.013167841677408365,0.6535005071773318
^KS11,2024-05-28,2722.85009765625,U1,Uptrend,Low,-5.1374620775979096e-05,0.6247272337620988
^KS11,2024-05-29,2677.300048828125,U1,Uptrend,Low,-0.0167288125289502,-0.41238184473437156
^KS11,2024-05-30,2635.43994140625,U1,Uptrend,Low,-0.015635194658214502,-1.3533847711744063
^KS11,2024-05-31,2636.52001953125,U1,Uptrend,Low,0.00040982839640180124,-1.298109007432435
^KS11,2024-06-03,2682.52001953125,U1,Uptrend,Medium,0.017447240930936747,-0.2874723567076159
^KS11,2024-06-04,2662.10009765625,U1,Uptrend,Medium,-0.007612216023114016,-0.759940668371183
^KS11,2024-06-05,2689.5,U1,Uptrend,Low,0.010292589060746815,-0.15680030296052055
^KS11,2024-06-07,2722.669921875,U1,Uptrend,Medium,0.012333118377021668,0.5848260746099225
^KS11,2024-06-10,2701.169921875,U1,Uptrend,Low,-0.007896660490227081,0.07862037439245685
^KS11,2024-06-11,2705.320068359375,U1,Uptrend,Low,0.0015364255505607716,0.16513018506690236
^KS11,2024-06-12,2728.169921875,U1,Uptrend,Low,0.008446266222939869,0.6747910611856558
^KS11,2024-06-13,2754.889892578125,U1,Uptrend,Medium,0.00979410061260455,1.2579727637876188
^KS11,2024-06-14,2758.419921875,U1,Uptrend,Medium,0.0012813685608217273,1.2905143145822722
^KS11,2024-06-17,2744.10009765625,U1,Uptrend,Low,-0.005191314094416866,0.9414269545888256
^KS11,2024-06-18,2763.919921875,U1,Uptrend,Low,0.007222704534604274,1.333898933792393
^KS11,2024-06-19,2797.330078125,U1,Uptrend,Low,0.012087961009859871,1.9659647086543812
^KS11,2024-06-20,2807.6298828125,U1,Uptrend,Low,0.003682012633419385,2.1035100542886394
^KS11,2024-06-21,2784.260009765625,U1,Uptrend,Medium,-0.008323701492828017,1.5816528244628698
^KS11,2024-06-24,2764.72998046875,U1,Uptrend,Low,-0.007014441621247536,1.163427673855693
^KS11,2024-06-25,2774.389892578125,U1,Uptrend,Low,0.003493980308245881,1.3439650525333797
^KS11,2024-06-26,2792.050048828125,U1,Uptrend,Low,0.006365419762104585,1.65960216417372
^KS11,2024-06-27,2784.06005859375,U1,Uptrend,Low,-0.0028616930551543796,1.4679013426019452
^KS11,2024-06-28,2797.820068359375,U1,Uptrend,Low,0.004942425621584867,1.6851579862602744
^KS11,2024-07-01,2804.31005859375,U1,Uptrend,Low,0.0023196596192052166,1.7513582595704236
^KS11,2024-07-02,2780.860107421875,U1,Uptrend,Low,-0.008362110708840187,1.2923254029041904
^KS11,2024-07-03,2794.010009765625,U1,Uptrend,Low,0.004728717675748673,1.4804244330975187
^KS11,2024-07-04,2824.93994140625,U1,Uptrend,Low,0.011070086196011797,1.9548175889183068
^KS11,2024-07-05,2862.22998046875,U1,Uptrend,Low,0.013200294461459317,2.433568132043799
^KS11,2024-07-08,2857.760009765625,U1,Uptrend,Low,-0.001561709133657052,2.219332385248346
^KS11,2024-07-09,2867.3798828125,U1,Uptrend,Low,0.003366228449555475,2.228700871626293
^KS11,2024-07-10,2867.989990234375,U1,Uptrend,Low,0.00021277523272456023,2.1117911016978685
^KS11,2024-07-11,2891.35009765625,U1,Uptrend,Low,0.008145114697546862,2.299039076110333
^KS11,2024-07-12,2857.0,U1,Uptrend,Low,-0.0118802969187628,1.736007640675414
^KS11,2024-07-15,2860.919921875,U1,Uptrend,Low,0.0013720412583129171,1.7289342146481625
^KS11,2024-07-16,2866.090087890625,U1,Uptrend,Low,0.0018071690773633353,1.754697277163106
^KS11,2024-07-17,2843.2900390625,U1,Uptrend,Low,-0.007955105432469245,1.3923406830201335
^KS11,2024-07-18,2824.35009765625,U1,Uptrend,Low,-0.006661276600713917,1.1068251401977698
^KS11,2024-07-19,2795.4599609375,U1,Uptrend,Low,-0.010228950278764692,0.6678832585699114
^KS11,2024-07-22,2763.510009765625,U1,Uptrend,Low,-0.011429228684484594,0.17193193210899804
^KS11,2024-07-23,2774.2900390625,U1,Uptrend,Low,0.003900846842884942,0.3128707886373366
^KS11,2024-07-24,2758.7099609375,U1,Uptrend,Low,-0.005615879344131214,0.044109797291957055
^KS11,2024-07-25,2710.64990234375,U1,Uptrend,Low,-0.01742120747532938,-0.7380131424415959
^KS11,2024-07-26,2731.89990234375,U1,Uptrend,Low,0.007839448385284387,-0.4139147870827982
^KS11,2024-07-29,2765.530029296875,U1,Uptrend,Low,0.012310160750865329,0.11005670527760404
^KS11,2024-07-30,2738.18994140625,U1,Uptrend,Low,-0.009886020980063637,-0.3544195103101875
^KS11,2024-07-31,2770.68994140625,U1,Uptrend,Low,0.011869154695422157,0.1581736220280094
^KS11,2024-08-01,2777.679931640625,U1,Uptrend,Low,0.0025228338003158157,0.2635213714481568
^KS11,2024-08-02,2676.18994140625,U1,Uptrend,Medium,-0.03653768351000408,-1.3969175935735916
^KS11,2024-08-05,2441.550048828125,D1,Downtrend,Medium,-0.08767684570805523,-4.308324439946495
^KS11,2024-08-06,2522.14990234375,D1,Downtrend,Medium,0.03301175560759462,-2.9207156294295507
^KS11,2024-08-07,2568.409912109375,D1,Downtrend,Medium,0.01834149894208781,-2.205103118331928
^KS11,2024-08-08,2556.72998046875,D1,Downtrend,Medium,-0.004547534093197969,-2.2130452879098486
^KS11,2024-08-09,2588.429931640625,D1,Downtrend,Medium,0.012398630834713043,-1.7639505934936224
^KS11,2024-08-12,2618.300048828125,D1,Downtrend,Medium,0.011539859287814425,-1.3837717942610264
^KS11,2024-08-13,2621.5,U1,Uptrend,Medium,0.0012221483833785296,-1.3062331369559808
^KS11,2024-08-14,2644.5,U1,Uptrend,Medium,0.008773602899103672,-1.0306508892116542
^KS11,2024-08-16,2697.22998046875,U1,Uptrend,Medium,0.019939489683777678,-0.4531440345353542
^KS11,2024-08-19,2674.360107421875,U1,Uptrend,Medium,-0.008479022260793778,-0.6896858577042144
^KS11,2024-08-20,2696.6298828125,U1,Uptrend,Medium,0.008327141632430868,-0.45135630177678543
^KS11,2024-08-21,2701.1298828125,U1,Uptrend,Medium,0.001668749585800322,-0.398368739886211
^KS11,2024-08-22,2707.669921875,U1,Uptrend,Medium,0.002421223468043854,-0.3248631251557148
^KS11,2024-08-23,2701.68994140625,U1,Uptrend,Medium,-0.002208533773056409,-0.39463635826856697
^KS11,2024-08-26,2698.010009765625,U1,Uptrend,Medium,-0.0013620851098514741,-0.4496994475138825
^KS11,2024-08-27,2689.25,U1,Uptrend,Medium,-0.003246841091737118,-0.5593839525979505
^KS11,2024-08-28,2689.830078125,U1,Uptrend,Medium,0.00021570256577119196,-0.5547950175209857
^KS11,2024-08-29,2662.280029296875,U1,Uptrend,Medium,-0.010242300824938821,-0.8579814245886429
^KS11,2024-08-30,2674.31005859375,U1,Uptrend,Medium,0.004518694188624606,-0.7215192724745896
^KS11,2024-09-02,2681.0,U1,Uptrend,Medium,0.002501557882098382,-0.6383605470126374
^KS11,2024-09-03,2664.6298828125,U1,Uptrend,Medium,-0.006105974333271202,-0.8075572940150094
^KS11,2024-09-04,2580.800048828125,D1,Downtrend,Medium,-0.03146021686730205,-1.659963233510426
^KS11,2024-09-05,2575.5,D1,Downtrend,Medium,-0.002053645663301795,-1.6493519310518385
^KS11,2024-09-06,2544.280029296875,D1,Downtrend,Medium,-0.012121906698941975,-1.878467919644468
^KS11,2024-09-09,2535.929931640625,D1,Downtrend,Medium,-0.0032819098370070465,-1.8677645212749205
^KS11,2024-09-10,2523.429931640625,D1,Downtrend,Medium,-0.004929158272095169,-1.8932077185730556
^KS11,2024-09-11,2513.3701171875,D1,Downtrend,Medium,-0.0039865638141910464,-1.890424312503553
^KS11,2024-09-12,2572.090087890625,D1,Downtrend,Medium,0.023363041639419713,-1.302547161367067
^KS11,2024-09-13,2575.409912109375,D1,Downtrend,Medium,0.001290710708143461,-1.228434895643692
^KS11,2024-09-19,2580.800048828125,D1,Downtrend,Medium,0.0020929238073543743,-1.1404185125937025
^KS11,2024-09-20,2593.3701171875,D1,Downtrend,Low,0.004870609160551931,-0.9957303202342284
^KS11,2024-09-23,2602.010009765625,D1,Downtrend,Medium,0.0033315308605061933,-0.8899681545654076
^KS11,2024-09-24,2631.679931640625,U1,Uptrend,Medium,0.011402693211649995,-0.6042722242175471
^KS11,2024-09-25,2596.320068359375,D1,Downtrend,Medium,-0.013436232444576257,-0.8893111668700878
^KS11,2024-09-26,2671.570068359375,U1,Uptrend,Medium,0.028983329488937226,-0.20371740784132
^KS11,2024-09-27,2649.780029296875,U1,Uptrend,Medium,-0.008156267103217485,-0.3781955075158899
^KS11,2024-09-30,2593.27001953125,D1,Downtrend,Medium,-0.021326302236725714,-0.8581795856730817
^KS11,2024-10-02,2561.68994140625,D1,Downtrend,Medium,-0.012177705324611043,-1.1043514924165716
^KS11,2024-10-04,2569.7099609375,D1,Downtrend,Medium,0.0031307534146178817,-0.999351966128689
^KS11,2024-10-07,2610.3798828125,D1,Downtrend,Medium,0.015826658452988474,-0.6070654845711534
^KS11,2024-10-08,2594.360107421875,D1,Downtrend,Medium,-0.006136951750242869,-0.7285660530708525
^KS11,2024-10-10,2599.159912109375,D1,Downtrend,Medium,0.0018500919258543913,-0.6585114836780609
^KS11,2024-10-11,2596.909912109375,D1,Downtrend,Medium,-0.000865664320812809,-0.6557515792552681
^KS11,2024-10-14,2623.2900390625,U1,Uptrend,Medium,0.010158275737681466,-0.3656403679406713
^KS11,2024-10-15,2633.449951171875,U1,Uptrend,Medium,0.0038729656111551325,-0.2298700443102138
^KS11,2024-10-16,2610.360107421875,D1,Downtrend,Medium,-0.008767906805946746,-0.4528559182536782
^KS11,2024-10-17,2609.300048828125,D1,Downtrend,Medium,-0.00040609668786162345,-0.4387699209106951
^KS11,2024-10-18,2593.820068359375,D1,Downtrend,Medium,-0.005932618012137847,-0.6001531820993082
^KS11,2024-10-21,2604.919921875,D1,Downtrend,Medium,0.0042793459928180955,-0.4358835324785804
^KS11,2024-10-22,2570.699951171875,D1,Downtrend,Medium,-0.013136668968500853,-0.8575620386329355
^KS11,2024-10-23,2599.6201171875,D1,Downtrend,Medium,0.011249918918947222,-0.44453490324311823
^KS11,2024-10-24,2581.030029296875,D1,Downtrend,Medium,-0.00715107863941955,-0.6754459289215597
^KS11,2024-10-25,2583.27001953125,D1,Downtrend,Medium,0.0008678667853334598,-0.6186947162249773
^KS11,2024-10-28,2612.429931640625,D1,Downtrend,Medium,0.011287984565649944,-0.17362467213028043
^KS11,2024-10-29,2617.800048828125,D1,Downtrend,Low,0.0020556023809326085,-0.06811253929371441
^KS11,2024-10-30,2593.7900390625,D1,Downtrend,Low,-0.009171827228123597,-0.40210812276454083
^KS11,2024-10-31,2556.14990234375,D1,Downtrend,Low,-0.014511635927306865,-0.9656736928397089
^KS11,2024-11-01,2542.360107421875,D1,Downtrend,Low,-0.005394752048473728,-1.1757187528295832
^KS11,2024-11-04,2588.969970703125,D1,Downtrend,Low,0.018333305004740508,-0.36782809824480234
^KS11,2024-11-05,2576.8798828125,D1,Downtrend,Low,-0.004669844775117893,-0.5604105774656754
^KS11,2024-11-06,2563.510009765625,D1,Downtrend,Low,-0.00518839591090392,-0.9072701463459334
^KS11,2024-11-07,2564.6298828125,D1,Downtrend,Low,0.0004368514429859971,-0.9162581721967192
^KS11,2024-11-08,2561.14990234375,D1,Downtrend,Low,-0.0013569133277561152,-0.9810631604847876
^KS11,2024-11-11,2531.659912109375,D1,Downtrend,Low,-0.011514355410196075,-1.5425954468055618
^KS11,2024-11-12,2482.570068359375,D1,Downtrend,Low,-0.019390378429264832,-2.3564474990700837
^KS11,2024-11-13,2417.080078125,D1,Downtrend,Medium,-0.02637991614780666,-3.1971118221362094
^KS11,2024-11-14,2418.860107421875,D1,Downtrend,Medium,0.0007364378669059146,-2.8804069697698176
^KS11,2024-11-15,2416.860107421875,D1,Downtrend,Medium,-0.0008268357454254138,-2.6803225808777733
^KS11,2024-11-18,2469.070068359375,D1,Downtrend,Medium,0.021602392615596377,-1.8306887415891744
^KS11,2024-11-19,2471.949951171875,D1,Downtrend,Medium,0.0011663835908932718,-1.7150253905119595
^KS11,2024-11-20,2482.2900390625,D1,Downtrend,Medium,0.0041829681404848,-1.5146514224727678
^KS11,2024-11-21,2480.6298828125,D1,Downtrend,Medium,-0.0006688002706674023,-1.4922032763414124
^KS11,2024-11-22,2501.239990234375,D1,Downtrend,Medium,0.008308416972913069,-1.162507444069265
^KS11,2024-11-25,2534.340087890625,D1,Downtrend,Medium,0.01323347531043928,-0.6480126356274449
^KS11,2024-11-26,2520.360107421875,D1,Downtrend,Medium,-0.005516221179449388,-0.8346891639752144
^KS11,2024-11-27,2503.06005859375,D1,Downtrend,Medium,-0.006864117860451935,-1.0745459092038674
^KS11,2024-11-28,2504.669921875,D1,Downtrend,Medium,0.0006431580719459262,-1.0228330037116722
^KS11,2024-11-29,2455.909912109375,D1,Downtrend,Medium,-0.019467638965027012,-1.7442284153808518
^KS11,2024-12-02,2454.47998046875,D1,Downtrend,Medium,-0.0005822410804136036,-1.711195417753571
^KS11,2024-12-03,2500.10009765625,D1,Downtrend,Medium,0.018586469456062682,-0.9525696767079709
^KS11,2024-12-04,2464.0,D1,Downtrend,Medium,-0.014439460920021796,-1.5046159505711403
^KS11,2024-12-05,2441.85009765625,D1,Downtrend,Medium,-0.00898940841872975,-1.7862626714079544
^KS11,2024-12-06,2428.159912109375,D1,Downtrend,Medium,-0.005606480741801145,-1.9078024333671646
^KS11,2024-12-09,2360.580078125,D2,Downtrend,Medium,-0.027831706489902297,-2.7270904299653753
^KS11,2024-12-10,2417.840087890625,D1,Downtrend,Medium,0.02425675379379899,-1.8063322035096132
^KS11,2024-12-11,2442.510009765625,D1,Downtrend,Medium,0.010203289290534823,-1.4120042483428392
^KS11,2024-12-12,2482.1201171875,D1,Downtrend,Medium,0.016216968308627733,-0.8459493776922792
^KS11,2024-12-13,2494.4599609375,D1,Downtrend,Medium,0.00497149338766989,-0.6544022676910577
^KS11,2024-12-16,2488.969970703125,D1,Downtrend,Medium,-0.002200873263290104,-0.7089991063927829
^KS11,2024-12-17,2456.81005859375,D1,Downtrend,Medium,-0.012920972325065838,-1.1174471628628622
^KS11,2024-12-18,2484.429931640625,D1,Downtrend,Medium,0.01124216866104999,-0.7127713283238412
^KS11,2024-12-19,2435.929931640625,D1,Downtrend,Medium,-0.019521580939886873,-1.331380656038968
^KS11,2024-12-20,2404.14990234375,D1,Downtrend,Medium,-0.013046364299760804,-1.697080399760276
^KS11,2024-12-23,2442.010009765625,D1,Downtrend,Medium,0.015747814803463767,-1.1452144533687043
^KS11,2024-12-24,2440.52001953125,D1,Downtrend,Medium,-0.0006101491101250245,-1.1387042145418633
^KS11,2024-12-26,2429.669921875,D1,Downtrend,Medium,-0.00444581383042042,-1.254004358578752
^KS11,2024-12-27,2404.77001953125,D1,Downtrend,Medium,-0.010248265461727635,-1.5395893440995334
^KS11,2024-12-30,2399.489990234375,D1,Downtrend,Medium,-0.0021956483380910496,-1.5474933836233031
^KS11,2025-01-02,2398.93994140625,D1,Downtrend,Medium,-0.00022923572524313762,-1.4943499078093188
^KS11,2025-01-03,2441.919921875,D1,Downtrend,Medium,0.017916238638119086,-0.890512708386955
^KS11,2025-01-06,2488.639892578125,D1,Downtrend,Medium,0.019132474527359333,-0.24020288223705408
^KS11,2025-01-07,2492.10009765625,D1,Downtrend,Medium,0.001390400068906894,-0.17109643410183523
^KS11,2025-01-08,2521.050048828125,D1,Downtrend,Medium,0.011616688751427517,0.2495734706696231
^KS11,2025-01-09,2521.89990234375,D1,Downtrend,Medium,0.0003371029924694735,0.29212518438295887
^KS11,2025-01-10,2515.780029296875,D1,Downtrend,Medium,-0.0024266914960373587,0.23987564563989552
^KS11,2025-01-13,2489.56005859375,D1,Downtrend,Medium,-0.01042220321243792,-0.12124266505627145
^KS11,2025-01-14,2497.39990234375,D1,Downtrend,Medium,0.003149088017755375,0.02649535783374437
^KS11,2025-01-15,2496.81005859375,D1,Downtrend,Medium,-0.00023618313969120397,0.04333562347965947
^KS11,2025-01-16,2527.489990234375,D1,Downtrend,Medium,0.012287651411459155,0.5642705828415577
^KS11,2025-01-17,2523.550048828125,D1,Downtrend,Medium,-0.0015588356121974956,0.5190205090776848
^KS11,2025-01-20,2520.050048828125,D1,Downtrend,Medium,-0.0013869350447894835,0.4958127509879444
^KS11,2025-01-21,2518.030029296875,D1,Downtrend,Low,-0.0008015791322039112,0.48834240588653455
^KS11,2025-01-22,2547.06005859375,D1,Downtrend,Low,0.011528865406335687,1.0118416917156234
^KS11,2025-01-23,2515.489990234375,D1,Downtrend,Low,-0.012394709050090102,0.5092517332727351
^KS11,2025-01-24,2536.800048828125,D1,Downtrend,Low,0.0084715338468766,0.960261809607405
^KS11,2025-01-31,2517.3701171875,D1,Downtrend,Low,-0.0076592286607691795,0.6377785305398551
^KS11,2025-02-03,2453.949951171875,D1,Downtrend,Medium,-0.025193024093922434,-0.5782790164200419
^KS11,2025-02-04,2481.68994140625,D1,Downtrend,Medium,0.011304220047816393,-0.0076097651329333936
^KS11,2025-02-05,2509.27001953125,D1,Downtrend,Medium,0.01111342624428402,0.5956670016724693
^KS11,2025-02-06,2536.75,D1,Downtrend,Medium,0.010951384368703243,1.2111388713083873
^KS11,2025-02-07,2521.919921875,D1,Downtrend,Low,-0.005846093673006814,0.9280644350258345
^KS11,2025-02-10,2521.27001953125,D1,Downtrend,Low,-0.0002577014195069838,0.9511639336886184
^KS11,2025-02-11,2539.050048828125,D1,Downtrend,Low,0.007052013135895985,1.3747404512448573
^KS11,2025-02-12,2548.389892578125,D1,Downtrend,Low,0.003678479577159388,1.565805875810662
^KS11,2025-02-13,2583.169921875,D1,Downtrend,Medium,0.013647844624626648,2.209098501811374
^KS11,2025-02-14,2591.050048828125,D1,Downtrend,Low,0.0030505646904579464,2.2486709401222136
^KS11,2025-02-17,2610.419921875,D1,Downtrend,Low,0.007475684638216684,2.483213800949599
^KS11,2025-02-18,2626.81005859375,U1,Uptrend,Low,0.006278735685934178,2.6181517888469954
^KS11,2025-02-19,2671.52001953125,U1,Uptrend,Medium,0.017020629562167544,3.114524620992357
^KS11,2025-02-20,2654.06005859375,U1,Uptrend,Medium,-0.006535590528931712,2.594749806279888
^KS11,2025-02-21,2654.580078125,U1,Uptrend,Medium,0.00019593359598868432,2.4242662227842247
^KS11,2025-02-24,2645.27001953125,U1,Uptrend,Medium,-0.0035071681093629126,2.147146000926246
^KS11,2025-02-25,2630.2900390625,U1,Uptrend,Medium,-0.005662930573493763,1.8349803398980953
^KS11,2025-02-26,2641.090087890625,U1,Uptrend,Low,0.0041060296270498675,1.9066635853822977
^KS11,2025-02-27,2621.75,U1,Uptrend,Low,-0.007322767208623127,1.5760342341562172
^KS11,2025-02-28,2532.780029296875,D1,Downtrend,Medium,-0.033935337352198,0.3417901145252624
^KS11,2025-03-04,2528.919921875,D1,Downtrend,Medium,-0.0015240594829495357,0.2828442135603463
^KS11,2025-03-05,2558.1298828125,D1,Downtrend,Medium,0.011550370055151138,0.6620687860832698
^KS11,2025-03-06,2576.159912109375,D1,Downtrend,Medium,0.00704812895467688,0.8811102630238703
^KS11,2025-03-07,2563.47998046875,D1,Downtrend,Medium,-0.004922028163322545,0.6894665211126846
^KS11,2025-03-10,2570.389892578125,D1,Downtrend,Medium,0.002695520215496794,0.7590501204290037
^KS11,2025-03-11,2537.60009765625,D1,Downtrend,Medium,-0.012756739752421975,0.2906600611412228
^KS11,2025-03-12,2574.820068359375,D1,Downtrend,Medium,0.01466739016029428,0.7765097606754213
^KS11,2025-03-13,2573.639892578125,D1,Downtrend,Medium,-0.0004583527197696835,0.7389387527287072
^KS11,2025-03-14,2566.360107421875,D1,Downtrend,Medium,-0.00282859508715394,0.6081184098469159
^KS11,2025-03-17,2610.68994140625,D1,Downtrend,Medium,0.01727342700510892,1.2186321990889797
^KS11,2025-03-18,2612.340087890625,D1,Downtrend,Medium,0.0006320729467728103,1.2005256882220323
^KS11,2025-03-19,2628.6201171875,U1,Uptrend,Medium,0.006231971622814525,1.3850141317687934
^KS11,2025-03-20,2637.10009765625,U1,Uptrend,Medium,0.003226019771096933,1.4493219782374298
^KS11,2025-03-21,2643.1298828125,U1,Uptrend,Medium,0.0022865211531444274,1.4779263317867346
^KS11,2025-03-24,2632.070068359375,U1,Uptrend,Medium,-0.0041843628362887575,1.2762021189424368
^KS11,2025-03-25,2615.81005859375,D1,Downtrend,Medium,-0.006177650800823886,1.0181022504189292
^KS11,2025-03-26,2643.93994140625,U1,Uptrend,Medium,0.01075379411440247,1.3803302521134355
^KS11,2025-03-27,2607.14990234375,D1,Downtrend,Medium,-0.013914854299955204,0.827283468629058
^KS11,2025-03-28,2557.97998046875,D1,Downtrend,Medium,-0.018859645097812683,0.08916088503051821
^KS11,2025-03-31,2481.1201171875,D1,Downtrend,Medium,-0.03004709335808231,-1.0810896110840287
^KS11,2025-04-01,2521.389892578125,D1,Downtrend,Medium,0.016230481995475943,-0.5250049622595282
^KS11,2025-04-02,2505.860107421875,D1,Downtrend,Medium,-0.006159216074421048,-0.8366366298253395
^KS11,2025-04-03,2486.699951171875,D1,Downtrend,Medium,-0.007646139620185233,-1.2359161528625076
^KS11,2025-04-04,2465.419921875,D1,Downtrend,Medium,-0.00855753798798553,-1.6321694961178934
^KS11,2025-04-07,2328.199951171875,D2,Downtrend,Medium,-0.05565784939336682,-3.5739027474259455
^KS11,2025-04-08,2334.22998046875,D2,Downtrend,Medium,0.002589996316183951,-3.156107239702404
^KS11,2025-04-09,2293.699951171875,D2,Downtrend,Medium,-0.017363340217546153,-3.3228433181552552
^KS11,2025-04-10,2445.06005859375,D1,Downtrend,Medium,0.06598949759951966,-1.3196036601598924
^KS11,2025-04-11,2432.719970703125,D1,Downtrend,Medium,-0.005046946739509672,-1.4359690272384205
^KS11,2025-04-14,2455.889892578125,D1,Downtrend,Medium,0.009524286458791664,-1.1292788850565114
^KS11,2025-04-15,2477.409912109375,D1,Downtrend,Medium,0.008762615781874095,-0.8529529640169218
^KS11,2025-04-16,2447.429931640625,D1,Downtrend,Medium,-0.012101340324106369,-1.2055143564447088
^KS11,2025-04-17,2470.409912109375,D1,Downtrend,Medium,0.00938943345084664,-0.903489927239822
^KS11,2025-04-18,2483.419921875,D1,Downtrend,Medium,0.005266336449612163,-0.7324360623036715
^KS11,2025-04-21,2488.419921875,D1,Downtrend,Medium,0.0020133526174763716,-0.6627540210497328
^KS11,2025-04-22,2486.639892578125,D1,Downtrend,Medium,-0.0007153251270926031,-0.6759383304816742
^KS11,2025-04-23,2525.56005859375,D1,Downtrend,Medium,0.01565170981604136,-0.19832683302015017
^KS11,2025-04-24,2522.330078125,D1,Downtrend,Medium,-0.001278916515075279,-0.23906485547173065
^KS11,2025-04-25,2546.300048828125,D1,Downtrend,Medium,0.009503106239348025,0.050463561259470234
^KS11,2025-04-28,2548.860107421875,D1,Downtrend,Medium,0.0010054033478608115,0.07526559073745695
^KS11,2025-04-29,2565.419921875,D1,Downtrend,Medium,0.006496949128320217,0.25660825977105145
^KS11,2025-04-30,2556.610107421875,D1,Downtrend,Medium,-0.003434063319616709,0.1337049086401846
^KS11,2025-05-02,2559.7900390625,D1,Downtrend,Medium,0.001243807818561704,0.16281959377689648
^KS11,2025-05-07,2573.800048828125,D1,Downtrend,Medium,0.005473108947152472,0.32816649747432663
^KS11,2025-05-08,2579.47998046875,D1,Downtrend,Medium,0.0022068270778108356,0.3863225584995528
^KS11,2025-05-09,2577.27001953125,D1,Downtrend,Medium,-0.000856746690896304,0.34747104081386126
^KS11,2025-05-12,2607.330078125,D1,Downtrend,Medium,0.011663527052247824,0.7017378674820784
^KS11,2025-05-13,2608.419921875,D1,Downtrend,Low,0.00041799224392180534,0.6998667017852374
^KS11,2025-05-14,2640.570068359375,U1,Uptrend,Low,0.012325525585337838,1.0725117163366231
^KS11,2025-05-15,2621.360107421875,U1,Uptrend,Low,-0.007274929443336187,0.8297912757174745
^KS11,2025-05-16,2626.8701171875,U1,Uptrend,Low,0.0021019659794259127,0.8907150310297444
^KS11,2025-05-19,2603.419921875,D1,Downtrend,Low,-0.008927047880695094,0.6148394731153874
^KS11,2025-05-20,2601.800048828125,D1,Downtrend,Low,-0.0006222096686224754,0.6184235271917174
^KS11,2025-05-21,2625.580078125,U1,Uptrend,Low,0.009139837362823311,0.9223386492468245
^KS11,2025-05-22,2593.669921875,D1,Downtrend,Low,-0.012153564279322238,0.5467455628833353
^KS11,2025-05-23,2592.090087890625,D1,Downtrend,Low,-0.0006091114258798269,0.5433970887783199
^KS11,2025-05-26,2644.39990234375,U1,Uptrend,Low,0.02018055417807396,1.1972929155414453
^KS11,2025-05-27,2637.219970703125,U1,Uptrend,Low,-0.0027151459332083183,1.1087334627066803
^KS11,2025-05-28,2670.14990234375,U1,Uptrend,Low,0.012486607869818922,1.4949595331307046
^KS11,2025-05-29,2720.639892578125,U1,Uptrend,Low,0.018909047087602326,2.011316725232332
^KS11,2025-05-30,2697.669921875,U1,Uptrend,Low,-0.008442855949362116,1.6618572242996563
^KS11,2025-06-02,2698.969970703125,U1,Uptrend,Low,0.0004819154551056748,1.6122059714263013
^KS11,2025-06-04,2770.840087890625,U1,Uptrend,Medium,0.026628720574011,2.2889250023429093
^KS11,2025-06-05,2812.050048828125,U1,Uptrend,Medium,0.014872731601365041,2.540160078408241
^KS11,2025-06-09,2855.77001953125,U1,Uptrend,Medium,0.015547365780827604,2.744429203814632
^KS11,2025-06-10,2871.85009765625,U1,Uptrend,Medium,0.0056307328724038985,2.6676135485937333
^KS11,2025-06-11,2907.0400390625,U1,Uptrend,Medium,0.012253404672816659,2.738752379516188
^KS11,2025-06-12,2920.030029296875,U1,Uptrend,Medium,0.004468459346904652,2.6277198657772134
^KS11,2025-06-13,2894.6201171875,U1,Uptrend,Medium,-0.008701935204239564,2.2754689729201103
^KS11,2025-06-16,2946.659912109375,U2,Uptrend,Medium,0.01797810863431648,2.4826427720477566
^KS11,2025-06-17,2950.300048828125,U2,Uptrend,Medium,0.0012353433471541386,2.3483849505041814
^KS11,2025-06-18,2972.18994140625,U2,Uptrend,Medium,0.007419547915751723,2.3397392348737682
^KS11,2025-06-19,2977.739990234375,U2,Uptrend,Medium,0.0018673264285051783,2.2364256239651077
^KS11,2025-06-20,3021.840087890625,U2,Uptrend,Medium,0.014809922223188776,2.349837312925075
^KS11,2025-06-23,3014.469970703125,U2,Uptrend,Medium,-0.0024389501009779435,2.174725280847521
^KS11,2025-06-24,3103.639892578125,U2,Uptrend,Medium,0.029580630340199088,2.486866441090652
^KS11,2025-06-25,3108.25,U2,Uptrend,Medium,0.0014853873456450728,2.3497698968178216
^KS11,2025-06-26,3079.56005859375,U2,Uptrend,Medium,-0.009230255419046096,2.0828155690143277
^KS11,2025-06-27,3055.93994140625,U2,Uptrend,Medium,-0.0076699647800621,1.8716427265659596
^KS11,2025-06-30,3071.699951171875,U2,Uptrend,Medium,0.0051571726106542926,1.8539936050838945
^KS11,2025-07-01,3089.64990234375,U2,Uptrend,Medium,0.005843653825962747,1.844297553558634
^KS11,2025-07-02,3075.06005859375,U2,Uptrend,Medium,-0.004722167304111791,1.7011425798973168
^KS11,2025-07-03,3116.27001953125,U2,Uptrend,Medium,0.013401351567860376,1.797005984028386
^KS11,2025-07-04,3054.280029296875,U2,Uptrend,Medium,-0.01989236807011341,1.4723344794673998
^KS11,2025-07-07,3059.469970703125,U2,Uptrend,Medium,0.0016992356157483623,1.4495448216524642
^KS11,2025-07-08,3114.949951171875,U2,Uptrend,Medium,0.01813385357595121,1.6330494616975786
^KS11,2025-07-09,3133.739990234375,U2,Uptrend,Medium,0.00603221218865202,1.6657997315938082
^KS11,2025-07-10,3183.22998046875,U2,Uptrend,Medium,0.015792628102076156,1.801706649330841
^KS11,2025-07-11,3175.77001953125,U2,Uptrend,Medium,-0.0023435193131730037,1.7026019186769539
^KS11,2025-07-14,3202.030029296875,U2,Uptrend,Medium,0.008268863804407722,1.7416599506261867
^KS11,2025-07-15,3215.280029296875,U2,Uptrend,Medium,0.0041379999184172345,1.7251699460939667
^KS11,2025-07-16,3186.3798828125,U2,Uptrend,Medium,-0.008988376197731962,1.5505506746698592
^KS11,2025-07-17,3192.2900390625,U2,Uptrend,Medium,0.001854818467151187,1.5205554517645465
^KS11,2025-07-18,3188.070068359375,U2,Uptrend,Medium,-0.0013219258436694137,1.4527280099580315
^KS11,2025-07-21,3210.81005859375,U2,Uptrend,Medium,0.007132838910933081,1.4936900145111183
^KS11,2025-07-22,3169.93994140625,U2,Uptrend,Low,-0.012728911533745446,1.2855560837014717
^KS11,2025-07-23,3183.77001953125,U2,Uptrend,Low,0.004362883329223077,1.299353417116135
^KS11,2025-07-24,3190.449951171875,U2,Uptrend,Low,0.002098120027403283,1.2853526554974593
^KS11,2025-07-25,3196.050048828125,U2,Uptrend,Low,0.0017552689250597275,1.2670291568705847
^KS11,2025-07-28,3209.52001953125,U2,Uptrend,Low,0.004214568137962615,1.2813472039019684
^KS11,2025-07-29,3230.570068359375,U2,Uptrend,Low,0.006558628299567104,1.3250982851800681
^KS11,2025-07-30,3254.469970703125,U2,Uptrend,Low,0.007398044876917753,1.3798284550914703
^KS11,2025-07-31,3245.43994140625,U2,Uptrend,Low,-0.0027746543609754593,1.3015826154278538
^KS11,2025-08-01,3119.409912109375,U2,Uptrend,Medium,-0.038832956878649294,0.7455114155636064
^KS11,2025-08-04,3147.75,U2,Uptrend,Medium,0.009085079771212534,0.8387008721311306
^KS11,2025-08-05,3198.0,U2,Uptrend,Medium,0.015963783654991737,1.0261509036629402
^KS11,2025-08-06,3198.139892578125,U2,Uptrend,Medium,4.37437705207433e-05,0.9964217162324813
^KS11,2025-08-07,3227.679931640625,U2,Uptrend,Medium,0.009236631309047283,1.0960665518226507
^KS11,2025-08-08,3210.010009765625,U2,Uptrend,Medium,-0.0054744963098055655,0.9860661502867241
^KS11,2025-08-11,3206.77001953125,U2,Uptrend,Medium,-0.001009339604710946,0.9434379437565302
^KS11,2025-08-12,3189.909912109375,U2,Uptrend,Medium,-0.005257660299674227,0.8389307747287533
^KS11,2025-08-13,3224.3701171875,U2,Uptrend,Medium,0.010802877205813521,0.9780081370069909
^KS11,2025-08-14,3225.659912109375,U2,Uptrend,Medium,0.0004000145377232034,0.9618251059197458
^KS11,2025-08-18,3177.280029296875,U2,Uptrend,Medium,-0.01499844500992753,0.6957394357889337
^KS11,2025-08-19,3151.56005859375,U2,Uptrend,Medium,-0.008094965022273137,0.5386261806504573
^KS11,2025-08-20,3130.090087890625,U2,Uptrend,Medium,-0.006812489784092879,0.3945556102547654
^KS11,2025-08-21,3141.739990234375,U2,Uptrend,Medium,0.00372190640417025,0.4353332383865157
^KS11,2025-08-22,3168.72998046875,U2,Uptrend,Medium,0.008590777823202833,0.5785846344036895
^KS11,2025-08-25,3209.860107421875,U2,Uptrend,Medium,0.012980003725985068,0.8310091174700813
^KS11,2025-08-26,3179.360107421875,U2,Uptrend,Medium,-0.009501971730630165,0.6031901321212614
^KS11,2025-08-27,3187.159912109375,U2,Uptrend,Medium,0.0024532624251314417,0.645380882456932
^KS11,2025-08-28,3196.320068359375,U2,Uptrend,Medium,0.002874081157709263,0.7115257874988645
^KS11,2025-08-29,3186.010009765625,U2,Uptrend,Medium,-0.003225602684728046,0.6096409246896589
^KS11,2025-09-01,3142.929931640625,U2,Uptrend,Low,-0.013521639289566845,0.1825369906769389
^KS11,2025-09-02,3172.35009765625,U2,Uptrend,Low,0.009360745118573988,0.4429885328932637
^KS11,2025-09-03,3184.419921875,U2,Uptrend,Low,0.0038046948940684278,0.5467737894218342
^KS11,2025-09-04,3200.830078125,U2,Uptrend,Low,0.00515326390758708,0.7095067155145817
^KS11,2025-09-05,3205.1201171875,U2,Uptrend,Low,0.001340289536710726,0.7433423087697626
^KS11,2025-09-08,3219.590087890625,U2,Uptrend,Low,0.004514642251792544,0.9249727181638339
^KS11,2025-09-09,3260.050048828125,U2,Uptrend,Low,0.012566805038217721,1.45917304549469
^KS11,2025-09-10,3314.530029296875,U2,Uptrend,Low,0.016711393890512127,2.1987439839677547
^KS11,2025-09-11,3344.199951171875,U2,Uptrend,Low,0.008951471735887173,2.5542923721457407
^KS11,2025-09-12,3395.5400390625,U2,Uptrend,Low,0.015351979140073357,3.121881193997771
