ticker,date,price,sax_symbol,trend,volatility,daily_return,zscore
AMAT,2020-01-03,61.209999084472656,D2,Downtrend,Unknown,-0.015916425503593734,0.0
AMAT,2020-01-06,59.88999938964844,D2,Downtrend,Unknown,-0.021565099078053485,0.0
AMAT,2020-01-07,61.619998931884766,D2,Downtrend,Unknown,0.028886284185458688,0.0
AMAT,2020-01-08,61.58000183105469,D2,Downtrend,Unknown,-0.0006490928517264294,0.0
AMAT,2020-01-09,61.970001220703125,D2,Downtrend,Unknown,0.0063332149732375775,0.0
AMAT,2020-01-10,61.470001220703125,D2,Downtrend,Unknown,-0.008068420044390123,0.0
AMAT,2020-01-13,61.810001373291016,D2,Downtrend,Unknown,0.005531155780640784,0.0
AMAT,2020-01-14,62.349998474121094,D2,Downtrend,Unknown,0.008736403313904795,0.0
AMAT,2020-01-15,61.93000030517578,D2,Downtrend,Unknown,-0.006736137597816216,0.0
AMAT,2020-01-16,63.209999084472656,D2,Downtrend,Unknown,0.020668476876947395,0.0
AMAT,2020-01-17,62.849998474121094,D2,Downtrend,Unknown,-0.005695311114788382,0.0
AMAT,2020-01-21,63.20000076293945,D2,Downtrend,Unknown,0.0055688511903859705,0.0
AMAT,2020-01-22,63.88999938964844,D2,Downtrend,Unknown,0.010917699657902569,0.0
AMAT,2020-01-23,63.88999938964844,D2,Downtrend,Unknown,0.0,0.0
AMAT,2020-01-24,62.0,D2,Downtrend,Unknown,-0.029582084953888033,0.0
AMAT,2020-01-27,59.04999923706055,D2,Downtrend,Unknown,-0.04758065746676532,0.0
AMAT,2020-01-28,60.189998626708984,D2,Downtrend,Unknown,0.01930566307159176,0.0
AMAT,2020-01-29,59.81999969482422,D2,Downtrend,Unknown,-0.006147182926177663,0.0
AMAT,2020-01-30,60.25,D2,Downtrend,Unknown,0.007188236498987921,0.0
AMAT,2020-01-31,57.9900016784668,D2,Downtrend,Medium,-0.03751034558561328,0.0
AMAT,2020-02-03,59.720001220703125,D2,Downtrend,Medium,0.029832721023678177,0.0
AMAT,2020-02-04,63.0099983215332,D2,Downtrend,Medium,0.05509037229707103,0.0
AMAT,2020-02-05,63.79999923706055,D2,Downtrend,Medium,0.012537707293627465,0.0
AMAT,2020-02-06,63.189998626708984,D2,Downtrend,Medium,-0.009561138207619613,0.0
AMAT,2020-02-07,61.709999084472656,D2,Downtrend,Medium,-0.023421420705819873,0.0
AMAT,2020-02-10,62.91999816894531,D2,Downtrend,Medium,0.0196078285921919,0.0
AMAT,2020-02-11,64.44999694824219,D2,Downtrend,Medium,0.02431657380517893,0.0
AMAT,2020-02-12,65.37000274658203,D2,Downtrend,Medium,0.01427472213968728,0.0
AMAT,2020-02-13,67.37000274658203,D2,Downtrend,Medium,0.030595072907574128,0.0
AMAT,2020-02-14,66.8499984741211,D2,Downtrend,Medium,-0.007718632199214537,0.0
AMAT,2020-02-18,65.16000366210938,D2,Downtrend,Medium,-0.02528040165424905,0.0
AMAT,2020-02-19,67.41000366210938,D2,Downtrend,Medium,0.03453038479966164,0.0
AMAT,2020-02-20,66.4000015258789,D2,Downtrend,Medium,-0.014982971092733832,0.0
AMAT,2020-02-21,64.2699966430664,D2,Downtrend,Medium,-0.032078386052180274,0.0
AMAT,2020-02-24,61.08000183105469,D2,Downtrend,Medium,-0.04963427693528377,0.0
AMAT,2020-02-25,58.86000061035156,D2,Downtrend,Medium,-0.036345794927177266,0.0
AMAT,2020-02-26,59.810001373291016,D2,Downtrend,Medium,0.01614000599878307,0.0
AMAT,2020-02-27,57.0,D2,Downtrend,High,-0.04698213189718903,0.0
AMAT,2020-02-28,58.119998931884766,D2,Downtrend,High,0.019649104068153678,0.0
AMAT,2020-03-02,60.15999984741211,D2,Downtrend,High,0.03509980992804507,0.0
AMAT,2020-03-03,58.040000915527344,D2,Downtrend,High,-0.03523934403693252,0.0
AMAT,2020-03-04,60.52000045776367,D2,Downtrend,Medium,0.04272914374770198,0.0
AMAT,2020-03-05,59.130001068115234,D2,Downtrend,High,-0.022967603753051957,0.0
AMAT,2020-03-06,57.790000915527344,D2,Downtrend,High,-0.02266193350891821,0.0
AMAT,2020-03-09,52.06999969482422,D2,Downtrend,High,-0.09897908167650238,0.0
AMAT,2020-03-10,56.16999816894531,D2,Downtrend,High,0.07874012863742408,0.0
AMAT,2020-03-11,52.4900016784668,D2,Downtrend,High,-0.06551533933488851,0.0
AMAT,2020-03-12,45.11000061035156,D2,Downtrend,High,-0.14059822503573594,0.0
AMAT,2020-03-13,50.88999938964844,D2,Downtrend,High,0.12813120596523597,0.0
AMAT,2020-03-16,40.529998779296875,D2,Downtrend,High,-0.20357635556307152,0.0
AMAT,2020-03-17,44.86000061035156,D2,Downtrend,High,0.10683449201746575,0.0
AMAT,2020-03-18,39.18000030517578,D2,Downtrend,High,-0.126616144179568,0.0
AMAT,2020-03-19,40.189998626708984,D2,Downtrend,High,0.02577841535646397,0.0
AMAT,2020-03-20,37.9900016784668,D2,Downtrend,High,-0.05473991100811182,0.0
AMAT,2020-03-23,40.16999816894531,D2,Downtrend,High,0.05738342706402566,0.0
AMAT,2020-03-24,45.13999938964844,D2,Downtrend,High,0.12372420829596509,0.0
AMAT,2020-03-25,44.72999954223633,D2,Downtrend,High,-0.009082850087634986,0.0
AMAT,2020-03-26,49.20000076293945,D2,Downtrend,High,0.09993295923203216,0.0
AMAT,2020-03-27,45.04999923706055,D2,Downtrend,High,-0.08434962320173278,-1.6075568773659514
AMAT,2020-03-30,47.29999923706055,D2,Downtrend,High,0.049944506950158285,-1.2777408306258595
AMAT,2020-03-31,45.81999969482422,D2,Downtrend,High,-0.031289631418782715,-1.4080332391871104
AMAT,2020-04-01,43.29999923706055,D2,Downtrend,High,-0.05499782790370311,-1.6449172848259483
AMAT,2020-04-02,43.2400016784668,D2,Downtrend,High,-0.001385624934200913,-1.584214597644123
AMAT,2020-04-03,42.279998779296875,D2,Downtrend,High,-0.022201731311402684,-1.625606321925312
AMAT,2020-04-06,46.150001525878906,D2,Downtrend,High,0.09153270715033801,-1.1406444628145462
AMAT,2020-04-07,47.560001373291016,D2,Downtrend,High,0.030552541728984473,-0.9486526182908784
AMAT,2020-04-08,51.459999084472656,D2,Downtrend,High,0.08200163159313578,-0.486315155782977
AMAT,2020-04-09,49.59000015258789,D2,Downtrend,High,-0.036338883893393126,-0.6758513704921972
AMAT,2020-04-13,49.880001068115234,D2,Downtrend,High,0.00584797166031481,-0.6206699215750442
AMAT,2020-04-14,52.470001220703125,D2,Downtrend,High,0.051924621033007545,-0.30629446245441777
AMAT,2020-04-15,50.369998931884766,D2,Downtrend,High,-0.04002291290189186,-0.5260869884905796
AMAT,2020-04-16,52.22999954223633,D2,Downtrend,High,0.0369267550088066,-0.2923352954221932
AMAT,2020-04-17,53.20000076293945,D2,Downtrend,High,0.01857172562137821,-0.1603586482077224
AMAT,2020-04-20,50.630001068115234,D2,Downtrend,High,-0.04830826424751766,-0.4399879803832168
AMAT,2020-04-21,48.33000183105469,D2,Downtrend,High,-0.04542759606041158,-0.6875075876405342
AMAT,2020-04-22,52.11000061035156,D2,Downtrend,High,0.07821226228193545,-0.22526380923966616
AMAT,2020-04-23,50.900001525878906,D2,Downtrend,High,-0.023220093461912006,-0.352215089297844
AMAT,2020-04-24,51.7400016784668,D2,Downtrend,High,0.016502949457885885,-0.2366348546344008
AMAT,2020-04-27,51.029998779296875,D2,Downtrend,High,-0.013722514034347433,-0.3047778467412485
AMAT,2020-04-28,50.41999816894531,D2,Downtrend,High,-0.01195376494108491,-0.3635870135024157
AMAT,2020-04-29,54.34000015258789,D2,Downtrend,High,0.07774696798892355,0.12101827248771081
AMAT,2020-04-30,49.68000030517578,D2,Downtrend,High,-0.08575634586541647,-0.42168448791886853
AMAT,2020-05-01,46.88999938964844,D2,Downtrend,High,-0.056159438373366455,-0.7366711751183386
AMAT,2020-05-04,47.58000183105469,D2,Downtrend,High,0.014715343365062639,-0.6258327377548504
AMAT,2020-05-05,48.849998474121094,D2,Downtrend,High,0.026691815766965776,-0.44426129919823526
AMAT,2020-05-06,50.5,D2,Downtrend,High,0.033776900254214315,-0.21268559531111358
AMAT,2020-05-07,51.25,D2,Downtrend,High,0.014851485148514865,-0.09011705052274735
AMAT,2020-05-08,53.810001373291016,D2,Downtrend,High,0.049951246308117314,0.2784264466380811
AMAT,2020-05-11,54.0099983215332,D2,Downtrend,High,0.003716724458986187,0.348631092616237
AMAT,2020-05-12,52.33000183105469,D2,Downtrend,High,-0.03110528684850411,0.15336379080247706
AMAT,2020-05-13,51.4900016784668,D2,Downtrend,High,-0.01605198018719356,0.06638290760223196
AMAT,2020-05-14,54.43000030517578,D2,Downtrend,High,0.05709843718918539,0.5740519671235325
AMAT,2020-05-15,52.040000915527344,D2,Downtrend,High,-0.043909597211984064,0.24383039156530614
AMAT,2020-05-18,54.36000061035156,D2,Downtrend,High,0.04458108481954293,0.6933387515048562
AMAT,2020-05-19,55.470001220703125,D2,Downtrend,High,0.020419437047250355,0.9276395291924073
AMAT,2020-05-20,56.880001068115234,D2,Downtrend,High,0.02541914217383967,1.1983948719183044
AMAT,2020-05-21,55.02000045776367,D2,Downtrend,High,-0.03270043205737927,0.8913200750381786
AMAT,2020-05-22,54.38999938964844,D2,Downtrend,High,-0.011450400997340182,0.7889596024568133
AMAT,2020-05-26,55.13999938964844,D2,Downtrend,High,0.013789299658325538,0.9498297227722722
AMAT,2020-05-27,56.400001525878906,D2,Downtrend,High,0.022850963913267908,1.2238193929443344
AMAT,2020-05-28,54.66999816894531,D2,Downtrend,High,-0.03067381755547982,0.9126568777268672
AMAT,2020-05-29,56.18000030517578,D2,Downtrend,High,0.027620307056973825,1.252710060093293
AMAT,2020-06-01,55.689998626708984,D2,Downtrend,Medium,-0.008721994941350175,1.1869506259879252
AMAT,2020-06-02,55.790000915527344,D2,Downtrend,Medium,0.0017956956596223428,1.2262873181162233
AMAT,2020-06-03,57.810001373291016,D2,Downtrend,Medium,0.03620721320335152,1.5906123100979934
AMAT,2020-06-04,58.130001068115234,D2,Downtrend,Medium,0.005535369092242615,1.6328514948221844
AMAT,2020-06-05,60.189998626708984,D2,Downtrend,Medium,0.03543776915090535,1.9562783919961506
AMAT,2020-06-08,59.900001525878906,D2,Downtrend,Medium,-0.004818028035332045,1.813668096826238
AMAT,2020-06-09,59.790000915527344,D2,Downtrend,Medium,-0.0018364041327116887,1.719211246438806
AMAT,2020-06-10,59.86000061035156,D2,Downtrend,Medium,0.0011707592198086925,1.6813770615481904
AMAT,2020-06-11,55.40999984741211,D2,Downtrend,High,-0.07434013895031466,0.8246740004834086
AMAT,2020-06-12,56.54999923706055,D2,Downtrend,High,0.02057389266897247,1.018651803487227
AMAT,2020-06-15,57.04999923706055,D2,Downtrend,Medium,0.008841733098951421,1.0944930233254895
AMAT,2020-06-16,58.540000915527344,D2,Downtrend,Medium,0.02611747061161873,1.3926026268220035
AMAT,2020-06-17,60.0,D2,Downtrend,Medium,0.024940195791582243,1.6803482876662135
AMAT,2020-06-18,60.380001068115234,D2,Downtrend,Medium,0.006333351135253906,1.6996164801973905
AMAT,2020-06-19,60.95000076293945,D2,Downtrend,Medium,0.009440206769476545,1.7595441952346385
AMAT,2020-06-22,61.27000045776367,D2,Downtrend,Medium,0.00525020001343135,1.7464159904964212
AMAT,2020-06-23,60.84000015258789,D2,Downtrend,Medium,-0.0070181214617780485,1.6035391191500021
AMAT,2020-06-24,59.970001220703125,D2,Downtrend,Medium,-0.014299785169342383,1.3717899357392478
AMAT,2020-06-25,59.97999954223633,D2,Downtrend,Medium,0.00016672204985290762,1.3336628238601969
AMAT,2020-06-26,58.380001068115234,D2,Downtrend,Medium,-0.026675533283297526,0.9755367260456587
AMAT,2020-06-29,59.060001373291016,D2,Downtrend,Medium,0.011647829611760141,1.1092197417194143
AMAT,2020-06-30,60.45000076293945,D2,Downtrend,Medium,0.023535376859592283,1.4267254454816591
AMAT,2020-07-01,59.68000030517578,D2,Downtrend,Medium,-0.01273780724641016,1.2155969676484937
AMAT,2020-07-02,61.0,D2,Downtrend,Medium,0.02211795723985177,1.4956763228280578
AMAT,2020-07-06,63.459999084472656,D2,Downtrend,Medium,0.0403278538438141,1.9950718726702743
AMAT,2020-07-07,62.18000030517578,D2,Downtrend,Medium,-0.02017016699910512,1.62496065362924
AMAT,2020-07-08,62.77000045776367,D2,Downtrend,Medium,0.009488583944873064,1.6962731676373304
AMAT,2020-07-09,63.4900016784668,D2,Downtrend,Medium,0.011470467029669695,1.780353670202324
AMAT,2020-07-10,62.59000015258789,D2,Downtrend,Medium,-0.014175484361093504,1.5160120465524831
AMAT,2020-07-13,61.5099983215332,D2,Downtrend,Medium,-0.017255181792966257,1.225412569948713
AMAT,2020-07-14,62.540000915527344,D2,Downtrend,Medium,0.01674528730451219,1.4047859667722555
AMAT,2020-07-15,62.099998474121094,D2,Downtrend,Medium,-0.007035536216261962,1.2634009538619881
AMAT,2020-07-16,62.34000015258789,D2,Downtrend,Medium,0.0038647614229301297,1.2839789559837675
AMAT,2020-07-17,62.29999923706055,D2,Downtrend,Medium,-0.0006416572895321382,1.2315802879271887
AMAT,2020-07-20,63.72999954223633,D2,Downtrend,Medium,0.022953456222919444,1.5012624964631422
AMAT,2020-07-21,63.810001373291016,D2,Downtrend,Medium,0.0012553245195250362,1.464828170319568
AMAT,2020-07-22,64.22000122070312,D2,Downtrend,Medium,0.006425322654572518,1.5034605981100364
AMAT,2020-07-23,63.630001068115234,D2,Downtrend,Medium,-0.009187171307584618,1.3309837680094825
AMAT,2020-07-24,60.619998931884766,D2,Downtrend,Medium,-0.047304763251666326,0.6308167307995047
AMAT,2020-07-27,63.0099983215332,D2,Downtrend,Medium,0.03942592266182565,1.1405892469704157
AMAT,2020-07-28,62.29999923706055,D2,Downtrend,Medium,-0.01126803846033464,0.9674471648074722
AMAT,2020-07-29,63.25,D2,Downtrend,Medium,0.015248808580631934,1.1913442067964
AMAT,2020-07-30,64.41999816894531,D2,Downtrend,Medium,0.018497994765933834,1.475415029477952
AMAT,2020-07-31,64.33000183105469,D2,Downtrend,Medium,-0.0013970248439716393,1.4267550746753508
AMAT,2020-08-03,65.01000213623047,D2,Downtrend,Medium,0.010570500323653365,1.5767065778252787
AMAT,2020-08-04,64.8499984741211,D2,Downtrend,Medium,-0.002461216072168093,1.4829389204591181
AMAT,2020-08-05,64.87000274658203,D2,Downtrend,Medium,0.0003084698987143586,1.4409369135792351
AMAT,2020-08-06,63.61000061035156,D2,Downtrend,Medium,-0.01942349441779323,1.0693981027002157
AMAT,2020-08-07,63.56999969482422,D2,Downtrend,Medium,-0.0006288463314498838,1.0431040726383556
AMAT,2020-08-10,65.23999786376953,D2,Downtrend,Medium,0.026270224586476987,1.4897847257275296
AMAT,2020-08-11,64.45999908447266,D2,Downtrend,Medium,-0.011955836984017476,1.2457772933920184
AMAT,2020-08-12,66.5,D2,Downtrend,Medium,0.03164754800653946,1.8162469864767956
AMAT,2020-08-13,65.06999969482422,D2,Downtrend,Medium,-0.021503763987605784,1.333723878850069
AMAT,2020-08-14,67.62000274658203,D2,Downtrend,Medium,0.03918861324292644,2.0233020304091767
AMAT,2020-08-17,66.94000244140625,D2,Downtrend,Medium,-0.010056200496237788,1.7589388034917413
AMAT,2020-08-18,66.43000030517578,D2,Downtrend,Medium,-0.007618794706153231,1.5680814519484123
AMAT,2020-08-19,65.87000274658203,D2,Downtrend,Medium,-0.008429889447857164,1.362091050875807
AMAT,2020-08-20,63.790000915527344,D2,Downtrend,Medium,-0.03157737580575126,0.6814980380431693
AMAT,2020-08-21,62.27000045776367,D2,Downtrend,Medium,-0.023828193070203896,0.16027943759303095
AMAT,2020-08-24,63.7400016784668,D2,Downtrend,Medium,0.02360689272357064,0.6288630059918733
AMAT,2020-08-25,64.05000305175781,D2,Downtrend,Medium,0.0048635294183831945,0.7137942963206655
AMAT,2020-08-26,63.7599983215332,D2,Downtrend,Medium,-0.004527786360763453,0.5867019290963518
AMAT,2020-08-27,62.029998779296875,D2,Downtrend,Medium,-0.027132992280084034,-0.08842333254419588
AMAT,2020-08-28,63.06999969482422,D2,Downtrend,Medium,0.016766096017955423,0.28415208251647955
AMAT,2020-08-31,61.599998474121094,D2,Downtrend,Medium,-0.023307455649532183,-0.3014724385424644
AMAT,2020-09-01,61.88999938964844,D2,Downtrend,Medium,0.004707807186865143,-0.2020750560552424
AMAT,2020-09-02,65.08000183105469,D2,Downtrend,Medium,0.051543100224037186,1.0270809097189735
AMAT,2020-09-03,61.459999084472656,D2,Downtrend,Medium,-0.05562388821038189,-0.421322286262072
AMAT,2020-09-04,60.959999084472656,D2,Downtrend,Medium,-0.008135372721252088,-0.7059736332992976
AMAT,2020-09-08,55.630001068115234,D2,Downtrend,High,-0.08743435197516347,-2.9294868950619986
AMAT,2020-09-09,55.20000076293945,D2,Downtrend,High,-0.007729647616746882,-2.9921308492927152
AMAT,2020-09-10,55.119998931884766,D2,Downtrend,High,-0.0014493085135679484,-2.8498651676239963
AMAT,2020-09-11,55.0,D2,Downtrend,High,-0.002177048878993171,-2.6998799530107727
AMAT,2020-09-14,56.459999084472656,D2,Downtrend,Medium,0.02654543789950292,-2.0737756457239187
AMAT,2020-09-15,57.20000076293945,D2,Downtrend,High,0.01310665409965095,-1.7473960674996394
AMAT,2020-09-16,56.470001220703125,D2,Downtrend,High,-0.012762229589152407,-1.909514703909118
AMAT,2020-09-17,56.34000015258789,D2,Downtrend,High,-0.0023021261785908242,-1.8720359237145066
AMAT,2020-09-18,56.150001525878906,D2,Downtrend,Medium,-0.003372357582435259,-1.8626326754056175
AMAT,2020-09-21,57.31999969482422,D2,Downtrend,Medium,0.02083701045682207,-1.4588875222977045
AMAT,2020-09-22,57.88999938964844,D2,Downtrend,Medium,0.009944167792375058,-1.2758554168875125
AMAT,2020-09-23,57.25,D2,Downtrend,Medium,-0.01105543956462507,-1.4479408062364258
AMAT,2020-09-24,57.790000915527344,D2,Downtrend,Medium,0.009432330402224354,-1.2545652955355098
AMAT,2020-09-25,58.22999954223633,D2,Downtrend,Medium,0.007613750125253338,-1.1071332298948147
AMAT,2020-09-28,59.36000061035156,D2,Downtrend,Medium,0.019405823063687322,-0.7569258114355351
AMAT,2020-09-29,59.650001525878906,D2,Downtrend,Medium,0.004885460117006302,-0.6502532904100713
AMAT,2020-09-30,59.45000076293945,D2,Downtrend,Medium,-0.0033529045737356045,-0.69346117329188
AMAT,2020-10-01,60.650001525878906,D2,Downtrend,Medium,0.02018504201075677,-0.32681141529649377
AMAT,2020-10-02,58.209999084472656,D2,Downtrend,Medium,-0.04023087188819141,-1.017791184243441
AMAT,2020-10-05,60.599998474121094,D2,Downtrend,Medium,0.0410582275766771,-0.30360681123703775
AMAT,2020-10-06,60.400001525878906,D2,Downtrend,Medium,-0.0033002797570629294,-0.3567002666882397
AMAT,2020-10-07,61.119998931884766,D2,Downtrend,Medium,0.011920486553255616,-0.1378704085918892
AMAT,2020-10-08,62.599998474121094,D2,Downtrend,Medium,0.02421465261944311,0.2953549945229456
AMAT,2020-10-09,63.290000915527344,D2,Downtrend,Medium,0.011022403486024013,0.4929483777844358
AMAT,2020-10-12,64.68000030517578,D2,Downtrend,Medium,0.021962385361688597,0.8840146991886374
AMAT,2020-10-13,64.69000244140625,D2,Downtrend,Medium,0.00015464032441681042,0.8791599975129314
AMAT,2020-10-14,63.97999954223633,D2,Downtrend,Medium,-0.010975465641897553,0.6714175963540071
AMAT,2020-10-15,63.5099983215332,D2,Downtrend,Medium,-0.007346064771270533,0.539408545487715
AMAT,2020-10-16,63.0,D2,Downtrend,Medium,-0.008030205243451993,0.3944419124115696
AMAT,2020-10-19,62.04999923706055,D2,Downtrend,Medium,-0.01507937718951513,0.11029773397037226
AMAT,2020-10-20,62.2599983215332,D2,Downtrend,Medium,0.003384352732549667,0.17546329276846928
AMAT,2020-10-21,62.11000061035156,D2,Downtrend,Medium,-0.0024092148285485004,0.13255592917208436
AMAT,2020-10-22,61.70000076293945,D2,Downtrend,Medium,-0.00660118891294581,0.020262532605229852
AMAT,2020-10-23,60.95000076293945,D2,Downtrend,Medium,-0.012155591421815548,-0.18351368929670497
AMAT,2020-10-26,59.5099983215332,D2,Downtrend,Medium,-0.023625962647761622,-0.5856337026896643
AMAT,2020-10-27,58.83000183105469,D2,Downtrend,Medium,-0.011426592331669871,-0.7593953000201036
AMAT,2020-10-28,57.31999969482422,D2,Downtrend,Medium,-0.025667212123617222,-1.1669790405269538
AMAT,2020-10-29,59.5,D2,Downtrend,Medium,0.03803210601504281,-0.499348113062844
AMAT,2020-10-30,59.22999954223633,D2,Downtrend,Medium,-0.004537822819557502,-0.5591303028203589
AMAT,2020-11-02,60.33000183105469,D2,Downtrend,Medium,0.01857170854836765,-0.21531646193377013
AMAT,2020-11-03,61.83000183105469,D2,Downtrend,Medium,0.024863251358760552,0.2551316489359066
AMAT,2020-11-04,64.86000061035156,D2,Downtrend,Medium,0.04900531602079017,1.171624437384172
AMAT,2020-11-05,69.94999694824219,D2,Downtrend,Medium,0.07847666188702229,2.599348634748915
AMAT,2020-11-06,70.52999877929688,D2,Downtrend,Medium,0.008291663421856166,2.60765977187627
AMAT,2020-11-09,71.30000305175781,D2,Downtrend,Medium,0.010917400904407293,2.6989763343178086
AMAT,2020-11-10,69.38999938964844,D2,Downtrend,Medium,-0.02678826900922948,2.133770568207581
AMAT,2020-11-11,71.16000366210938,D2,Downtrend,Medium,0.025508060066721683,2.4766373890710836
AMAT,2020-11-12,69.80000305175781,D2,Downtrend,Medium,-0.01911186818945776,2.0619294029683317
AMAT,2020-11-13,72.80999755859375,D2,Downtrend,Medium,0.043123128585022874,2.60447057287752
AMAT,2020-11-16,74.4800033569336,D2,Downtrend,Medium,0.022936490239488183,2.7461671889461376
AMAT,2020-11-17,74.37000274658203,D2,Downtrend,Medium,-0.001476914680365926,2.535228470695885
AMAT,2020-11-18,75.70999908447266,D2,Downtrend,Medium,0.018017968110835003,2.6057552228986003
AMAT,2020-11-19,77.25,D2,Downtrend,Medium,0.020340786344603012,2.6777475587745503
AMAT,2020-11-20,76.72000122070312,D2,Downtrend,Medium,-0.0068608256219659935,2.4083922592609524
AMAT,2020-11-23,80.5,D2,Downtrend,Medium,0.04927005629761161,2.7938998714460648
AMAT,2020-11-24,82.94999694824219,D2,Downtrend,Medium,0.03043474469866081,2.892740140058362
AMAT,2020-11-25,81.13999938964844,D2,Downtrend,Medium,-0.021820345089622162,2.444448990357324
AMAT,2020-11-27,82.66000366210938,D2,Downtrend,Medium,0.018733106777110153,2.4741645430615375
AMAT,2020-11-30,82.4800033569336,D2,Downtrend,Medium,-0.0021775985628015304,2.2946621850548135
AMAT,2020-12-01,84.2699966430664,D2,Downtrend,Medium,0.02170214856062236,2.353074346973044
AMAT,2020-12-02,85.29000091552734,D2,Downtrend,Medium,0.012104002766029076,2.3238096634390057
AMAT,2020-12-03,86.0999984741211,D2,Downtrend,Medium,0.009496981473783528,2.2755167689758222
AMAT,2020-12-04,88.83999633789062,D2,Downtrend,Medium,0.03182343684469502,2.4155910661533393
AMAT,2020-12-07,89.13999938964844,D2,Downtrend,Medium,0.0033768917618681726,2.3033874823103044
AMAT,2020-12-08,89.75,D2,Downtrend,Medium,0.006843174944225927,2.2294267181400196
AMAT,2020-12-09,87.81999969482422,D2,Downtrend,Medium,-0.02150418167326773,1.9386308544970803
AMAT,2020-12-10,87.88999938964844,D2,Downtrend,Medium,0.0007970814742366272,1.8568738492138719
AMAT,2020-12-11,88.30000305175781,D2,Downtrend,Medium,0.004664963761026764,1.8125065740680355
AMAT,2020-12-14,88.5,D2,Downtrend,Medium,0.002264971022990281,1.7543194579040082
AMAT,2020-12-15,88.47000122070312,D2,Downtrend,Medium,-0.0003389692575918035,1.679815698369315
AMAT,2020-12-16,88.55000305175781,D2,Downtrend,Medium,0.0009042820159470555,1.619871752691916
AMAT,2020-12-17,87.5,D2,Downtrend,Medium,-0.01185774156488828,1.470801012616699
AMAT,2020-12-18,86.08999633789062,D2,Downtrend,Medium,-0.016114327566964293,1.3000266271701744
AMAT,2020-12-21,86.41000366210938,D2,Downtrend,Medium,0.0037171255410763937,1.2834744866751573
AMAT,2020-12-22,85.63999938964844,D2,Downtrend,Medium,-0.00891105473704068,1.1751902794920548
AMAT,2020-12-23,84.02999877929688,D2,Downtrend,Medium,-0.018799633603759358,0.9996777629030023
AMAT,2020-12-24,85.33000183105469,D2,Downtrend,Medium,0.015470701780827545,1.078341429644292
AMAT,2020-12-28,84.87000274658203,D2,Downtrend,Medium,-0.005390824734580635,1.0038217193956
AMAT,2020-12-29,84.2699966430664,D2,Downtrend,Medium,-0.007069707601014441,0.9202388620673256
AMAT,2020-12-30,86.9800033569336,D2,Downtrend,Medium,0.03215861898447292,1.1248498570806762
AMAT,2020-12-31,86.30000305175781,D2,Downtrend,Medium,-0.007817892376772106,1.0299771111784828
AMAT,2021-01-04,86.87000274658203,D2,Downtrend,Medium,0.006604862974134207,1.0465963684116928
AMAT,2021-01-05,89.5999984741211,D2,Downtrend,Medium,0.031426218961947416,1.2496536838402412
AMAT,2021-01-06,90.83000183105469,D2,Downtrend,Medium,0.013727716270987012,1.3136284062947563
AMAT,2021-01-07,94.55999755859375,D1,Downtrend,Medium,0.041065679316806714,1.58314279315722
AMAT,2021-01-08,95.55999755859375,D1,Downtrend,Medium,0.010575296381330368,1.6053033919508066
AMAT,2021-01-11,97.95999908447266,D1,Downtrend,Medium,0.025115127534482307,1.7391167710589284
AMAT,2021-01-12,100.01000213623047,D1,Downtrend,Medium,0.02092694029110853,1.8324983719166337
AMAT,2021-01-13,98.05000305175781,D1,Downtrend,Medium,-0.019598030623005136,1.6043584241720634
AMAT,2021-01-14,105.80000305175781,D1,Downtrend,Medium,0.0790413029962782,2.1432832989126487
AMAT,2021-01-15,103.13999938964844,D1,Downtrend,Medium,-0.02514181082592304,1.8461497544533496
AMAT,2021-01-19,109.22000122070312,D1,Downtrend,Medium,0.05894901945932052,2.219014776062634
AMAT,2021-01-20,107.83999633789062,D1,Downtrend,Medium,-0.01263509309090649,2.0174812225252237
AMAT,2021-01-21,107.97000122070312,D1,Downtrend,Medium,0.0012055349334876286,1.946531904800053
AMAT,2021-01-22,106.33000183105469,D1,Downtrend,Medium,-0.015189398639498863,1.7615134278554119
AMAT,2021-01-25,108.12000274658203,D1,Downtrend,Medium,0.0168343918433429,1.8400583175274414
AMAT,2021-01-26,105.52999877929688,D1,Downtrend,Medium,-0.02395490104967679,1.6037403522276927
AMAT,2021-01-27,98.58000183105469,D1,Downtrend,High,-0.06585802168705845,1.0341035966696368
AMAT,2021-01-28,101.1500015258789,D1,Downtrend,High,0.02607019321452908,1.218938092721949
AMAT,2021-01-29,96.68000030517578,D1,Downtrend,High,-0.044191805766404135,0.8272349696807498
AMAT,2021-02-01,101.20999908447266,D1,Downtrend,High,0.04685559334916922,1.1958318945127426
AMAT,2021-02-02,103.58999633789062,D1,Downtrend,High,0.023515435974182264,1.3770587889647714
AMAT,2021-02-03,99.87000274658203,D1,Downtrend,High,-0.035910741604572416,1.0110769418476424
AMAT,2021-02-04,103.23999786376953,D1,Downtrend,High,0.03374381720744313,1.2843022904831427
AMAT,2021-02-05,100.70999908447266,D1,Downtrend,High,-0.024505994107393736,1.0199316800241909
AMAT,2021-02-08,106.19000244140625,D1,Downtrend,High,0.05441369682008568,1.4995280886036964
AMAT,2021-02-09,105.37999725341797,D1,Downtrend,High,-0.007627885576471538,1.3862252961803496
AMAT,2021-02-10,105.87999725341797,D1,Downtrend,High,0.004744733469650875,1.405371589069729
AMAT,2021-02-11,113.0,D1,Downtrend,High,0.06724596648355297,2.0321650856028537
AMAT,2021-02-12,116.69999694824219,D1,Downtrend,High,0.0327433358251521,2.2820059356354325
AMAT,2021-02-16,118.3499984741211,D1,Downtrend,High,0.01413883092568291,2.323673637976223
AMAT,2021-02-17,115.70999908447266,D1,Downtrend,High,-0.022306712494176373,1.9917254143295062
AMAT,2021-02-18,113.43000030517578,D1,Downtrend,High,-0.01970442310376641,1.7161622519824895
AMAT,2021-02-19,119.45999908447266,D1,Downtrend,High,0.05316052863504872,2.176612162644708
AMAT,2021-02-22,115.2300033569336,D1,Downtrend,High,-0.03540930654576635,1.719349533984479
AMAT,2021-02-23,116.13999938964844,D1,Downtrend,High,0.007897214320961687,1.7285074652646788
AMAT,2021-02-24,122.80999755859375,D1,Downtrend,High,0.057430671637663355,2.206935860838463
AMAT,2021-02-25,113.93000030517578,D1,Downtrend,High,-0.07230679447885535,1.3814212575774913
AMAT,2021-02-26,118.19000244140625,D1,Downtrend,High,0.0373913993225623,1.6868699141332746
AMAT,2021-03-01,122.25,D1,Downtrend,High,0.0343514466090864,1.9444827064934276
AMAT,2021-03-02,117.5,D1,Downtrend,High,-0.03885480572597133,1.4851835184535376
AMAT,2021-03-03,115.44000244140625,D1,Downtrend,High,-0.01753189411569145,1.2673684765004014
AMAT,2021-03-04,108.23999786376953,D1,Downtrend,High,-0.0623701007048334,0.6372961033370261
AMAT,2021-03-05,113.44999694824219,D1,Downtrend,High,0.04813376928397517,1.042292094932194
AMAT,2021-03-08,105.68000030517578,D1,Downtrend,High,-0.06848829309895188,0.3662545059653186
AMAT,2021-03-09,114.22000122070312,D1,Downtrend,High,0.08081000085982293,1.0568790066925933
AMAT,2021-03-10,112.68000030517578,D1,Downtrend,High,-0.013482760454114007,0.8952556558146573
AMAT,2021-03-11,117.19000244140625,D1,Downtrend,High,0.04002486798026128,1.2389847666784302
AMAT,2021-03-12,114.29000091552734,D1,Downtrend,High,-0.024746151254061766,0.9588233102132591
AMAT,2021-03-15,114.87999725341797,D1,Downtrend,High,0.005162274329901351,0.9771553674482968
AMAT,2021-03-16,118.5,D1,Downtrend,High,0.03151116672292864,1.2483791255968322
AMAT,2021-03-17,119.9000015258789,D1,Downtrend,High,0.0118143588681765,1.326340407364875
AMAT,2021-03-18,114.27999877929688,D1,Downtrend,High,-0.04687241597214675,0.8116086829867152
AMAT,2021-03-19,114.86000061035156,D1,Downtrend,High,0.005075269839430296,0.8358058023635169
AMAT,2021-03-22,119.33000183105469,D1,Downtrend,High,0.03891695278556595,1.2058789515323691
AMAT,2021-03-23,116.37999725341797,D1,Downtrend,High,-0.024721398913688852,0.9135348956112178
AMAT,2021-03-24,121.0999984741211,D1,Downtrend,High,0.04055680814655194,1.3280424764912522
AMAT,2021-03-25,119.72000122070312,D1,Downtrend,High,-0.011395518338613964,1.1739425039190863
AMAT,2021-03-26,128.63999938964844,D1,Downtrend,High,0.07450716737382379,2.008154172971445
AMAT,2021-03-29,125.70999908447266,D1,Downtrend,High,-0.022776743773924135,1.6787189462693985
AMAT,2021-03-30,126.76000213623047,D1,Downtrend,High,0.00835258181055476,1.7551923447900275
AMAT,2021-03-31,133.60000610351562,U1,Uptrend,High,0.05396027021153027,2.3871250387114045
AMAT,2021-04-01,141.52000427246094,U1,Uptrend,High,0.05928142071197784,2.9970272000509146
AMAT,2021-04-05,143.0500030517578,U1,Uptrend,High,0.010811183812228009,2.936742613232198
AMAT,2021-04-06,139.5399932861328,U1,Uptrend,High,-0.024536942962210317,2.456159939735485
AMAT,2021-04-07,139.13999938964844,U1,Uptrend,High,-0.0028665179570718236,2.2957167270356305
AMAT,2021-04-08,139.35000610351562,U1,Uptrend,High,0.0015093194968263113,2.1964780635397596
AMAT,2021-04-09,138.91000366210938,U1,Uptrend,High,-0.003157534425074937,2.0520540100517626
AMAT,2021-04-12,135.0,U1,Uptrend,High,-0.028147747167441173,1.652244105155766
AMAT,2021-04-13,135.10000610351562,U1,Uptrend,High,0.0007407859519676929,1.5932749281586653
AMAT,2021-04-14,134.13999938964844,U1,Uptrend,High,-0.007105896894864849,1.456658575749224
AMAT,2021-04-15,134.41000366210938,U1,Uptrend,High,0.002012854284251464,1.4236624619061038
AMAT,2021-04-16,133.72999572753906,U1,Uptrend,Medium,-0.0050592062796142034,1.3182487433720482
AMAT,2021-04-19,130.88999938964844,D1,Downtrend,High,-0.02123679375326404,1.049081302598043
AMAT,2021-04-20,128.58999633789062,D1,Downtrend,Medium,-0.017572030426181717,0.8320382667769033
AMAT,2021-04-21,135.0500030517578,U1,Uptrend,High,0.050237241603868554,1.3136293768836926
AMAT,2021-04-22,131.75,U1,Uptrend,High,-0.02443541634347901,1.0110930239846414
AMAT,2021-04-23,134.86000061035156,U1,Uptrend,High,0.023605317725628572,1.229892282327381
AMAT,2021-04-26,137.3000030517578,U1,Uptrend,Medium,0.018092855037544542,1.3872665688086474
AMAT,2021-04-27,136.77999877929688,U1,Uptrend,Medium,-0.0037873580546455843,1.3145350872824126
AMAT,2021-04-28,135.69000244140625,U1,Uptrend,Medium,-0.007968974613381863,1.189180057258733
AMAT,2021-04-29,135.38999938964844,U1,Uptrend,Medium,-0.0022109444053356464,1.1296570564805022
AMAT,2021-04-30,132.7100067138672,U1,Uptrend,Medium,-0.01979461324959686,0.8739756848712128
AMAT,2021-05-03,132.85000610351562,U1,Uptrend,Medium,0.0010549271536870464,0.8600010170519711
AMAT,2021-05-04,128.72000122070312,D1,Downtrend,Medium,-0.03108772821278183,0.45971574086359707
AMAT,2021-05-05,130.2899932861328,D1,Downtrend,Medium,0.012196955022846678,0.5816788873965644
AMAT,2021-05-06,131.72999572753906,U1,Uptrend,Medium,0.011052287325273191,0.694711879873901
AMAT,2021-05-07,132.9499969482422,U1,Uptrend,Medium,0.009261377516678104,0.7897419667280344
AMAT,2021-05-10,124.69000244140625,D1,Downtrend,Medium,-0.06212857989046494,-0.06345935777317355
AMAT,2021-05-11,123.55000305175781,D1,Downtrend,Medium,-0.009142668757137429,-0.19278112920403984
AMAT,2021-05-12,114.87999725341797,D1,Downtrend,Medium,-0.07017406381372393,-1.0721856426734537
AMAT,2021-05-13,119.91999816894531,D1,Downtrend,Medium,0.04387187531358849,-0.5673242393002513
AMAT,2021-05-14,124.83000183105469,D1,Downtrend,High,0.04094399380487057,-0.08312457633082893
AMAT,2021-05-17,123.56999969482422,D1,Downtrend,High,-0.010093744434417018,-0.22223667316729973
AMAT,2021-05-18,121.80999755859375,D1,Downtrend,High,-0.01424295654752017,-0.42137621658039887
AMAT,2021-05-19,124.80000305175781,D1,Downtrend,Medium,0.024546470348017158,-0.12238681631213977
AMAT,2021-05-20,130.30999755859375,D1,Downtrend,High,0.04415059593028059,0.450183101209634
AMAT,2021-05-21,128.66000366210938,D1,Downtrend,High,-0.012662066820640194,0.2521882793815523
AMAT,2021-05-24,134.5800018310547,U1,Uptrend,High,0.04601273123303007,0.8611803175900038
AMAT,2021-05-25,137.5,U1,Uptrend,High,0.021697117916605002,1.1379170192942993
AMAT,2021-05-26,136.89999389648438,U1,Uptrend,High,-0.004363680752840882,1.0385374376708771
AMAT,2021-05-27,137.82000732421875,U1,Uptrend,High,0.006720332131132434,1.1004006527579782
AMAT,2021-05-28,138.1300048828125,U1,Uptrend,High,0.0022492928611190788,1.1103899063219516
AMAT,2021-06-01,138.2100067138672,U1,Uptrend,High,0.0005791777906802853,1.087227966296279
AMAT,2021-06-02,139.00999450683594,U1,Uptrend,High,0.005788204573529576,1.1680722286672385
AMAT,2021-06-03,136.3800048828125,U1,Uptrend,High,-0.01891942829976956,0.8345323200724742
AMAT,2021-06-04,139.85000610351562,U1,Uptrend,High,0.025443621472845734,1.2212548037721451
AMAT,2021-06-07,138.97000122070312,U1,Uptrend,High,-0.006292490843090359,1.0812487339406394
AMAT,2021-06-08,135.86000061035156,U1,Uptrend,Medium,-0.02237893489985987,0.6738222049295224
AMAT,2021-06-09,134.64999389648438,U1,Uptrend,Medium,-0.008906276375910682,0.494447281855813
AMAT,2021-06-10,137.16000366210938,U1,Uptrend,Medium,0.01864099427701893,0.7973252846562972
AMAT,2021-06-11,136.82000732421875,U1,Uptrend,Medium,-0.0024788300438384203,0.7253241931122869
AMAT,2021-06-14,139.02999877929688,U1,Uptrend,Medium,0.01615254594922777,1.0094388631635411
AMAT,2021-06-15,138.63999938964844,U1,Uptrend,Medium,-0.0028051456021914722,0.9395857236753622
AMAT,2021-06-16,136.97999572753906,U1,Uptrend,Medium,-0.011973482901164179,0.6695955743415505
AMAT,2021-06-17,137.32000732421875,U1,Uptrend,Medium,0.0024821989143291034,0.7032510264342464
AMAT,2021-06-18,131.22999572753906,D1,Downtrend,Medium,-0.04434904800362338,-0.30884151972084284
AMAT,2021-06-21,133.0500030517578,U1,Uptrend,Medium,0.013868836268176477,-0.04679883526749355
AMAT,2021-06-22,133.44000244140625,U1,Uptrend,Medium,0.002931224206712102,0.0067734443358277285
AMAT,2021-06-23,135.5,U1,Uptrend,Medium,0.015437631301740362,0.3411480138363693
AMAT,2021-06-24,138.25999450683594,U1,Uptrend,Medium,0.020368963150080743,0.7993435452126549
AMAT,2021-06-25,136.19000244140625,U1,Uptrend,Medium,-0.014971735481497772,0.42367173955199744
AMAT,2021-06-28,140.99000549316406,U1,Uptrend,Medium,0.03524490025486959,1.2784628556630757
AMAT,2021-06-29,141.9199981689453,U1,Uptrend,Medium,0.006596160291846731,1.454610525525688
AMAT,2021-06-30,142.39999389648438,U1,Uptrend,Medium,0.0033821570866119366,1.5150859516060615
AMAT,2021-07-01,137.9499969482422,U1,Uptrend,Medium,-0.031249979908545833,0.735075143489096
AMAT,2021-07-02,138.16000366210938,U1,Uptrend,Medium,0.0015223393875534175,0.7782260843774168
AMAT,2021-07-06,136.77999877929688,U1,Uptrend,Medium,-0.009988454301054439,0.5419018400653911
AMAT,2021-07-07,134.8699951171875,U1,Uptrend,Medium,-0.013964056727265306,0.20140347903823524
AMAT,2021-07-08,132.52999877929688,U1,Uptrend,Medium,-0.01735001425526428,-0.20866130978737285
AMAT,2021-07-09,134.89999389648438,U1,Uptrend,Medium,0.017882706851407137,0.21209985238216006
AMAT,2021-07-12,136.8000030517578,U1,Uptrend,Medium,0.014084575546618794,0.5427584856636742
AMAT,2021-07-13,136.2899932861328,U1,Uptrend,Medium,-0.0037281414784182676,0.44361058739557363
AMAT,2021-07-14,135.64999389648438,U1,Uptrend,Medium,-0.004695864855644993,0.3162188145656379
AMAT,2021-07-15,133.1999969482422,U1,Uptrend,Medium,-0.01806116519335632,-0.13452726405789833
AMAT,2021-07-16,128.17999267578125,D1,Downtrend,Medium,-0.03768772062668724,-1.0056845996085448
AMAT,2021-07-19,128.6199951171875,D1,Downtrend,Medium,0.003432692046715813,-0.9126356219545645
AMAT,2021-07-20,131.97000122070312,U1,Uptrend,Medium,0.02604576450545948,-0.3118533890195201
AMAT,2021-07-21,138.0,U1,Uptrend,Medium,0.04569219310085826,0.7502255382618759
AMAT,2021-07-22,137.17999267578125,U1,Uptrend,Medium,-0.005942082059556153,0.603989610136905
AMAT,2021-07-23,138.42999267578125,U1,Uptrend,Medium,0.009112115955234978,0.8124477452585152
AMAT,2021-07-26,138.47999572753906,U1,Uptrend,Medium,0.00036121544754341706,0.8081434235435401
AMAT,2021-07-27,134.89999389648438,U1,Uptrend,Medium,-0.02585212262786596,0.17679975337341688
AMAT,2021-07-28,137.2100067138672,U1,Uptrend,Medium,0.01712389119272606,0.566007540598165
AMAT,2021-07-29,137.5,U1,Uptrend,Medium,0.0021134995404348267,0.5935049157940173
AMAT,2021-07-30,139.92999267578125,U1,Uptrend,Medium,0.017672674005681843,0.9858399155994746
AMAT,2021-08-02,142.00999450683594,U1,Uptrend,Medium,0.014864589008262596,1.3009307048025531
AMAT,2021-08-03,142.16000366210938,U1,Uptrend,Medium,0.0010563281534823332,1.2824890950695045
AMAT,2021-08-04,142.75999450683594,U1,Uptrend,Medium,0.004220532001058652,1.3452188336242246
AMAT,2021-08-05,142.27000427246094,U1,Uptrend,Medium,-0.0034322657132880297,1.2327936845488043
AMAT,2021-08-06,142.64999389648438,U1,Uptrend,Medium,0.002670904706628896,1.3547275875777953
AMAT,2021-08-09,142.0,U1,Uptrend,Medium,-0.004556564488576553,1.2462862397032894
AMAT,2021-08-10,138.05999755859375,U1,Uptrend,Medium,-0.027746496066241244,0.395544468471379
AMAT,2021-08-11,134.82000732421875,U1,Uptrend,Medium,-0.023467987046718042,-0.3820547913092991
AMAT,2021-08-12,129.22000122070312,D1,Downtrend,Medium,-0.041536906981829325,-1.87814446838397
AMAT,2021-08-13,129.89999389648438,D1,Downtrend,Medium,0.005262286560575369,-1.8240891571029665
AMAT,2021-08-16,131.69000244140625,U1,Uptrend,Medium,0.013779897067187852,-1.359958076940254
AMAT,2021-08-17,128.8000030517578,D1,Downtrend,Medium,-0.021945472974945868,-2.151984974243303
AMAT,2021-08-18,127.37000274658203,D1,Downtrend,Medium,-0.011102486578367099,-2.3898365473565595
AMAT,2021-08-19,129.1999969482422,D1,Downtrend,Medium,0.014367544651004982,-1.8241378066458924
AMAT,2021-08-20,127.19999694824219,D1,Downtrend,Medium,-0.015479876526631853,-2.1920981347951827
AMAT,2021-08-23,131.49000549316406,U1,Uptrend,Medium,0.0337264830805577,-1.1174659434296887
AMAT,2021-08-24,131.44000244140625,U1,Uptrend,Medium,-0.00038028024693037565,-1.09342431227557
AMAT,2021-08-25,132.82000732421875,U1,Uptrend,Medium,0.010499123989500037,-0.7422415777091953
AMAT,2021-08-26,132.49000549316406,U1,Uptrend,Medium,-0.0024845792264499567,-0.7939961315541002
AMAT,2021-08-27,136.5500030517578,U1,Uptrend,Medium,0.030643802477638538,0.16701887122988546
AMAT,2021-08-30,136.0500030517578,U1,Uptrend,Medium,-0.003661662312892666,0.06409157304657923
AMAT,2021-08-31,135.1300048828125,U1,Uptrend,Medium,-0.0067622061617691465,-0.14091561957651796
AMAT,2021-09-01,133.4600067138672,U1,Uptrend,Medium,-0.012358455624963294,-0.5305979820092976
AMAT,2021-09-02,134.4499969482422,U1,Uptrend,Medium,0.007417879398863736,-0.2928532046795214
AMAT,2021-09-03,135.8300018310547,U1,Uptrend,Medium,0.010264075226001923,0.042628564291858496
AMAT,2021-09-07,136.49000549316406,U1,Uptrend,Medium,0.0048590418406258,0.2020707432070724
AMAT,2021-09-08,133.55999755859375,U1,Uptrend,Medium,-0.02146683139167327,-0.47977867334624386
AMAT,2021-09-09,135.0,U1,Uptrend,Medium,0.010781689635585012,-0.11949581475012452
AMAT,2021-09-10,136.83999633789062,U1,Uptrend,Medium,0.013629602502893468,0.32561706406272667
AMAT,2021-09-13,139.44000244140625,U1,Uptrend,Medium,0.019000337423976443,0.939643069089451
AMAT,2021-09-14,140.13999938964844,U1,Uptrend,Medium,0.005020058347577461,1.07132342725533
AMAT,2021-09-15,141.22999572753906,U1,Uptrend,Medium,0.007777910251447695,1.2859494868556787
AMAT,2021-09-16,144.08999633789062,U1,Uptrend,Medium,0.020250659894297973,1.869026823304781
AMAT,2021-09-17,140.8000030517578,U1,Uptrend,Medium,-0.022832905612807375,1.0786369591550355
AMAT,2021-09-20,135.52999877929688,U1,Uptrend,Medium,-0.037429006805658194,-0.11510290878500545
AMAT,2021-09-21,135.17999267578125,U1,Uptrend,Medium,-0.0025824991268951214,-0.1913106770389784
AMAT,2021-09-22,138.10000610351562,U1,Uptrend,Medium,0.02160092902755073,0.4924325782038235
AMAT,2021-09-23,141.11000061035156,U1,Uptrend,Medium,0.021795759404816595,1.1955911501923224
AMAT,2021-09-24,141.9199981689453,U1,Uptrend,Medium,0.005740185352492544,1.389062325553758
AMAT,2021-09-27,142.74000549316406,U1,Uptrend,Medium,0.005777954726595924,1.5321348816686644
AMAT,2021-09-28,132.88999938964844,U1,Uptrend,Medium,-0.06900662550406966,-0.6941714358836524
AMAT,2021-09-29,128.27000427246094,D1,Downtrend,Medium,-0.03476555902179779,-1.6726392190905406
AMAT,2021-09-30,128.72999572753906,D1,Downtrend,Medium,0.0035861186540622203,-1.5172119648977638
AMAT,2021-10-01,129.1300048828125,D1,Downtrend,Medium,0.003107350023688893,-1.3993330123655647
AMAT,2021-10-04,125.19999694824219,D1,Downtrend,Medium,-0.03043450620277488,-2.1225843130626543
AMAT,2021-10-05,128.07000732421875,D1,Downtrend,Medium,0.022923406117677736,-1.472362292798392
AMAT,2021-10-06,126.5199966430664,D1,Downtrend,Medium,-0.012102839013886979,-1.7094957593785436
AMAT,2021-10-07,127.87999725341797,D1,Downtrend,Medium,0.010749293759375833,-1.391342481489313
AMAT,2021-10-08,126.22000122070312,D1,Downtrend,Medium,-0.012980888867437645,-1.652906880383269
AMAT,2021-10-11,127.5,D1,Downtrend,Medium,0.010141013840260671,-1.4034907148210705
AMAT,2021-10-12,126.76000213623047,D1,Downtrend,Medium,-0.005803904813878713,-1.5253944015542897
AMAT,2021-10-13,128.2100067138672,D1,Downtrend,Medium,0.01143897564847296,-1.2281315439704519
AMAT,2021-10-14,132.07000732421875,U1,Uptrend,Medium,0.030106859123454566,-0.49267062899935976
AMAT,2021-10-15,131.58999633789062,U1,Uptrend,Medium,-0.003634519267873948,-0.5641198006619498
AMAT,2021-10-18,133.27999877929688,U1,Uptrend,Medium,0.012842940105163736,-0.23491077898582688
AMAT,2021-10-19,134.60000610351562,U1,Uptrend,Medium,0.009904016628966117,0.023592845714165034
AMAT,2021-10-20,133.97999572753906,U1,Uptrend,Medium,-0.004606317591841269,-0.08977359849254765
AMAT,2021-10-21,133.33999633789062,U1,Uptrend,Medium,-0.004776827959824259,-0.1980571730187143
AMAT,2021-10-22,135.92999267578125,U1,Uptrend,Medium,0.01942400186758242,0.2940337846255974
AMAT,2021-10-25,135.75999450683594,U1,Uptrend,Medium,-0.0012506303104922178,0.2775661801249503
AMAT,2021-10-26,132.0,U1,Uptrend,Medium,-0.027695894659502285,-0.412019697192305
AMAT,2021-10-27,132.16000366210938,U1,Uptrend,Medium,0.0012121489553740261,-0.355966803977132
AMAT,2021-10-28,136.02000427246094,U1,Uptrend,Medium,0.029207025600728187,0.4381532428273571
AMAT,2021-10-29,136.64999389648438,U1,Uptrend,Medium,0.004631595384760434,0.5977679912474736
AMAT,2021-11-01,139.50999450683594,U1,Uptrend,Medium,0.020929387033255864,1.220563285600658
AMAT,2021-11-02,141.2100067138672,U1,Uptrend,Medium,0.012185594394442889,1.5883460696752851
AMAT,2021-11-03,142.75,U1,Uptrend,Medium,0.010905695155537298,1.8538576148433104
AMAT,2021-11-04,150.1300048828125,U1,Uptrend,Medium,0.05169880828590201,3.0483636825500406
AMAT,2021-11-05,153.2899932861328,U1,Uptrend,Medium,0.021048346769767523,3.2520980910285036
AMAT,2021-11-08,152.9600067138672,U1,Uptrend,Medium,-0.0021526948053919304,2.907348532751319
AMAT,2021-11-09,156.2899932861328,U1,Uptrend,Medium,0.021770308748056078,3.0913487417735337
AMAT,2021-11-10,150.39999389648438,U1,Uptrend,Medium,-0.03768635000748344,2.1056961156221536
AMAT,2021-11-11,153.89999389648438,U1,Uptrend,Medium,0.023271277540136914,2.4356284479905437
AMAT,2021-11-12,156.82000732421875,U1,Uptrend,Medium,0.01897344732644002,2.62115450373093
AMAT,2021-11-15,156.27000427246094,U1,Uptrend,Medium,-0.003507225010012327,2.3916920573404954
AMAT,2021-11-16,157.86000061035156,U1,Uptrend,Medium,0.01017467392602378,2.413303494296988
AMAT,2021-11-17,155.97999572753906,U1,Uptrend,Medium,-0.011909317594980595,2.071301288646656
AMAT,2021-11-18,158.74000549316406,U1,Uptrend,Medium,0.017694639320583683,2.239768942145063
AMAT,2021-11-19,150.02999877929688,U1,Uptrend,Medium,-0.054869638480907534,1.2431375944431975
AMAT,2021-11-22,147.5500030517578,U1,Uptrend,Medium,-0.01652999898498486,0.9478821394824153
AMAT,2021-11-23,148.9199981689453,U1,Uptrend,Medium,0.009284954854978489,1.0622817003053808
AMAT,2021-11-24,149.00999450683594,U1,Uptrend,Medium,0.0006043267458848423,1.0389238488132637
AMAT,2021-11-26,143.2899932861328,U1,Uptrend,Medium,-0.03838669506454295,0.4182867922700224
AMAT,2021-11-29,151.22000122070312,U1,Uptrend,Medium,0.0553423707595202,1.2145775032830677
AMAT,2021-11-30,147.19000244140625,U1,Uptrend,Medium,-0.026649905745042002,0.770070640864989
AMAT,2021-12-01,151.6699981689453,U1,Uptrend,Medium,0.03043682079781518,1.1969788876050678
AMAT,2021-12-02,146.49000549316406,U1,Uptrend,High,-0.03415304765818783,0.6410537210704803
AMAT,2021-12-03,145.8300018310547,U1,Uptrend,Medium,-0.004505451821695594,0.554335221859157
AMAT,2021-12-06,147.3800048828125,U1,Uptrend,Medium,0.010628835166260897,0.6939606773221979
AMAT,2021-12-07,156.88999938964844,U1,Uptrend,High,0.06452703346290223,1.60495863454191
AMAT,2021-12-08,157.2899932861328,U1,Uptrend,High,0.0025495181212344953,1.5812975110517875
AMAT,2021-12-09,152.64999389648438,U1,Uptrend,High,-0.02949964770618063,1.0949269890324205
AMAT,2021-12-10,152.72999572753906,U1,Uptrend,Medium,0.0005240866967144431,1.0783730582466067
AMAT,2021-12-13,147.10000610351562,U1,Uptrend,High,-0.03686237007474935,0.5244790605368652
AMAT,2021-12-14,147.72999572753906,U1,Uptrend,High,0.004282730101180965,0.5656252349531801
AMAT,2021-12-15,153.66000366210938,U1,Uptrend,High,0.04014085227151254,1.0985976141086486
AMAT,2021-12-16,146.6999969482422,U1,Uptrend,High,-0.04529484932964012,0.4201441239011241
AMAT,2021-12-17,146.14999389648438,U1,Uptrend,High,-0.003749168801631675,0.35925145649461065
AMAT,2021-12-20,145.00999450683594,U1,Uptrend,High,-0.007800201418112107,0.2454817711045877
AMAT,2021-12-21,151.4199981689453,U1,Uptrend,High,0.04420387493916644,0.8376687358281522
AMAT,2021-12-22,152.32000732421875,U1,Uptrend,High,0.005943793198764036,0.8926250191702745
AMAT,2021-12-23,155.49000549316406,U1,Uptrend,High,0.0208114365580212,1.15612428414976
AMAT,2021-12-27,162.72000122070312,U1,Uptrend,High,0.046498137964609665,1.771864187790894
AMAT,2021-12-28,159.63999938964844,U1,Uptrend,High,-0.018928231366451165,1.4322265239813823
AMAT,2021-12-29,160.97999572753906,U1,Uptrend,Medium,0.008393863336343177,1.5156947032020487
AMAT,2021-12-30,157.97999572753906,U1,Uptrend,Medium,-0.01863585588036376,1.1956634736842318
AMAT,2021-12-31,157.36000061035156,U1,Uptrend,Medium,-0.003924516609411621,1.1074918190813163
AMAT,2022-01-03,159.92999267578125,U1,Uptrend,Medium,0.01633192714451881,1.3233267580368382
AMAT,2022-01-04,158.36000061035156,U1,Uptrend,Medium,-0.00981674568454749,1.142856682201991
AMAT,2022-01-05,153.74000549316406,U1,Uptrend,Medium,-0.029174002900865803,0.6493769204962822
AMAT,2022-01-06,156.33999633789062,U1,Uptrend,Medium,0.016911608897022923,0.901964099005992
AMAT,2022-01-07,150.80999755859375,U1,Uptrend,Medium,-0.035371618963999096,0.2709018917515208
AMAT,2022-01-10,149.58999633789062,U1,Uptrend,Medium,-0.008089657452776788,0.10274663189005608
AMAT,2022-01-11,152.4499969482422,U1,Uptrend,Medium,0.019118929610048685,0.40980995021083483
AMAT,2022-01-12,159.5500030517578,U1,Uptrend,Medium,0.04657268773790868,1.2378240123450013
AMAT,2022-01-13,157.17999267578125,U1,Uptrend,Medium,-0.014854342404542198,0.9201989286543264
AMAT,2022-01-14,167.0,U2,Uptrend,Medium,0.06247619151169381,2.081026403704576
AMAT,2022-01-18,152.36000061035156,U1,Uptrend,High,-0.08766466700388287,0.2119778214268451
AMAT,2022-01-19,143.07000732421875,U1,Uptrend,High,-0.06097396461615423,-1.0431153004427507
AMAT,2022-01-20,139.14999389648438,U1,Uptrend,High,-0.02739926768054901,-1.598004138356501
AMAT,2022-01-21,135.05999755859375,U1,Uptrend,High,-0.029392716617244186,-2.197405732950694
AMAT,2022-01-24,139.2899932861328,U1,Uptrend,High,0.031319382526302286,-1.6901703898004123
AMAT,2022-01-25,132.99000549316406,U1,Uptrend,High,-0.045229292100166685,-2.5417494083890264
AMAT,2022-01-26,135.5800018310547,U1,Uptrend,High,0.01947512016625752,-2.1628229682468127
AMAT,2022-01-27,130.14999389648438,D1,Downtrend,High,-0.04005021287237187,-2.7663256640614438
AMAT,2022-01-28,132.4499969482422,U1,Uptrend,High,0.01767194129557259,-2.354114665363125
AMAT,2022-01-31,138.17999267578125,U1,Uptrend,High,0.043261576893642184,-1.5850446365417508
AMAT,2022-02-01,138.61000061035156,U1,Uptrend,High,0.003111940638028887,-1.4773603342412103
AMAT,2022-02-02,140.75999450683594,U1,Uptrend,High,0.01551110227990149,-1.1701581586080727
AMAT,2022-02-03,136.50999450683594,U1,Uptrend,High,-0.030193237893268,-1.6244361545537553
AMAT,2022-02-04,135.57000732421875,U1,Uptrend,High,-0.006885848805525452,-1.6636752686343186
AMAT,2022-02-07,136.1300048828125,U1,Uptrend,High,0.004130689152022526,-1.5370196534439347
AMAT,2022-02-08,138.75,U1,Uptrend,High,0.019246272116444363,-1.191797901683393
AMAT,2022-02-09,144.1999969482422,U1,Uptrend,High,0.03927925728462833,-0.5440082954852782
AMAT,2022-02-10,139.77000427246094,U1,Uptrend,High,-0.030721170385123564,-1.0203393051693475
AMAT,2022-02-11,132.49000549316406,U1,Uptrend,High,-0.05208555882351973,-1.7763826703356882
AMAT,2022-02-14,131.86000061035156,U1,Uptrend,High,-0.004755112511826476,-1.7648163570016189
AMAT,2022-02-15,139.83999633789062,U1,Uptrend,High,0.06051869930685094,-0.8528706577937675
AMAT,2022-02-16,140.9600067138672,U1,Uptrend,High,0.008009227726739399,-0.7087710962572016
AMAT,2022-02-17,136.47000122070312,U1,Uptrend,High,-0.031853045398034574,-1.1721274272227493
AMAT,2022-02-18,133.35000610351562,U1,Uptrend,High,-0.022862131525460683,-1.4585641274086558
AMAT,2022-02-22,130.25999450683594,D1,Downtrend,High,-0.023172189390685216,-1.7131272173277898
AMAT,2022-02-23,127.86000061035156,D1,Downtrend,Medium,-0.01842464300394564,-1.8798667941111844
AMAT,2022-02-24,133.4199981689453,U1,Uptrend,High,0.04348504248437801,-1.2687672953932116
AMAT,2022-02-25,135.72000122070312,U1,Uptrend,High,0.01723881789329207,-1.0094548690197214
AMAT,2022-02-28,134.1999969482422,U1,Uptrend,High,-0.011199559820141425,-1.1228137623194352
AMAT,2022-03-01,129.61000061035156,D1,Downtrend,Medium,-0.03420265605267403,-1.5178042047361713
AMAT,2022-03-02,133.17999267578125,U1,Uptrend,High,0.027544109625940116,-1.1386034398718314
AMAT,2022-03-03,130.63999938964844,D1,Downtrend,Medium,-0.01907188335950938,-1.3347896788648173
AMAT,2022-03-04,125.73999786376953,D1,Downtrend,High,-0.03750766647865711,-1.7223221676382698
AMAT,2022-03-07,119.22000122070312,D1,Downtrend,High,-0.05185300424555728,-2.2006246982321853
AMAT,2022-03-08,124.1500015258789,D1,Downtrend,High,0.041352124263522194,-1.6807736519750371
AMAT,2022-03-09,128.6199951171875,D1,Downtrend,High,0.03600478080040004,-1.24097190001384
AMAT,2022-03-10,124.97000122070312,D1,Downtrend,High,-0.028378121871010964,-1.5009145683990437
AMAT,2022-03-11,123.63999938964844,D1,Downtrend,High,-0.010642568761008775,-1.5506534489427035
AMAT,2022-03-14,120.12999725341797,D1,Downtrend,High,-0.02838888833353015,-1.765927115749913
AMAT,2022-03-15,124.41000366210938,D1,Downtrend,High,0.035628123753824736,-1.3602856531823162
AMAT,2022-03-16,130.47999572753906,D1,Downtrend,High,0.048790224955827854,-0.8390272624238891
AMAT,2022-03-17,131.99000549316406,U1,Uptrend,High,0.011572730035783518,-0.6963255367649814
AMAT,2022-03-18,135.13999938964844,U1,Uptrend,High,0.023865397116356046,-0.42107758450102895
AMAT,2022-03-21,134.1999969482422,U1,Uptrend,High,-0.006955767690185799,-0.47610472972311046
AMAT,2022-03-22,135.47999572753906,U1,Uptrend,High,0.009537994101374903,-0.3482703251831916
AMAT,2022-03-23,131.4199981689453,U1,Uptrend,High,-0.029967505806235195,-0.6611518283411257
AMAT,2022-03-24,138.58999633789062,U1,Uptrend,High,0.05455789277768841,-0.018298220300143393
AMAT,2022-03-25,137.05999755859375,U1,Uptrend,High,-0.01103974904196292,-0.12178573543909614
AMAT,2022-03-28,137.66000366210938,U1,Uptrend,High,0.004377689436767529,-0.03748048662494506
AMAT,2022-03-29,141.44000244140625,U1,Uptrend,High,0.027458947252209764,0.35040395242973527
AMAT,2022-03-30,135.8000030517578,U1,Uptrend,High,-0.039875560607296356,-0.15951097196017738
AMAT,2022-03-31,131.8000030517578,U1,Uptrend,High,-0.029455080339545137,-0.5350863583342502
AMAT,2022-04-01,127.41000366210938,D1,Downtrend,High,-0.033308037086497544,-0.9635674417990222
AMAT,2022-04-04,129.44000244140625,D1,Downtrend,High,0.01593280528176133,-0.7261230861148904
AMAT,2022-04-05,121.70999908447266,D1,Downtrend,High,-0.05971881343584451,-1.5243528095572814
AMAT,2022-04-06,119.33000183105469,D1,Downtrend,High,-0.019554656735853992,-1.7213006479803763
AMAT,2022-04-07,122.4000015258789,D1,Downtrend,High,0.025726972661667125,-1.352494072885336
AMAT,2022-04-08,119.95999908447266,D1,Downtrend,High,-0.019934660220493283,-1.6262971078405823
AMAT,2022-04-11,116.23999786376953,D1,Downtrend,High,-0.03101034719151341,-2.0416444024201716
AMAT,2022-04-12,114.55999755859375,D1,Downtrend,High,-0.014452859050674616,-2.398357885502362
AMAT,2022-04-13,116.86000061035156,D1,Downtrend,Medium,0.02007684270926635,-2.0670658697429394
AMAT,2022-04-14,113.36000061035156,D1,Downtrend,Medium,-0.029950367805234857,-2.407943178503787
AMAT,2022-04-18,114.87000274658203,D1,Downtrend,Medium,0.013320413974067913,-2.0884114288532127
AMAT,2022-04-19,117.05999755859375,D1,Downtrend,Medium,0.019064984414104424,-1.7221121427375101
AMAT,2022-04-20,117.88999938964844,D1,Downtrend,Medium,0.007090396791092024,-1.5544102466037186
AMAT,2022-04-21,115.69000244140625,D1,Downtrend,Medium,-0.01866143828681166,-1.749475599786411
AMAT,2022-04-22,112.80000305175781,D1,Downtrend,Medium,-0.024980545670851173,-1.9946075802769156
AMAT,2022-04-25,114.47000122070312,D1,Downtrend,Medium,0.014804947905711074,-1.7190513604122788
AMAT,2022-04-26,108.91999816894531,D1,Downtrend,Medium,-0.04848434517841205,-2.219741411623307
AMAT,2022-04-27,108.80999755859375,D1,Downtrend,Medium,-0.0010099211549833287,-2.1117055123105155
AMAT,2022-04-28,114.62999725341797,D1,Downtrend,Medium,0.05348772930254109,-1.4305626173206045
AMAT,2022-04-29,110.3499984741211,D1,Downtrend,Medium,-0.037337510964384646,-1.8110739443882549
AMAT,2022-05-02,112.97000122070312,D1,Downtrend,Medium,0.02374266228192523,-1.4761027268797338
AMAT,2022-05-03,113.80000305175781,D1,Downtrend,Medium,0.007347099425387915,-1.3394940301744784
AMAT,2022-05-04,118.80999755859375,D1,Downtrend,Medium,0.044024555118485464,-0.7930380028181275
AMAT,2022-05-05,113.47000122070312,D1,Downtrend,Medium,-0.0449456817407734,-1.3029907036596702
AMAT,2022-05-06,112.5,D1,Downtrend,Medium,-0.008548525691970732,-1.369484023678756
AMAT,2022-05-09,105.75,D1,Downtrend,High,-0.06000000000000005,-1.9899100880308913
AMAT,2022-05-10,107.18000030517578,D1,Downtrend,High,0.013522461514664519,-1.7585673893543963
AMAT,2022-05-11,103.91999816894531,D1,Downtrend,High,-0.030416142255534573,-1.9813597800431395
AMAT,2022-05-12,106.76000213623047,D1,Downtrend,High,0.027328753053556643,-1.6432754099664963
AMAT,2022-05-13,111.86000061035156,D1,Downtrend,High,0.04777068538845919,-1.1116096459924916
AMAT,2022-05-16,110.4800033569336,D1,Downtrend,High,-0.012336825012409847,-1.209660993743156
AMAT,2022-05-17,116.83999633789062,D1,Downtrend,High,0.057566915167529986,-0.5501113268671036
AMAT,2022-05-18,111.33999633789062,D1,Downtrend,High,-0.04707292170820088,-1.0679390050684865
AMAT,2022-05-19,110.73999786376953,D1,Downtrend,High,-0.005388885340899763,-1.0914402104631213
AMAT,2022-05-20,106.45999908447266,D1,Downtrend,High,-0.03864907767618031,-1.4628430148552973
AMAT,2022-05-23,109.93000030517578,D1,Downtrend,High,0.03259441339981395,-1.0854362341072834
AMAT,2022-05-24,106.58999633789062,D1,Downtrend,High,-0.03038300698638219,-1.371267973070347
AMAT,2022-05-25,108.52999877929688,D1,Downtrend,High,0.0182006051980379,-1.1385862150485087
AMAT,2022-05-26,115.06999969482422,D1,Downtrend,High,0.06025984510353566,-0.4659119220319871
AMAT,2022-05-27,119.4800033569336,D1,Downtrend,High,0.038324530058269746,-0.004028535557571158
AMAT,2022-05-31,117.29000091552734,D1,Downtrend,High,-0.018329447437860025,-0.21281035242962942
AMAT,2022-06-01,114.45999908447266,D1,Downtrend,High,-0.024128244598555892,-0.4920199777392
AMAT,2022-06-02,117.33000183105469,D1,Downtrend,High,0.025074285947389807,-0.18901620732795668
AMAT,2022-06-03,114.95999908447266,D1,Downtrend,High,-0.02019946057782085,-0.4098974190538999
AMAT,2022-06-06,115.0,D1,Downtrend,High,0.0003479550786873453,-0.3895294987432804
AMAT,2022-06-07,115.66999816894531,D1,Downtrend,High,0.00582607103430699,-0.30746702489683386
AMAT,2022-06-08,112.45999908447266,D1,Downtrend,High,-0.027751354156539287,-0.622533302606756
AMAT,2022-06-09,107.23999786376953,D1,Downtrend,High,-0.04641651487816745,-1.1196841823809658
AMAT,2022-06-10,101.87999725341797,D1,Downtrend,High,-0.049981356929534315,-1.601905272452756
AMAT,2022-06-13,96.31999969482422,D1,Downtrend,High,-0.054573986145324715,-2.0609521275015665
AMAT,2022-06-14,96.62000274658203,D1,Downtrend,High,0.003114649633599642,-1.9557591653445707
AMAT,2022-06-15,97.41999816894531,D1,Downtrend,High,0.008279811629291034,-1.8124512203293441
AMAT,2022-06-16,89.58999633789062,D2,Downtrend,High,-0.08037366021580017,-2.4503535769510525
AMAT,2022-06-17,89.83000183105469,D2,Downtrend,High,0.002678931833626663,-2.2994424215121834
AMAT,2022-06-21,95.16999816894531,D1,Downtrend,High,0.05944557752468582,-1.7651338388154518
AMAT,2022-06-22,93.94000244140625,D1,Downtrend,High,-0.01292419618791607,-1.8397131222119816
AMAT,2022-06-23,93.27999877929688,D1,Downtrend,High,-0.007025799925021725,-1.869287209376832
AMAT,2022-06-24,97.36000061035156,D1,Downtrend,High,0.04373929979038804,-1.4779129456062563
AMAT,2022-06-27,97.61000061035156,D1,Downtrend,High,0.0025677896305746906,-1.4421832399544032
AMAT,2022-06-28,95.0199966430664,D1,Downtrend,High,-0.026534207059624615,-1.69180143109963
AMAT,2022-06-29,91.94000244140625,D1,Downtrend,High,-0.03241416870629732,-1.9627696043852576
AMAT,2022-06-30,90.9800033569336,D1,Downtrend,High,-0.010441582107684533,-2.011295843942691
AMAT,2022-07-01,86.2699966430664,D2,Downtrend,High,-0.051769691581443955,-2.3862180119190177
AMAT,2022-07-05,86.0,D2,Downtrend,High,-0.003129670262808637,-2.274881191608605
AMAT,2022-07-06,86.55999755859375,D2,Downtrend,High,0.006511599518532085,-2.111820498804595
AMAT,2022-07-07,90.75,D2,Downtrend,High,0.048405759699449824,-1.6218121233128044
AMAT,2022-07-08,91.19000244140625,D1,Downtrend,High,0.004848511751033069,-1.5164120131526253
AMAT,2022-07-11,88.62000274658203,D2,Downtrend,High,-0.02818291069216239,-1.695578862051336
AMAT,2022-07-12,88.7300033569336,D2,Downtrend,High,0.0012412616445760527,-1.6174761213502775
AMAT,2022-07-13,89.08000183105469,D2,Downtrend,High,0.003944533538595252,-1.5211439350684848
AMAT,2022-07-14,91.66999816894531,D1,Downtrend,High,0.02907494706615177,-1.23150390776473
AMAT,2022-07-15,94.47000122070312,D1,Downtrend,High,0.030544377742841133,-0.9357310988053277
AMAT,2022-07-18,93.13999938964844,D1,Downtrend,Medium,-0.014078562653423776,-1.028002727180023
AMAT,2022-07-19,98.2300033569336,D1,Downtrend,High,0.05464895856388474,-0.5199398937925256
AMAT,2022-07-20,102.2300033569336,D1,Downtrend,Medium,0.04072075601448777,-0.11953840003850182
AMAT,2022-07-21,103.83999633789062,D1,Downtrend,Medium,0.01574873254513931,0.05380832493949475
AMAT,2022-07-22,101.66999816894531,D1,Downtrend,Medium,-0.02089751777228721,-0.14666127845684562
AMAT,2022-07-25,101.0,D1,Downtrend,Medium,-0.006589929979461395,-0.1999650084793338
AMAT,2022-07-26,98.91000366210938,D1,Downtrend,Medium,-0.02069303304842207,-0.3831403392939497
AMAT,2022-07-27,103.45999908447266,D1,Downtrend,Medium,0.04600136744415373,0.07955135997848285
AMAT,2022-07-28,105.16000366210938,D1,Downtrend,Medium,0.016431515490819892,0.2640601377842556
AMAT,2022-07-29,105.9800033569336,D1,Downtrend,Medium,0.0077976385152949135,0.3631356616198712
AMAT,2022-08-01,106.4000015258789,D1,Downtrend,Medium,0.003962994486146565,0.4365838111832577
AMAT,2022-08-02,104.98999786376953,D1,Downtrend,Medium,-0.013251913927524006,0.3083125907449093
AMAT,2022-08-03,109.01000213623047,D1,Downtrend,Medium,0.03828940236456724,0.7405731738735257
AMAT,2022-08-04,111.05999755859375,D1,Downtrend,Medium,0.018805571802497534,0.9416354914349302
AMAT,2022-08-05,109.62000274658203,D1,Downtrend,Medium,-0.012965917915242153,0.7840821777677633
AMAT,2022-08-08,107.83000183105469,D1,Downtrend,Medium,-0.016329144961485187,0.5884600560286841
AMAT,2022-08-09,99.66000366210938,D1,Downtrend,High,-0.07576739339897132,-0.25178328179299614
AMAT,2022-08-10,105.05000305175781,D1,Downtrend,High,0.05408387709800677,0.32576650984826827
AMAT,2022-08-11,105.52999877929688,D1,Downtrend,High,0.004569211933316941,0.3872079243393298
AMAT,2022-08-12,110.37999725341797,D1,Downtrend,High,0.04595848128705349,0.9258300907414069
AMAT,2022-08-15,109.77999877929688,D1,Downtrend,High,-0.0054357536605439405,0.8664662357937309
AMAT,2022-08-16,108.48999786376953,D1,Downtrend,High,-0.01175078274614283,0.7340448379284819
AMAT,2022-08-17,106.0,D1,Downtrend,High,-0.0229514048557381,0.4657552702423151
AMAT,2022-08-18,108.2699966430664,D1,Downtrend,High,0.02141506267043769,0.7161189905195993
AMAT,2022-08-19,104.62999725341797,D1,Downtrend,High,-0.033619649972359555,0.3253449993971369
AMAT,2022-08-22,100.80999755859375,D1,Downtrend,High,-0.036509603317412154,-0.07602966305295064
AMAT,2022-08-23,101.93000030517578,D1,Downtrend,High,0.011110036441882132,0.07149542484540398
AMAT,2022-08-24,101.4800033569336,D1,Downtrend,High,-0.004414764513832159,0.056847277839058546
AMAT,2022-08-25,105.0,D1,Downtrend,High,0.03468660353395525,0.501268691229377
AMAT,2022-08-26,98.80000305175781,D1,Downtrend,High,-0.059047589983258875,-0.2093827545825618
AMAT,2022-08-29,96.54000091552734,D1,Downtrend,High,-0.022874514842337934,-0.45810150355899365
AMAT,2022-08-30,94.5199966430664,D1,Downtrend,High,-0.020924013396565466,-0.6878912289454248
AMAT,2022-08-31,94.06999969482422,D1,Downtrend,High,-0.004760865046805951,-0.722222963847457
AMAT,2022-09-01,91.80999755859375,D1,Downtrend,High,-0.024024685272267643,-1.003243762558507
AMAT,2022-09-02,91.23999786376953,D1,Downtrend,High,-0.00620847086354015,-1.0544595430403265
AMAT,2022-09-06,90.29000091552734,D2,Downtrend,High,-0.010412066752353843,-1.1495014262199938
AMAT,2022-09-07,91.94000244140625,D1,Downtrend,Medium,0.018274465712128984,-0.8894590161873189
AMAT,2022-09-08,93.79000091552734,D1,Downtrend,Medium,0.02012180144654785,-0.6225777271750484
AMAT,2022-09-09,96.51000213623047,D1,Downtrend,Medium,0.029000972322763108,-0.24210629757941907
AMAT,2022-09-12,96.30000305175781,D1,Downtrend,Medium,-0.002175930782554847,-0.26871225033001467
AMAT,2022-09-13,90.38999938964844,D2,Downtrend,Medium,-0.06137075259419211,-1.0985996355190846
AMAT,2022-09-14,90.63999938964844,D2,Downtrend,Medium,0.0027657926948567724,-1.0677920751287309
AMAT,2022-09-15,88.91999816894531,D2,Downtrend,Medium,-0.018976183056986673,-1.2782086373850425
AMAT,2022-09-16,88.87000274658203,D2,Downtrend,Medium,-0.0005622517250651882,-1.2595872459774966
AMAT,2022-09-19,89.72000122070312,D2,Downtrend,Medium,0.009564514997765006,-1.126667969056063
AMAT,2022-09-20,88.12000274658203,D2,Downtrend,Medium,-0.017833241778332565,-1.3039215785191296
AMAT,2022-09-21,87.08999633789062,D2,Downtrend,Medium,-0.011688678808301045,-1.3945129506100997
AMAT,2022-09-22,85.04000091552734,D2,Downtrend,Medium,-0.023538816265529894,-1.6074190499415468
AMAT,2022-09-23,84.29000091552734,D2,Downtrend,Medium,-0.008819379020762241,-1.6547383378869769
AMAT,2022-09-26,82.94000244140625,D2,Downtrend,Medium,-0.016016116496119337,-1.7690207909285978
AMAT,2022-09-27,84.1500015258789,D2,Downtrend,Medium,0.014588847948581618,-1.604458788535973
AMAT,2022-09-28,86.0,D2,Downtrend,Medium,0.021984532864828932,-1.377178203868818
AMAT,2022-09-29,84.41999816894531,D2,Downtrend,Medium,-0.018372114314589405,-1.5569641325768224
AMAT,2022-09-30,81.93000030517578,D2,Downtrend,Medium,-0.029495355576606763,-1.8003326536443254
AMAT,2022-10-03,86.25,D2,Downtrend,Medium,0.05272793456283331,-1.2629859616034484
AMAT,2022-10-04,89.41000366210938,D2,Downtrend,Medium,0.03663772361865947,-0.892690210626543
AMAT,2022-10-05,89.22000122070312,D2,Downtrend,Medium,-0.0021250691603178495,-0.9169785636742065
AMAT,2022-10-06,88.12000274658203,D2,Downtrend,Medium,-0.012329056927493531,-1.0433141045633523
AMAT,2022-10-07,82.5999984741211,D2,Downtrend,Medium,-0.06264189855208602,-1.6436566129334786
AMAT,2022-10-10,79.19000244140625,D2,Downtrend,Medium,-0.04128324571075159,-1.9436262752865887
AMAT,2022-10-11,76.30000305175781,D2,Downtrend,Medium,-0.03649449804963434,-2.147822950328776
AMAT,2022-10-12,76.01000213623047,D2,Downtrend,Medium,-0.0038007982166216037,-2.0602363120464853
AMAT,2022-10-13,79.41999816894531,D2,Downtrend,Medium,0.04486246463463073,-1.6347412720884222
AMAT,2022-10-14,74.81999969482422,D2,Downtrend,High,-0.05791990153834803,-1.9936413857560176
AMAT,2022-10-17,74.41000366210938,D2,Downtrend,High,-0.005479765228376565,-1.9314086248400881
AMAT,2022-10-18,75.2300033569336,D2,Downtrend,High,0.011020019546669868,-1.7680280446706924
AMAT,2022-10-19,77.26000213623047,D2,Downtrend,High,0.02698389856059702,-1.516241012007865
AMAT,2022-10-20,78.66000366210938,D2,Downtrend,High,0.018120650882332612,-1.337987231303163
AMAT,2022-10-21,82.41999816894531,D2,Downtrend,High,0.047800589013284434,-0.9634215246772272
AMAT,2022-10-24,84.94000244140625,D2,Downtrend,High,0.030575155647242447,-0.7073888987584218
AMAT,2022-10-25,87.52999877929688,D2,Downtrend,High,0.03049206808861671,-0.44604501195199664
AMAT,2022-10-26,88.13999938964844,D2,Downtrend,High,0.006969046256811273,-0.36720822612280923
AMAT,2022-10-27,86.54000091552734,D2,Downtrend,High,-0.01815292132063484,-0.4923041070828681
AMAT,2022-10-28,89.72000122070312,D2,Downtrend,High,0.03674601654187426,-0.15787948984373196
AMAT,2022-10-31,88.29000091552734,D2,Downtrend,High,-0.01593847844092322,-0.2717677187235851
AMAT,2022-11-01,89.79000091552734,D2,Downtrend,High,0.016989466354577765,-0.09087411984630715
AMAT,2022-11-02,87.76000213623047,D2,Downtrend,High,-0.022608294449252275,-0.28413559718386655
AMAT,2022-11-03,86.30000305175781,D2,Downtrend,High,-0.016636269928597902,-0.4126740335964286
AMAT,2022-11-04,91.69999694824219,D1,Downtrend,High,0.06257234884737795,0.19552625662907883
AMAT,2022-11-07,95.04000091552734,D1,Downtrend,High,0.036423163341764875,0.6156859078939843
AMAT,2022-11-08,97.45999908447266,D1,Downtrend,Medium,0.025462943451528774,0.9537542274298478
AMAT,2022-11-09,94.37999725341797,D1,Downtrend,High,-0.03160272788823981,0.6416154948572461
AMAT,2022-11-10,104.79000091552734,D1,Downtrend,High,0.11029883412856711,1.9492553324858877
AMAT,2022-11-11,110.52999877929688,D1,Downtrend,High,0.054776198240485074,2.630736957450614
AMAT,2022-11-14,107.61000061035156,D1,Downtrend,High,-0.0264181507391118,2.2349172153256323
AMAT,2022-11-15,110.45999908447266,D1,Downtrend,High,0.02648451313034328,2.4671597461817227
AMAT,2022-11-16,104.22000122070312,D1,Downtrend,High,-0.056491018608442856,1.7174432603819194
AMAT,2022-11-17,104.44999694824219,D1,Downtrend,High,0.002206829062034066,1.722703560993497
AMAT,2022-11-18,104.69999694824219,D1,Downtrend,High,0.0023934897779258613,1.7539868636688403
AMAT,2022-11-21,105.13999938964844,D1,Downtrend,High,0.004202506726182165,1.7615740842003176
AMAT,2022-11-22,107.04000091552734,D1,Downtrend,High,0.018071157855322983,1.9054882839742415
AMAT,2022-11-23,107.66999816894531,D1,Downtrend,High,0.005885624514476051,1.8940799927371494
AMAT,2022-11-25,105.81999969482422,D1,Downtrend,High,-0.01718211670458336,1.6378582073617307
AMAT,2022-11-28,103.47000122070312,D1,Downtrend,High,-0.022207507851996655,1.349219418485977
AMAT,2022-11-29,103.25,D1,Downtrend,High,-0.0021262319330010993,1.287070132724898
AMAT,2022-11-30,109.5999984741211,D1,Downtrend,High,0.061501195875264925,1.84493943554702
AMAT,2022-12-01,107.01000213623047,D1,Downtrend,High,-0.023631353776908837,1.532111717060839
AMAT,2022-12-02,106.70999908447266,D1,Downtrend,High,-0.002803504773094878,1.4556564392412576
AMAT,2022-12-05,106.43000030517578,D1,Downtrend,High,-0.0026239226098692114,1.392297247836252
AMAT,2022-12-06,104.70999908447266,D1,Downtrend,High,-0.016160868324450073,1.2046343984981167
AMAT,2022-12-07,106.11000061035156,D1,Downtrend,High,0.013370275409414267,1.2913483467083247
AMAT,2022-12-08,108.61000061035156,D1,Downtrend,High,0.023560455994909413,1.4647761567556452
AMAT,2022-12-09,107.33999633789062,D1,Downtrend,Medium,-0.011693253524757807,1.3047914140248695
AMAT,2022-12-12,109.37000274658203,D1,Downtrend,Medium,0.01891192917783635,1.4295904893493356
AMAT,2022-12-13,111.87000274658203,D1,Downtrend,Medium,0.022858187228838922,1.5807564432264987
AMAT,2022-12-14,109.63999938964844,D1,Downtrend,Medium,-0.019933881310302604,1.3414200773617675
AMAT,2022-12-15,104.55999755859375,D1,Downtrend,Medium,-0.046333471901991885,0.8869403074394153
AMAT,2022-12-16,104.7300033569336,D1,Downtrend,Medium,0.0016259162424385742,0.8721505588877013
AMAT,2022-12-19,103.98999786376953,D1,Downtrend,Medium,-0.0070658404415593346,0.7835774029572263
AMAT,2022-12-20,103.5,D1,Downtrend,Medium,-0.004711971091791445,0.7167813343324808
AMAT,2022-12-21,105.9000015258789,D1,Downtrend,Medium,0.023188420539892896,0.8877410705758251
AMAT,2022-12-22,97.5999984741211,D1,Downtrend,Medium,-0.07837585393924218,0.1767652143203528
AMAT,2022-12-23,97.22000122070312,D1,Downtrend,Medium,-0.003893414542611162,0.12773146568270666
AMAT,2022-12-27,95.33999633789062,D1,Downtrend,Medium,-0.01933763484063966,-0.05138454575539216
AMAT,2022-12-28,94.2300033569336,D1,Downtrend,Medium,-0.01164246930556978,-0.15904867827559221
AMAT,2022-12-29,97.13999938964844,D1,Downtrend,Medium,0.03088184154777207,0.08140792144809472
AMAT,2022-12-30,97.37999725341797,D1,Downtrend,Medium,0.0024706389260602535,0.0906959621943545
AMAT,2023-01-03,96.7300033569336,D1,Downtrend,Medium,-0.00667481941689585,0.021847222393657332
AMAT,2023-01-04,99.30999755859375,D1,Downtrend,Medium,0.026672119426482288,0.22547371438092678
AMAT,2023-01-05,97.91999816894531,D1,Downtrend,Medium,-0.013996570575166123,0.07667979317648299
AMAT,2023-01-06,104.2699966430664,D1,Downtrend,High,0.06484884183887729,0.6248470064684506
AMAT,2023-01-09,106.48999786376953,D1,Downtrend,High,0.02129089184017685,0.807564694567414
AMAT,2023-01-10,108.04000091552734,D1,Downtrend,High,0.014555386260226122,0.929121962328177
AMAT,2023-01-11,110.05999755859375,D1,Downtrend,High,0.018696747741105302,1.1099980085090189
AMAT,2023-01-12,110.19999694824219,D1,Downtrend,Medium,0.0012720279188984662,1.1141848265271637
AMAT,2023-01-13,109.97000122070312,D1,Downtrend,Medium,-0.0020870756253023037,1.0828103461804222
AMAT,2023-01-17,109.41000366210938,D1,Downtrend,Medium,-0.005092275642244237,1.011295200194657
AMAT,2023-01-18,109.69999694824219,D1,Downtrend,Medium,0.0026505189326964107,1.0381404165737238
AMAT,2023-01-19,106.16000366210938,D1,Downtrend,Medium,-0.03226976649601021,0.5760485809043496
AMAT,2023-01-20,109.6500015258789,D1,Downtrend,Medium,0.03287488454576204,1.010444553801745
AMAT,2023-01-23,114.16000366210938,D1,Downtrend,High,0.04113088986292479,1.5776665520841924
AMAT,2023-01-24,112.98999786376953,D1,Downtrend,Medium,-0.010248824113590849,1.386100317363167
AMAT,2023-01-25,113.94999694824219,D1,Downtrend,Medium,0.008496319166499289,1.4964783898843075
AMAT,2023-01-26,115.58000183105469,D1,Downtrend,Medium,0.014304562759688944,1.6829860276935131
AMAT,2023-01-27,112.5,D1,Downtrend,Medium,-0.026648224452849423,1.220447018284348
AMAT,2023-01-30,108.19999694824219,D1,Downtrend,Medium,-0.03822224934895835,0.556622065831864
AMAT,2023-01-31,111.48999786376953,D1,Downtrend,Medium,0.030406663662856825,1.0583752182912798
AMAT,2023-02-01,119.01000213623047,D1,Downtrend,Medium,0.06745003512915737,2.284979147098612
AMAT,2023-02-02,124.26000213623047,D1,Downtrend,Medium,0.04411393921319595,2.982661260404046
AMAT,2023-02-03,119.9800033569336,D1,Downtrend,High,-0.03444389751904697,2.1820471410622817
AMAT,2023-02-06,117.69000244140625,D1,Downtrend,Medium,-0.019086521515712218,1.7426427051973177
AMAT,2023-02-07,120.5199966430664,D1,Downtrend,Medium,0.024046173361829126,2.1175768934558685
AMAT,2023-02-08,115.94999694824219,D1,Downtrend,High,-0.03791901611446924,1.338025792406849
AMAT,2023-02-09,116.08000183105469,D1,Downtrend,High,0.0011212150602344373,1.3260906058547954
AMAT,2023-02-10,114.7699966430664,D1,Downtrend,High,-0.01128536498384014,1.0924325011767246
AMAT,2023-02-13,116.52999877929688,D1,Downtrend,High,0.015335036923491918,1.3291318730038435
AMAT,2023-02-14,118.44000244140625,D1,Downtrend,High,0.016390660620591246,1.553644805312364
AMAT,2023-02-15,119.45999908447266,D1,Downtrend,High,0.008611926900043754,1.633453632723114
AMAT,2023-02-16,115.38999938964844,D1,Downtrend,High,-0.034069979290274666,1.0073648607337684
AMAT,2023-02-17,115.44000244140625,D1,Downtrend,Medium,0.00043333956168045695,0.9833899874207952
AMAT,2023-02-21,111.27999877929688,D1,Downtrend,Medium,-0.03603606699697415,0.37405623047515785
AMAT,2023-02-22,110.41000366210938,D1,Downtrend,Medium,-0.007818072670120801,0.2422602606735285
AMAT,2023-02-23,112.91000366210938,D1,Downtrend,High,0.022642875800011897,0.5839326029494329
AMAT,2023-02-24,111.30999755859375,D1,Downtrend,Medium,-0.014170631933586253,0.3368200028105873
AMAT,2023-02-27,112.06999969482422,D1,Downtrend,Medium,0.006827797618362164,0.4270591675389726
AMAT,2023-02-28,116.1500015258789,D1,Downtrend,Medium,0.03640583423007815,0.9936059784592862
AMAT,2023-03-01,117.26000213623047,D1,Downtrend,Medium,0.009556612964006339,1.1172362917385708
AMAT,2023-03-02,118.44999694824219,D1,Downtrend,Medium,0.010148343768825896,1.2432827020919304
AMAT,2023-03-03,118.95999908447266,D1,Downtrend,Medium,0.004305632329001385,1.269754300694907
AMAT,2023-03-06,118.54000091552734,D1,Downtrend,Medium,-0.0035305831554948153,1.1705652056724578
AMAT,2023-03-07,116.37000274658203,D1,Downtrend,Medium,-0.018306041439055454,0.8452145471616609
AMAT,2023-03-08,118.6500015258789,D1,Downtrend,Medium,0.01959266757312017,1.1230210176241657
AMAT,2023-03-09,117.04000091552734,D1,Downtrend,Medium,-0.013569326503551693,0.8779989819202744
AMAT,2023-03-10,114.38999938964844,D1,Downtrend,Medium,-0.022641844712488757,0.5079371790997909
AMAT,2023-03-13,115.83999633789062,D1,Downtrend,Medium,0.012675906600043252,0.6916745460358452
AMAT,2023-03-14,120.33999633789062,D1,Downtrend,Medium,0.038846686310953116,1.2544962184140498
AMAT,2023-03-15,118.4800033569336,D1,Downtrend,Medium,-0.015456149555917786,0.9753600724682432
AMAT,2023-03-16,122.83000183105469,D1,Downtrend,Medium,0.036715043474604414,1.4900640055470458
AMAT,2023-03-17,122.5999984741211,D1,Downtrend,Medium,-0.00187253401860199,1.406588494310481
AMAT,2023-03-20,124.04000091552734,D1,Downtrend,Medium,0.011745533926007523,1.5316214313670313
AMAT,2023-03-21,120.4000015258789,D1,Downtrend,Medium,-0.02934536732329851,1.0317090153396007
AMAT,2023-03-22,118.86000061035156,D1,Downtrend,Medium,-0.012790705116364376,0.8109718941090452
AMAT,2023-03-23,122.77999877929688,D1,Downtrend,Medium,0.03297996086838251,1.2946149201236412
AMAT,2023-03-24,119.52999877929688,D1,Downtrend,Medium,-0.026470109401467212,0.8441632587366198
AMAT,2023-03-27,118.87000274658203,D1,Downtrend,Medium,-0.005521593235631839,0.738980397750899
AMAT,2023-03-28,116.4000015258789,D1,Downtrend,Medium,-0.020779012060501922,0.343568834621823
AMAT,2023-03-29,119.8499984741211,D1,Downtrend,Medium,0.029639148651343872,0.8740537375718582
AMAT,2023-03-30,122.11000061035156,D1,Downtrend,Medium,0.018856922528192266,1.2618539085489124
AMAT,2023-03-31,122.83000183105469,D1,Downtrend,Medium,0.005896332954748118,1.394521194474439
AMAT,2023-04-03,122.31999969482422,D1,Downtrend,Medium,-0.004152097440590641,1.3335412762943626
AMAT,2023-04-04,120.12000274658203,D1,Downtrend,Medium,-0.017985586606695136,0.8665405315047864
AMAT,2023-04-05,117.31999969482422,D1,Downtrend,Medium,-0.0233100481829408,0.237845364852572
AMAT,2023-04-06,114.44999694824219,D1,Downtrend,Medium,-0.02446303063456834,-0.43465196543110496
AMAT,2023-04-10,116.5,D1,Downtrend,Medium,0.01791177899886609,0.008751089717224658
AMAT,2023-04-11,116.37999725341797,D1,Downtrend,Medium,-0.0010300664942664017,-0.04386639195369326
AMAT,2023-04-12,113.16000366210938,D1,Downtrend,Medium,-0.02766792977574184,-0.831331189174553
AMAT,2023-04-13,113.47000122070312,D1,Downtrend,Medium,0.002739462253106506,-0.7896186827429243
AMAT,2023-04-14,112.9000015258789,D1,Downtrend,Medium,-0.005023351447009716,-0.9597944211753763
AMAT,2023-04-17,111.79000091552734,D1,Downtrend,Medium,-0.009831714750660359,-1.323901424488463
AMAT,2023-04-18,111.2699966430664,D1,Downtrend,Medium,-0.004651617033744171,-1.4855546771987354
AMAT,2023-04-19,110.33999633789062,D1,Downtrend,Medium,-0.008358050986188581,-1.680943978442177
AMAT,2023-04-20,114.38999938964844,D1,Downtrend,Medium,0.03670475970794507,-0.6358286488345903
AMAT,2023-04-21,113.45999908447266,D1,Downtrend,Medium,-0.008130084012046401,-0.8754863631459866
AMAT,2023-04-24,113.61000061035156,D1,Downtrend,Medium,0.001322065283706042,-0.8236125409834963
AMAT,2023-04-25,110.61000061035156,D1,Downtrend,Medium,-0.02640612607942061,-1.5774381113613127
AMAT,2023-04-26,110.30999755859375,D1,Downtrend,Medium,-0.0027122597423594463,-1.693906586215472
AMAT,2023-04-27,111.68000030517578,D1,Downtrend,Medium,0.012419570092496057,-1.3377385849109407
AMAT,2023-04-28,113.02999877929688,D1,Downtrend,Medium,0.012088095186533865,-0.9531867262895827
AMAT,2023-05-01,112.94999694824219,D1,Downtrend,Medium,-0.0007077929038192821,-0.9501575791231429
AMAT,2023-05-02,112.16000366210938,D1,Downtrend,Medium,-0.006994185989175561,-1.1229680219264884
AMAT,2023-05-03,113.29000091552734,D1,Downtrend,Medium,0.010074868192962771,-0.798232805678876
AMAT,2023-05-04,112.44999694824219,D1,Downtrend,Medium,-0.0074146346588124246,-0.9881693967906119
AMAT,2023-05-05,116.05999755859375,D1,Downtrend,Medium,0.03210316325764917,-0.02699525362578904
AMAT,2023-05-08,115.75,D1,Downtrend,Medium,-0.002671011245172994,-0.10810114658996126
AMAT,2023-05-09,113.83999633789062,D1,Downtrend,Medium,-0.016501111551700864,-0.6114778050068035
AMAT,2023-05-10,115.41000366210938,D1,Downtrend,Medium,0.013791350796944712,-0.1891341239863554
AMAT,2023-05-11,115.45999908447266,D1,Downtrend,Medium,0.00043319834309740735,-0.1631448635526393
AMAT,2023-05-12,116.08999633789062,D1,Downtrend,Medium,0.005456411384145765,0.01991049973503155
AMAT,2023-05-15,121.11000061035156,D1,Downtrend,Medium,0.0432423501664152,1.321987112593582
AMAT,2023-05-16,120.91999816894531,D1,Downtrend,Medium,-0.0015688418829882256,1.231505286933452
AMAT,2023-05-17,125.69999694824219,D1,Downtrend,Medium,0.03953025844921387,2.333808604568289
AMAT,2023-05-18,129.9199981689453,D1,Downtrend,Medium,0.03357200734412702,3.092435304743369
AMAT,2023-05-19,126.94999694824219,D1,Downtrend,Medium,-0.022860231392868413,2.2506511937014455
AMAT,2023-05-22,126.55000305175781,D1,Downtrend,Medium,-0.003150798787710518,2.054341904250803
AMAT,2023-05-23,124.48999786376953,D1,Downtrend,Medium,-0.016278191531498898,1.5387445428123607
AMAT,2023-05-24,121.7300033569336,D1,Downtrend,Medium,-0.022170411713366867,0.9081346074156664
AMAT,2023-05-25,130.47000122070312,D1,Downtrend,Medium,0.07179822248211343,2.596464478090381
AMAT,2023-05-26,136.05999755859375,U1,Uptrend,Medium,0.042845070020613996,3.3138589987468787
AMAT,2023-05-30,136.57000732421875,U1,Uptrend,Medium,0.0037484181594620303,3.069980683821867
AMAT,2023-05-31,133.3000030517578,U1,Uptrend,Medium,-0.023943795102082,2.3556954529456675
AMAT,2023-06-01,134.8300018310547,U1,Uptrend,Medium,0.011477860047030886,2.4219568939464233
AMAT,2023-06-02,134.6300048828125,U1,Uptrend,Medium,-0.0014833267486918933,2.2464400340467368
AMAT,2023-06-05,133.72999572753906,U1,Uptrend,Medium,-0.006685056247727528,2.003689900213628
AMAT,2023-06-06,133.94000244140625,U1,Uptrend,Medium,0.0015703785282028537,1.930958954693561
AMAT,2023-06-07,135.00999450683594,U1,Uptrend,Medium,0.007988592249710935,1.9691561319341198
AMAT,2023-06-08,136.1999969482422,U1,Uptrend,Medium,0.008814180355706913,2.0168305397933626
AMAT,2023-06-09,136.1199951171875,U1,Uptrend,Medium,-0.0005873849695098299,1.9073904946485716
AMAT,2023-06-12,140.00999450683594,U1,Uptrend,Medium,0.028577722077491208,2.248684188361407
AMAT,2023-06-13,141.7899932861328,U1,Uptrend,Medium,0.012713369395996654,2.3079100654897418
AMAT,2023-06-14,141.1699981689453,U1,Uptrend,Medium,-0.004372629568691444,2.1206127644008537
AMAT,2023-06-15,140.11000061035156,U1,Uptrend,Medium,-0.007508660284355817,1.9079251017689574
AMAT,2023-06-16,138.92999267578125,U1,Uptrend,Medium,-0.008422010773177724,1.706385595994242
AMAT,2023-06-20,138.52000427246094,U1,Uptrend,Medium,-0.002951043150755006,1.6011813300002635
AMAT,2023-06-21,136.6699981689453,U1,Uptrend,Medium,-0.013355515784397198,1.3664680250596748
AMAT,2023-06-22,138.9199981689453,U1,Uptrend,Medium,0.016463013317806974,1.525217078471596
AMAT,2023-06-23,136.07000732421875,U1,Uptrend,Medium,-0.02051533891657986,1.207740616259601
AMAT,2023-06-26,139.8000030517578,U1,Uptrend,Medium,0.02741232841012109,1.5037180582023322
AMAT,2023-06-27,146.5500030517578,U1,Uptrend,Medium,0.048283260748577916,2.0234314579247825
AMAT,2023-06-28,144.02999877929688,U1,Uptrend,Medium,-0.017195525213131058,1.7184001398562836
AMAT,2023-06-29,144.22999572753906,U1,Uptrend,Medium,0.0013885784207263718,1.6632706715418915
AMAT,2023-06-30,144.5399932861328,U1,Uptrend,Medium,0.002149327933000489,1.6194398949346662
AMAT,2023-07-03,145.47000122070312,U1,Uptrend,Medium,0.006434260258537883,1.626305069029211
AMAT,2023-07-05,142.25999450683594,U1,Uptrend,Medium,-0.02206645141218533,1.313225284700042
AMAT,2023-07-06,140.3800048828125,U1,Uptrend,Medium,-0.013215167275527295,1.1205229613438774
AMAT,2023-07-07,139.57000732421875,U1,Uptrend,Medium,-0.005770035121952954,1.0199766225291957
AMAT,2023-07-10,140.55999755859375,U1,Uptrend,Medium,0.00709314453265919,1.0645360909297645
AMAT,2023-07-11,137.55999755859375,U1,Uptrend,Medium,-0.021343199004748237,0.792559789639637
AMAT,2023-07-12,138.88999938964844,U1,Uptrend,Medium,0.009668521769842009,0.8715643443112747
AMAT,2023-07-13,142.64999389648438,U1,Uptrend,Medium,0.02707174399423451,1.1442242083078584
AMAT,2023-07-14,142.74000549316406,U1,Uptrend,Medium,0.0006309961481316684,1.1167730970324576
AMAT,2023-07-17,145.5,U1,Uptrend,Medium,0.019335816173610354,1.3073065165200692
AMAT,2023-07-18,144.50999450683594,U1,Uptrend,Medium,-0.006804161465045144,1.1851607494467329
AMAT,2023-07-19,141.77999877929688,U1,Uptrend,Medium,-0.018891397351827655,0.9252681746305234
AMAT,2023-07-20,134.0399932861328,U1,Uptrend,Medium,-0.05459166003529603,0.24237180590085652
AMAT,2023-07-21,136.39999389648438,U1,Uptrend,Medium,0.01760669000716608,0.42074815812921984
AMAT,2023-07-24,138.35000610351562,U1,Uptrend,Medium,0.014296277817366532,0.5691849220598777
AMAT,2023-07-25,140.05999755859375,U1,Uptrend,Medium,0.012359894323377807,0.7012492283192102
AMAT,2023-07-26,139.02000427246094,U1,Uptrend,Medium,-0.007425341312730871,0.578103805038396
AMAT,2023-07-27,146.13999938964844,U1,Uptrend,Medium,0.05121561572702338,1.2384913417775774
AMAT,2023-07-28,151.92999267578125,U1,Uptrend,Medium,0.03961949712819646,1.76688182481352
AMAT,2023-07-31,151.58999633789062,U1,Uptrend,Medium,-0.00223784870849153,1.6927419019789827
AMAT,2023-08-01,152.6300048828125,U1,Uptrend,Medium,0.00686066739261415,1.763932473434205
AMAT,2023-08-02,147.3300018310547,U1,Uptrend,Medium,-0.03472451603357474,1.1902695853508016
AMAT,2023-08-03,147.80999755859375,U1,Uptrend,Medium,0.0032579632225178123,1.219021002384957
AMAT,2023-08-04,145.66000366210938,U1,Uptrend,Medium,-0.014545659508803488,0.972439464656553
AMAT,2023-08-07,150.3800048828125,U1,Uptrend,Medium,0.032404236592305846,1.4993985711869748
AMAT,2023-08-08,148.00999450683594,U1,Uptrend,Medium,-0.015760142964641122,1.2146127668547382
AMAT,2023-08-09,145.16000366210938,U1,Uptrend,Medium,-0.01925539457131009,0.8516364627986355
AMAT,2023-08-10,144.61000061035156,U1,Uptrend,Medium,-0.003788943496020214,0.7597071080635676
AMAT,2023-08-11,138.8300018310547,U1,Uptrend,Medium,-0.039969564725132356,-0.09251507038631172
AMAT,2023-08-14,141.88999938964844,U1,Uptrend,Medium,0.022041327654216403,0.3315632180243613
AMAT,2023-08-15,140.0800018310547,U1,Uptrend,Medium,-0.012756343409539794,0.02888511881929915
AMAT,2023-08-16,138.25,U1,Uptrend,Medium,-0.013063976350184414,-0.29697775844558205
AMAT,2023-08-17,137.58999633789062,U1,Uptrend,Medium,-0.004773986706035238,-0.4520437310740676
AMAT,2023-08-18,142.66000366210938,U1,Uptrend,Medium,0.03684866239670459,0.3761187597285038
AMAT,2023-08-21,148.77000427246094,U1,Uptrend,Medium,0.04282910734267964,1.526039556363465
AMAT,2023-08-22,147.85000610351562,U1,Uptrend,Medium,-0.006184029996130214,1.3183817209406494
AMAT,2023-08-23,148.0,U1,Uptrend,Medium,0.0010145004416122205,1.3018809153773239
AMAT,2023-08-24,142.52000427246094,U1,Uptrend,Medium,-0.03702699815904775,0.18428207117087073
AMAT,2023-08-25,144.36000061035156,U1,Uptrend,Medium,0.012910442623710772,0.5309558457095626
AMAT,2023-08-28,145.4199981689453,U1,Uptrend,Medium,0.007342737282572065,0.7235362523002482
AMAT,2023-08-29,149.97999572753906,U1,Uptrend,Medium,0.0313574309999376,1.6222764628395188
AMAT,2023-08-30,150.9499969482422,U1,Uptrend,Medium,0.006467537327213169,1.7658177986641437
AMAT,2023-08-31,152.75999450683594,U1,Uptrend,Medium,0.011990709474571037,2.05948046039062
AMAT,2023-09-01,153.99000549316406,U1,Uptrend,Medium,0.008051918241415601,2.2032052322326825
AMAT,2023-09-05,153.61000061035156,U1,Uptrend,Medium,-0.002467724327923193,2.02755401912751
AMAT,2023-09-06,153.17999267578125,U1,Uptrend,Medium,-0.0027993485636463866,1.86240119974814
AMAT,2023-09-07,148.22999572753906,U1,Uptrend,Medium,-0.03231490524170011,0.859684544584931
AMAT,2023-09-08,147.52999877929688,U1,Uptrend,Medium,-0.004722370427162725,0.7013789471247432
AMAT,2023-09-11,146.7100067138672,U1,Uptrend,Medium,-0.005558137817491482,0.522761638333914
AMAT,2023-09-12,143.97000122070312,U1,Uptrend,Medium,-0.01867633677168301,-0.02685002534604534
AMAT,2023-09-13,144.5800018310547,U1,Uptrend,Medium,0.0042369980216674374,0.07541624172767085
AMAT,2023-09-14,144.57000732421875,U1,Uptrend,Medium,-6.912786491464207e-05,0.053986894934515785
AMAT,2023-09-15,138.25,U1,Uptrend,Medium,-0.043715895441889474,-1.230389251474291
AMAT,2023-09-18,140.27000427246094,U1,Uptrend,Medium,0.014611242477113429,-0.8297051773414902
AMAT,2023-09-19,137.7100067138672,U1,Uptrend,Medium,-0.018250498899402667,-1.367641394094403
AMAT,2023-09-20,136.97000122070312,U1,Uptrend,Medium,-0.005373650839344157,-1.4918923775963364
AMAT,2023-09-21,135.19000244140625,U1,Uptrend,Medium,-0.012995537442017868,-1.767852794770453
AMAT,2023-09-22,136.1699981689453,U1,Uptrend,Medium,0.007249025148614807,-1.517396532552987
AMAT,2023-09-25,136.58999633789062,U1,Uptrend,Medium,0.003084366413989459,-1.3878567416248297
AMAT,2023-09-26,134.0800018310547,U1,Uptrend,Medium,-0.01837612251359033,-1.7817550309765353
AMAT,2023-09-27,135.05999755859375,U1,Uptrend,Medium,0.00730903724758214,-1.5374260996320883
AMAT,2023-09-28,138.22000122070312,U1,Uptrend,Medium,0.023397036274478422,-0.9450328836105322
AMAT,2023-09-29,138.4499969482422,U1,Uptrend,Medium,0.001663982965618871,-0.8939991538559456
AMAT,2023-10-02,139.50999450683594,U1,Uptrend,Medium,0.0076561761065983,-0.7036453080979403
AMAT,2023-10-03,136.72000122070312,U1,Uptrend,Medium,-0.019998519073815224,-1.180716127752959
AMAT,2023-10-04,139.3000030517578,U1,Uptrend,Medium,0.0188706978351314,-0.7311807528485817
AMAT,2023-10-05,139.27999877929688,U1,Uptrend,Medium,-0.00014360568573357213,-0.7365773109883641
AMAT,2023-10-06,140.2899932861328,U1,Uptrend,Medium,0.007251540175817972,-0.5479059764415882
AMAT,2023-10-09,140.14999389648438,U1,Uptrend,Medium,-0.0009979285504910784,-0.5636621161121864
AMAT,2023-10-10,141.39999389648438,U1,Uptrend,Medium,0.008919015729128343,-0.3296103355608483
AMAT,2023-10-11,142.17999267578125,U1,Uptrend,Medium,0.005516257517435896,-0.18413967354002855
AMAT,2023-10-12,145.0,U1,Uptrend,Medium,0.019834065758107977,0.30739214567424905
AMAT,2023-10-13,141.13999938964844,U1,Uptrend,Medium,-0.026620693864493505,-0.40842611519538163
AMAT,2023-10-16,141.0,U1,Uptrend,Medium,-0.0009919185932680818,-0.45333556073712605
AMAT,2023-10-17,142.72000122070312,U1,Uptrend,Medium,0.012198590217752603,-0.15151641774426183
AMAT,2023-10-18,141.4499969482422,U1,Uptrend,Medium,-0.00889857246075132,-0.39203295703660596
AMAT,2023-10-19,134.42999267578125,U1,Uptrend,Medium,-0.04962887539000527,-1.6517483991365112
AMAT,2023-10-20,134.1199951171875,U1,Uptrend,Medium,-0.0023060148440341433,-1.6360473506903925
AMAT,2023-10-23,134.22999572753906,U1,Uptrend,Medium,0.0008201656304525073,-1.5628985040941088
AMAT,2023-10-24,134.89999389648438,U1,Uptrend,Medium,0.004991419133360431,-1.3987001136173554
AMAT,2023-10-25,130.11000061035156,D1,Downtrend,Medium,-0.03550773538068819,-2.158980141037216
AMAT,2023-10-26,130.83999633789062,D1,Downtrend,Medium,0.00561060428955984,-1.9298567368550466
AMAT,2023-10-27,131.3000030517578,D1,Downtrend,Medium,0.003515795832638391,-1.7690691492019885
AMAT,2023-10-30,131.02999877929688,D1,Downtrend,Medium,-0.002056391973993321,-1.7333477648154645
AMAT,2023-10-31,132.35000610351562,U1,Uptrend,Medium,0.010074084839473585,-1.4658084992207936
AMAT,2023-11-01,135.2899932861328,U1,Uptrend,Medium,0.022213729104913815,-0.9490349904744554
AMAT,2023-11-02,138.50999450683594,U1,Uptrend,Medium,0.023800734573864224,-0.39930637637413613
AMAT,2023-11-03,139.75,U1,Uptrend,Medium,0.008952462221799129,-0.18081547677385496
AMAT,2023-11-06,140.36000061035156,U1,Uptrend,Medium,0.004364941755646168,-0.08369265259337422
AMAT,2023-11-07,141.74000549316406,U1,Uptrend,Medium,0.009831895674063729,0.14642482054911687
AMAT,2023-11-08,144.22999572753906,U1,Uptrend,Medium,0.017567307308274938,0.5480357953048745
AMAT,2023-11-09,143.1699981689453,U1,Uptrend,Medium,-0.007349355820519876,0.3586259899405388
AMAT,2023-11-10,150.67999267578125,U1,Uptrend,Medium,0.05245508558276213,1.5419257096346464
AMAT,2023-11-13,149.74000549316406,U1,Uptrend,Medium,-0.0062383012231740365,1.348312147848023
AMAT,2023-11-14,154.0800018310547,U1,Uptrend,Medium,0.028983546004269112,1.9856050254966007
AMAT,2023-11-15,155.3699951171875,U1,Uptrend,Medium,0.008372230469903874,2.1027041873140435
AMAT,2023-11-16,154.80999755859375,U1,Uptrend,Medium,-0.003604283814074738,1.9497278890683558
AMAT,2023-11-17,148.58999633789062,U1,Uptrend,Medium,-0.04017829157544506,1.0027615533491956
AMAT,2023-11-20,152.57000732421875,U1,Uptrend,Medium,0.026785187996624327,1.53795966427508
AMAT,2023-11-21,149.25,U1,Uptrend,Medium,-0.021760550336499485,1.0420565344195594
AMAT,2023-11-22,149.47999572753906,U1,Uptrend,Medium,0.0015410098997592492,1.0776581734918846
AMAT,2023-11-24,150.33999633789062,U1,Uptrend,Medium,0.005753282278112337,1.2047269919801233
AMAT,2023-11-27,150.80999755859375,U1,Uptrend,Medium,0.003126255368842701,1.2856229842548315
AMAT,2023-11-28,148.05999755859375,U1,Uptrend,Medium,-0.018234865357195873,0.919860150109448
AMAT,2023-11-29,149.36000061035156,U1,Uptrend,Medium,0.008780244989828212,1.139631912254564
AMAT,2023-11-30,149.77999877929688,U1,Uptrend,Medium,0.002811985586696597,1.2266565774027378
AMAT,2023-12-01,151.58999633789062,U1,Uptrend,Medium,0.012084374237850026,1.4771433680339423
AMAT,2023-12-04,148.27000427246094,U1,Uptrend,Medium,-0.021901129003456754,0.9749355493698885
AMAT,2023-12-05,146.14999389648438,U1,Uptrend,Medium,-0.014298309266119857,0.6591174200274613
AMAT,2023-12-06,144.6999969482422,U1,Uptrend,Medium,-0.009921293252117436,0.4393473332630271
AMAT,2023-12-07,148.38999938964844,U1,Uptrend,Medium,0.02550105403752112,0.9766371958515039
AMAT,2023-12-08,147.72000122070312,U1,Uptrend,Medium,-0.004515116730919311,0.8646267238982921
AMAT,2023-12-11,155.13999938964844,U1,Uptrend,Medium,0.050230152366837366,1.8686339774709724
AMAT,2023-12-12,157.22000122070312,U1,Uptrend,Medium,0.013407256924312438,2.0503586640428355
AMAT,2023-12-13,156.99000549316406,U1,Uptrend,Medium,-0.0014628910173852816,1.9174267909752363
AMAT,2023-12-14,161.74000549316406,U1,Uptrend,Medium,0.030256703189980083,2.3887314793427334
AMAT,2023-12-15,161.9499969482422,U1,Uptrend,Medium,0.0012983272409188285,2.2718402638265283
AMAT,2023-12-18,160.36000061035156,U1,Uptrend,Medium,-0.009817822586305924,1.9703368495959481
AMAT,2023-12-19,162.3300018310547,U1,Uptrend,Medium,0.012284866632608082,2.0882688229691118
AMAT,2023-12-20,156.9199981689453,U1,Uptrend,Medium,-0.03332719522630112,1.405186303124037
AMAT,2023-12-21,161.38999938964844,U1,Uptrend,Medium,0.02848586077531423,1.839434765373307
AMAT,2023-12-22,162.0500030517578,U1,Uptrend,Medium,0.004089495412388677,1.8252425298546706
AMAT,2023-12-26,164.27999877929688,U1,Uptrend,Medium,0.013761158195269019,1.9681347657837585
AMAT,2023-12-27,164.2100067138672,U1,Uptrend,Medium,-0.0004260534815544448,1.8658258513855825
AMAT,2023-12-28,163.1199951171875,U1,Uptrend,Medium,-0.0066379121375897965,1.6780870505706147
AMAT,2023-12-29,162.07000732421875,U1,Uptrend,Medium,-0.006436904269243149,1.5076160564626873
AMAT,2024-01-02,154.3699951171875,U1,Uptrend,Medium,-0.04751040821283781,0.6949019689216311
AMAT,2024-01-03,151.4499969482422,U1,Uptrend,Medium,-0.018915581144694826,0.3777926107471307
AMAT,2024-01-04,149.30999755859375,U1,Uptrend,Medium,-0.01413007218732254,0.14259325415836605
AMAT,2024-01-05,149.0,U1,Uptrend,Medium,-0.0020762009487816924,0.09780174091508133
AMAT,2024-01-08,151.55999755859375,U1,Uptrend,Medium,0.017181191668414364,0.34815914067952564
AMAT,2024-01-09,151.02999877929688,U1,Uptrend,Medium,-0.0034969569004642542,0.2826225706851348
AMAT,2024-01-10,149.80999755859375,U1,Uptrend,Medium,-0.008077873472580377,0.14123896611981565
AMAT,2024-01-11,151.9499969482422,U1,Uptrend,Medium,0.014284756855505787,0.3474268514417367
AMAT,2024-01-12,151.25,U1,Uptrend,Medium,-0.004606758554135615,0.25969417708115616
AMAT,2024-01-16,153.75999450683594,U1,Uptrend,Medium,0.016595005003873897,0.5039286467113276
AMAT,2024-01-17,153.3699951171875,U1,Uptrend,Medium,-0.0025364165165282504,0.43769369388808865
AMAT,2024-01-18,160.33999633789062,U1,Uptrend,Medium,0.04544566370610803,1.1548552558045142
AMAT,2024-01-19,167.94000244140625,U2,Uptrend,Medium,0.04739931568602418,1.9080993734717564
AMAT,2024-01-22,168.3000030517578,U2,Uptrend,Medium,0.0021436263255811827,1.8742228113813235
AMAT,2024-01-23,167.0500030517578,U2,Uptrend,Medium,-0.007427213174889702,1.7059547822220207
AMAT,2024-01-24,174.13999938964844,U2,Uptrend,Medium,0.04244235982260891,2.389837210726236
AMAT,2024-01-25,172.6300048828125,U2,Uptrend,Medium,-0.008671152590607467,2.1607408779203383
AMAT,2024-01-26,166.89999389648438,U2,Uptrend,Medium,-0.033192439461598,1.515528622921927
AMAT,2024-01-29,168.47999572753906,U2,Uptrend,Medium,0.009466757871990472,1.6705940615152137
AMAT,2024-01-30,166.24000549316406,U2,Uptrend,Medium,-0.013295289002722033,1.3862557654342507
AMAT,2024-01-31,164.3000030517578,U1,Uptrend,Medium,-0.011669889180110915,1.1280966204840817
AMAT,2024-02-01,166.97000122070312,U2,Uptrend,Medium,0.016250749356980787,1.4163858793219988
AMAT,2024-02-02,168.17999267578125,U2,Uptrend,Medium,0.007246759574965456,1.5243475017420676
AMAT,2024-02-05,171.08999633789062,U2,Uptrend,Medium,0.017302912289449912,1.8229655114031784
AMAT,2024-02-06,168.6999969482422,U2,Uptrend,Medium,-0.013969252678738497,1.4765324038895684
AMAT,2024-02-07,170.89999389648438,U2,Uptrend,Medium,0.01304088315376295,1.6935366225262076
AMAT,2024-02-08,173.88999938964844,U2,Uptrend,Medium,0.017495644236097174,1.9614210681741544
AMAT,2024-02-09,185.83999633789062,U2,Uptrend,Medium,0.06872158830402286,3.0764190976779986
AMAT,2024-02-12,185.5399932861328,U2,Uptrend,Medium,-0.0016143083172061035,2.7832921668448978
AMAT,2024-02-13,180.30999755859375,U2,Uptrend,Medium,-0.028187969800524626,2.1114959199172914
AMAT,2024-02-14,186.19000244140625,U2,Uptrend,Medium,0.03261053165341932,2.5051869995465434
AMAT,2024-02-15,187.66000366210938,U2,Uptrend,Medium,0.00789516730988682,2.467478721787706
AMAT,2024-02-16,199.57000732421875,U2,Uptrend,Medium,0.06346586075716965,3.172992164143188
AMAT,2024-02-20,189.13999938964844,U2,Uptrend,High,-0.05226240192307985,2.179702013917088
AMAT,2024-02-21,190.3300018310547,U2,Uptrend,High,0.006291648753549595,2.1484216924189328
AMAT,2024-02-22,199.72999572753906,U2,Uptrend,High,0.04938787267405287,2.6555387547306055
AMAT,2024-02-23,197.16000366210938,U2,Uptrend,High,-0.012867331499548662,2.3142812169219154
AMAT,2024-02-26,203.5500030517578,U2,Uptrend,Medium,0.03241022150009476,2.567642582233196
AMAT,2024-02-27,202.86000061035156,U2,Uptrend,Medium,-0.003389842451787084,2.3630886984391233
AMAT,2024-02-28,197.5399932861328,U2,Uptrend,High,-0.026225018772612962,1.9253466156477912
AMAT,2024-02-29,201.6199951171875,U2,Uptrend,High,0.020654054721693127,2.0646905668372306
AMAT,2024-03-01,210.25,U2,Uptrend,High,0.042803318578579,2.423143608249588
AMAT,2024-03-04,209.49000549316406,U2,Uptrend,High,-0.0036147182251412557,2.247638187502167
AMAT,2024-03-05,207.38999938964844,U2,Uptrend,High,-0.010024373709724088,2.030293401672434
AMAT,2024-03-06,212.1699981689453,U2,Uptrend,High,0.02304835716941267,2.1720144327451365
AMAT,2024-03-07,212.61000061035156,U2,Uptrend,High,0.002073820263013282,2.086101306379742
AMAT,2024-03-08,205.55999755859375,U2,Uptrend,High,-0.033159320029720996,1.6448615755060856
AMAT,2024-03-11,201.3699951171875,U2,Uptrend,High,-0.02038335518179757,1.3762718223480312
AMAT,2024-03-12,204.94000244140625,U2,Uptrend,High,0.01772859617015521,1.4984955683656942
AMAT,2024-03-13,200.55999755859375,U2,Uptrend,Medium,-0.02137213248089409,1.2334037760837668
AMAT,2024-03-14,200.75,U2,Uptrend,Medium,0.0009473596116829075,1.200476752050582
AMAT,2024-03-15,198.64999389648438,U2,Uptrend,Medium,-0.010460802508172495,1.0602796308681768
AMAT,2024-03-18,200.72999572753906,U2,Uptrend,Medium,0.010470686609427071,1.1241703699183407
AMAT,2024-03-19,201.33999633789062,U2,Uptrend,Medium,0.0030389110911930306,1.1158562237990401
AMAT,2024-03-20,205.05999755859375,U2,Uptrend,Medium,0.018476215795992124,1.252797605126995
AMAT,2024-03-21,210.8000030517578,U2,Uptrend,Medium,0.027991834397266713,1.4729663601603056
AMAT,2024-03-22,210.25,U2,Uptrend,Medium,-0.002609122598649871,1.3929826099099536
AMAT,2024-03-25,208.4600067138672,U2,Uptrend,Medium,-0.00851364226460316,1.2623890026807265
AMAT,2024-03-26,206.6699981689453,U2,Uptrend,Medium,-0.008586819952370317,1.1387400694521275
AMAT,2024-03-27,208.0,U2,Uptrend,Medium,0.0064353889913302265,1.16053442488825
AMAT,2024-03-28,206.22999572753906,U2,Uptrend,Medium,-0.008509635925292969,1.0442584604206298
AMAT,2024-04-01,208.69000244140625,U2,Uptrend,Medium,0.011928462225821113,1.1253279867602193
AMAT,2024-04-02,206.11000061035156,U2,Uptrend,Medium,-0.012362843456188433,0.9747271387237162
AMAT,2024-04-03,207.3800048828125,U2,Uptrend,Medium,0.006161778995197098,1.0079942158772255
AMAT,2024-04-04,203.38999938964844,U2,Uptrend,Medium,-0.019240068469565164,0.7864205747044182
AMAT,2024-04-05,207.85000610351562,U2,Uptrend,Medium,0.021928348135361597,0.9832591600356843
AMAT,2024-04-08,209.0399932861328,U2,Uptrend,Medium,0.0057252208211364675,1.0199788004580912
AMAT,2024-04-09,210.41000366210938,U2,Uptrend,Medium,0.006553819460285215,1.067120340241901
AMAT,2024-04-10,209.25,U2,Uptrend,Medium,-0.005513063266574525,0.9834350506783941
AMAT,2024-04-11,212.97999572753906,U2,Uptrend,Medium,0.017825547085013493,1.167823961229078
AMAT,2024-04-12,207.86000061035156,U2,Uptrend,Medium,-0.024039793501251627,0.8558909348233803
AMAT,2024-04-15,205.67999267578125,U2,Uptrend,Medium,-0.01048786648787181,0.7023961403932837
AMAT,2024-04-16,209.47999572753906,U2,Uptrend,Medium,0.01847531693443738,0.9068350954008767
AMAT,2024-04-17,199.88999938964844,U2,Uptrend,Medium,-0.045780010184666486,0.2840601021490196
AMAT,2024-04-18,194.32000732421875,U2,Uptrend,Medium,-0.02786528631966234,-0.1025641963123358
AMAT,2024-04-19,189.77000427246094,U2,Uptrend,Medium,-0.023415000413036346,-0.4247839212728963
AMAT,2024-04-22,189.4600067138672,U2,Uptrend,Medium,-0.0016335435085340633,-0.4733570639770717
AMAT,2024-04-23,193.24000549316406,U2,Uptrend,Medium,0.019951433787319672,-0.25518632956638776
AMAT,2024-04-24,196.05999755859375,U2,Uptrend,Medium,0.014593210439178161,-0.09222967220226475
AMAT,2024-04-25,197.5,U2,Uptrend,Medium,0.007344702944698911,-0.026378352731705603
AMAT,2024-04-26,203.3800048828125,U2,Uptrend,Medium,0.02977217662183551,0.39579483631919327
AMAT,2024-04-29,205.25999450683594,U2,Uptrend,Medium,0.009243728876428658,0.5257200440152338
AMAT,2024-04-30,198.64999389648438,U2,Uptrend,Medium,-0.03220306336962031,-0.0908858037505348
AMAT,2024-05-01,193.99000549316406,U2,Uptrend,Medium,-0.023458286164099285,-0.5865602524465381
AMAT,2024-05-02,197.91000366210938,U2,Uptrend,Medium,0.020207217165543412,-0.27565224685055134
AMAT,2024-05-03,204.08999633789062,U2,Uptrend,Medium,0.031226277406029013,0.3515584295987278
AMAT,2024-05-06,208.86000061035156,U2,Uptrend,Medium,0.023372063099867724,0.9142284375991971
AMAT,2024-05-07,207.32000732421875,U2,Uptrend,Medium,-0.007373327978705824,0.6953351026704708
AMAT,2024-05-08,207.36000061035156,U2,Uptrend,Medium,0.0001929060617400502,0.6780772957104779
AMAT,2024-05-09,206.3300018310547,U2,Uptrend,Medium,-0.004967200888624346,0.520058582139955
AMAT,2024-05-10,209.72999572753906,U2,Uptrend,Medium,0.016478427113417737,1.0085260486425758
AMAT,2024-05-13,206.6300048828125,U2,Uptrend,Medium,-0.01478086543592827,0.5059995242900767
AMAT,2024-05-14,209.82000732421875,U2,Uptrend,Medium,0.015438234361052405,0.9908116590926997
AMAT,2024-05-15,217.49000549316406,U2,Uptrend,Medium,0.0365551325002742,2.169019974743575
AMAT,2024-05-16,214.02999877929688,U2,Uptrend,Medium,-0.01590880788301763,1.5788848333210237
AMAT,2024-05-17,212.0800018310547,U2,Uptrend,Medium,-0.009110858101031849,1.2110878022883123
AMAT,2024-05-20,219.9499969482422,U2,Uptrend,Medium,0.037108614905882575,2.3611308922476573
AMAT,2024-05-21,219.8000030517578,U2,Uptrend,Medium,-0.000681945435624054,2.197705698512447
AMAT,2024-05-22,218.14999389648438,U2,Uptrend,Medium,-0.007506865934323481,1.8520608812364394
AMAT,2024-05-23,217.9499969482422,U2,Uptrend,Medium,-0.000916786403107106,1.7467057799650696
AMAT,2024-05-24,220.88999938964844,U2,Uptrend,Medium,0.01348934380625133,2.057627375584603
AMAT,2024-05-28,221.32000732421875,U2,Uptrend,Medium,0.0019467062146700798,2.022563480724251
AMAT,2024-05-29,219.0500030517578,U2,Uptrend,Medium,-0.010256660931406647,1.6529479150134063
AMAT,2024-05-30,216.5399932861328,U2,Uptrend,Medium,-0.011458615524565507,1.2792520842210817
AMAT,2024-05-31,215.0800018310547,U2,Uptrend,Medium,-0.006742363999009293,1.0745501413117304
AMAT,2024-06-03,214.2100067138672,U2,Uptrend,Medium,-0.004044983772460986,0.9543515728033685
AMAT,2024-06-04,212.22000122070312,U2,Uptrend,Medium,-0.009289974468009943,0.6777844521757517
AMAT,2024-06-05,223.3699951171875,U2,Uptrend,Medium,0.052539788108325824,2.0143981241226028
AMAT,2024-06-06,221.75,U2,Uptrend,Medium,-0.007252518926445739,1.7301487930447486
AMAT,2024-06-07,221.72999572753906,U2,Uptrend,Medium,-9.021092428829203e-05,1.6549906077705179
AMAT,2024-06-10,228.16000366210938,U2,Uptrend,Medium,0.028999269645372916,2.2812560912271564
AMAT,2024-06-11,229.97000122070312,U2,Uptrend,Medium,0.007933018625272403,2.339136549546035
AMAT,2024-06-12,237.64999389648438,U2,Uptrend,Medium,0.03339562827766707,2.9105672634607163
AMAT,2024-06-13,237.5500030517578,U2,Uptrend,Medium,-0.0004207483580669358,2.6739487769652723
AMAT,2024-06-14,237.02999877929688,U2,Uptrend,Medium,-0.002189030796802993,2.440757508538197
AMAT,2024-06-17,242.86000061035156,U2,Uptrend,Medium,0.02459605054667824,2.736523363810786
AMAT,2024-06-18,247.8300018310547,U2,Uptrend,Medium,0.02046447009887431,2.881619407782914
AMAT,2024-06-20,239.99000549316406,U2,Uptrend,Medium,-0.03163457321537344,2.124446458566292
AMAT,2024-06-21,235.41000366210938,U2,Uptrend,Medium,-0.019084135698247406,1.6940331314600727
AMAT,2024-06-24,229.83999633789062,U2,Uptrend,Medium,-0.02366087777736725,1.2324709188025713
AMAT,2024-06-25,234.27000427246094,U2,Uptrend,Medium,0.0192743125876913,1.5007087493262046
AMAT,2024-06-26,232.1699981689453,U2,Uptrend,Medium,-0.008964041768972142,1.3008247225383687
AMAT,2024-06-27,232.52999877929688,U2,Uptrend,Medium,0.0015505905723856017,1.2802943319657691
AMAT,2024-06-28,235.99000549316406,U2,Uptrend,Medium,0.01487982940709176,1.468188173621659
AMAT,2024-07-01,237.41000366210938,U2,Uptrend,Medium,0.006017196219720633,1.5064606510862009
AMAT,2024-07-02,240.86000061035156,U2,Uptrend,Medium,0.014531809506866278,1.6694532011367202
AMAT,2024-07-03,243.30999755859375,U2,Uptrend,Medium,0.010171871386007503,1.7517655967739965
AMAT,2024-07-05,242.58999633789062,U2,Uptrend,Medium,-0.002959192914091968,1.6326243108809768
AMAT,2024-07-08,246.2899932861328,U2,Uptrend,Medium,0.0152520590465266,1.784488671049517
AMAT,2024-07-09,251.47000122070312,U2,Uptrend,Medium,0.02103214940020859,1.9986887334463774
AMAT,2024-07-10,254.97000122070312,U2,Uptrend,Medium,0.013918161144510499,2.088047695117052
AMAT,2024-07-11,241.25999450683594,U2,Uptrend,Medium,-0.05377105796065684,1.240712159418321
AMAT,2024-07-12,243.39999389648438,U2,Uptrend,Medium,0.00887009632087099,1.3163031512247616
AMAT,2024-07-15,245.5500030517578,U2,Uptrend,Medium,0.008833234220161135,1.3894085029746024
AMAT,2024-07-16,245.83999633789062,U2,Uptrend,Medium,0.0011809948382353053,1.3630616697501141
AMAT,2024-07-17,220.07000732421875,U2,Uptrend,High,-0.10482423282439668,-0.1491306808959289
AMAT,2024-07-18,217.64999389648438,U2,Uptrend,High,-0.01099656176304431,-0.3309080633495807
AMAT,2024-07-19,210.25999450683594,U2,Uptrend,High,-0.03395359336955994,-0.8193770982321088
AMAT,2024-07-22,223.47000122070312,U2,Uptrend,High,0.06282700969745192,-0.021301610555904092
AMAT,2024-07-23,219.64999389648438,U2,Uptrend,High,-0.017094049775594033,-0.29769028721361257
AMAT,2024-07-24,206.52999877929688,U2,Uptrend,High,-0.05973137027889297,-1.170335967837225
AMAT,2024-07-25,202.32000732421875,U2,Uptrend,High,-0.02038440652671003,-1.4391802415273383
AMAT,2024-07-26,206.47000122070312,U2,Uptrend,High,0.020512029192614634,-1.189384977397308
AMAT,2024-07-29,205.57000732421875,U2,Uptrend,High,-0.0043589571906977875,-1.2903134295615226
AMAT,2024-07-30,196.74000549316406,U2,Uptrend,High,-0.042953745762767226,-1.8862216871923212
AMAT,2024-07-31,212.1999969482422,U2,Uptrend,High,0.07858082252424903,-0.8530522455301048
AMAT,2024-08-01,196.3000030517578,U2,Uptrend,High,-0.07492928428440337,-1.8901183902520873
AMAT,2024-08-02,181.80999755859375,U2,Uptrend,High,-0.07381561522107327,-2.6847536563846814
AMAT,2024-08-05,181.88999938964844,U2,Uptrend,High,0.0004400298780538048,-2.526905095527468
AMAT,2024-08-06,183.30999755859375,U2,Uptrend,High,0.0078069062274466194,-2.3241817113702377
AMAT,2024-08-07,178.50999450683594,U2,Uptrend,High,-0.026185167834195888,-2.4499527868651945
AMAT,2024-08-08,190.5500030517578,U2,Uptrend,High,0.06744725178096855,-1.7323518028302825
AMAT,2024-08-09,191.17999267578125,U2,Uptrend,High,0.0033061643344729497,-1.6479906114781646
AMAT,2024-08-12,193.08999633789062,U2,Uptrend,High,0.0099906043272453,-1.4955003847172472
AMAT,2024-08-13,200.8000030517578,U2,Uptrend,High,0.03992960205134266,-1.071184483784955
AMAT,2024-08-14,201.6300048828125,U2,Uptrend,High,0.00413347519143592,-1.0121053815630692
AMAT,2024-08-15,211.8300018310547,U2,Uptrend,High,0.05058769380167605,-0.4785723299135264
AMAT,2024-08-16,207.89999389648438,U2,Uptrend,High,-0.01855265024122832,-0.6679463642393321
AMAT,2024-08-19,210.94000244140625,U2,Uptrend,High,0.01462245615281521,-0.5050050003650542
AMAT,2024-08-20,206.16000366210938,U2,Uptrend,High,-0.02266046612294237,-0.7360483890029142
AMAT,2024-08-21,209.1199951171875,U2,Uptrend,High,0.01435773866171175,-0.5737567183087732
AMAT,2024-08-22,200.1999969482422,U2,Uptrend,High,-0.04265492720553421,-0.9999431672419457
AMAT,2024-08-23,202.6699981689453,U2,Uptrend,High,0.012337668623150444,-0.8564685656313692
AMAT,2024-08-26,196.22999572753906,U2,Uptrend,High,-0.03177580549459458,-1.148537816893108
AMAT,2024-08-27,195.77000427246094,U2,Uptrend,High,-0.0023441444483177643,-1.1427535769306794
AMAT,2024-08-28,192.88999938964844,U2,Uptrend,High,-0.014711165244724045,-1.2496819192278228
AMAT,2024-08-29,192.97999572753906,U2,Uptrend,High,0.0004665681900326568,-1.2151612900854314
AMAT,2024-08-30,197.25999450683594,U2,Uptrend,Medium,0.022178458255018407,-0.9825026022974929
AMAT,2024-09-03,183.3699951171875,U2,Uptrend,High,-0.07041467999821471,-1.5750189537007686
AMAT,2024-09-04,182.3800048828125,U2,Uptrend,High,-0.0053988671033247115,-1.5574302219982032
AMAT,2024-09-05,180.24000549316406,U2,Uptrend,High,-0.011733739074212046,-1.5864293444727853
AMAT,2024-09-06,174.75,U2,Uptrend,Medium,-0.030459417031987845,-1.7476653357675254
AMAT,2024-09-09,177.5500030517578,U2,Uptrend,Medium,0.016022907306196377,-1.5620617447356213
AMAT,2024-09-10,178.0500030517578,U2,Uptrend,Medium,0.002816108090148761,-1.482554342204712
AMAT,2024-09-11,185.94000244140625,U2,Uptrend,Medium,0.04431339092622699,-1.110037433043016
AMAT,2024-09-12,183.2100067138672,U2,Uptrend,Medium,-0.014682132363633471,-1.186437582456678
AMAT,2024-09-13,188.47000122070312,U2,Uptrend,Medium,0.028710192206099716,-0.934016766747198
AMAT,2024-09-16,187.5800018310547,U2,Uptrend,Medium,-0.004722233691749289,-0.9409913977988154
AMAT,2024-09-17,188.58999633789062,U2,Uptrend,Medium,0.0053843399988107166,-0.8674501765691318
AMAT,2024-09-18,186.13999938964844,U2,Uptrend,Medium,-0.01299112888179188,-0.9421130231005737
AMAT,2024-09-19,196.7100067138672,U2,Uptrend,Medium,0.05678525496334874,-0.45963526320092807
AMAT,2024-09-20,192.16000366210938,U2,Uptrend,Medium,-0.02313051139475686,-0.6346026776398084
AMAT,2024-09-23,194.0399932861328,U2,Uptrend,Medium,0.009783459555554375,-0.5278909140118029
AMAT,2024-09-24,196.77999877929688,U2,Uptrend,Medium,0.014120828633114035,-0.38195762332861644
AMAT,2024-09-25,197.30999755859375,U2,Uptrend,Medium,0.0026933569599789653,-0.33354332128374203
AMAT,2024-09-26,209.61000061035156,U2,Uptrend,High,0.06233846842000568,0.2637255553937922
AMAT,2024-09-27,204.9199981689453,U2,Uptrend,High,-0.022374898276559807,0.07471590670260475
AMAT,2024-09-30,202.0500030517578,U2,Uptrend,High,-0.014005441844779587,-0.033174186497482584
AMAT,2024-10-01,197.1999969482422,U2,Uptrend,Medium,-0.024003989261377146,-0.24622306924700008
AMAT,2024-10-02,201.14999389648438,U2,Uptrend,Medium,0.020030410798023146,0.005425672846368928
AMAT,2024-10-03,199.58999633789062,U2,Uptrend,Medium,-0.007755394511205216,-0.03281816423894974
AMAT,2024-10-04,201.97000122070312,U2,Uptrend,Medium,0.01192446979548678,0.16054111536596735
AMAT,2024-10-07,200.1300048828125,U2,Uptrend,Medium,-0.009110245713569887,0.09535034296514089
AMAT,2024-10-08,200.8800048828125,U2,Uptrend,Medium,0.0037475639919120063,0.21971741730110209
AMAT,2024-10-09,205.05999755859375,U2,Uptrend,Medium,0.020808405884994663,0.672078761805284
AMAT,2024-10-10,203.9600067138672,U2,Uptrend,Medium,-0.005364239041367624,0.619020721942657
AMAT,2024-10-11,205.05999755859375,U2,Uptrend,Medium,0.005393169290633271,0.7554745607457384
AMAT,2024-10-14,213.88999938964844,U2,Uptrend,Medium,0.04306057708077171,1.550338061096501
AMAT,2024-10-15,191.02000427246094,U2,Uptrend,High,-0.1069240973512029,-0.5142661768984881
AMAT,2024-10-16,184.58999633789062,U2,Uptrend,High,-0.033661437497398916,-1.1136333761521626
AMAT,2024-10-17,183.24000549316406,U2,Uptrend,High,-0.007313456154229625,-1.2059698420229354
AMAT,2024-10-18,186.36000061035156,U2,Uptrend,High,0.017026822875225722,-0.8679864337594458
AMAT,2024-10-21,184.4600067138672,U2,Uptrend,High,-0.010195288099708488,-1.0216102697487255
AMAT,2024-10-22,183.0,U2,Uptrend,High,-0.007915031230221858,-1.1278126203755239
AMAT,2024-10-23,182.6999969482422,U2,Uptrend,High,-0.0016393609385673136,-1.1224873305828684
AMAT,2024-10-24,183.75,U2,Uptrend,Medium,0.005747143236435104,-0.9919472676598492
AMAT,2024-10-25,186.52000427246094,U2,Uptrend,Medium,0.015074853183460801,-0.6964795433373602
AMAT,2024-10-28,185.33999633789062,U2,Uptrend,Medium,-0.006326441708882857,-0.8246580251180442
AMAT,2024-10-29,190.1199951171875,U2,Uptrend,Medium,0.025790433116133826,-0.363751201262619
AMAT,2024-10-30,185.3000030517578,U2,Uptrend,Medium,-0.025352367921420926,-0.8576938009490264
AMAT,2024-10-31,181.5800018310547,U2,Uptrend,High,-0.020075559414125088,-1.2498268558459358
AMAT,2024-11-01,183.3800048828125,U2,Uptrend,High,0.009913002718397124,-1.0445259170498244
AMAT,2024-11-04,181.82000732421875,U2,Uptrend,High,-0.00850691196998632,-1.173398505550462
AMAT,2024-11-05,186.47999572753906,U2,Uptrend,High,0.02562967888902734,-0.6922609581286436
AMAT,2024-11-06,187.52000427246094,U2,Uptrend,High,0.0055770515269712995,-0.5674090395384883
AMAT,2024-11-07,194.08999633789062,U2,Uptrend,High,0.03503621968717363,0.10306904088560186
AMAT,2024-11-08,192.02999877929688,U2,Uptrend,High,-0.01061362047226544,-0.07334905506923377
AMAT,2024-11-11,188.55999755859375,U2,Uptrend,Medium,-0.018070099686306018,-0.4086314925861882
AMAT,2024-11-12,186.61000061035156,U2,Uptrend,Medium,-0.010341519800010857,-0.5906646313884834
AMAT,2024-11-13,182.7899932861328,U2,Uptrend,Medium,-0.02047053915505348,-0.9784582533975977
AMAT,2024-11-14,186.0,U2,Uptrend,Medium,0.017561173104494676,-0.5979177648164903
AMAT,2024-11-15,168.8800048828125,U2,Uptrend,Medium,-0.09204298450100812,-2.3900141511025472
AMAT,2024-11-18,170.72999572753906,U2,Uptrend,Medium,0.010954469393877009,-2.079280177013048
AMAT,2024-11-19,169.30999755859375,U2,Uptrend,Medium,-0.008317215512682496,-2.1056548998816917
AMAT,2024-11-20,170.49000549316406,U2,Uptrend,Medium,0.006969511260916272,-1.8863943770127585
AMAT,2024-11-21,175.75,U2,Uptrend,Medium,0.03085221618487677,-1.3120727434503996
AMAT,2024-11-22,174.8800048828125,U2,Uptrend,Medium,-0.004950185588549094,-1.3484199368301366
AMAT,2024-11-25,174.5500030517578,U2,Uptrend,Medium,-0.0018870186518797905,-1.3309817132659485
AMAT,2024-11-26,173.1999969482422,U2,Uptrend,Medium,-0.007734208421155464,-1.4223070193534773
AMAT,2024-11-27,171.32000732421875,U2,Uptrend,Medium,-0.010854443747970954,-1.5541251300860208
AMAT,2024-11-29,174.7100067138672,U2,Uptrend,Medium,0.01978752769507497,-1.219120099434049
AMAT,2024-12-02,183.27000427246094,U2,Uptrend,Medium,0.04899546236417329,-0.44585415040413223
AMAT,2024-12-03,183.16000366210938,U2,Uptrend,Medium,-0.0006002106607038149,-0.46789451905278473
AMAT,2024-12-04,181.16000366210938,U2,Uptrend,Medium,-0.01091941450104772,-0.6636127078166202
AMAT,2024-12-05,172.02999877929688,U2,Uptrend,High,-0.0503974646624612,-1.476281957203652
AMAT,2024-12-06,173.02000427246094,U2,Uptrend,Medium,0.005754842179788611,-1.3493480835633627
AMAT,2024-12-09,171.86000061035156,U2,Uptrend,Medium,-0.006704448234105209,-1.4055596977458111
AMAT,2024-12-10,168.1699981689453,U2,Uptrend,Medium,-0.021470978868273094,-1.6666036276278022
AMAT,2024-12-11,171.1300048828125,U2,Uptrend,Medium,0.017601276958411738,-1.3596151242721133
AMAT,2024-12-12,169.0800018310547,U2,Uptrend,Medium,-0.01197921459279816,-1.483043207038746
AMAT,2024-12-13,169.35000610351562,U2,Uptrend,Medium,0.0015969024694637568,-1.4060643682385003
AMAT,2024-12-16,169.41000366210938,U2,Uptrend,Medium,0.00035428140792070906,-1.3505608158678315
AMAT,2024-12-17,170.33999633789062,U2,Uptrend,Medium,0.00548959716473485,-1.2298528263896933
AMAT,2024-12-18,165.4499969482422,U1,Uptrend,Medium,-0.028707288333789327,-1.5650051140034318
AMAT,2024-12-19,161.44000244140625,U1,Uptrend,Medium,-0.024236896831677734,-1.8036154729091882
AMAT,2024-12-20,163.58999633789062,U1,Uptrend,Medium,0.01331760322082931,-1.5943649536334081
AMAT,2024-12-23,167.4600067138672,U2,Uptrend,Medium,0.02365676668873551,-1.2497206000498546
AMAT,2024-12-24,168.3699951171875,U2,Uptrend,Medium,0.005434064056113241,-1.1416796848769608
AMAT,2024-12-26,167.5500030517578,U2,Uptrend,Medium,-0.004870179302784661,-1.169629938589514
AMAT,2024-12-27,166.8300018310547,U2,Uptrend,Medium,-0.00429723191637732,-1.193340401632267
AMAT,2024-12-30,163.63999938964844,U1,Uptrend,Medium,-0.019121275588288356,-1.4119210802965274
AMAT,2024-12-31,162.6300048828125,U1,Uptrend,Medium,-0.006172051519207189,-1.454721340943997
AMAT,2025-01-02,163.8699951171875,U1,Uptrend,Medium,0.007624609218136014,-1.3133317532989883
AMAT,2025-01-03,170.05999755859375,U2,Uptrend,Medium,0.03777386114510861,-0.7640416308266798
AMAT,2025-01-06,177.47999572753906,U2,Uptrend,Medium,0.04363164927359686,-0.08414986603617308
AMAT,2025-01-07,177.82000732421875,U2,Uptrend,Medium,0.0019157741991477906,-0.014317566702477774
AMAT,2025-01-08,176.99000549316406,U2,Uptrend,Medium,-0.004667651540140483,-0.051973821859523164
AMAT,2025-01-10,171.64999389648438,U2,Uptrend,Medium,-0.030171260698028113,-0.5954910982696191
AMAT,2025-01-13,170.86000061035156,U2,Uptrend,Medium,-0.00460234963136219,-0.6611628115972605
AMAT,2025-01-14,173.64999389648438,U2,Uptrend,Medium,0.016329119022394423,-0.31259875170479007
AMAT,2025-01-15,178.3800048828125,U2,Uptrend,Medium,0.02723876275600534,0.2606574595186447
AMAT,2025-01-16,186.47999572753906,U2,Uptrend,Medium,0.045408625535400704,1.228030985192239
AMAT,2025-01-17,192.0500030517578,U2,Uptrend,Medium,0.029869194829653223,1.83831889591722
AMAT,2025-01-21,192.8699951171875,U2,Uptrend,Medium,0.004269680043736734,1.8663975431169035
AMAT,2025-01-22,195.50999450683594,U2,Uptrend,Medium,0.013687973539089793,2.0711248580781625
AMAT,2025-01-23,190.6999969482422,U2,Uptrend,Medium,-0.02460231033572846,1.5062478205007037
AMAT,2025-01-24,186.75,U2,Uptrend,Medium,-0.020713146363155133,1.0766598300943087
AMAT,2025-01-27,174.57000732421875,U2,Uptrend,Medium,-0.06522084431475905,-0.2267222277499718
AMAT,2025-01-28,172.85000610351562,U2,Uptrend,Medium,-0.009852787698568788,-0.3900180529475912
AMAT,2025-01-29,175.27999877929688,U2,Uptrend,Medium,0.014058389296937479,-0.10212230422303156
AMAT,2025-01-30,181.72000122070312,U2,Uptrend,Medium,0.03674122824199211,0.6196964036700616
AMAT,2025-01-31,180.35000610351562,U2,Uptrend,Medium,-0.00753904417777107,0.4734972638256145
AMAT,2025-02-03,178.8000030517578,U2,Uptrend,Medium,-0.00859441640865899,0.3055615385459415
AMAT,2025-02-04,178.55999755859375,U2,Uptrend,Medium,-0.0013423125786781176,0.29668554290515936
AMAT,2025-02-05,180.6699981689453,U2,Uptrend,Medium,0.011816759852156578,0.5574492798979859
AMAT,2025-02-06,182.8000030517578,U2,Uptrend,Medium,0.011789477524767111,0.8534775687336652
AMAT,2025-02-07,180.0,U2,Uptrend,Medium,-0.015317303090881418,0.5601650941824446
AMAT,2025-02-10,183.66000366210938,U2,Uptrend,Medium,0.020333353678385402,1.0356392071142797
AMAT,2025-02-11,183.1999969482422,U2,Uptrend,Medium,-0.002504664623188657,0.9938550858534676
AMAT,2025-02-12,180.88999938964844,U2,Uptrend,Medium,-0.012609157189267695,0.7089230842853842
AMAT,2025-02-13,184.27000427246094,U2,Uptrend,Medium,0.018685415966704477,1.145557327716492
AMAT,2025-02-14,169.1999969482422,U2,Uptrend,Medium,-0.081782205322665,-0.7712302707411663
AMAT,2025-02-18,172.0,U2,Uptrend,Medium,0.016548481691842643,-0.41836363663679943
AMAT,2025-02-19,174.05999755859375,U2,Uptrend,Medium,0.011976729991824087,-0.1668757380358166
AMAT,2025-02-20,176.00999450683594,U2,Uptrend,Medium,0.011203016061089865,0.07113141148177311
AMAT,2025-02-21,171.97999572753906,U2,Uptrend,Medium,-0.02289642011857662,-0.43752449075579275
AMAT,2025-02-24,168.57000732421875,U2,Uptrend,Medium,-0.01982782002578143,-0.8557397720321887
AMAT,2025-02-25,165.5399932861328,U1,Uptrend,Medium,-0.01797481109589183,-1.207214333440855
AMAT,2025-02-26,168.50999450683594,U2,Uptrend,Medium,0.017941291175296525,-0.819454646739589
AMAT,2025-02-27,156.63999938964844,U1,Uptrend,Medium,-0.07044089670720377,-2.1827009004094418
AMAT,2025-02-28,158.07000732421875,U1,Uptrend,Medium,0.009129264173534102,-1.9141931798670644
AMAT,2025-03-03,152.1300048828125,U1,Uptrend,Medium,-0.03757830180410293,-2.432761806253479
AMAT,2025-03-04,152.8699951171875,U1,Uptrend,Medium,0.00486419648079961,-2.21504179648195
AMAT,2025-03-05,155.32000732421875,U1,Uptrend,Medium,0.016026769708163524,-1.8591216085029676
AMAT,2025-03-06,151.5399932861328,U1,Uptrend,Medium,-0.024336942182828003,-2.130641901708207
AMAT,2025-03-07,155.67999267578125,U1,Uptrend,Medium,0.027319516781497022,-1.6457498659039298
AMAT,2025-03-10,149.99000549316406,U1,Uptrend,High,-0.03654925135092435,-2.085494844276227
AMAT,2025-03-11,146.99000549316406,U1,Uptrend,Medium,-0.020001332689708606,-2.235129328114793
AMAT,2025-03-12,149.05999755859375,U1,Uptrend,High,0.014082536145805902,-1.9479728953997801
AMAT,2025-03-13,149.9499969482422,U1,Uptrend,High,0.00597074603666603,-1.7913511793464798
AMAT,2025-03-14,155.66000366210938,U1,Uptrend,High,0.0380794053356206,-1.2694017787321057
AMAT,2025-03-17,155.4600067138672,U1,Uptrend,Medium,-0.001284831964133315,-1.2496661932451687
AMAT,2025-03-18,153.50999450683594,U1,Uptrend,Medium,-0.012543497509429291,-1.3651176884416159
AMAT,2025-03-19,154.4600067138672,U1,Uptrend,Medium,0.006188601661300641,-1.2572522608824503
AMAT,2025-03-20,154.3800048828125,U1,Uptrend,Medium,-0.0005179452775946336,-1.2426394113194916
AMAT,2025-03-21,152.1199951171875,U1,Uptrend,Medium,-0.014639264763209092,-1.3867534797551653
AMAT,2025-03-24,154.9499969482422,U1,Uptrend,Medium,0.018603746528354614,-1.1361156268505552
AMAT,2025-03-25,153.63999938964844,U1,Uptrend,Medium,-0.008454324520131062,-1.20341894691464
AMAT,2025-03-26,150.67999267578125,U1,Uptrend,Medium,-0.019265859968928267,-1.385217663205318
AMAT,2025-03-27,147.67999267578125,U1,Uptrend,Medium,-0.019909743468431884,-1.5540401580310275
AMAT,2025-03-28,145.05999755859375,U1,Uptrend,Medium,-0.017741029571551215,-1.6837622181316974
AMAT,2025-03-31,145.1199951171875,U1,Uptrend,Medium,0.00041360512617893974,-1.6228166128844035
AMAT,2025-04-01,145.66000366210938,U1,Uptrend,Medium,0.0037211174413684933,-1.532632936880253
AMAT,2025-04-02,147.75,U1,Uptrend,Medium,0.014348457265858983,-1.3416075965134417
AMAT,2025-04-03,135.50999450683594,U1,Uptrend,Medium,-0.08284267677268398,-2.055491846318907
AMAT,2025-04-04,126.94999694824219,D1,Downtrend,Medium,-0.06316875437672553,-2.4385760530703657
AMAT,2025-04-07,132.85000610351562,U1,Uptrend,Medium,0.04647506338798002,-1.9632551154902256
AMAT,2025-04-08,128.9600067138672,D1,Downtrend,Medium,-0.02928113820798306,-2.0771649281110767
AMAT,2025-04-09,149.72999572753906,U1,Uptrend,High,0.16105759873102166,-0.8381906436823786
AMAT,2025-04-10,138.24000549316406,U1,Uptrend,High,-0.07673806559964857,-1.4492479526877113
AMAT,2025-04-11,144.94000244140625,U1,Uptrend,High,0.048466411183508695,-1.030573270938609
AMAT,2025-04-14,144.52999877929688,U1,Uptrend,High,-0.0028287819456545016,-1.0208641954667903
AMAT,2025-04-15,145.4499969482422,U1,Uptrend,High,0.0063654478427706,-0.9402966620486188
AMAT,2025-04-16,138.19000244140625,U1,Uptrend,High,-0.04991402309495663,-1.3309413243110628
AMAT,2025-04-17,137.4600067138672,U1,Uptrend,High,-0.005282550941762887,-1.3469230222852733
AMAT,2025-04-21,135.55999755859375,U1,Uptrend,High,-0.013822268750709688,-1.426086504444689
AMAT,2025-04-22,138.3000030517578,U1,Uptrend,High,0.02021249293678795,-1.2237751780872004
AMAT,2025-04-23,143.5800018310547,U1,Uptrend,High,0.03817786451762317,-0.8645422758502624
AMAT,2025-04-24,150.1699981689453,U1,Uptrend,High,0.04589773125678631,-0.43120693020970186
AMAT,2025-04-25,151.5500030517578,U1,Uptrend,High,0.009189617764128633,-0.32276465367629636
AMAT,2025-04-28,150.7899932861328,U1,Uptrend,High,-0.005014910922604421,-0.34568215148045
AMAT,2025-04-29,149.5500030517578,U1,Uptrend,High,-0.008223292589595421,-0.40110902660014147
AMAT,2025-04-30,150.7100067138672,U1,Uptrend,High,0.007756627472002897,-0.2989432032151941
AMAT,2025-05-01,148.9600067138672,U1,Uptrend,High,-0.01161170408095391,-0.3922049953633431
AMAT,2025-05-02,155.10000610351562,U1,Uptrend,High,0.04121911327140704,0.06392234396517885
AMAT,2025-05-05,154.61000061035156,U1,Uptrend,High,-0.0031592873880161854,0.06484409961771803
AMAT,2025-05-06,153.02999877929688,U1,Uptrend,High,-0.01021927317002358,-0.019334172059196825
AMAT,2025-05-07,155.80999755859375,U1,Uptrend,High,0.018166364774701682,0.23988112405638984
AMAT,2025-05-08,156.0,U1,Uptrend,High,0.0012194496141673117,0.3073874847641456
AMAT,2025-05-09,155.61000061035156,U1,Uptrend,Medium,-0.002499996087489964,0.326564940794237
AMAT,2025-05-12,167.99000549316406,U2,Uptrend,Medium,0.07955790009802843,1.5377947706748984
AMAT,2025-05-13,173.02999877929688,U2,Uptrend,Medium,0.03000174487367291,1.9846792923940624
AMAT,2025-05-14,174.13999938964844,U2,Uptrend,Medium,0.006415076103464479,2.070950936748712
AMAT,2025-05-15,174.75,U2,Uptrend,Medium,0.003502932195300179,2.121557075212379
AMAT,2025-05-16,165.57000732421875,U2,Uptrend,Medium,-0.05253214692864805,1.328475763668009
AMAT,2025-05-19,165.94000244140625,U2,Uptrend,Medium,0.002234674764874489,1.395968322709926
AMAT,2025-05-20,165.72999572753906,U2,Uptrend,Medium,-0.0012655580979717973,1.3900752062808222
AMAT,2025-05-21,162.22999572753906,U1,Uptrend,Medium,-0.021118687565490624,1.0615237867598644
AMAT,2025-05-22,160.52000427246094,U1,Uptrend,Medium,-0.01054053812557576,0.9228495939346709
AMAT,2025-05-23,157.50999450683594,U1,Uptrend,Medium,-0.0187516177766599,0.6204598210726179
AMAT,2025-05-27,161.8300018310547,U1,Uptrend,Medium,0.027426877499073576,1.0393344226844894
AMAT,2025-05-28,161.58999633789062,U1,Uptrend,Medium,-0.0014830716829294932,0.9914380388245663
AMAT,2025-05-29,159.47999572753906,U1,Uptrend,Medium,-0.013057742794544525,0.7692710665673255
AMAT,2025-05-30,156.75,U1,Uptrend,Medium,-0.01711810760393473,0.4992904768975156
AMAT,2025-06-02,157.27000427246094,U1,Uptrend,Medium,0.003317411626545086,0.5394296809355472
AMAT,2025-06-03,161.74000549316406,U1,Uptrend,Medium,0.028422465182611045,0.958980862675134
AMAT,2025-06-04,161.92999267578125,U1,Uptrend,Medium,0.00117464558034297,0.9508755900672838
AMAT,2025-06-05,164.19000244140625,U1,Uptrend,Medium,0.013956708873259949,1.1302307493876922
AMAT,2025-06-06,166.74000549316406,U2,Uptrend,Medium,0.015530805858096075,1.3256371553988229
AMAT,2025-06-09,169.7899932861328,U2,Uptrend,Medium,0.0182918777287302,1.5487351549387451
AMAT,2025-06-10,173.77000427246094,U2,Uptrend,Medium,0.02344078652280146,1.8325583698403098
AMAT,2025-06-11,172.7899932861328,U2,Uptrend,Medium,-0.005639701687476073,1.6775797190440667
AMAT,2025-06-12,175.0,U2,Uptrend,Medium,0.012790131371829494,1.787604426108861
AMAT,2025-06-13,170.58999633789062,U2,Uptrend,Medium,-0.025200020926339328,1.3686194363561008
AMAT,2025-06-16,176.5500030517578,U2,Uptrend,Medium,0.034937609718110885,1.7835254934863016
AMAT,2025-06-17,174.08999633789062,U2,Uptrend,Medium,-0.013933767608862668,1.5236296056978178
AMAT,2025-06-18,172.83999633789062,U2,Uptrend,Medium,-0.007180194303490484,1.377590468163995
AMAT,2025-06-20,169.4600067138672,U2,Uptrend,Medium,-0.019555598794481432,1.0820715867692612
AMAT,2025-06-23,171.9600067138672,U2,Uptrend,Medium,0.014752743425894277,1.23294280111933
AMAT,2025-06-24,180.17999267578125,U2,Uptrend,Medium,0.047801730873340276,1.7752957211376
AMAT,2025-06-25,183.07000732421875,U2,Uptrend,Medium,0.016039597990426424,1.8940537841474743
AMAT,2025-06-26,183.52000427246094,U2,Uptrend,Medium,0.002458059377499433,1.836589835866415
AMAT,2025-06-27,183.2100067138672,U2,Uptrend,Medium,-0.0016891758466478501,1.7345073521292729
AMAT,2025-06-30,183.07000732421875,U2,Uptrend,Medium,-0.0007641470690358254,1.6514139928638814
AMAT,2025-07-01,183.75999450683594,U2,Uptrend,Medium,0.003768979925778959,1.6412373856855185
AMAT,2025-07-02,190.00999450683594,U2,Uptrend,Medium,0.034011755479060435,2.012209021889723
AMAT,2025-07-03,191.0500030517578,U2,Uptrend,Medium,0.005473441266188095,2.0099197171052845
AMAT,2025-07-07,190.77999877929688,U2,Uptrend,Medium,-0.0014132649471237935,1.9431865039765575
AMAT,2025-07-08,194.99000549316406,U2,Uptrend,Medium,0.022067337985139268,2.1115583695668114
AMAT,2025-07-09,195.38999938964844,U2,Uptrend,Medium,0.002051355891153017,2.049084087018791
AMAT,2025-07-10,198.02999877929688,U2,Uptrend,Medium,0.01351143557958534,2.1107782430526667
AMAT,2025-07-11,197.92999267578125,U2,Uptrend,Medium,-0.0005050048181188815,2.0059242184131767
AMAT,2025-07-14,197.10000610351562,U2,Uptrend,Medium,-0.0041933340220204895,1.8688903828541203
AMAT,2025-07-15,199.2899932861328,U2,Uptrend,Medium,0.011111045737193015,1.9326136694998837
AMAT,2025-07-16,194.80999755859375,U2,Uptrend,Medium,-0.022479782620629885,1.6106774495392466
AMAT,2025-07-17,192.52000427246094,U2,Uptrend,Medium,-0.011755009059245203,1.4382208241266161
AMAT,2025-07-18,190.44000244140625,U2,Uptrend,Medium,-0.010804081575393032,1.2781696386385233
AMAT,2025-07-21,192.61000061035156,U2,Uptrend,Medium,0.011394655225406058,1.3818774095152635
AMAT,2025-07-22,187.13999938964844,U2,Uptrend,Medium,-0.028399362459734845,0.9894538609875824
AMAT,2025-07-23,187.00999450683594,U2,Uptrend,Medium,-0.0006946931881827156,0.9498202785769084
AMAT,2025-07-24,188.1199951171875,U2,Uptrend,Medium,0.005935514908059991,0.9931720985964599
AMAT,2025-07-25,185.69000244140625,U2,Uptrend,Medium,-0.012917248239707413,0.8014409618069026
AMAT,2025-07-28,190.27000427246094,U2,Uptrend,Medium,0.024664773390263184,1.08602610902859
AMAT,2025-07-29,188.41000366210938,U2,Uptrend,Medium,-0.009775585055898262,0.9295399362311666
AMAT,2025-07-30,189.38999938964844,U2,Uptrend,Medium,0.005201399652305927,0.9687026791911677
AMAT,2025-07-31,180.05999755859375,U2,Uptrend,Medium,-0.04926343450616555,0.269671790736816
AMAT,2025-08-01,179.99000549316406,U2,Uptrend,Medium,-0.00038871524146788516,0.2374341293189152
AMAT,2025-08-04,182.82000732421875,U2,Uptrend,Medium,0.01572310542077382,0.4261656553244598
AMAT,2025-08-05,179.14999389648438,U2,Uptrend,Medium,-0.020074462754100297,0.11571776503595183
AMAT,2025-08-06,178.13999938964844,U2,Uptrend,Medium,-0.005637703272373673,0.006335979243946158
AMAT,2025-08-07,183.14999389648438,U2,Uptrend,Medium,0.028123916717196717,0.3945359042382175
AMAT,2025-08-08,184.8699951171875,U2,Uptrend,Medium,0.00939121636921958,0.5184056052359759
AMAT,2025-08-11,184.3800048828125,U2,Uptrend,Medium,-0.0026504584157337474,0.4641834777728225
AMAT,2025-08-12,188.4499969482422,U2,Uptrend,Medium,0.022073934036483278,0.7738414774710299
AMAT,2025-08-13,190.02999877929688,U2,Uptrend,Medium,0.008384196639114938,0.8720800734963581
AMAT,2025-08-14,188.24000549316406,U2,Uptrend,Medium,-0.009419530061733683,0.7003345270273236
AMAT,2025-08-15,161.75999450683594,U1,Uptrend,High,-0.14067153747129346,-1.452917932485388
AMAT,2025-08-18,163.52999877929688,U1,Uptrend,High,0.010942163282443351,-1.31393582533455
AMAT,2025-08-19,162.22000122070312,U1,Uptrend,High,-0.008010747681602703,-1.4280623593679842
AMAT,2025-08-20,160.9600067138672,U1,Uptrend,High,-0.007767195767195756,-1.5483120499240561
AMAT,2025-08-21,159.83999633789062,U1,Uptrend,High,-0.006958314669851862,-1.630906065551627
AMAT,2025-08-22,162.49000549316406,U1,Uptrend,High,0.016579136736661892,-1.4170804704216005
AMAT,2025-08-25,161.99000549316406,U1,Uptrend,High,-0.0030771123336631456,-1.4697241561768963
AMAT,2025-08-26,164.50999450683594,U1,Uptrend,High,0.015556447485756797,-1.294504083126463
AMAT,2025-08-27,164.38999938964844,U1,Uptrend,High,-0.000729409283291349,-1.3366372789801184
AMAT,2025-08-28,165.27000427246094,U1,Uptrend,High,0.005353153391810972,-1.2756162737525567
AMAT,2025-08-29,160.75999450683594,U1,Uptrend,High,-0.02728873751458183,-1.658291037929019
AMAT,2025-09-02,157.57000732421875,U1,Uptrend,High,-0.019843165536320928,-1.8933514076768327
AMAT,2025-09-03,156.25,U1,Uptrend,High,-0.008377275260911032,-1.9453330704903151
AMAT,2025-09-04,158.24000549316406,U1,Uptrend,High,0.012736035156249992,-1.728831865607022
AMAT,2025-09-05,162.75,U1,Uptrend,High,0.028500975418828345,-1.3301282528444334
AMAT,2025-09-08,162.0500030517578,U1,Uptrend,High,-0.004301056517617141,-1.3532181449683494
AMAT,2025-09-09,163.5,U1,Uptrend,High,0.008947836599417114,-1.2093248870560946
AMAT,2025-09-10,163.4199981689453,U1,Uptrend,High,-0.0004893078351968505,-1.1957391553581393
AMAT,2025-09-11,170.14999389648438,U2,Uptrend,High,0.04118220415460727,-0.6649851905260346
AMAT,2025-09-12,167.8000030517578,U2,Uptrend,High,-0.013811289621063705,-0.8338000505770156
