ticker,date,price,sax_symbol,trend,volatility,daily_return,zscore
AVGO,2020-01-03,31.41900062561035,D2,Downtrend,Unknown,-0.02543496472715312,0.0
AVGO,2020-01-06,31.371999740600586,D2,Downtrend,Unknown,-0.001495938256274587,0.0
AVGO,2020-01-07,31.263999938964844,D2,Downtrend,Unknown,-0.0034425539502976887,0.0
AVGO,2020-01-08,30.874000549316406,D2,Downtrend,Unknown,-0.012474391965513476,0.0
AVGO,2020-01-09,30.625999450683594,D2,Downtrend,Unknown,-0.008032684272213708,0.0
AVGO,2020-01-10,29.922000885009766,D2,Downtrend,Unknown,-0.022986958084664666,0.0
AVGO,2020-01-13,30.118000030517578,D2,Downtrend,Unknown,0.0065503355293998755,0.0
AVGO,2020-01-14,30.81800079345703,D2,Downtrend,Unknown,0.02324194044193395,0.0
AVGO,2020-01-15,30.31399917602539,D2,Downtrend,Unknown,-0.016354130847405446,0.0
AVGO,2020-01-16,30.704999923706055,D2,Downtrend,Unknown,0.012898355819376484,0.0
AVGO,2020-01-17,30.878999710083008,D2,Downtrend,Unknown,0.00566682256340334,0.0
AVGO,2020-01-21,30.80699920654297,D2,Downtrend,Unknown,-0.0023316980542128496,0.0
AVGO,2020-01-22,31.297000885009766,D2,Downtrend,Unknown,0.015905530921126676,0.0
AVGO,2020-01-23,31.96500015258789,D2,Downtrend,Unknown,0.021343874770380244,0.0
AVGO,2020-01-24,32.400001525878906,D2,Downtrend,Unknown,0.013608677341295117,0.0
AVGO,2020-01-27,30.902999877929688,D2,Downtrend,Unknown,-0.04620375239036689,0.0
AVGO,2020-01-28,31.83099937438965,D2,Downtrend,Unknown,0.030029430803665047,0.0
AVGO,2020-01-29,31.750999450683594,D2,Downtrend,Unknown,-0.0025132708767674483,0.0
AVGO,2020-01-30,31.520000457763672,D2,Downtrend,Unknown,-0.00727532981375012,0.0
AVGO,2020-01-31,30.516000747680664,D2,Downtrend,Medium,-0.031852782217701825,0.0
AVGO,2020-02-03,30.523000717163086,D2,Downtrend,Medium,0.00022938685643314471,0.0
AVGO,2020-02-04,31.15999984741211,D2,Downtrend,Medium,0.020869479254405077,0.0
AVGO,2020-02-05,31.738000869750977,D2,Downtrend,Medium,0.018549455236498424,0.0
AVGO,2020-02-06,31.9689998626709,D2,Downtrend,Medium,0.007278309489873402,0.0
AVGO,2020-02-07,31.523000717163086,D2,Downtrend,Medium,-0.0139509883769805,0.0
AVGO,2020-02-10,31.420000076293945,D2,Downtrend,Medium,-0.003267475764547445,0.0
AVGO,2020-02-11,32.01599884033203,D2,Downtrend,Medium,0.01896877029251698,0.0
AVGO,2020-02-12,32.470001220703125,D2,Downtrend,Medium,0.014180484658163017,0.0
AVGO,2020-02-13,32.39699935913086,D2,Downtrend,Medium,-0.002248286382130482,0.0
AVGO,2020-02-14,31.777000427246094,D2,Downtrend,Medium,-0.019137541875773212,0.0
AVGO,2020-02-18,31.075000762939453,D2,Downtrend,Medium,-0.022091438929671137,0.0
AVGO,2020-02-19,31.569000244140625,D2,Downtrend,Medium,0.01589700624530077,0.0
AVGO,2020-02-20,30.923999786376953,D2,Downtrend,Medium,-0.020431450244718707,0.0
AVGO,2020-02-21,30.450000762939453,D2,Downtrend,Medium,-0.01532786918613005,0.0
AVGO,2020-02-24,29.15999984741211,D2,Downtrend,Medium,-0.042364561024819336,0.0
AVGO,2020-02-25,28.26799964904785,D2,Downtrend,Medium,-0.0305898560710528,0.0
AVGO,2020-02-26,28.58799934387207,D2,Downtrend,Medium,0.011320210089043048,0.0
AVGO,2020-02-27,27.395000457763672,D2,Downtrend,Medium,-0.041730758132402235,0.0
AVGO,2020-02-28,27.261999130249023,D2,Downtrend,Medium,-0.0048549489064511064,0.0
AVGO,2020-03-02,28.496999740600586,D2,Downtrend,Medium,0.04530117561999503,0.0
AVGO,2020-03-03,27.424999237060547,D2,Downtrend,Medium,-0.037618012889010455,0.0
AVGO,2020-03-04,28.545000076293945,D2,Downtrend,Medium,0.04083868260312995,0.0
AVGO,2020-03-05,27.40399932861328,D2,Downtrend,Medium,-0.039972000162236565,0.0
AVGO,2020-03-06,26.94499969482422,D2,Downtrend,Medium,-0.016749366699546187,0.0
AVGO,2020-03-09,24.77199935913086,D2,Downtrend,High,-0.08064577325308953,0.0
AVGO,2020-03-10,26.290000915527344,D2,Downtrend,High,0.06127892764686971,0.0
AVGO,2020-03-11,24.597000122070312,D2,Downtrend,High,-0.06439713710535155,0.0
AVGO,2020-03-12,21.878000259399414,D2,Downtrend,High,-0.11054192987669276,0.0
AVGO,2020-03-13,23.422000885009766,D2,Downtrend,High,0.0705732062941633,0.0
AVGO,2020-03-16,18.757999420166016,D2,Downtrend,High,-0.19912907901172272,0.0
AVGO,2020-03-17,19.951000213623047,D2,Downtrend,High,0.06359957513243564,0.0
AVGO,2020-03-18,16.78700065612793,D2,Downtrend,High,-0.15858851805007046,0.0
AVGO,2020-03-19,19.44499969482422,D2,Downtrend,High,0.15833674479103643,0.0
AVGO,2020-03-20,19.222000122070312,D2,Downtrend,High,-0.011468221972421144,0.0
AVGO,2020-03-23,19.347000122070312,D2,Downtrend,High,0.006502965310903219,0.0
AVGO,2020-03-24,21.275999069213867,D2,Downtrend,High,0.0997053256304592,0.0
AVGO,2020-03-25,21.7549991607666,D2,Downtrend,High,0.022513635669680232,0.0
AVGO,2020-03-26,24.316999435424805,D2,Downtrend,High,0.11776604796558976,0.0
AVGO,2020-03-27,23.069000244140625,D2,Downtrend,High,-0.051322088261683496,-1.2173576224380134
AVGO,2020-03-30,24.01099967956543,D2,Downtrend,High,0.04083399477461391,-0.9660771507119101
AVGO,2020-03-31,23.709999084472656,D2,Downtrend,High,-0.012535945987660835,-1.0022105682002065
AVGO,2020-04-01,22.363000869750977,D2,Downtrend,High,-0.05681139885002395,-1.2672282670649768
AVGO,2020-04-02,23.70599937438965,D2,Downtrend,High,0.06005448519457257,-0.9288230430316541
AVGO,2020-04-03,23.426000595092773,D2,Downtrend,High,-0.011811304593189464,-0.9608680731656706
AVGO,2020-04-06,25.243999481201172,D2,Downtrend,High,0.07760602919515125,-0.527687007419025
AVGO,2020-04-07,25.32699966430664,D2,Downtrend,High,0.003287917319412026,-0.49152935739644193
AVGO,2020-04-08,26.110000610351562,D2,Downtrend,High,0.030915661405737094,-0.29851608611310976
AVGO,2020-04-09,25.43000030517578,D2,Downtrend,High,-0.026043672511680827,-0.4349330045260169
AVGO,2020-04-13,25.992000579833984,D2,Downtrend,High,0.022099892564445556,-0.2905078123153722
AVGO,2020-04-14,26.76300048828125,D2,Downtrend,High,0.029662969038460663,-0.09852999791450785
AVGO,2020-04-15,25.743999481201172,D2,Downtrend,High,-0.03807499116275359,-0.3161672794237983
AVGO,2020-04-16,25.82900047302246,D2,Downtrend,High,0.003301778804158273,-0.27870312003232683
AVGO,2020-04-17,26.58799934387207,D2,Downtrend,High,0.029385530099871993,-0.08351006469205018
AVGO,2020-04-20,25.827999114990234,D2,Downtrend,High,-0.02858433306893393,-0.24152644517837446
AVGO,2020-04-21,24.764999389648438,D2,Downtrend,High,-0.041156874777994124,-0.47125758407747537
AVGO,2020-04-22,25.996999740600586,D2,Downtrend,High,0.04974764309774682,-0.15467769222040753
AVGO,2020-04-23,25.89299964904785,D2,Downtrend,High,-0.004000465153304322,-0.15808405293097522
AVGO,2020-04-24,26.481000900268555,D2,Downtrend,High,0.022708888857623233,0.009339471434933563
AVGO,2020-04-27,26.844999313354492,D2,Downtrend,High,0.013745644073530627,0.1220405848379795
AVGO,2020-04-28,26.472999572753906,D2,Downtrend,High,-0.013857319803153412,0.044879485121177794
AVGO,2020-04-29,27.601999282836914,D2,Downtrend,High,0.04264721521187109,0.35101685224193163
AVGO,2020-04-30,27.16200065612793,D2,Downtrend,High,-0.01594082451058454,0.25757976406138816
AVGO,2020-05-01,25.969999313354492,D2,Downtrend,High,-0.04388488748911479,-0.03139049330000716
AVGO,2020-05-04,26.22599983215332,D2,Downtrend,High,0.009857548154311502,0.06431072636939839
AVGO,2020-05-05,26.48699951171875,D2,Downtrend,Medium,0.00995194391961518,0.16205338023872112
AVGO,2020-05-06,26.417999267578125,D2,Downtrend,Medium,-0.002605060800114245,0.1695365958432866
AVGO,2020-05-07,26.774999618530273,D2,Downtrend,Medium,0.01351352717275156,0.30444440083287716
AVGO,2020-05-08,27.503000259399414,D2,Downtrend,Medium,0.02718956680639173,0.559845040004486
AVGO,2020-05-11,27.540000915527344,D2,Downtrend,Medium,0.0013453316285114703,0.6161507218159973
AVGO,2020-05-12,26.844999313354492,D2,Downtrend,Medium,-0.025236077671333734,0.4379911337530254
AVGO,2020-05-13,26.315000534057617,D2,Downtrend,Medium,-0.019742923928227407,0.3005796215401633
AVGO,2020-05-14,26.65999984741211,D2,Downtrend,Medium,0.013110366952415076,0.4586570894545875
AVGO,2020-05-15,26.041000366210938,D2,Downtrend,Medium,-0.023218285249212323,0.2823239306567395
AVGO,2020-05-18,27.35300064086914,D2,Downtrend,Medium,0.05038209962012696,0.7874707964333104
AVGO,2020-05-19,27.19499969482422,D2,Downtrend,Medium,-0.005776366114979226,0.7518072774691691
AVGO,2020-05-20,27.868000030517578,D2,Downtrend,Medium,0.024747208797411657,1.00610118775739
AVGO,2020-05-21,27.479999542236328,D2,Downtrend,Medium,-0.013922796320380404,0.8755113735026151
AVGO,2020-05-22,27.665000915527344,D2,Downtrend,Medium,0.00673221893641851,0.9415710755888513
AVGO,2020-05-26,28.20199966430664,D2,Downtrend,Medium,0.019410762010056537,1.1297666915328142
AVGO,2020-05-27,28.759000778198242,D2,Downtrend,Medium,0.01975041204601391,1.3321114025796672
AVGO,2020-05-28,28.31399917602539,D2,Downtrend,Medium,-0.015473472308891956,1.1553322740561376
AVGO,2020-05-29,29.12700080871582,D2,Downtrend,Medium,0.028713769031215808,1.4442373371625619
AVGO,2020-06-01,28.999000549316406,D2,Downtrend,Medium,-0.004394556797660765,1.3726765849496894
AVGO,2020-06-02,29.805999755859375,D2,Downtrend,Medium,0.027828517923249363,1.6160538469419006
AVGO,2020-06-03,30.952999114990234,D2,Downtrend,Medium,0.038482163608867914,1.9234408858868524
AVGO,2020-06-04,30.888999938964844,D2,Downtrend,Medium,-0.002067624393605083,1.8221752206842234
AVGO,2020-06-05,31.70800018310547,D2,Downtrend,Medium,0.026514301070249324,1.986678148075604
AVGO,2020-06-08,31.75200080871582,D2,Downtrend,Medium,0.0013876821419283036,1.908991856822754
AVGO,2020-06-09,31.531999588012695,D2,Downtrend,Medium,-0.006928735673335407,1.756167345357451
AVGO,2020-06-10,31.503999710083008,D2,Downtrend,Medium,-0.0008879829473400491,1.7115897972323604
AVGO,2020-06-11,29.375,D2,Downtrend,Medium,-0.06757871158186979,1.0154658389185327
AVGO,2020-06-12,30.024999618530273,D2,Downtrend,Medium,0.022127646588264716,1.2424562434693944
AVGO,2020-06-15,30.409000396728516,D2,Downtrend,Medium,0.012789368295653691,1.3627196243560318
AVGO,2020-06-16,31.07200050354004,D2,Downtrend,Medium,0.021802758991145588,1.5983875069094087
AVGO,2020-06-17,31.3439998626709,D2,Downtrend,Medium,0.008753841230785042,1.7054520860513147
AVGO,2020-06-18,31.871000289916992,D2,Downtrend,Medium,0.016813438921486457,1.8728682788156588
AVGO,2020-06-19,30.277000427246094,D2,Downtrend,Medium,-0.05001411465504557,1.2119259205922908
AVGO,2020-06-22,31.354000091552734,D2,Downtrend,Medium,0.03557154437721155,1.5952589284178784
AVGO,2020-06-23,31.1299991607666,D2,Downtrend,Medium,-0.007144253687952351,1.4628929051337927
AVGO,2020-06-24,30.69700050354004,D2,Downtrend,Medium,-0.01390936938322418,1.2445817901388547
AVGO,2020-06-25,30.885000228881836,D2,Downtrend,Medium,0.006124367927091701,1.2860669315821756
AVGO,2020-06-26,30.740999221801758,D2,Downtrend,Medium,-0.0046624900765069865,1.2084021034625487
AVGO,2020-06-29,30.97800064086914,D2,Downtrend,Medium,0.007709619890927222,1.279803671393102
AVGO,2020-06-30,31.56100082397461,D2,Downtrend,Medium,0.018819813126878193,1.5057139437372158
AVGO,2020-07-01,31.273000717163086,D2,Downtrend,Medium,-0.009125189293514135,1.3307617649638679
AVGO,2020-07-02,31.547000885009766,D2,Downtrend,Medium,0.008761556664317993,1.4060262680320763
AVGO,2020-07-06,31.878999710083008,D2,Downtrend,Medium,0.010523942554266696,1.497222501083095
AVGO,2020-07-07,31.312000274658203,D2,Downtrend,Medium,-0.017785985776883395,1.2050211774580426
AVGO,2020-07-08,31.957000732421875,D2,Downtrend,Medium,0.020599145762198123,1.441085398205895
AVGO,2020-07-09,32.150001525878906,D2,Downtrend,Medium,0.006039390087732022,1.4689336736803371
AVGO,2020-07-10,31.944000244140625,D2,Downtrend,Medium,-0.0064075045711106116,1.3332938675622437
AVGO,2020-07-13,31.131000518798828,D2,Downtrend,Medium,-0.025450780087910907,0.9440243991559711
AVGO,2020-07-14,31.507999420166016,D2,Downtrend,Medium,0.012110079826683773,1.0751542830792624
AVGO,2020-07-15,31.378000259399414,D2,Downtrend,Medium,-0.004125909710516185,0.9860604603023809
AVGO,2020-07-16,31.134000778198242,D2,Downtrend,Medium,-0.007776132296005045,0.853056136230133
AVGO,2020-07-17,31.270999908447266,D2,Downtrend,Medium,0.00440030599424146,0.8876449858535588
AVGO,2020-07-20,31.71299934387207,D2,Downtrend,Medium,0.01413448360202274,1.0636215956432447
AVGO,2020-07-21,31.43400001525879,D2,Downtrend,Medium,-0.0087976329702536,0.9015104576432577
AVGO,2020-07-22,31.3799991607666,D2,Downtrend,Medium,-0.0017179122754333864,0.846560151504617
AVGO,2020-07-23,30.966999053955078,D2,Downtrend,Medium,-0.013161252959110414,0.6210183840481233
AVGO,2020-07-24,30.57900047302246,D2,Downtrend,Medium,-0.012529421409436248,0.4087515191699808
AVGO,2020-07-27,31.26799964904785,D2,Downtrend,Medium,0.022531775576943414,0.7239031570828678
AVGO,2020-07-28,30.735000610351562,D2,Downtrend,Medium,-0.0170461508468297,0.4303273483711816
AVGO,2020-07-29,30.885000228881836,D2,Downtrend,Medium,0.004880416969302193,0.4821024003051158
AVGO,2020-07-30,31.209999084472656,D2,Downtrend,Medium,0.01052287042843858,0.6304762084612991
AVGO,2020-07-31,31.674999237060547,D2,Downtrend,Medium,0.014899076136764,0.8620436686575966
AVGO,2020-08-03,32.12300109863281,D2,Downtrend,Medium,0.014143705520538452,1.0881167030792056
AVGO,2020-08-04,32.8390007019043,D2,Downtrend,Medium,0.02228931229286535,1.454591581738656
AVGO,2020-08-05,32.95399856567383,D2,Downtrend,Medium,0.0035018685499423885,1.4745243797310772
AVGO,2020-08-06,32.91600036621094,D2,Downtrend,Medium,-0.0011530679467368632,1.4229091354749062
AVGO,2020-08-07,32.59299850463867,D2,Downtrend,Medium,-0.009812913415319868,1.2213759108933688
AVGO,2020-08-10,32.736000061035156,D2,Downtrend,Medium,0.004387493110709961,1.2981986862860446
AVGO,2020-08-11,32.40299987792969,D2,Downtrend,Medium,-0.010172292964461205,1.0941828554335267
AVGO,2020-08-12,33.36399841308594,D2,Downtrend,Medium,0.029657702644093842,1.7375237286063465
AVGO,2020-08-13,32.94200134277344,D2,Downtrend,Medium,-0.012648276297333227,1.434199026774783
AVGO,2020-08-14,32.78200149536133,D2,Downtrend,Medium,-0.004857016601609976,1.298884628914662
AVGO,2020-08-17,33.03200149536133,D2,Downtrend,Medium,0.00762613594643935,1.4990136132684535
AVGO,2020-08-18,32.86399841308594,D2,Downtrend,Medium,-0.0050860703157507015,1.3722608295392766
AVGO,2020-08-19,32.92100143432617,D2,Downtrend,Medium,0.0017345126580075032,1.4206107527146796
AVGO,2020-08-20,32.882999420166016,D2,Downtrend,Medium,-0.001154339555434425,1.3700836625176083
AVGO,2020-08-21,33.00199890136719,D2,Downtrend,Medium,0.0036188755070862832,1.4978759502032954
AVGO,2020-08-24,33.400001525878906,D2,Downtrend,Medium,0.012059955086394236,1.865264791561834
AVGO,2020-08-25,33.61399841308594,D2,Downtrend,Medium,0.0064070921386403246,2.0600047516462205
AVGO,2020-08-26,33.96699905395508,D2,Downtrend,Medium,0.010501596285305892,2.3241629229349092
AVGO,2020-08-27,33.91400146484375,D2,Downtrend,Medium,-0.0015602670411697384,2.140512310053994
AVGO,2020-08-28,34.481998443603516,D2,Downtrend,Medium,0.01674815575356292,2.5180197025579787
AVGO,2020-08-31,34.71500015258789,D2,Downtrend,Medium,0.0067571985239038845,2.5385974760781638
AVGO,2020-09-01,35.95399856567383,D2,Downtrend,Medium,0.0356905777802099,3.2464831320524787
AVGO,2020-09-02,37.500999450683594,D2,Downtrend,Medium,0.043027227755600084,3.827542109636683
AVGO,2020-09-03,35.20899963378906,D2,Downtrend,Medium,-0.061118366189377715,2.0917148967714527
AVGO,2020-09-04,36.29499816894531,D2,Downtrend,Medium,0.030844345095054848,2.656493559871496
AVGO,2020-09-08,35.05400085449219,D2,Downtrend,Medium,-0.034191965203484886,1.7728037700602737
AVGO,2020-09-09,36.00299835205078,D2,Downtrend,Medium,0.027072444640423354,2.2531681426174406
AVGO,2020-09-10,35.70800018310547,D2,Downtrend,Medium,-0.008193711147630234,1.963354268903774
AVGO,2020-09-11,35.970001220703125,D2,Downtrend,Medium,0.007337320383503876,2.010937009738637
AVGO,2020-09-14,36.220001220703125,D2,Downtrend,Medium,0.0069502360721664935,2.041374065706518
AVGO,2020-09-15,36.691001892089844,D2,Downtrend,Medium,0.013003883365898306,2.1885208850666733
AVGO,2020-09-16,36.70399856567383,D2,Downtrend,Medium,0.00035421964279436224,2.0757208217661134
AVGO,2020-09-17,36.59199905395508,D2,Downtrend,Medium,-0.0030514253513374,1.9173394829304933
AVGO,2020-09-18,35.972999572753906,D2,Downtrend,Medium,-0.01691625210987935,1.533997938908087
AVGO,2020-09-21,35.17900085449219,D2,Downtrend,Medium,-0.022072074269366637,1.0857053971592547
AVGO,2020-09-22,36.159000396728516,D2,Downtrend,Medium,0.02785751495017763,1.5349645925642588
AVGO,2020-09-23,35.159000396728516,D2,Downtrend,Medium,-0.027655631766039468,0.9872675460014035
AVGO,2020-09-24,35.25199890136719,D2,Downtrend,Medium,0.0026450838644243024,1.001332675055824
AVGO,2020-09-25,35.68000030517578,D2,Downtrend,Medium,0.012141195312246333,1.1807248627086695
AVGO,2020-09-28,36.72999954223633,D2,Downtrend,Medium,0.029428229486540447,1.6483536525948306
AVGO,2020-09-29,36.42599868774414,D2,Downtrend,Medium,-0.008276636490087919,1.4383176079882727
AVGO,2020-09-30,36.43199920654297,D2,Downtrend,Medium,0.00016473175794762263,1.3901601677616229
AVGO,2020-10-01,36.86000061035156,D2,Downtrend,Medium,0.011747952709982634,1.5387359205857234
AVGO,2020-10-02,35.68299865722656,D2,Downtrend,Medium,-0.031931685665638754,0.9327873809140189
AVGO,2020-10-05,36.61000061035156,D2,Downtrend,Medium,0.02597881310452199,1.3347690609324996
AVGO,2020-10-06,36.39799880981445,D2,Downtrend,Medium,-0.005790816634872353,1.1931187441883222
AVGO,2020-10-07,36.67399978637695,D2,Downtrend,Medium,0.007582861299728405,1.2820616574565817
AVGO,2020-10-08,37.33300018310547,D2,Downtrend,Medium,0.017969144368412016,1.5420909616709806
AVGO,2020-10-09,37.66999816894531,D2,Downtrend,Medium,0.0090268123158328,1.6419822153138153
AVGO,2020-10-12,38.24300003051758,D2,Downtrend,Medium,0.015211093427783595,1.836785287061482
AVGO,2020-10-13,38.14899826049805,D2,Downtrend,Medium,-0.0024580124452715513,1.719904619888878
AVGO,2020-10-14,38.029998779296875,D2,Downtrend,Medium,-0.0031193343633453274,1.6046851692652986
AVGO,2020-10-15,37.99300003051758,D2,Downtrend,Medium,-0.000972883249195311,1.5340055982348055
AVGO,2020-10-16,37.8650016784668,D2,Downtrend,Medium,-0.0033689982877890268,1.4330245380745121
AVGO,2020-10-19,37.57699966430664,D2,Downtrend,Medium,-0.00760602142859379,1.269947534892931
AVGO,2020-10-20,37.69900131225586,D2,Downtrend,Medium,0.0032467107283475904,1.2921137505149407
AVGO,2020-10-21,37.20500183105469,D2,Downtrend,Medium,-0.013103781638920342,1.0318855547235095
AVGO,2020-10-22,37.33700180053711,D2,Downtrend,Medium,0.0035479092322538985,1.0749281456465232
AVGO,2020-10-23,37.27199935913086,D2,Downtrend,Medium,-0.0017409657517094557,1.0188858931960336
AVGO,2020-10-26,36.30400085449219,D2,Downtrend,Medium,-0.02597119878951526,0.4860486290370579
AVGO,2020-10-27,35.959999084472656,D2,Downtrend,Medium,-0.009475588417879988,0.27305705114125106
AVGO,2020-10-28,34.72100067138672,D2,Downtrend,Medium,-0.03445490669161144,-0.43930749524938173
AVGO,2020-10-29,35.500999450683594,D2,Downtrend,Medium,0.022464755168754902,-0.023421704762798756
AVGO,2020-10-30,34.9630012512207,D2,Downtrend,Medium,-0.015154452206627367,-0.35897563066138966
AVGO,2020-11-02,35.125,D2,Downtrend,Medium,0.0046334337151230365,-0.2964921033494997
AVGO,2020-11-03,35.375999450683594,D2,Downtrend,Medium,0.00714589183440828,-0.1766044693844689
AVGO,2020-11-04,36.4630012512207,D2,Downtrend,Medium,0.030727097959520888,0.46846755428505943
AVGO,2020-11-05,38.08700180053711,D2,Downtrend,Medium,0.04453831263442809,1.457790631681465
AVGO,2020-11-06,38.0620002746582,D2,Downtrend,Medium,-0.0006564319767106142,1.4047292499436077
AVGO,2020-11-09,37.55400085449219,D2,Downtrend,Medium,-0.013346629617472905,1.0517829138783397
AVGO,2020-11-10,36.3129997253418,D2,Downtrend,Medium,-0.0330457767724619,0.19616126869961614
AVGO,2020-11-11,37.59199905395508,D2,Downtrend,Medium,0.03522152778033116,1.0564610493468773
AVGO,2020-11-12,37.02000045776367,D2,Downtrend,Medium,-0.015215966444626305,0.6273547322371618
AVGO,2020-11-13,37.349998474121094,D2,Downtrend,Medium,0.008914046793000896,0.857263859660824
AVGO,2020-11-16,38.08100128173828,D2,Downtrend,Medium,0.01957169578262996,1.4174926000790395
AVGO,2020-11-17,38.060001373291016,D2,Downtrend,Medium,-0.000551453684001113,1.3845341355187595
AVGO,2020-11-18,38.0620002746582,D2,Downtrend,Medium,5.2519739754730566e-05,1.369189452858604
AVGO,2020-11-19,38.43299865722656,D2,Downtrend,Medium,0.009747211914539644,1.657742836142404
AVGO,2020-11-20,38.33300018310547,D2,Downtrend,Medium,-0.0026018910211236257,1.5476716625272537
AVGO,2020-11-23,38.70000076293945,D2,Downtrend,Medium,0.009574011376123126,1.8264605762161354
AVGO,2020-11-24,39.222999572753906,D2,Downtrend,Medium,0.013514180865735081,2.2045615536960512
AVGO,2020-11-25,39.08300018310547,D2,Downtrend,Medium,-0.0035693187969664253,1.971432752266509
AVGO,2020-11-27,39.494998931884766,D2,Downtrend,Medium,0.010541635668936955,2.21054057904585
AVGO,2020-11-30,40.15800094604492,D2,Downtrend,Medium,0.01678698650691457,2.5821400710731806
AVGO,2020-12-01,40.457000732421875,D2,Downtrend,Medium,0.0074455844248493275,2.606033641924017
AVGO,2020-12-02,40.37300109863281,D2,Downtrend,Medium,-0.0020762694284884864,2.395712152561371
AVGO,2020-12-03,39.97999954223633,D2,Downtrend,Medium,-0.009734266606447384,1.998147591453555
AVGO,2020-12-04,41.167999267578125,D2,Downtrend,Medium,0.029714850899053902,2.632207392821718
AVGO,2020-12-07,42.0890007019043,D2,Downtrend,Medium,0.022371780283515275,2.954346354808943
AVGO,2020-12-08,42.340999603271484,D2,Downtrend,Medium,0.0059872863970320545,2.8407804184340613
AVGO,2020-12-09,41.62200164794922,D2,Downtrend,Medium,-0.016981128505683896,2.2699789903838017
AVGO,2020-12-10,41.00400161743164,D2,Downtrend,Medium,-0.014847917112319586,1.8336734789716325
AVGO,2020-12-11,40.582000732421875,D2,Downtrend,Medium,-0.010291700038133955,1.5406311772445602
AVGO,2020-12-14,41.18000030517578,D2,Downtrend,Medium,0.014735586268819656,1.7755310761042078
AVGO,2020-12-15,41.805999755859375,D2,Downtrend,Medium,0.01520154070044799,2.0040941800016046
AVGO,2020-12-16,42.4900016784668,D2,Downtrend,Medium,0.016361333937757516,2.2152000295615357
AVGO,2020-12-17,42.61000061035156,D2,Downtrend,Medium,0.0028241686783829767,2.1588211880049175
AVGO,2020-12-18,43.45600128173828,D2,Downtrend,Medium,0.01985450972233016,2.4104819788035248
AVGO,2020-12-21,42.88800048828125,D2,Downtrend,Medium,-0.013070710067742075,2.0404398355998685
AVGO,2020-12-22,43.310001373291016,D2,Downtrend,Medium,0.009839602690852267,2.1064406813548486
AVGO,2020-12-23,42.54600143432617,D2,Downtrend,Medium,-0.017640265867920224,1.697055350722837
AVGO,2020-12-24,43.145999908447266,D2,Downtrend,Medium,0.01410234696313939,1.8618788535647164
AVGO,2020-12-28,43.1879997253418,D2,Downtrend,Medium,0.0009734347792067499,1.7928846005709804
AVGO,2020-12-29,42.90399932861328,D2,Downtrend,Medium,-0.006575909941063385,1.6134506732789387
AVGO,2020-12-30,43.483001708984375,D2,Downtrend,Medium,0.01349530089109785,1.765847908925309
AVGO,2020-12-31,43.78499984741211,D2,Downtrend,Medium,0.006945199884057951,1.801821041813283
AVGO,2021-01-04,42.52199935913086,D2,Downtrend,Medium,-0.028845506284862932,1.264629635903975
AVGO,2021-01-05,42.810001373291016,D2,Downtrend,Medium,0.006773012052602612,1.326640573710167
AVGO,2021-01-06,42.54600143432617,D2,Downtrend,Medium,-0.006166781838263469,1.1840822529899862
AVGO,2021-01-07,44.3390007019043,D2,Downtrend,Medium,0.04214260346758536,1.7789799082233486
AVGO,2021-01-08,44.56399917602539,D2,Downtrend,Medium,0.0050745048503411105,1.7763927841039433
AVGO,2021-01-11,44.57600021362305,D2,Downtrend,Medium,0.0002692989367998333,1.7022707602773133
AVGO,2021-01-12,44.93899917602539,D2,Downtrend,Medium,0.008143372233101465,1.7474242491236032
AVGO,2021-01-13,45.12099838256836,D2,Downtrend,Medium,0.004049916773403828,1.7293070828483985
AVGO,2021-01-14,45.207000732421875,D2,Downtrend,Medium,0.0019060382734514825,1.6826020817568224
AVGO,2021-01-15,44.584999084472656,D2,Downtrend,Medium,-0.013758967369474906,1.421887166225123
AVGO,2021-01-19,45.926998138427734,D2,Downtrend,Medium,0.03009978875209729,1.7769618839494914
AVGO,2021-01-20,46.1879997253418,D2,Downtrend,Medium,0.005682966392172695,1.7776379627614578
AVGO,2021-01-21,46.68199920654297,D2,Downtrend,Medium,0.010695407554749181,1.8438300463030437
AVGO,2021-01-22,46.50199890136719,D2,Downtrend,Medium,-0.003855882529352983,1.7185022663723264
AVGO,2021-01-25,46.479000091552734,D2,Downtrend,Medium,-0.0004945768000905737,1.6504706115573573
AVGO,2021-01-26,46.387001037597656,D2,Downtrend,Medium,-0.0019793681829183285,1.5800218789938165
AVGO,2021-01-27,44.470001220703125,D2,Downtrend,Medium,-0.04132622877130521,0.9669227578156012
AVGO,2021-01-28,45.17399978637695,D2,Downtrend,Medium,0.015830864545739676,1.160204213950188
AVGO,2021-01-29,45.04999923706055,D2,Downtrend,Medium,-0.002744953953663476,1.097002908333033
AVGO,2021-02-01,46.67399978637695,D2,Downtrend,Medium,0.03604884743217518,1.5922435493006442
AVGO,2021-02-02,47.6879997253418,D2,Downtrend,Medium,0.021725156266997336,1.8635684376261872
AVGO,2021-02-03,46.51900100708008,D2,Downtrend,Medium,-0.024513477709162568,1.4253067585058619
AVGO,2021-02-04,47.0629997253418,D2,Downtrend,Medium,0.011694118671613962,1.5487117016474385
AVGO,2021-02-05,46.60100173950195,D2,Downtrend,Medium,-0.009816586034380514,1.3549309160105665
AVGO,2021-02-08,47.27000045776367,D2,Downtrend,Medium,0.014355887068724371,1.5421273111835307
AVGO,2021-02-09,47.4630012512207,D2,Downtrend,Medium,0.004082944607319838,1.5592553687456918
AVGO,2021-02-10,47.005001068115234,D2,Downtrend,Medium,-0.009649625414146934,1.3727559071545457
AVGO,2021-02-11,47.8390007019043,D2,Downtrend,Medium,0.017742785125789196,1.6183402448783473
AVGO,2021-02-12,48.63199996948242,D2,Downtrend,Medium,0.01657641790052189,1.8312257723495757
AVGO,2021-02-16,48.91299819946289,D2,Downtrend,Medium,0.005778052108833753,1.8654448601138314
AVGO,2021-02-17,48.24800109863281,D2,Downtrend,Medium,-0.013595508868997963,1.5909597448759214
AVGO,2021-02-18,48.32600021362305,D2,Downtrend,Medium,0.0016166289424257574,1.5746120037146154
AVGO,2021-02-19,48.99599838256836,D2,Downtrend,Medium,0.013864134544212536,1.7624565524968705
AVGO,2021-02-22,47.63600158691406,D2,Downtrend,Medium,-0.027757303464565175,1.246186256393001
AVGO,2021-02-23,47.189998626708984,D2,Downtrend,Medium,-0.009362728720867297,1.0556757112245705
AVGO,2021-02-24,48.0880012512207,D2,Downtrend,Medium,0.01902951156272037,1.3586242211446842
AVGO,2021-02-25,45.715999603271484,D2,Downtrend,Medium,-0.049326268221410174,0.4329652927461296
AVGO,2021-02-26,46.98699951171875,D2,Downtrend,Medium,0.027802080660537687,0.9029139353804037
AVGO,2021-03-01,48.95800018310547,D2,Downtrend,Medium,0.04194778751290862,1.6354078330551942
AVGO,2021-03-02,48.05099868774414,D2,Downtrend,Medium,-0.018526114056315546,1.2405687161559666
AVGO,2021-03-03,46.305999755859375,D2,Downtrend,Medium,-0.036315560124452584,0.507486212204757
AVGO,2021-03-04,44.35900115966797,D2,Downtrend,Medium,-0.0420463569830396,-0.34001733474794016
AVGO,2021-03-05,45.013999938964844,D2,Downtrend,Medium,0.014765859513816482,-0.08076786504507805
AVGO,2021-03-08,42.125,D2,Downtrend,Medium,-0.06418003160976771,-1.3364794457678921
AVGO,2021-03-09,44.36000061035156,D2,Downtrend,High,0.053056394311016275,-0.3912905214734971
AVGO,2021-03-10,43.75899887084961,D2,Downtrend,High,-0.013548280686040082,-0.6973033189304609
AVGO,2021-03-11,45.36899948120117,D2,Downtrend,High,0.036792446168691484,0.000990520304366468
AVGO,2021-03-12,45.117000579833984,D2,Downtrend,High,-0.005554429329472033,-0.15544039981601349
AVGO,2021-03-15,47.07699966430664,D2,Downtrend,High,0.043442583932512546,0.7846417159448597
AVGO,2021-03-16,47.81800079345703,D2,Downtrend,High,0.01574019445661934,1.1240410164497476
AVGO,2021-03-17,48.35900115966797,D2,Downtrend,High,0.011313738701618004,1.3565104537192771
AVGO,2021-03-18,46.415000915527344,D2,Downtrend,High,-0.04019934650267232,0.3412577069041015
AVGO,2021-03-19,47.44599914550781,D2,Downtrend,High,0.022212608200887995,0.8455205331639708
AVGO,2021-03-22,47.52799987792969,D2,Downtrend,High,0.0017282960396807212,0.8591863579746052
AVGO,2021-03-23,46.40599822998047,D2,Downtrend,High,-0.02360717157951009,0.2393106527897411
AVGO,2021-03-24,45.72700119018555,D2,Downtrend,High,-0.014631665424584273,-0.1555572752060848
AVGO,2021-03-25,46.16999816894531,D2,Downtrend,High,0.009687864220906839,0.06356630057392335
AVGO,2021-03-26,48.20399856567383,D2,Downtrend,High,0.04405459123662303,1.183036530939096
AVGO,2021-03-29,47.262001037597656,D2,Downtrend,High,-0.019541896027417294,0.6159188410248014
AVGO,2021-03-30,45.61600112915039,D2,Downtrend,High,-0.034827131147871726,-0.3707046790728348
AVGO,2021-03-31,46.36600112915039,D2,Downtrend,High,0.016441599031808085,0.03881221426447414
AVGO,2021-04-01,47.595001220703125,D2,Downtrend,High,0.02650649315496101,0.7812836307274105
AVGO,2021-04-05,48.847999572753906,D2,Downtrend,High,0.026326259479235947,1.5739746331324325
AVGO,2021-04-06,48.387001037597656,D2,Downtrend,Medium,-0.009437408679748294,1.227447582407428
AVGO,2021-04-07,48.24599838256836,D2,Downtrend,Medium,-0.002914060636238558,1.0973993631510275
AVGO,2021-04-08,48.54800033569336,D2,Downtrend,Medium,0.006259626979428834,1.2596671203334506
AVGO,2021-04-09,48.50899887084961,D2,Downtrend,Medium,-0.000803358831961476,1.1927653921450363
AVGO,2021-04-12,48.367000579833984,D2,Downtrend,Medium,-0.002927256680635315,1.061020552331233
AVGO,2021-04-13,48.49599838256836,D2,Downtrend,Medium,0.002667062277749821,1.1103842828336778
AVGO,2021-04-14,47.72999954223633,D2,Downtrend,Medium,-0.015795093737205446,0.5677233460754061
AVGO,2021-04-15,48.0,D2,Downtrend,Medium,0.005656829255251683,0.7290794989808796
AVGO,2021-04-16,47.87900161743164,D2,Downtrend,Medium,-0.0025207996368408203,0.6259104708754205
AVGO,2021-04-19,46.20000076293945,D2,Downtrend,Medium,-0.03506758281862132,-0.5197342253961342
AVGO,2021-04-20,45.72600173950195,D2,Downtrend,Medium,-0.010259718952596475,-0.8312150544772204
AVGO,2021-04-21,45.979000091552734,D2,Downtrend,Medium,0.005532920929586016,-0.6513320651963183
AVGO,2021-04-22,45.51100158691406,D2,Downtrend,Medium,-0.01017852723432,-0.9530048903444618
AVGO,2021-04-23,46.612998962402344,D2,Downtrend,Medium,0.02421386779158774,-0.23894288499000904
AVGO,2021-04-26,47.185001373291016,D2,Downtrend,Medium,0.01227130679470001,0.13497423180566404
AVGO,2021-04-27,46.6349983215332,D2,Downtrend,Medium,-0.01165631102575615,-0.2728770773401553
AVGO,2021-04-28,45.91999816894531,D2,Downtrend,Medium,-0.015331836138562593,-0.7689220227379605
AVGO,2021-04-29,46.62900161743164,D2,Downtrend,Medium,0.01543997118374918,-0.2548468247836776
AVGO,2021-04-30,45.619998931884766,D2,Downtrend,Medium,-0.02163895109368308,-0.9529707233945569
AVGO,2021-05-03,45.013999938964844,D2,Downtrend,Medium,-0.01328362575862263,-1.3346789783152933
AVGO,2021-05-04,44.45399856567383,D2,Downtrend,Medium,-0.012440604568585978,-1.6581418117211344
AVGO,2021-05-05,44.382999420166016,D2,Downtrend,Medium,-0.0015971374409193828,-1.6354640962263485
AVGO,2021-05-06,44.858001708984375,D2,Downtrend,Medium,0.010702347633642306,-1.276048629334006
AVGO,2021-05-07,45.257999420166016,D2,Downtrend,Medium,0.008916975699823082,-0.9875476312079748
AVGO,2021-05-10,43.61000061035156,D2,Downtrend,Medium,-0.03641342593415964,-1.9500939759052676
AVGO,2021-05-11,44.00699996948242,D2,Downtrend,Medium,0.009103401824686719,-1.6342577711822663
AVGO,2021-05-12,42.237998962402344,D2,Downtrend,Medium,-0.0401981732066905,-2.555158077205242
AVGO,2021-05-13,43.060001373291016,D2,Downtrend,Medium,0.019461206285372734,-1.9634742883548224
AVGO,2021-05-14,44.1619987487793,D2,Downtrend,Medium,0.025592135168203356,-1.2776815106397161
AVGO,2021-05-17,43.99399948120117,D2,Downtrend,Medium,-0.0038041590584205753,-1.3330968250449162
AVGO,2021-05-18,43.374000549316406,D2,Downtrend,Medium,-0.014092806728101537,-1.6232628344207547
AVGO,2021-05-19,44.172000885009766,D2,Downtrend,Medium,0.01839812619511605,-1.1288269743866644
AVGO,2021-05-20,45.5,D2,Downtrend,Medium,0.03006427348508245,-0.354914597228698
AVGO,2021-05-21,45.124000549316406,D2,Downtrend,Medium,-0.008263724190848198,-0.5630962549707161
AVGO,2021-05-24,45.91899871826172,D2,Downtrend,Medium,0.01761807816832306,-0.09935523572186485
AVGO,2021-05-25,45.95399856567383,D2,Downtrend,Medium,0.0007622084189347067,-0.05191290205845563
AVGO,2021-05-26,46.04899978637695,D2,Downtrend,Medium,0.0020673113040936553,0.02355393657149957
AVGO,2021-05-27,46.768001556396484,D2,Downtrend,Medium,0.015613841198614642,0.44457568427339567
AVGO,2021-05-28,47.233001708984375,D2,Downtrend,Medium,0.009942698792189342,0.6943873827876873
AVGO,2021-06-01,46.83100128173828,D2,Downtrend,Medium,-0.008511007403741333,0.4381718554236129
AVGO,2021-06-02,47.37300109863281,D2,Downtrend,Medium,0.011573526127144351,0.7421062338514007
AVGO,2021-06-03,46.47999954223633,D2,Downtrend,Medium,-0.018850432433807907,0.16517597133648987
AVGO,2021-06-04,47.5,D2,Downtrend,Medium,0.021944932612075307,0.7810949030855546
AVGO,2021-06-07,46.37799835205078,D2,Downtrend,Medium,-0.023621087325246704,0.05194803188428116
AVGO,2021-06-08,46.35300064086914,D2,Downtrend,Medium,-0.0005389993546484062,0.022774823254360914
AVGO,2021-06-09,46.393001556396484,D2,Downtrend,Medium,0.0008629628065992545,0.056067385492550574
AVGO,2021-06-10,46.867000579833984,D2,Downtrend,Medium,0.01021703721543643,0.37555329138726373
AVGO,2021-06-11,47.06999969482422,D2,Downtrend,Medium,0.004331386956253791,0.5288625729447757
AVGO,2021-06-14,47.58300018310547,D2,Downtrend,Medium,0.010898672012051414,0.8494493867268712
AVGO,2021-06-15,47.07400131225586,D2,Downtrend,Medium,-0.010697073931675516,0.5209062059791769
AVGO,2021-06-16,46.57500076293945,D2,Downtrend,Medium,-0.01060034276683619,0.20416785703375415
AVGO,2021-06-17,47.117000579833984,D2,Downtrend,Medium,0.011637140268729862,0.5534470577639053
AVGO,2021-06-18,46.349998474121094,D2,Downtrend,Medium,-0.016278670039984844,0.040557621812681285
AVGO,2021-06-21,46.46099853515625,D2,Downtrend,Medium,0.0023948234021438086,0.11067080669359948
AVGO,2021-06-22,46.44499969482422,D2,Downtrend,Medium,-0.0003443499028529251,0.12112656937926937
AVGO,2021-06-23,46.66600036621094,D2,Downtrend,Medium,0.004758330774870201,0.2766685635153659
AVGO,2021-06-24,47.00600051879883,D2,Downtrend,Medium,0.0072858215814457505,0.48929835399232857
AVGO,2021-06-25,46.220001220703125,D2,Downtrend,Medium,-0.01672125450837625,-0.03688924186096876
AVGO,2021-06-28,47.279998779296875,D2,Downtrend,Medium,0.02293374146686422,0.680379830781958
AVGO,2021-06-29,47.71500015258789,D2,Downtrend,Medium,0.009200536897676415,1.003870344878162
AVGO,2021-06-30,47.683998107910156,D2,Downtrend,Medium,-0.000649733722699164,1.0007351119830548
AVGO,2021-07-01,46.9640007019043,D2,Downtrend,Medium,-0.01509935061184442,0.5244493100705777
AVGO,2021-07-02,46.81700134277344,D2,Downtrend,Medium,-0.003130043372239766,0.45119629774136427
AVGO,2021-07-06,47.327999114990234,D2,Downtrend,Medium,0.010914790729023682,0.8477604668728372
AVGO,2021-07-07,46.95399856567383,D2,Downtrend,Medium,-0.007902310604927965,0.6031134530378893
AVGO,2021-07-08,47.04999923706055,D2,Downtrend,Medium,0.0020445686058545576,0.7087526903115156
AVGO,2021-07-09,48.018001556396484,D2,Downtrend,Medium,0.02057390722704744,1.4368866329012147
AVGO,2021-07-12,48.57500076293945,D2,Downtrend,Medium,0.011599799835251057,1.8306324637401248
AVGO,2021-07-13,48.4010009765625,D2,Downtrend,Medium,-0.003582085098178922,1.6768787833386083
AVGO,2021-07-14,48.159000396728516,D2,Downtrend,Medium,-0.004999908575262113,1.4460047227053412
AVGO,2021-07-15,47.73400115966797,D2,Downtrend,Medium,-0.008824918157757655,1.1008371593949537
AVGO,2021-07-16,46.80699920654297,D2,Downtrend,Medium,-0.01942016027577953,0.4203971582066432
AVGO,2021-07-19,46.56700134277344,D2,Downtrend,Medium,-0.005127392651481544,0.23490081781948105
AVGO,2021-07-20,46.85900115966797,D2,Downtrend,Medium,0.006270530815268849,0.44259696231195816
AVGO,2021-07-21,47.902000427246094,D2,Downtrend,Medium,0.022258247972981593,1.177712568375181
AVGO,2021-07-22,47.632999420166016,D2,Downtrend,Medium,-0.00561565288883159,0.9658223187472085
AVGO,2021-07-23,48.314998626708984,D2,Downtrend,Medium,0.01431778839974207,1.3989857548944375
AVGO,2021-07-26,48.2239990234375,D2,Downtrend,Medium,-0.0018834648837426915,1.2980279443086242
AVGO,2021-07-27,47.5359992980957,D2,Downtrend,Medium,-0.014266749736109974,0.7989477493344943
AVGO,2021-07-28,47.76499938964844,D2,Downtrend,Medium,0.004817403545399168,0.9249296997085639
AVGO,2021-07-29,48.4109992980957,D2,Downtrend,Medium,0.01352454551872695,1.3243733636757546
AVGO,2021-07-30,48.540000915527344,D2,Downtrend,Medium,0.0026647170953300048,1.3680934038576855
AVGO,2021-08-02,48.46799850463867,D2,Downtrend,Medium,-0.0014833623718708555,1.2741262067890673
AVGO,2021-08-03,48.67900085449219,D2,Downtrend,Medium,0.004353436419152423,1.3678337310708661
AVGO,2021-08-04,48.779998779296875,D2,Downtrend,Medium,0.0020747739894371175,1.4080239290262102
AVGO,2021-08-05,48.766998291015625,D2,Downtrend,Medium,-0.000266512681561748,1.3658354034636184
AVGO,2021-08-06,48.542999267578125,D2,Downtrend,Low,-0.004593250175062957,1.23648548876646
AVGO,2021-08-09,48.46799850463867,D2,Downtrend,Low,-0.001545037679399175,1.1914921146217679
AVGO,2021-08-10,48.22600173950195,D2,Downtrend,Low,-0.004992918474105323,0.975693357746144
AVGO,2021-08-11,48.35499954223633,D2,Downtrend,Low,0.0026748599942241214,1.0839800112170679
AVGO,2021-08-12,48.42599868774414,D2,Downtrend,Low,0.0014682896531887923,1.1904237755513338
AVGO,2021-08-13,48.61600112915039,D2,Downtrend,Low,0.0039235626844043026,1.4114022499964731
AVGO,2021-08-16,48.81399917602539,D2,Downtrend,Low,0.00407269298741797,1.590062413818248
AVGO,2021-08-17,47.86899948120117,D2,Downtrend,Low,-0.019359194304414795,0.5146043502000004
AVGO,2021-08-18,46.89699935913086,D2,Downtrend,Low,-0.020305419637024813,-0.6648951334263454
AVGO,2021-08-19,47.35300064086914,D2,Downtrend,Low,0.009723463930949805,-0.14711348818056819
AVGO,2021-08-20,47.516998291015625,D2,Downtrend,Low,0.003463300063923258,0.026816173007840054
AVGO,2021-08-23,48.244998931884766,D2,Downtrend,Low,0.01532084658232269,0.9244372652931512
AVGO,2021-08-24,48.143001556396484,D2,Downtrend,Low,-0.0021141543734364276,0.7718269168671846
AVGO,2021-08-25,48.340999603271484,D2,Downtrend,Low,0.0041127067377189075,0.9899646023097208
AVGO,2021-08-26,48.57400131225586,D2,Downtrend,Low,0.004819960507573162,1.243948797014807
AVGO,2021-08-27,49.59400177001953,D2,Downtrend,Low,0.020998897150898532,2.3735503244086096
AVGO,2021-08-30,49.888999938964844,D2,Downtrend,Low,0.005948263064418535,2.5305876315704507
AVGO,2021-08-31,49.72100067138672,D2,Downtrend,Low,-0.0033674611193581505,2.218676407333239
AVGO,2021-09-01,49.316001892089844,D2,Downtrend,Low,-0.008145426958994006,1.7041277215077733
AVGO,2021-09-02,49.189998626708984,D2,Downtrend,Low,-0.002555017855189745,1.5137350115371244
AVGO,2021-09-03,49.768001556396484,D2,Downtrend,Medium,0.011750415650015,2.0437332013982554
AVGO,2021-09-07,49.659000396728516,D2,Downtrend,Medium,-0.0021901855863039055,1.8361275331061289
AVGO,2021-09-08,49.4379997253418,D2,Downtrend,Medium,-0.00445036488091044,1.5399626290450554
AVGO,2021-09-09,49.3489990234375,D2,Downtrend,Medium,-0.0018002488449927467,1.3948697335825488
AVGO,2021-09-10,49.814998626708984,D2,Downtrend,Medium,0.009442939319805888,1.7972948100291308
AVGO,2021-09-13,49.895999908447266,D2,Downtrend,Medium,0.0016260420349556437,1.7943214879722957
AVGO,2021-09-14,50.1870002746582,D2,Downtrend,Medium,0.0058321381823169816,2.0000336772752516
AVGO,2021-09-15,50.9739990234375,D2,Downtrend,Low,0.015681326727485123,2.5988227518926807
AVGO,2021-09-16,50.73500061035156,D2,Downtrend,Low,-0.004688633767502726,2.257489138561949
AVGO,2021-09-17,50.599998474121094,D2,Downtrend,Low,-0.002660927064282448,2.036752136940263
AVGO,2021-09-20,49.481998443603516,D2,Downtrend,Low,-0.022094862929479486,0.9868134365928648
AVGO,2021-09-21,49.0989990234375,D2,Downtrend,Low,-0.00774017687669859,0.6122833028465289
AVGO,2021-09-22,50.058998107910156,D2,Downtrend,Medium,0.019552314783737312,1.4629822074553736
AVGO,2021-09-23,50.43000030517578,D2,Downtrend,Medium,0.0074112988930754575,1.7298626789603357
AVGO,2021-09-24,50.492000579833984,D2,Downtrend,Medium,0.0012294323673014418,1.7084843060052153
AVGO,2021-09-27,50.48500061035156,D2,Downtrend,Low,-0.00013863521750057117,1.6411512423101764
AVGO,2021-09-28,49.10200119018555,D2,Downtrend,Medium,-0.027394263710921685,0.38027552183590185
AVGO,2021-09-29,48.948001861572266,D2,Downtrend,Medium,-0.003136314709797694,0.21777669125485064
AVGO,2021-09-30,48.49300003051758,D2,Downtrend,Medium,-0.009295616036410603,-0.23223842348254703
AVGO,2021-10-01,48.73500061035156,D2,Downtrend,Medium,0.004990422941077766,-0.03038805331359399
AVGO,2021-10-04,47.595001220703125,D2,Downtrend,Medium,-0.023391800048655265,-1.1202511019999923
AVGO,2021-10-05,48.54199981689453,D2,Downtrend,Medium,0.019897018004056077,-0.20855450126766245
AVGO,2021-10-06,48.87799835205078,D2,Downtrend,Medium,0.006921810729340949,0.1071404278654534
AVGO,2021-10-07,49.391998291015625,D2,Downtrend,Medium,0.01051597766468837,0.5823148246413401
AVGO,2021-10-08,49.28499984741211,D2,Downtrend,Medium,-0.002166311291417755,0.45764210518324405
AVGO,2021-10-11,49.23400115966797,D2,Downtrend,Medium,-0.0010347709830990093,0.38113212827760545
AVGO,2021-10-12,48.52799987792969,D2,Downtrend,Medium,-0.014339709654080046,-0.3759067819607824
AVGO,2021-10-13,48.500999450683594,D2,Downtrend,Medium,-0.0005563886274730923,-0.4501011393332523
AVGO,2021-10-14,49.7599983215332,D2,Downtrend,Medium,0.025958204678437014,0.8927254178025121
AVGO,2021-10-15,50.32500076293945,D2,Downtrend,Medium,0.011354551054350681,1.4612312794779827
AVGO,2021-10-18,50.33599853515625,D2,Downtrend,Medium,0.0002185349637371381,1.417971299170763
AVGO,2021-10-19,51.03900146484375,D2,Downtrend,Medium,0.013966206097937972,2.0605691147646774
AVGO,2021-10-20,50.93899917602539,D2,Downtrend,Medium,-0.0019593308244332253,1.8801105982187196
AVGO,2021-10-21,51.415000915527344,D2,Downtrend,Medium,0.00934454440019672,2.246985024989054
AVGO,2021-10-22,51.54100036621094,D2,Downtrend,Medium,0.0024506359708249548,2.231446887699374
AVGO,2021-10-25,52.207000732421875,D1,Downtrend,Medium,0.01292175862864231,2.652188309219092
AVGO,2021-10-26,53.387001037597656,D1,Downtrend,Medium,0.022602338548879164,3.308134192063486
AVGO,2021-10-27,52.31100082397461,D1,Downtrend,Medium,-0.020154722923381274,2.2682799713188095
AVGO,2021-10-28,52.957000732421875,D1,Downtrend,Medium,0.012349217148818203,2.570495222713372
AVGO,2021-10-29,53.16699981689453,D1,Downtrend,Medium,0.003965464085357251,2.5278004271967256
AVGO,2021-11-01,52.80500030517578,D1,Downtrend,Medium,-0.0068087255810082015,2.1424243426831993
AVGO,2021-11-02,53.707000732421875,D1,Downtrend,Medium,0.01708172373891048,2.5551408660083443
AVGO,2021-11-03,54.23699951171875,D1,Downtrend,Medium,0.009868336940605404,2.674210963962947
AVGO,2021-11-04,54.86199951171875,D1,Downtrend,Medium,0.011523498822329836,2.7994655405514712
AVGO,2021-11-05,55.891998291015625,D1,Downtrend,Medium,0.018774357268492636,3.0571654124676018
AVGO,2021-11-08,55.89500045776367,D1,Downtrend,Medium,5.3713712871994446e-05,2.7996054513526034
AVGO,2021-11-09,55.779998779296875,D1,Downtrend,Medium,-0.002057459120224814,2.5421735700342367
AVGO,2021-11-10,54.87699890136719,D1,Downtrend,Medium,-0.016188596229672947,2.0166166141885884
AVGO,2021-11-11,55.540000915527344,D1,Downtrend,Medium,0.012081601170497613,2.2050536716988516
AVGO,2021-11-12,56.321998596191406,D1,Downtrend,Medium,0.014079900392033329,2.401990274740714
AVGO,2021-11-15,56.57699966430664,D1,Downtrend,Medium,0.0045275571618739185,2.364702545118068
AVGO,2021-11-16,56.87699890136719,D1,Downtrend,Medium,0.005302494632811294,2.336466566869552
AVGO,2021-11-17,56.9640007019043,D1,Downtrend,Medium,0.0015296482271855982,2.236162065732907
AVGO,2021-11-18,57.48099899291992,D1,Downtrend,Medium,0.009075877477797034,2.2904226892126585
AVGO,2021-11-19,56.87200164794922,D1,Downtrend,Medium,-0.010594759235929674,1.9623760803594783
AVGO,2021-11-22,55.327999114990234,D1,Downtrend,Medium,-0.02714872851700767,1.35170105318768
AVGO,2021-11-23,55.512001037597656,D1,Downtrend,Medium,0.0033256565491370793,1.3657920488338073
AVGO,2021-11-24,55.87300109863281,D1,Downtrend,Medium,0.006503099407111135,1.4367287824292998
AVGO,2021-11-26,54.659000396728516,D1,Downtrend,Medium,-0.02172785921703435,0.9805936564531292
AVGO,2021-11-29,56.433998107910156,D1,Downtrend,Medium,0.03247402437472813,1.5351498978887446
AVGO,2021-11-30,55.36800003051758,D1,Downtrend,Medium,-0.018889288604968746,1.1303115264818195
AVGO,2021-12-01,55.47600173950195,D1,Downtrend,Medium,0.0019506160403996997,1.1280697329814298
AVGO,2021-12-02,55.244998931884766,D1,Downtrend,Medium,-0.004164013273737832,1.0152533935619033
AVGO,2021-12-03,55.8120002746582,D1,Downtrend,Medium,0.01026339675510779,1.1666778858585702
AVGO,2021-12-06,56.49800109863281,D1,Downtrend,Medium,0.012291278230464942,1.3476590914128403
AVGO,2021-12-07,59.040000915527344,D1,Downtrend,Medium,0.044992738990124126,2.078149118489384
AVGO,2021-12-08,58.85599899291992,D1,Downtrend,Medium,-0.003116563681472284,1.9185351130464094
AVGO,2021-12-09,58.34199905395508,D1,Downtrend,Medium,-0.008733178397442143,1.6803057958389078
AVGO,2021-12-10,63.167999267578125,D1,Downtrend,Medium,0.08271914387369428,2.882761587298657
AVGO,2021-12-13,62.16600036621094,D1,Downtrend,Medium,-0.015862444797764552,2.4199008825226724
AVGO,2021-12-14,61.49100112915039,D1,Downtrend,Medium,-0.010858012950555329,2.115293130576433
AVGO,2021-12-15,63.986000061035156,D1,Downtrend,Medium,0.04057502538695834,2.579020330702624
AVGO,2021-12-16,62.06800079345703,D1,Downtrend,Medium,-0.029975295623239084,1.989837971492156
AVGO,2021-12-17,63.49599838256836,D1,Downtrend,Medium,0.023006985416901937,2.2022546504385674
AVGO,2021-12-20,64.50299835205078,D1,Downtrend,Medium,0.015859266648823533,2.2890438506395725
AVGO,2021-12-21,64.6240005493164,D1,Downtrend,Medium,0.0018759158544103816,2.1828765157062673
AVGO,2021-12-22,65.5199966430664,D1,Downtrend,Medium,0.013864757460600785,2.244005257066777
AVGO,2021-12-23,66.4800033569336,D1,Downtrend,Medium,0.01465211787321996,2.3047741793261487
AVGO,2021-12-27,67.4280014038086,D1,Downtrend,Medium,0.014259897698638335,2.352951472740848
AVGO,2021-12-28,66.9000015258789,D1,Downtrend,Medium,-0.007830572861972196,2.134390820863167
AVGO,2021-12-29,67.26100158691406,D1,Downtrend,Medium,0.0053961143916492205,2.1032622047081424
AVGO,2021-12-30,66.50800323486328,D1,Downtrend,Medium,-0.01119517007307369,1.879121987360094
AVGO,2021-12-31,66.54100036621094,D1,Downtrend,Medium,0.0004961377539953737,1.8092078722162972
AVGO,2022-01-03,66.33200073242188,D1,Downtrend,Medium,-0.0031409151145733727,1.7022013489318084
AVGO,2022-01-04,67.09200286865234,D1,Downtrend,Medium,0.011457548812620066,1.7685215422709506
AVGO,2022-01-05,64.30000305175781,D1,Downtrend,Medium,-0.04161449498475245,1.2253977357792956
AVGO,2022-01-06,63.702999114990234,D1,Downtrend,Medium,-0.00928466420580143,1.085499461320786
AVGO,2022-01-07,61.915000915527344,D1,Downtrend,Medium,-0.0280677240365933,0.7304357994158126
AVGO,2022-01-10,62.11600112915039,D1,Downtrend,Medium,0.0032463895768535256,0.7416982623849319
AVGO,2022-01-11,62.20500183105469,D1,Downtrend,Medium,0.00143281441635712,0.7321182233871166
AVGO,2022-01-12,62.20000076293945,D1,Downtrend,Medium,-8.039655924807487e-05,0.7049707250353122
AVGO,2022-01-13,59.71900177001953,D1,Downtrend,Medium,-0.03988744312682024,0.1894208224215451
AVGO,2022-01-14,59.637001037597656,D1,Downtrend,Medium,-0.001373109562977315,0.14682536178447794
AVGO,2022-01-18,57.77899932861328,D1,Downtrend,Medium,-0.031155183470963133,-0.26329698084944375
AVGO,2022-01-19,56.39699935913086,D1,Downtrend,Medium,-0.023918724545962,-0.5819557830781308
AVGO,2022-01-20,54.77199935913086,D1,Downtrend,Medium,-0.0288135897027455,-0.9502662649962887
AVGO,2022-01-21,53.323001861572266,D1,Downtrend,Medium,-0.026455077676784455,-1.263862142629485
AVGO,2022-01-24,54.15800094604492,D1,Downtrend,Medium,0.015659266270123595,-1.0991649639325527
AVGO,2022-01-25,53.41400146484375,D1,Downtrend,Medium,-0.013737572809276788,-1.2663576538143133
AVGO,2022-01-26,55.71200180053711,D1,Downtrend,Medium,0.04302243368166048,-0.7797266748633815
AVGO,2022-01-27,54.23099899291992,D1,Downtrend,Medium,-0.026583191408550477,-1.1204845547872693
AVGO,2022-01-28,56.0099983215332,D1,Downtrend,Medium,0.03280410395621769,-0.7388602533644482
AVGO,2022-01-31,58.5880012512207,D1,Downtrend,Medium,0.046027548775990246,-0.17748221087982435
AVGO,2022-02-01,59.27199935913086,D1,Downtrend,Medium,0.011674713137545423,-0.03905634264075802
AVGO,2022-02-02,60.34299850463867,D1,Downtrend,Medium,0.018069225892290097,0.19065133872268
AVGO,2022-02-03,58.084999084472656,D1,Downtrend,Medium,-0.0374194103064408,-0.3403008739238678
AVGO,2022-02-04,59.01599884033203,D1,Downtrend,Medium,0.016028230533419174,-0.1378663151091453
AVGO,2022-02-07,58.76300048828125,D1,Downtrend,Medium,-0.00428694518473316,-0.21418624899386682
AVGO,2022-02-08,60.02199935913086,D1,Downtrend,Medium,0.02142502697936055,0.06551628079010974
AVGO,2022-02-09,61.13399887084961,D1,Downtrend,Medium,0.018526532331342382,0.31226596878830504
AVGO,2022-02-10,59.13600158691406,D1,Downtrend,Medium,-0.03268226062156465,-0.17597728075767785
AVGO,2022-02-11,57.34199905395508,D1,Downtrend,Medium,-0.03033689266803541,-0.6091961378045454
AVGO,2022-02-14,57.858001708984375,D1,Downtrend,Medium,0.00899868619061861,-0.48983241640798325
AVGO,2022-02-15,60.277000427246094,D1,Downtrend,Medium,0.04180923375869172,0.08177436770718823
AVGO,2022-02-16,59.72100067138672,D1,Downtrend,Medium,-0.009224078038363337,-0.06428788282305292
AVGO,2022-02-17,57.900001525878906,D1,Downtrend,Medium,-0.03049177215780119,-0.5211566068445813
AVGO,2022-02-18,57.999000549316406,D1,Downtrend,Medium,0.0017098276481608554,-0.5113409554865302
AVGO,2022-02-22,57.74599838256836,D1,Downtrend,Medium,-0.004362181491953776,-0.5852299417372744
AVGO,2022-02-23,56.51900100708008,D1,Downtrend,Medium,-0.02124818013119112,-0.9058062649287933
AVGO,2022-02-24,58.0,D1,Downtrend,Medium,0.026203559272648835,-0.5437599821209724
AVGO,2022-02-25,58.80099868774414,D1,Downtrend,Medium,0.013810322202485237,-0.36054850253342724
AVGO,2022-02-28,58.74399948120117,D1,Downtrend,Medium,-0.0009693577968914457,-0.39341444748891086
AVGO,2022-03-01,57.012001037597656,D1,Downtrend,Medium,-0.029483835947495818,-0.8545572929294483
AVGO,2022-03-02,58.577999114990234,D1,Downtrend,Medium,0.027467867271661728,-0.4641157263792014
AVGO,2022-03-03,57.86000061035156,D1,Downtrend,Medium,-0.01225713604913714,-0.6619352637722133
AVGO,2022-03-04,59.5989990234375,D1,Downtrend,Medium,0.030055278166983168,-0.20565207723058784
AVGO,2022-03-07,57.06999969482422,D1,Downtrend,Medium,-0.04243358730938995,-0.8612534206019035
AVGO,2022-03-08,57.595001220703125,D1,Downtrend,Medium,0.009199255803159279,-0.7185573302760072
AVGO,2022-03-09,59.70199966430664,D1,Downtrend,Medium,0.03658300892345734,-0.15166706047397557
AVGO,2022-03-10,58.77299880981445,D1,Downtrend,Medium,-0.015560632134866359,-0.3818009164289018
AVGO,2022-03-11,57.78499984741211,D1,Downtrend,Medium,-0.016810422854199536,-0.6244756249016784
AVGO,2022-03-14,56.779998779296875,D1,Downtrend,Medium,-0.01739207529236053,-0.8592585325437005
AVGO,2022-03-15,59.2760009765625,D1,Downtrend,Medium,0.04395918018539513,-0.1893924954716112
AVGO,2022-03-16,60.71200180053711,D1,Downtrend,Medium,0.02422566975363938,0.2036874569577066
AVGO,2022-03-17,60.266998291015625,D1,Downtrend,Medium,-0.007329745294571199,0.10540289708013713
AVGO,2022-03-18,61.04100036621094,D1,Downtrend,Medium,0.012842884118067888,0.3345104313183017
AVGO,2022-03-21,60.12900161743164,D1,Downtrend,Medium,-0.014940756922524723,0.11234144640388348
AVGO,2022-03-22,61.13399887084961,D1,Downtrend,Medium,0.01671401863300881,0.4302654095490087
AVGO,2022-03-23,59.9379997253418,D1,Downtrend,Medium,-0.019563568024307587,0.12799124831111724
AVGO,2022-03-24,62.643001556396484,D1,Downtrend,Medium,0.04512999838916909,0.9978288312640492
AVGO,2022-03-25,62.887001037597656,D1,Downtrend,Medium,0.0038950796599601656,1.144306015304463
AVGO,2022-03-28,63.28799819946289,D1,Downtrend,Medium,0.006376471373241266,1.3357283541855518
AVGO,2022-03-29,64.14700317382812,D1,Downtrend,Medium,0.013572952199529809,1.685351502357659
AVGO,2022-03-30,63.10900115966797,D1,Downtrend,Medium,-0.016181613525223293,1.3957194966054363
AVGO,2022-03-31,62.96799850463867,D1,Downtrend,Medium,-0.0022342716956105235,1.4481218976205954
AVGO,2022-04-01,62.698001861572266,D1,Downtrend,Medium,-0.004287839052824816,1.3795101715940885
AVGO,2022-04-04,63.48500061035156,D1,Downtrend,Medium,0.012552214192038669,1.6890012460276793
AVGO,2022-04-05,61.4119987487793,D1,Downtrend,Medium,-0.032653411697916135,0.8926252457288183
AVGO,2022-04-06,60.20000076293945,D1,Downtrend,Medium,-0.01973552417334301,0.43873956511950146
AVGO,2022-04-07,60.30500030517578,D1,Downtrend,Medium,0.0017441784203591215,0.4977969458472649
AVGO,2022-04-08,58.70000076293945,D1,Downtrend,Medium,-0.02661470083930295,-0.11735545826217639
AVGO,2022-04-11,58.06100082397461,D1,Downtrend,Medium,-0.010885859125376318,-0.3630466770519511
AVGO,2022-04-12,58.50699996948242,D1,Downtrend,Medium,0.007681561447071106,-0.17627170060902825
AVGO,2022-04-13,59.25400161743164,D1,Downtrend,Medium,0.012767731183257691,0.11441310847864636
AVGO,2022-04-14,57.3849983215332,D1,Downtrend,Medium,-0.03154222913020277,-0.6487698507960459
AVGO,2022-04-18,58.650001525878906,D1,Downtrend,Medium,0.02204414466055704,-0.1666811492839772
AVGO,2022-04-19,59.762001037597656,D1,Downtrend,Medium,0.018959922980191113,0.2639320105163477
AVGO,2022-04-20,59.77199935913086,D1,Downtrend,Medium,0.00016730232187023297,0.2372665786990501
AVGO,2022-04-21,59.27299880981445,D1,Downtrend,Medium,-0.008348399830466424,-0.03730308199810573
AVGO,2022-04-22,58.69499969482422,D1,Downtrend,Medium,-0.00975147413824673,-0.3522786411210769
AVGO,2022-04-25,58.78799819946289,D1,Downtrend,Medium,0.0015844365810069316,-0.3650212479704914
AVGO,2022-04-26,56.00699996948242,D1,Downtrend,Medium,-0.04730554390616892,-1.8419436959063555
AVGO,2022-04-27,55.95399856567383,D1,Downtrend,Medium,-0.0009463353480363423,-1.7980288702775935
AVGO,2022-04-28,57.89400100708008,D1,Downtrend,Medium,0.03467138169096606,-0.778969642016318
AVGO,2022-04-29,55.43899917602539,D1,Downtrend,Medium,-0.04240511604569286,-1.9378246193139734
AVGO,2022-05-02,57.6349983215332,D1,Downtrend,Medium,0.0396110892719268,-0.8371493005289427
AVGO,2022-05-03,58.117000579833984,D1,Downtrend,Medium,0.008363013313747336,-0.5884568814492968
AVGO,2022-05-04,60.36600112915039,D1,Downtrend,Medium,0.03869780833281311,0.51227606987663
AVGO,2022-05-05,57.999000549316406,D1,Downtrend,Medium,-0.039210822906256326,-0.6407896642331925
AVGO,2022-05-06,58.0099983215332,D1,Downtrend,Medium,0.0001896200298734385,-0.6120401926892622
AVGO,2022-05-09,56.29199981689453,D1,Downtrend,Medium,-0.029615558599334624,-1.414883168459756
AVGO,2022-05-10,58.138999938964844,D1,Downtrend,Medium,0.03281105890851621,-0.5244392265545303
AVGO,2022-05-11,56.71099853515625,D1,Downtrend,Medium,-0.0245618501403142,-1.2030364662299822
AVGO,2022-05-12,57.15700149536133,D1,Downtrend,Medium,0.007864487872287995,-0.9562165679963756
AVGO,2022-05-13,58.82400131225586,D1,Downtrend,Medium,0.029165277626220787,-0.14517171329370052
AVGO,2022-05-16,58.266998291015625,D1,Downtrend,Medium,-0.009468975398043589,-0.41750155739773187
AVGO,2022-05-17,60.814998626708984,D1,Downtrend,Medium,0.04372973399054003,0.7888431351294318
AVGO,2022-05-18,57.05699920654297,D1,Downtrend,High,-0.06179395716561875,-1.011623265792539
AVGO,2022-05-19,54.62099838256836,D1,Downtrend,High,-0.04269416299228124,-2.109516247064972
AVGO,2022-05-20,54.319000244140625,D1,Downtrend,High,-0.005528975071318221,-2.1378544049528228
AVGO,2022-05-23,52.63600158691406,D1,Downtrend,High,-0.030983608859923906,-2.668267623509028
AVGO,2022-05-24,52.41999816894531,D1,Downtrend,High,-0.004103720105184672,-2.5574508657429056
AVGO,2022-05-25,53.16299819946289,D1,Downtrend,High,0.014173980474454728,-2.1557771206273095
AVGO,2022-05-26,55.066001892089844,D1,Downtrend,High,0.03579564277934533,-1.3825117440150536
AVGO,2022-05-27,58.327999114990234,D1,Downtrend,High,0.05923795283508637,-0.15896292866725348
AVGO,2022-05-31,58.01300048828125,D1,Downtrend,High,-0.005400470297086346,-0.26762078497950476
AVGO,2022-06-01,57.36199951171875,D1,Downtrend,High,-0.0112216394787924,-0.5150356562181709
AVGO,2022-06-02,57.67399978637695,D1,Downtrend,High,0.005439145729124517,-0.398052906307762
AVGO,2022-06-03,56.332000732421875,D1,Downtrend,High,-0.023268700955817345,-0.8777901088849629
AVGO,2022-06-06,56.12300109863281,D1,Downtrend,High,-0.0037101404365489365,-0.932512826337681
AVGO,2022-06-07,57.29899978637695,D1,Downtrend,High,0.02095395229626784,-0.49143791187099095
AVGO,2022-06-08,56.5359992980957,D1,Downtrend,Medium,-0.013316122290544019,-0.7725379697912387
AVGO,2022-06-09,55.62200164794922,D1,Downtrend,Medium,-0.016166648887327106,-1.0787103317891007
AVGO,2022-06-10,54.12699890136719,D1,Downtrend,Medium,-0.026877902669602216,-1.5625763585622268
AVGO,2022-06-13,51.762001037597656,D2,Downtrend,High,-0.04369349699360103,-2.2678792457423436
AVGO,2022-06-14,52.016998291015625,D1,Downtrend,High,0.004926340719184186,-2.063841998927998
AVGO,2022-06-15,52.67100143432617,D1,Downtrend,Medium,0.012572873575896093,-1.7600636165906065
AVGO,2022-06-16,49.71799850463867,D2,Downtrend,Medium,-0.056065061405173866,-2.537754673987907
AVGO,2022-06-17,49.8650016784668,D2,Downtrend,Medium,0.00295673957620024,-2.330980674755456
AVGO,2022-06-21,50.37699890136719,D2,Downtrend,Medium,0.01026766681372604,-2.076675442788745
AVGO,2022-06-22,49.61000061035156,D2,Downtrend,Medium,-0.015225168385225252,-2.1901131272627103
AVGO,2022-06-23,49.65800094604492,D2,Downtrend,Medium,0.0009675536202944368,-2.085206352669519
AVGO,2022-06-24,50.909000396728516,D2,Downtrend,Medium,0.025192303895657187,-1.6872575904345544
AVGO,2022-06-27,50.57099914550781,D2,Downtrend,Medium,-0.006639322096028133,-1.7286152701545716
AVGO,2022-06-28,49.845001220703125,D2,Downtrend,Medium,-0.01435601307215184,-1.8717616474894492
AVGO,2022-06-29,49.04100036621094,D2,Downtrend,Medium,-0.016130019757292002,-2.0221902978154973
AVGO,2022-06-30,48.58100128173828,D2,Downtrend,Medium,-0.009379887870101355,-2.0830143022433423
AVGO,2022-07-01,47.784000396728516,D2,Downtrend,Medium,-0.01640560844737793,-2.197115525097146
AVGO,2022-07-05,47.630001068115234,D2,Downtrend,Medium,-0.0032228220185562817,-2.1244773317963523
AVGO,2022-07-06,48.26100158691406,D2,Downtrend,Medium,0.013247963565997889,-1.8687987767901215
AVGO,2022-07-07,49.854000091552734,D2,Downtrend,Medium,0.03300798682699968,-1.3905174688464117
AVGO,2022-07-08,49.86899948120117,D2,Downtrend,Medium,0.0003008663220782637,-1.3365156828943157
AVGO,2022-07-11,48.2859992980957,D2,Downtrend,Medium,-0.031743171099757106,-1.6769082919562475
AVGO,2022-07-12,48.137001037597656,D2,Downtrend,Medium,-0.003085744577391858,-1.6468448458838219
AVGO,2022-07-13,48.17300033569336,D2,Downtrend,Medium,0.0007478508698035569,-1.5710171298129172
AVGO,2022-07-14,48.4640007019043,D2,Downtrend,Medium,0.0060407357686484975,-1.4432387376238371
AVGO,2022-07-15,49.44599914550781,D2,Downtrend,Medium,0.020262430451081892,-1.1625545791677963
AVGO,2022-07-18,49.10599899291992,D2,Downtrend,Medium,-0.006876191369646567,-1.2083573933464489
AVGO,2022-07-19,50.900001525878906,D2,Downtrend,Medium,0.036533266194577196,-0.7334527177625516
AVGO,2022-07-20,51.176998138427734,D2,Downtrend,Medium,0.005441976507760904,-0.6381161130313361
AVGO,2022-07-21,51.768001556396484,D2,Downtrend,Medium,0.011548223605654995,-0.4636205396254144
AVGO,2022-07-22,51.25199890136719,D2,Downtrend,Medium,-0.009967598507104047,-0.5767296802823381
AVGO,2022-07-25,51.31100082397461,D2,Downtrend,Medium,0.0011512121258132613,-0.5420241543154111
AVGO,2022-07-26,51.10900115966797,D2,Downtrend,Medium,-0.003936771083448809,-0.5700916124576403
AVGO,2022-07-27,52.77899932861328,D1,Downtrend,Medium,0.032675226106026356,-0.12305455005891404
AVGO,2022-07-28,53.361000061035156,D1,Downtrend,Medium,0.011027127073747867,0.048397777441814754
AVGO,2022-07-29,53.54800033569336,D1,Downtrend,Medium,0.003504437219023382,0.11979950546171964
AVGO,2022-08-01,53.637001037597656,D1,Downtrend,Medium,0.0016620733051906367,0.17977554301642332
AVGO,2022-08-02,53.12099838256836,D1,Downtrend,Medium,-0.009620274158646525,0.06003175488470993
AVGO,2022-08-03,54.67399978637695,D1,Downtrend,Medium,0.029235169727499066,0.5227354749254611
AVGO,2022-08-04,55.279998779296875,D1,Downtrend,Medium,0.01108386061542399,0.7044615970201058
AVGO,2022-08-05,55.14400100708008,D1,Downtrend,Medium,-0.0024601623592606092,0.6909024668151315
AVGO,2022-08-08,54.553001403808594,D1,Downtrend,Medium,-0.010717387068007733,0.533082882015104
AVGO,2022-08-09,53.279998779296875,D1,Downtrend,Medium,-0.023335152819343175,0.17835457601205904
AVGO,2022-08-10,55.04100036621094,D1,Downtrend,Medium,0.03305183234347853,0.744243288130052
AVGO,2022-08-11,54.542999267578125,D1,Downtrend,Medium,-0.009047820630428305,0.6244943375775445
AVGO,2022-08-12,55.823001861572266,D1,Downtrend,Medium,0.023467770588021297,1.1092913176062105
AVGO,2022-08-15,55.895999908447266,D1,Downtrend,Medium,0.0013076696781018082,1.1499248895827006
AVGO,2022-08-16,55.165000915527344,D1,Downtrend,Medium,-0.013077840885165948,0.9001459741602514
AVGO,2022-08-17,53.85900115966797,D1,Downtrend,Medium,-0.02367442643315132,0.4676456653161169
AVGO,2022-08-18,55.845001220703125,D1,Downtrend,Medium,0.03687406038495866,1.1016271623613478
AVGO,2022-08-19,54.84299850463867,D1,Downtrend,Medium,-0.017942567717108115,0.7533120102676001
AVGO,2022-08-22,52.875,D1,Downtrend,Medium,-0.03588422512077305,0.1074875145731695
AVGO,2022-08-23,52.97800064086914,D1,Downtrend,Medium,0.0019480026641918169,0.15371306092403977
AVGO,2022-08-24,53.08399963378906,D1,Downtrend,Medium,0.0020008114998237847,0.2249212513507039
AVGO,2022-08-25,55.01300048828125,D1,Downtrend,Medium,0.03633864945745979,0.92442597640299
AVGO,2022-08-26,52.08599853515625,D1,Downtrend,Medium,-0.05320564097841751,-0.07283411552452514
AVGO,2022-08-29,51.417999267578125,D2,Downtrend,Medium,-0.012824929661802487,-0.2850837554229813
AVGO,2022-08-30,50.638999938964844,D2,Downtrend,Medium,-0.015150323616432204,-0.5497122703457822
AVGO,2022-08-31,49.9109992980957,D2,Downtrend,Medium,-0.01437628392635315,-0.7983684508554675
AVGO,2022-09-01,49.20100021362305,D2,Downtrend,Medium,-0.01422530292836166,-1.0484477363593692
AVGO,2022-09-02,50.02199935913086,D2,Downtrend,Medium,0.016686635270485528,-0.6987604372252559
AVGO,2022-09-06,49.81999969482422,D2,Downtrend,Medium,-0.004038216522622262,-0.754221674536761
AVGO,2022-09-07,50.51300048828125,D2,Downtrend,Medium,0.013910092286271603,-0.44628411694633247
AVGO,2022-09-08,51.19300079345703,D2,Downtrend,Medium,0.013461887011315676,-0.1592357041773621
AVGO,2022-09-09,52.2400016784668,D1,Downtrend,Medium,0.020452031894633294,0.2748930829656666
AVGO,2022-09-12,52.90599822998047,D1,Downtrend,Medium,0.012748785032834276,0.5499021467999279
AVGO,2022-09-13,50.3650016784668,D2,Downtrend,Medium,-0.048028515414604844,-0.5124196720737049
AVGO,2022-09-14,51.07500076293945,D2,Downtrend,Medium,0.014097072586343407,-0.22571482082469868
AVGO,2022-09-15,50.013999938964844,D2,Downtrend,Medium,-0.020773388313769403,-0.6663398305522392
AVGO,2022-09-16,50.25,D2,Downtrend,Medium,0.0047186799960643455,-0.573984929274155
AVGO,2022-09-19,50.183998107910156,D2,Downtrend,Medium,-0.0013134704893501548,-0.6069601481602376
AVGO,2022-09-20,49.305999755859375,D2,Downtrend,Medium,-0.017495583954128757,-0.9579844832321726
AVGO,2022-09-21,48.2140007019043,D2,Downtrend,Medium,-0.022147386917660272,-1.3766249448782708
AVGO,2022-09-22,47.76100158691406,D2,Downtrend,Medium,-0.009395592740602865,-1.5238785849119905
AVGO,2022-09-23,46.86800003051758,D2,Downtrend,Medium,-0.018697295423577454,-1.8317339455981083
AVGO,2022-09-26,46.22600173950195,D2,Downtrend,Medium,-0.013698009102107944,-2.0197284517069254
AVGO,2022-09-27,46.474998474121094,D2,Downtrend,Medium,0.005386508139343604,-1.8882601040954516
AVGO,2022-09-28,46.59600067138672,D2,Downtrend,Medium,0.002603597659782686,-1.8157721067948338
AVGO,2022-09-29,45.01300048828125,D2,Downtrend,Medium,-0.03397287664813564,-2.307952877116818
AVGO,2022-09-30,44.4010009765625,D2,Downtrend,Medium,-0.013596061250750857,-2.3787306942195747
AVGO,2022-10-03,45.678001403808594,D2,Downtrend,Medium,0.02876062248957334,-1.8581250680089352
AVGO,2022-10-04,47.986000061035156,D2,Downtrend,Medium,0.05052757533813912,-1.0775527893626242
AVGO,2022-10-05,48.47999954223633,D2,Downtrend,Medium,0.010294658453983141,-0.9151969060911102
AVGO,2022-10-06,47.95000076293945,D2,Downtrend,Medium,-0.010932318158029974,-1.090930882387268
AVGO,2022-10-07,46.04800033569336,D2,Downtrend,Medium,-0.03966632736148257,-1.686609281626387
AVGO,2022-10-10,43.77000045776367,D2,Downtrend,Medium,-0.04947011512601851,-2.301574053318498
AVGO,2022-10-11,43.07600021362305,D2,Downtrend,Medium,-0.015855614276502172,-2.3728949517895592
AVGO,2022-10-12,43.05699920654297,D2,Downtrend,Medium,-0.0004411042572627366,-2.2361895566160244
AVGO,2022-10-13,43.797000885009766,D2,Downtrend,Medium,0.01718655949331338,-1.9235938159048804
AVGO,2022-10-14,42.709999084472656,D2,Downtrend,Medium,-0.02481909214265754,-2.1010707638890658
AVGO,2022-10-17,43.5369987487793,D2,Downtrend,Medium,0.019363139359263037,-1.7937683912595437
AVGO,2022-10-18,43.483001708984375,D2,Downtrend,Medium,-0.0012402563646267684,-1.7283765503616466
AVGO,2022-10-19,43.529998779296875,D2,Downtrend,Medium,0.001080814765894722,-1.6452457371989264
AVGO,2022-10-20,43.029998779296875,D2,Downtrend,Medium,-0.011486331587902576,-1.691811569161543
AVGO,2022-10-21,44.972999572753906,D2,Downtrend,Medium,0.0451545630624528,-1.17916869428001
AVGO,2022-10-24,45.652000427246094,D2,Downtrend,Medium,0.01509796680103026,-0.9823180552784416
AVGO,2022-10-25,46.00699996948242,D2,Downtrend,Medium,0.007776209999867945,-0.8672959768129368
AVGO,2022-10-26,46.11800003051758,D2,Downtrend,Medium,0.002412677660112328,-0.8128414655988629
AVGO,2022-10-27,45.540000915527344,D2,Downtrend,Medium,-0.012533048150564996,-0.9211840204137938
AVGO,2022-10-28,47.290000915527344,D2,Downtrend,Medium,0.038427755046515966,-0.4721827463758882
AVGO,2022-10-31,47.012001037597656,D2,Downtrend,Medium,-0.005878618577873751,-0.5157407957642419
AVGO,2022-11-01,46.790000915527344,D2,Downtrend,Medium,-0.00472220107994914,-0.5465205723771573
AVGO,2022-11-02,45.60300064086914,D2,Downtrend,Medium,-0.025368673892551596,-0.8195054473846916
AVGO,2022-11-03,44.4119987487793,D2,Downtrend,Medium,-0.02611674397194108,-1.091257508816685
AVGO,2022-11-04,46.529998779296875,D2,Downtrend,Medium,0.04768981559461549,-0.5188924142970827
AVGO,2022-11-07,47.52199935913086,D2,Downtrend,Medium,0.02131959178720999,-0.22884307497121986
AVGO,2022-11-08,48.21099853515625,D2,Downtrend,Medium,0.014498530897627537,-0.0070128691712730735
AVGO,2022-11-09,46.946998596191406,D2,Downtrend,Medium,-0.02621808254071145,-0.3359943567742611
AVGO,2022-11-10,50.65700149536133,D2,Downtrend,Medium,0.07902534794782179,0.7769108218652633
AVGO,2022-11-11,51.808998107910156,D2,Downtrend,Medium,0.02274111334154494,1.1820132288173406
AVGO,2022-11-14,51.321998596191406,D2,Downtrend,Medium,-0.009399902130985183,1.0818832314761377
AVGO,2022-11-15,52.44200134277344,D1,Downtrend,Medium,0.02182305399667639,1.4454045984367943
AVGO,2022-11-16,51.17300033569336,D2,Downtrend,Medium,-0.024198180362827615,1.0640079025340134
AVGO,2022-11-17,51.21099853515625,D2,Downtrend,Medium,0.0007425439042780813,1.1021593018804394
AVGO,2022-11-18,51.51599884033203,D2,Downtrend,Medium,0.0059557578235152064,1.2660641083143174
AVGO,2022-11-21,51.74399948120117,D2,Downtrend,Medium,0.00442582199708097,1.349268427697156
AVGO,2022-11-22,53.005001068115234,D1,Downtrend,Medium,0.02437000617573415,1.7463076317378103
AVGO,2022-11-23,53.36399841308594,D1,Downtrend,Medium,0.0067728957218464725,1.812750308521987
AVGO,2022-11-25,52.99100112915039,D1,Downtrend,Medium,-0.006989680215642946,1.6402389435309632
AVGO,2022-11-28,52.22100067138672,D1,Downtrend,Medium,-0.01453077770482225,1.3554822414866714
AVGO,2022-11-29,52.138999938964844,D1,Downtrend,Medium,-0.0015702635217177408,1.3035610783992462
AVGO,2022-11-30,55.10300064086914,D1,Downtrend,Medium,0.056848054342699905,2.1266511286277243
AVGO,2022-12-01,55.07500076293945,D1,Downtrend,Medium,-0.0005081370815388508,2.028927174443131
AVGO,2022-12-02,54.08000183105469,D1,Downtrend,Medium,-0.01806625361963332,1.6914360212093502
AVGO,2022-12-05,53.06399917602539,D1,Downtrend,Medium,-0.018787030706901242,1.3876982500479655
AVGO,2022-12-06,52.582000732421875,D1,Downtrend,Medium,-0.009083341834161707,1.2536732747146972
AVGO,2022-12-07,51.849998474121094,D2,Downtrend,Medium,-0.013921156443357452,1.0302177529412027
AVGO,2022-12-08,53.108001708984375,D1,Downtrend,Medium,0.02426235818485445,1.3650529386700012
AVGO,2022-12-09,54.47200012207031,D1,Downtrend,Medium,0.025683482134391644,1.6897504776300778
AVGO,2022-12-12,55.66299819946289,D1,Downtrend,Medium,0.021864408773747623,1.9328808371083503
AVGO,2022-12-13,57.104000091552734,D1,Downtrend,Medium,0.025887967567362447,2.1947142165340177
AVGO,2022-12-14,57.444000244140625,D1,Downtrend,Medium,0.005954051415711259,2.1559704962073454
AVGO,2022-12-15,55.79999923706055,D1,Downtrend,Medium,-0.02861919434741611,1.6778655107632017
AVGO,2022-12-16,55.590999603271484,D1,Downtrend,Medium,-0.003745513201553141,1.5631811363391215
AVGO,2022-12-19,54.9630012512207,D1,Downtrend,Medium,-0.011296763082738748,1.3641187203536993
AVGO,2022-12-20,54.402000427246094,D1,Downtrend,Medium,-0.010206881196505813,1.192076858953716
AVGO,2022-12-21,56.12300109863281,D1,Downtrend,Medium,0.03163487845797652,1.5247442564232832
AVGO,2022-12-22,55.308998107910156,D1,Downtrend,Medium,-0.014503910603285375,1.2932925125023444
AVGO,2022-12-23,55.24300003051758,D1,Downtrend,Medium,-0.0011932611265857984,1.2348819334610024
AVGO,2022-12-27,55.354000091552734,D1,Downtrend,Medium,0.0020093054499907836,1.2179361208091135
AVGO,2022-12-28,54.48899841308594,D1,Downtrend,Medium,-0.015626723941108644,0.9919290192227858
AVGO,2022-12-29,55.78099822998047,D1,Downtrend,Medium,0.02371120509684843,1.235750830436402
AVGO,2022-12-30,55.91299819946289,D1,Downtrend,Medium,0.0023663966883167298,1.2229056713210935
AVGO,2023-01-03,55.347999572753906,D1,Downtrend,Medium,-0.010104960293730314,1.0653169236383673
AVGO,2023-01-04,56.02399826049805,D1,Downtrend,Medium,0.012213606507233354,1.1700530390466828
AVGO,2023-01-05,55.50199890136719,D1,Downtrend,Medium,-0.009317424234944638,1.025884178031693
AVGO,2023-01-06,58.84299850463867,D1,Downtrend,Medium,0.06019602301547344,1.6909441696436438
AVGO,2023-01-09,57.68899917602539,D1,Downtrend,Medium,-0.01961149767924064,1.4012162554888432
AVGO,2023-01-10,57.49300003051758,D1,Downtrend,Medium,-0.003397513361425575,1.3194349889762766
AVGO,2023-01-11,57.81399917602539,D1,Downtrend,Medium,0.005583273534820243,1.35781765000455
AVGO,2023-01-12,58.194000244140625,D1,Downtrend,Medium,0.006572821004100504,1.405950061422014
AVGO,2023-01-13,57.900001525878906,D1,Downtrend,Medium,-0.005052045176965114,1.308396934848762
AVGO,2023-01-17,57.92399978637695,D1,Downtrend,Medium,0.0004144777178860526,1.286067796024262
AVGO,2023-01-18,57.42900085449219,D1,Downtrend,Medium,-0.008545662138497279,1.1502021245068652
AVGO,2023-01-19,56.321998596191406,D1,Downtrend,Medium,-0.01927601458896333,0.855414291431782
AVGO,2023-01-20,57.077999114990234,D1,Downtrend,Medium,0.013422828337805948,1.0173083638362854
AVGO,2023-01-23,58.16299819946289,D1,Downtrend,Medium,0.019009059555272767,1.2616004086510537
AVGO,2023-01-24,58.50299835205078,D1,Downtrend,Medium,0.005845643503828768,1.3166288798633232
AVGO,2023-01-25,58.56800079345703,D1,Downtrend,Medium,0.0011110958965740991,1.3081515564948076
AVGO,2023-01-26,59.858001708984375,D1,Downtrend,Medium,0.02202569488544781,1.6059994517320177
AVGO,2023-01-27,59.0989990234375,D1,Downtrend,Medium,-0.01268005385874671,1.3659792420620624
AVGO,2023-01-30,58.14500045776367,D1,Downtrend,Medium,-0.016142381113688375,1.0796084387557223
AVGO,2023-01-31,58.500999450683594,D1,Downtrend,Medium,0.006122607104948274,1.168841563099422
AVGO,2023-02-01,60.275001525878906,D1,Downtrend,Medium,0.030324303718790357,1.7092533536000871
AVGO,2023-02-02,60.57699966430664,D1,Downtrend,Medium,0.005010338129947112,1.787929243844688
AVGO,2023-02-03,59.762001037597656,D1,Downtrend,Medium,-0.013453928573969987,1.5087076267659345
AVGO,2023-02-06,60.130001068115234,D1,Downtrend,Medium,0.006157759514880734,1.60789890145421
AVGO,2023-02-07,61.44499969482422,D1,Downtrend,Medium,0.021869259992517875,2.058076391689085
AVGO,2023-02-08,60.17100143432617,D1,Downtrend,Medium,-0.020733961540004064,1.5578454681316194
AVGO,2023-02-09,59.941001892089844,D1,Downtrend,Medium,-0.0038224316822674798,1.4272133419161313
AVGO,2023-02-10,59.32500076293945,D1,Downtrend,Medium,-0.010276790672591019,1.1725314090597674
AVGO,2023-02-13,60.11199951171875,D1,Downtrend,Medium,0.013265886871609345,1.410003452567042
AVGO,2023-02-14,60.23099899291992,D1,Downtrend,Medium,0.0019796293945932852,1.4159305141480054
AVGO,2023-02-15,60.76900100708008,D1,Downtrend,Medium,0.00893231098862235,1.571779811813495
AVGO,2023-02-16,60.05400085449219,D1,Downtrend,Medium,-0.011765869781281912,1.2742203279330544
AVGO,2023-02-17,59.558998107910156,D1,Downtrend,Medium,-0.008242627294414495,1.059998239335623
AVGO,2023-02-21,58.15399932861328,D1,Downtrend,Medium,-0.023590033814055666,0.4920964482618984
AVGO,2023-02-22,57.617000579833984,D1,Downtrend,Medium,-0.009234081146248463,0.25731935888886376
AVGO,2023-02-23,58.380001068115234,D1,Downtrend,Medium,0.01324262770714757,0.5368564907539507
AVGO,2023-02-24,57.775001525878906,D1,Downtrend,Medium,-0.01036313003027256,0.26130721889264824
AVGO,2023-02-27,58.54499816894531,D1,Downtrend,Medium,0.01332750536962779,0.5616583224254966
AVGO,2023-02-28,59.42900085449219,D1,Downtrend,Medium,0.015099542457852388,0.917556502267394
AVGO,2023-03-01,59.356998443603516,D1,Downtrend,Medium,-0.0012115702746705592,0.8565943494649273
AVGO,2023-03-02,59.8650016784668,D1,Downtrend,Medium,0.008558438738204499,1.0468374348841234
AVGO,2023-03-03,63.2760009765625,D1,Downtrend,Medium,0.05697818762982898,2.4348593259903746
AVGO,2023-03-06,63.29199981689453,D1,Downtrend,Medium,0.00025284215318777115,2.350160821771255
AVGO,2023-03-07,62.51499938964844,D1,Downtrend,Medium,-0.012276439826423236,1.9892432407527174
AVGO,2023-03-08,63.22600173950195,D1,Downtrend,Medium,0.011373308114776215,2.2256632821099696
AVGO,2023-03-09,62.25199890136719,D1,Downtrend,Medium,-0.015405099347381879,1.73273120061194
AVGO,2023-03-10,61.483001708984375,D1,Downtrend,Medium,-0.012352971887717556,1.3453417951127495
AVGO,2023-03-13,61.64699935913086,D1,Downtrend,Medium,0.00266736570414583,1.3657052778418355
AVGO,2023-03-14,63.24599838256836,D1,Downtrend,Medium,0.0259379862776834,1.9536097995308705
AVGO,2023-03-15,62.604000091552734,D1,Downtrend,Medium,-0.010150812817156352,1.6182385548388376
AVGO,2023-03-16,63.650001525878906,D1,Downtrend,Medium,0.016708220445921906,1.9584840109497699
AVGO,2023-03-17,63.09700012207031,D1,Downtrend,Medium,-0.008688160102930276,1.6733649414670775
AVGO,2023-03-20,64.37100219726562,D1,Downtrend,Medium,0.020191167135213517,2.1046641828868515
AVGO,2023-03-21,63.67499923706055,D1,Downtrend,Medium,-0.010812367936608669,1.7487365190635877
AVGO,2023-03-22,63.09199905395508,D1,Downtrend,Medium,-0.009155872635898676,1.4698580990811057
AVGO,2023-03-23,63.92300033569336,D1,Downtrend,Medium,0.01317126250869971,1.738762293033631
AVGO,2023-03-24,63.617000579833984,D1,Downtrend,Medium,-0.00478700552621758,1.5669826290984203
AVGO,2023-03-27,62.683998107910156,D1,Downtrend,Medium,-0.0146659299152746,1.1713682939973287
AVGO,2023-03-28,62.470001220703125,D1,Downtrend,Medium,-0.003413899777717333,1.0533393796990391
AVGO,2023-03-29,62.54999923706055,D1,Downtrend,Medium,0.0012805829165072335,1.056206787035774
AVGO,2023-03-30,63.375,D1,Downtrend,Medium,0.013189460799395869,1.3723354401945274
AVGO,2023-03-31,64.15399932861328,D1,Downtrend,Medium,0.01229190262111679,1.6549121568211556
AVGO,2023-04-03,64.24700164794922,D1,Downtrend,Medium,0.0014496729792254914,1.6555737920045985
AVGO,2023-04-04,63.441001892089844,D1,Downtrend,Medium,-0.012545328734187011,1.257943573904171
AVGO,2023-04-05,62.9010009765625,D1,Downtrend,Medium,-0.008511859829166357,0.9913221627653589
AVGO,2023-04-06,62.263999938964844,D1,Downtrend,Medium,-0.010127041346051247,0.688081097089695
AVGO,2023-04-10,62.73899841308594,D1,Downtrend,Medium,0.007628781873742829,0.8675309504311975
AVGO,2023-04-11,62.15700149536133,D1,Downtrend,Medium,-0.009276477668524907,0.5851519186881022
AVGO,2023-04-12,61.66999816894531,D1,Downtrend,Medium,-0.00783505179947197,0.3441149921625753
AVGO,2023-04-13,62.42399978637695,D1,Downtrend,Medium,0.012226392732590075,0.6601798397986252
AVGO,2023-04-14,61.95399856567383,D1,Downtrend,Medium,-0.0075291750338256636,0.4188457902743734
AVGO,2023-04-17,62.736000061035156,D1,Downtrend,Medium,0.012622292563285953,0.765424208916951
AVGO,2023-04-18,63.231998443603516,D1,Downtrend,Medium,0.007906120601979927,0.9839834345547933
AVGO,2023-04-19,63.45000076293945,D1,Downtrend,Low,0.0034476582221321106,1.0614229551863488
AVGO,2023-04-20,63.301998138427734,D1,Downtrend,Low,-0.0023325866466838985,0.955682027928249
AVGO,2023-04-21,63.290000915527344,D1,Downtrend,Low,-0.00018952360515001043,0.9198630559403947
AVGO,2023-04-24,63.45399856567383,D1,Downtrend,Low,0.0025912094766022964,0.9721619323073404
AVGO,2023-04-25,62.20199966430664,D1,Downtrend,Low,-0.019730811763917333,0.30065048218433194
AVGO,2023-04-26,61.61899948120117,D1,Downtrend,Low,-0.009372691975367609,-0.03711609282054526
AVGO,2023-04-27,61.840999603271484,D1,Downtrend,Low,0.0036027868667039,0.05430875200665269
AVGO,2023-04-28,62.650001525878906,D1,Downtrend,Low,0.013081967105923464,0.4836001428135249
AVGO,2023-05-01,63.79499816894531,D1,Downtrend,Medium,0.018276083243085717,1.0853222331365975
AVGO,2023-05-02,61.23400115966797,D1,Downtrend,Medium,-0.04014416620085437,-0.3511045287300192
AVGO,2023-05-03,61.31999969482422,D1,Downtrend,Medium,0.0014044245603355154,-0.3163547123021156
AVGO,2023-05-04,61.01599884033203,D1,Downtrend,Medium,-0.004957613437787556,-0.48307984028474066
AVGO,2023-05-05,63.012001037597656,D1,Downtrend,Medium,0.03271276771996812,0.6173648191205401
AVGO,2023-05-08,62.90599822998047,D1,Downtrend,Medium,-0.0016822637889873926,0.5339212098558536
AVGO,2023-05-09,61.85100173950195,D1,Downtrend,Medium,-0.016770999907218864,-0.0940553769974644
AVGO,2023-05-10,62.62699890136719,D1,Downtrend,Medium,0.012546234338022488,0.3365803270140883
AVGO,2023-05-11,62.766998291015625,D1,Downtrend,Medium,0.0022354478436517056,0.39745454024559285
AVGO,2023-05-12,63.1150016784668,D1,Downtrend,Medium,0.005544368807277822,0.5820484681569039
AVGO,2023-05-15,63.97999954223633,D1,Downtrend,Medium,0.013705107197432786,1.0611226717693665
AVGO,2023-05-16,64.14399719238281,D1,Downtrend,Medium,0.002563264321973291,1.1255124220283639
AVGO,2023-05-17,65.74700164794922,D1,Downtrend,Medium,0.024990716602188323,2.053796756627712
AVGO,2023-05-18,67.79000091552734,D1,Downtrend,Medium,0.031073649236776246,3.161017295536779
AVGO,2023-05-19,68.2249984741211,D1,Downtrend,Medium,0.006416839544460151,3.200771787072654
AVGO,2023-05-22,67.83699798583984,D1,Downtrend,Medium,-0.005687072143041871,2.8792459813487734
AVGO,2023-05-23,68.6500015258789,D1,Downtrend,Medium,0.011984662708818039,3.145883874475738
AVGO,2023-05-24,67.9530029296875,D1,Downtrend,Medium,-0.010152929070637473,2.6078242556719693
AVGO,2023-05-25,72.87999725341797,D1,Downtrend,Medium,0.07250591013363361,4.411173567820836
AVGO,2023-05-26,81.27300262451172,D1,Downtrend,High,0.11516198802683308,5.633720061317605
AVGO,2023-05-30,80.33399963378906,D1,Downtrend,High,-0.011553688929901273,4.317424308379411
AVGO,2023-05-31,80.7959976196289,D1,Downtrend,High,0.005750964572234896,3.7867538830244416
AVGO,2023-06-01,78.99500274658203,D1,Downtrend,High,-0.022290644661949632,3.0383473480627727
AVGO,2023-06-02,81.19999694824219,D1,Downtrend,High,0.0279130846888358,3.138572051851484
AVGO,2023-06-05,80.2300033569336,D1,Downtrend,High,-0.011945734332070024,2.710343058567709
AVGO,2023-06-06,79.0,D1,Downtrend,High,-0.015330964794572632,2.3278326979331494
AVGO,2023-06-07,79.26300048828125,D1,Downtrend,High,0.003329120104826,2.229542901930209
AVGO,2023-06-08,80.41999816894531,D1,Downtrend,High,0.014596945277577822,2.2698529281955553
AVGO,2023-06-09,80.46199798583984,D1,Downtrend,High,0.0005222558797663979,2.144833075769331
AVGO,2023-06-12,85.53600311279297,D1,Downtrend,High,0.06306088904038987,2.6843941833464346
AVGO,2023-06-13,85.11199951171875,D1,Downtrend,High,-0.0049570190989062235,2.441389553847141
AVGO,2023-06-14,88.61799621582031,D1,Downtrend,High,0.0411927427885046,2.6828097402911837
AVGO,2023-06-15,88.34300231933594,D1,Downtrend,High,-0.003103138281468909,2.4613584757292837
AVGO,2023-06-16,86.81099700927734,D1,Downtrend,High,-0.017341558129537082,2.1448068771054833
AVGO,2023-06-20,86.8030014038086,D1,Downtrend,High,-9.210360143541152e-05,2.0283898623183334
AVGO,2023-06-21,84.76599884033203,D1,Downtrend,High,-0.023466960019048244,1.719523439979641
AVGO,2023-06-22,84.24299621582031,D1,Downtrend,High,-0.006169957667777393,1.5936114289985377
AVGO,2023-06-23,82.21499633789062,D1,Downtrend,High,-0.024073216398122876,1.3256762806338278
AVGO,2023-06-26,82.16300201416016,D1,Downtrend,High,-0.0006324189752047182,1.2737241686161958
AVGO,2023-06-27,84.83999633789062,D1,Downtrend,Medium,0.032581505764226026,1.4957608607072628
AVGO,2023-06-28,84.79399871826172,D1,Downtrend,Medium,-0.0005421690430739146,1.4344817815006852
AVGO,2023-06-29,86.25700378417969,D1,Downtrend,Medium,0.017253639267313936,1.5217047054785606
AVGO,2023-06-30,86.74299621582031,D1,Downtrend,Medium,0.0056342373409654645,1.5091420140454177
AVGO,2023-07-03,87.64399719238281,D1,Downtrend,Medium,0.010387017002741805,1.5355986423933379
AVGO,2023-07-05,86.18599700927734,D1,Downtrend,Medium,-0.01663548251804503,1.3429308129482267
AVGO,2023-07-06,84.80000305175781,D1,Downtrend,Medium,-0.016081428603423098,1.1674063770730243
AVGO,2023-07-07,84.67500305175781,D1,Downtrend,Medium,-0.0014740565507256331,1.1170266515789573
AVGO,2023-07-10,87.77300262451172,D1,Downtrend,Medium,0.03658694373899518,1.366654935505321
AVGO,2023-07-11,88.20500183105469,D1,Downtrend,Medium,0.004921777695028107,1.358432171134911
AVGO,2023-07-12,88.99500274658203,D1,Downtrend,Medium,0.00895641856048579,1.383548355332305
AVGO,2023-07-13,89.03600311279297,D1,Downtrend,Medium,0.00046070414007060023,1.3391693802956337
AVGO,2023-07-14,88.85800170898438,D1,Downtrend,Medium,-0.0019992070351934066,1.2772099703275983
AVGO,2023-07-17,91.03500366210938,D1,Downtrend,Medium,0.0244997851769706,1.4288758905316263
AVGO,2023-07-18,90.34300231933594,D1,Downtrend,Medium,-0.0076014864056237474,1.3175678537967572
AVGO,2023-07-19,90.13700103759766,D1,Downtrend,Medium,-0.0022802129268421067,1.2552614208231099
AVGO,2023-07-20,88.83399963378906,D1,Downtrend,Medium,-0.014455788286822258,1.0974935229515392
AVGO,2023-07-21,89.67500305175781,D1,Downtrend,Medium,0.009467134446672576,1.1396387659596565
AVGO,2023-07-24,90.15899658203125,D1,Downtrend,Medium,0.005397195581851255,1.1497202981117927
AVGO,2023-07-25,91.79900360107422,D1,Downtrend,Medium,0.018190164944335896,1.2660705004200399
AVGO,2023-07-26,89.30899810791016,D1,Downtrend,Medium,-0.02712453725516173,0.9977719722538564
AVGO,2023-07-27,89.35299682617188,D1,Downtrend,Medium,0.0004926571699814808,0.9711597655356894
AVGO,2023-07-28,89.97899627685547,D1,Downtrend,Medium,0.00700591443957288,1.0043100068164763
AVGO,2023-07-31,89.86499786376953,D1,Downtrend,Medium,-0.001266944707131179,0.9667758377768622
AVGO,2023-08-01,92.0,D1,Downtrend,Medium,0.023757883347051534,1.1569419239606962
AVGO,2023-08-02,89.2300033569336,D1,Downtrend,Medium,-0.03010865916376526,0.8442762607534492
AVGO,2023-08-03,88.49800109863281,D1,Downtrend,Medium,-0.008203543995988216,0.7425027159632526
AVGO,2023-08-04,88.16500091552734,D1,Downtrend,Medium,-0.003762798921687849,0.6838384647560432
AVGO,2023-08-07,89.70600128173828,D1,Downtrend,Medium,0.017478595249915463,0.839533419339246
AVGO,2023-08-08,88.31600189208984,D1,Downtrend,Medium,-0.015495054620514037,0.6542561435132334
AVGO,2023-08-09,85.072998046875,D1,Downtrend,Medium,-0.03672045581476113,0.21884838246008356
AVGO,2023-08-10,84.29000091552734,D1,Downtrend,Medium,-0.009203826705580842,0.0764178869868042
AVGO,2023-08-11,82.97599792480469,D1,Downtrend,Medium,-0.015589073157556421,-0.16016663282479185
AVGO,2023-08-14,85.41000366210938,D1,Downtrend,Medium,0.02933385314040393,0.16367621008184674
AVGO,2023-08-15,84.25199890136719,D1,Downtrend,Medium,-0.013558186524887272,-0.06846003340468561
AVGO,2023-08-16,83.29900360107422,D1,Downtrend,Medium,-0.011311248548638297,-0.29280800181081046
AVGO,2023-08-17,82.70999908447266,D1,Downtrend,Medium,-0.007070967132120298,-0.4866799307591039
AVGO,2023-08-18,82.58399963378906,D1,Downtrend,Medium,-0.0015233883699468098,-0.6164665226059083
AVGO,2023-08-21,86.51399993896484,D1,Downtrend,Medium,0.04758791439749821,0.20804678344975747
AVGO,2023-08-22,85.5790023803711,D1,Downtrend,Medium,-0.010807471152107007,-0.0926169382952451
AVGO,2023-08-23,87.65799713134766,D1,Downtrend,Medium,0.024293280981894316,0.46876913034895784
AVGO,2023-08-24,85.44599914550781,D1,Downtrend,Medium,-0.025234411670681522,-0.19071869723469026
AVGO,2023-08-25,85.18199920654297,D1,Downtrend,Medium,-0.0030896699857798637,-0.2950200198647832
AVGO,2023-08-28,86.10800170898438,D1,Downtrend,Medium,0.010870870736387594,-0.05685224268008596
AVGO,2023-08-29,88.99299621582031,D1,Downtrend,Medium,0.03350437183046284,0.8110065712703688
AVGO,2023-08-30,89.22799682617188,D1,Downtrend,Medium,0.0026406641010452425,0.8612183211437406
AVGO,2023-08-31,92.28900146484375,D1,Downtrend,Medium,0.03430542820136506,1.8270506346915885
AVGO,2023-09-01,87.25199890136719,D1,Downtrend,Medium,-0.05457857906714203,0.11481660086892276
AVGO,2023-09-05,87.21700286865234,D1,Downtrend,Medium,-0.0004010914724648096,0.06566973241906339
AVGO,2023-09-06,87.22699737548828,D1,Downtrend,Medium,0.00011459355982434971,0.029282728366995497
AVGO,2023-09-07,85.7030029296875,D1,Downtrend,Medium,-0.01747159126939113,-0.5653711112833146
AVGO,2023-09-08,85.75499725341797,D1,Downtrend,Medium,0.0006066803023592193,-0.5508682517517571
AVGO,2023-09-11,85.91400146484375,D1,Downtrend,Medium,0.0018541684626949273,-0.4715623812845701
AVGO,2023-09-12,84.4520034790039,D1,Downtrend,Medium,-0.017016993282964465,-1.0107678732734748
AVGO,2023-09-13,85.29299926757812,D1,Downtrend,Medium,0.009958269240863071,-0.671845827116671
AVGO,2023-09-14,87.16400146484375,D1,Downtrend,Medium,0.021936175457917484,0.04948401822270393
AVGO,2023-09-15,85.16799926757812,D1,Downtrend,Medium,-0.022899386945546385,-0.7266806951782503
AVGO,2023-09-18,85.0,D1,Downtrend,Medium,-0.0019725632752075617,-0.800444045760335
AVGO,2023-09-19,84.91999816894531,D1,Downtrend,Medium,-0.0009411980124081065,-0.8706752579531026
AVGO,2023-09-20,83.05699920654297,D1,Downtrend,Medium,-0.021938283120260693,-1.6384350471772116
AVGO,2023-09-21,80.83599853515625,D1,Downtrend,Medium,-0.026740680407482786,-2.398101442795528
AVGO,2023-09-22,82.90799713134766,D1,Downtrend,Medium,0.025632127192568577,-1.5626627466601084
AVGO,2023-09-25,83.38899993896484,D1,Downtrend,Medium,0.005801645489700524,-1.3412581643074957
AVGO,2023-09-26,81.61900329589844,D1,Downtrend,Medium,-0.021225780910694714,-1.9094644630706978
AVGO,2023-09-27,81.68099975585938,D1,Downtrend,Medium,0.0007595836442180204,-1.7997065042343499
AVGO,2023-09-28,83.19999694824219,D1,Downtrend,Medium,0.018596701765686285,-1.2306043330451217
AVGO,2023-09-29,83.05799865722656,D1,Downtrend,Medium,-0.0017067102911549892,-1.2574334625853867
AVGO,2023-10-02,83.49500274658203,D1,Downtrend,Medium,0.005261432931449983,-1.0932525836462599
AVGO,2023-10-03,81.48300170898438,D1,Downtrend,Medium,-0.02409726296679493,-1.7043768340391652
AVGO,2023-10-04,82.38099670410156,D1,Downtrend,Medium,0.011020642051508656,-1.3533408383255432
AVGO,2023-10-05,82.38600158691406,D1,Downtrend,Medium,6.0752880066239356e-05,-1.3036781407226297
AVGO,2023-10-06,84.5260009765625,D1,Downtrend,Medium,0.02597527915456399,-0.5816734458893679
AVGO,2023-10-09,85.58799743652344,D1,Downtrend,Medium,0.012564139409072528,-0.21659990556472902
AVGO,2023-10-10,85.84100341796875,D1,Downtrend,Medium,0.002956091847258868,-0.1068696761530279
AVGO,2023-10-11,87.45600128173828,D1,Downtrend,Medium,0.01881382788486219,0.4612109031831943
AVGO,2023-10-12,90.55999755859375,D1,Downtrend,Medium,0.035492090095178064,1.5167948014449135
AVGO,2023-10-13,88.31800079345703,D1,Downtrend,Medium,-0.024757032084570363,0.7562711075680968
AVGO,2023-10-16,90.25700378417969,D1,Downtrend,Medium,0.02195478807607132,1.4102819686358403
AVGO,2023-10-17,88.44000244140625,D1,Downtrend,Medium,-0.020131416583672568,0.8097531607455107
AVGO,2023-10-18,88.7030029296875,D1,Downtrend,Medium,0.002973772964959931,0.943039820873217
AVGO,2023-10-19,86.78299713134766,D1,Downtrend,Medium,-0.021645330314936206,0.28169072963664504
AVGO,2023-10-20,85.36299896240234,D1,Downtrend,Medium,-0.01636263111305225,-0.2049825289004898
AVGO,2023-10-23,86.22200012207031,D1,Downtrend,Medium,0.010062921524656154,0.13119622082216
AVGO,2023-10-24,88.11100006103516,D1,Downtrend,Medium,0.021908560881102934,0.8498385003759722
AVGO,2023-10-25,84.96299743652344,D1,Downtrend,Medium,-0.035727691461123756,-0.29657141996450775
AVGO,2023-10-26,82.67500305175781,D1,Downtrend,Medium,-0.02692930397700488,-1.155909860416369
AVGO,2023-10-27,83.83599853515625,D1,Downtrend,Medium,0.014042884070673889,-0.6731025930799607
AVGO,2023-10-30,84.125,D1,Downtrend,Medium,0.003447223983651382,-0.5355004831358992
AVGO,2023-10-31,84.13700103759766,D1,Downtrend,Medium,0.0001426572076987931,-0.5051942203059807
AVGO,2023-11-01,85.29399871826172,D1,Downtrend,Medium,0.013751353939357225,-0.011778577574694376
AVGO,2023-11-02,87.12999725341797,D1,Downtrend,Medium,0.021525530081205613,0.7307959144969839
AVGO,2023-11-03,88.26799774169922,D1,Downtrend,Medium,0.013060949433653324,1.1607058710072666
AVGO,2023-11-06,88.08300018310547,D1,Downtrend,Medium,-0.0020958621847876335,1.049537066085769
AVGO,2023-11-07,89.78199768066406,D1,Downtrend,Medium,0.01928859705081276,1.670689822418765
AVGO,2023-11-08,91.11299896240234,D1,Downtrend,Medium,0.014824812502751028,2.0778326379283913
AVGO,2023-11-09,91.13800048828125,D1,Downtrend,Medium,0.00027440130567124577,1.9816360067705843
AVGO,2023-11-10,95.75199890136719,U1,Uptrend,Medium,0.05062650473310759,3.3023755251221227
AVGO,2023-11-13,94.69300079345703,U1,Uptrend,Medium,-0.011059801571359551,2.7170857691465704
AVGO,2023-11-14,97.2959976196289,U1,Uptrend,Medium,0.027488798584485608,3.1778519805847862
AVGO,2023-11-15,97.54000091552734,U1,Uptrend,Medium,0.002507845151579202,2.944404697706087
AVGO,2023-11-16,95.95500183105469,U1,Uptrend,Medium,-0.016249734156198237,2.359211450080345
AVGO,2023-11-17,97.77300262451172,U1,Uptrend,Medium,0.018946389023658528,2.608013835256239
AVGO,2023-11-20,99.57099914550781,U1,Uptrend,Medium,0.018389498867096732,2.7823533652264345
AVGO,2023-11-21,98.12000274658203,U1,Uptrend,Medium,-0.014572480053206771,2.2994823805738194
AVGO,2023-11-22,97.19999694824219,U1,Uptrend,Medium,-0.009376332782174646,2.001769441474235
AVGO,2023-11-24,97.88700103759766,U1,Uptrend,Medium,0.007067943528036302,2.0392413257940323
AVGO,2023-11-27,95.02400207519531,U1,Uptrend,Medium,-0.029247999551060833,1.441820594808718
AVGO,2023-11-28,94.63500213623047,U1,Uptrend,Medium,-0.004093701911828673,1.320347084057666
AVGO,2023-11-29,94.08300018310547,U1,Uptrend,Medium,-0.005832957580857556,1.1763857327390714
AVGO,2023-11-30,92.572998046875,D1,Downtrend,Medium,-0.01604968095502568,0.8631043035551088
AVGO,2023-12-01,93.0,D1,Downtrend,Medium,0.004612597216617997,0.9164396816648003
AVGO,2023-12-04,92.39700317382812,D1,Downtrend,Medium,-0.006483836840557755,0.7780100814812613
AVGO,2023-12-05,91.31199645996094,D1,Downtrend,Medium,-0.011742877762235926,0.5547341824349289
AVGO,2023-12-06,90.36399841308594,D1,Downtrend,Medium,-0.010381966046385638,0.35781119849443555
AVGO,2023-12-07,92.22599792480469,D1,Downtrend,Medium,0.020605545841463124,0.6892233695034303
AVGO,2023-12-08,94.43000030517578,U1,Uptrend,Medium,0.023897842581959372,1.0747133774137232
AVGO,2023-12-11,102.92400360107422,U1,Uptrend,Medium,0.08995026229426872,2.483874133604777
AVGO,2023-12-12,107.22799682617188,U1,Uptrend,Medium,0.041817195935941465,2.950620558238927
AVGO,2023-12-13,108.96900177001953,U1,Uptrend,Medium,0.01623647736952516,2.940219738739555
AVGO,2023-12-14,110.64900207519531,U1,Uptrend,Medium,0.015417231303278767,2.9158662909074815
AVGO,2023-12-15,112.9739990234375,U1,Uptrend,Medium,0.02101236255761396,2.9675897488309286
AVGO,2023-12-18,114.69999694824219,U1,Uptrend,Medium,0.015277833304339516,2.9170874948261143
AVGO,2023-12-19,113.95800018310547,U1,Uptrend,Medium,-0.0064690216641551945,2.6152506372968713
AVGO,2023-12-20,111.03800201416016,U1,Uptrend,Medium,-0.025623459206492893,2.1495178381108624
AVGO,2023-12-21,112.72899627685547,U1,Uptrend,Medium,0.015228968749632754,2.2141709143823656
AVGO,2023-12-22,112.197998046875,U1,Uptrend,Medium,-0.00471039614933122,2.0445262147355816
AVGO,2023-12-26,113.18900299072266,U1,Uptrend,Medium,0.008832643728933887,2.0424370746541345
AVGO,2023-12-27,112.61699676513672,U1,Uptrend,Medium,-0.005053549465691698,1.8899587987135502
AVGO,2023-12-28,112.24099731445312,U1,Uptrend,Medium,-0.0033387451404670587,1.7756882636442022
AVGO,2023-12-29,111.625,U1,Uptrend,Medium,-0.0054881667945925194,1.6468554368555883
AVGO,2024-01-02,108.53800201416016,U1,Uptrend,Medium,-0.027655077140782525,1.2918055725335722
AVGO,2024-01-03,105.85800170898438,U1,Uptrend,Medium,-0.024691815359067837,0.9881427872764421
AVGO,2024-01-04,104.9010009765625,U1,Uptrend,Medium,-0.009040419401197264,0.8616708623058713
AVGO,2024-01-05,104.9280014038086,U1,Uptrend,Medium,0.0002573896053872371,0.8354320325170344
AVGO,2024-01-08,107.48500061035156,U1,Uptrend,Medium,0.024369083298389826,1.0598750869349167
AVGO,2024-01-09,108.2490005493164,U1,Uptrend,Medium,0.007107967945541027,1.100140934874772
AVGO,2024-01-10,108.05699920654297,U1,Uptrend,Medium,-0.0017737008360272366,1.0451417770973277
AVGO,2024-01-11,109.99800109863281,U1,Uptrend,Medium,0.017962759528235228,1.1983980624151545
AVGO,2024-01-12,110.76799774169922,U1,Uptrend,Medium,0.007000096686993196,1.2316817127289896
AVGO,2024-01-16,111.49600219726562,U1,Uptrend,Medium,0.006572335606029878,1.2590224729695914
AVGO,2024-01-17,110.36699676513672,U1,Uptrend,Medium,-0.010125972320795817,1.1101445920704134
AVGO,2024-01-18,114.39099884033203,U1,Uptrend,Medium,0.03646019365516007,1.4575885952880299
AVGO,2024-01-19,121.12000274658203,U1,Uptrend,Medium,0.05882459262063455,2.0221096859118077
AVGO,2024-01-22,122.05000305175781,U1,Uptrend,Medium,0.0076783378805036495,2.0085090650254784
AVGO,2024-01-23,122.63099670410156,U1,Uptrend,Medium,0.004760291993580523,1.9740519434074932
AVGO,2024-01-24,125.38700103759766,U1,Uptrend,Medium,0.022473961784279517,2.134353313296834
AVGO,2024-01-25,123.0,U1,Uptrend,Medium,-0.019037069375970717,1.8454856291192498
AVGO,2024-01-26,120.48799896240234,U1,Uptrend,Medium,-0.02042277266339554,1.5671278457554678
AVGO,2024-01-29,121.7770004272461,U1,Uptrend,Medium,0.010698173062414051,1.63435450809676
AVGO,2024-01-30,120.81600189208984,U1,Uptrend,Medium,-0.007891461702822844,1.501098746015609
AVGO,2024-01-31,118.0,U1,Uptrend,Medium,-0.023308186399058628,1.2051091723289142
AVGO,2024-02-01,120.0009994506836,U1,Uptrend,Medium,0.016957622463420252,1.350930769556016
AVGO,2024-02-02,122.43399810791016,U1,Uptrend,Medium,0.020274819946199285,1.5315336340610726
AVGO,2024-02-05,124.30999755859375,U1,Uptrend,Medium,0.015322536874358583,1.6498634504017948
AVGO,2024-02-06,122.26499938964844,U1,Uptrend,Medium,-0.01645079405605654,1.4106874437041486
AVGO,2024-02-07,125.70600128173828,U1,Uptrend,Medium,0.028143801654336498,1.6740629760892285
AVGO,2024-02-08,127.47599792480469,U1,Uptrend,Medium,0.01408044663754282,1.7620846029881845
AVGO,2024-02-09,128.343994140625,U1,Uptrend,Medium,0.006809095280292166,1.7664259878386797
AVGO,2024-02-12,126.5,U1,Uptrend,Medium,-0.014367591977888394,1.5369221282886447
AVGO,2024-02-13,125.16500091552734,U1,Uptrend,Medium,-0.010553352446424191,1.3662835068625232
AVGO,2024-02-14,126.22200012207031,U1,Uptrend,Medium,0.008444846393252714,1.410612876662119
AVGO,2024-02-15,126.50700378417969,U1,Uptrend,Medium,0.0022579555214918834,1.3854294253055903
AVGO,2024-02-16,124.5479965209961,U1,Uptrend,Medium,-0.015485366063412997,1.170681584096807
AVGO,2024-02-20,122.65499877929688,U1,Uptrend,Medium,-0.015198941729906545,0.9703915253360971
AVGO,2024-02-21,122.74500274658203,U1,Uptrend,Medium,0.0007337977920256478,0.9469879456201379
AVGO,2024-02-22,130.49000549316406,U1,Uptrend,Medium,0.06309831417391609,1.579658439421576
AVGO,2024-02-23,129.63699340820312,U1,Uptrend,Medium,-0.006536991716240115,1.4571342440079647
AVGO,2024-02-26,130.91299438476562,U1,Uptrend,Medium,0.009842876967568914,1.5230737047056382
AVGO,2024-02-27,129.6230010986328,U1,Uptrend,Medium,-0.009853821556792153,1.3701563279718607
AVGO,2024-02-28,128.94200134277344,U1,Uptrend,Medium,-0.005253695332521957,1.2799819777769796
AVGO,2024-02-29,130.0489959716797,U1,Uptrend,Medium,0.00858521364162379,1.353671163250199
AVGO,2024-03-01,139.91700744628906,U1,Uptrend,Medium,0.07587918231032176,2.2096883058234305
AVGO,2024-03-04,140.2259979248047,U1,Uptrend,Medium,0.002208383985301099,2.180355263006586
AVGO,2024-03-05,134.27499389648438,U1,Uptrend,Medium,-0.04243866413068065,1.6033765392506778
AVGO,2024-03-06,135.0,U1,Uptrend,Medium,0.005399412671539983,1.6619498544518236
AVGO,2024-03-07,140.7010040283203,U1,Uptrend,Medium,0.04222965946903945,2.1952380508396385
AVGO,2024-03-08,130.8719940185547,U1,Uptrend,High,-0.06985742623263191,1.1444440286066582
AVGO,2024-03-11,129.31199645996094,U1,Uptrend,High,-0.011920025902352971,0.9490627794671755
AVGO,2024-03-12,129.18800354003906,U1,Uptrend,High,-0.0009588663334902936,0.9052557589754373
AVGO,2024-03-13,125.78700256347656,U1,Uptrend,High,-0.0263259813865645,0.5194174662240825
AVGO,2024-03-14,126.22699737548828,U1,Uptrend,High,0.0034979354229358606,0.545057438954948
AVGO,2024-03-15,123.55000305175781,U1,Uptrend,High,-0.021207779471828836,0.24108380319540443
AVGO,2024-03-18,123.7239990234375,U1,Uptrend,High,0.001408304066223165,0.24351711333232204
AVGO,2024-03-19,123.8010025024414,U1,Uptrend,High,0.0006223811031951243,0.2312288852372716
AVGO,2024-03-20,127.5999984741211,U1,Uptrend,High,0.03068631024700119,0.6252821284790608
AVGO,2024-03-21,134.8000030517578,U1,Uptrend,High,0.056426368838060625,1.3714279658518713
AVGO,2024-03-22,135.3470001220703,U1,Uptrend,High,0.004057841676030849,1.379991927988534
AVGO,2024-03-25,135.1580047607422,U1,Uptrend,High,-0.0013963764335941375,1.312421158581847
AVGO,2024-03-26,133.1490020751953,U1,Uptrend,High,-0.014864104342937168,1.058901063044828
AVGO,2024-03-27,131.8730010986328,U1,Uptrend,High,-0.009583256026521991,0.8899960013198598
AVGO,2024-03-28,132.54100036621094,U1,Uptrend,High,0.0050654740698476974,0.9351313595437221
AVGO,2024-04-01,135.0260009765625,U1,Uptrend,Medium,0.018748919983140988,1.187293508072401
AVGO,2024-04-02,133.87600708007812,U1,Uptrend,Medium,-0.008516832966740884,1.0378743020618566
AVGO,2024-04-03,136.3209991455078,U1,Uptrend,Medium,0.018263108668659545,1.3134691707502386
AVGO,2024-04-04,131.75,U1,Uptrend,Medium,-0.03353114468174323,0.730084440442383
AVGO,2024-04-05,133.9429931640625,U1,Uptrend,Medium,0.016645109404648917,0.9936665308586836
AVGO,2024-04-08,133.61000061035156,U1,Uptrend,Medium,-0.0024860766946059876,0.9357180580085601
AVGO,2024-04-09,133.4080047607422,U1,Uptrend,Medium,-0.0015118318141353893,0.8910607084163453
AVGO,2024-04-10,132.23699951171875,U1,Uptrend,Medium,-0.00877762358505818,0.7013416436739258
AVGO,2024-04-11,138.24600219726562,U1,Uptrend,Medium,0.04544116024815259,1.6048738220951457
AVGO,2024-04-12,134.40699768066406,U1,Uptrend,Medium,-0.027769370944438765,0.9962193966705588
AVGO,2024-04-15,131.06900024414062,U1,Uptrend,Medium,-0.024834997389452496,0.40605838401222893
AVGO,2024-04-16,132.906005859375,U1,Uptrend,Medium,0.014015561359380202,0.7052729806737442
AVGO,2024-04-17,128.26300048828125,U1,Uptrend,Medium,-0.03493450383277952,-0.14838144223734817
AVGO,2024-04-18,125.89900207519531,U1,Uptrend,Medium,-0.018430867858123423,-0.5934315595549784
AVGO,2024-04-19,120.47100067138672,U1,Uptrend,Medium,-0.043113935093517464,-1.5477481205024715
AVGO,2024-04-22,122.44599914550781,U1,Uptrend,Medium,0.01639397417730737,-1.1875428519491122
AVGO,2024-04-23,124.91899871826172,U1,Uptrend,Medium,0.020196654770362255,-0.7676281868397734
AVGO,2024-04-24,125.68199920654297,U1,Uptrend,Medium,0.0061079619282100595,-0.6478040410545847
AVGO,2024-04-25,129.44200134277344,U1,Uptrend,Medium,0.029916791266594744,0.02211884057278513
AVGO,2024-04-26,134.40699768066406,U1,Uptrend,Medium,0.03835691882376646,0.9401343881402768
AVGO,2024-04-29,133.86199951171875,U1,Uptrend,Medium,-0.004054834780553351,0.8088840634047106
AVGO,2024-04-30,130.02699279785156,U1,Uptrend,Medium,-0.028648957343054282,0.014511649509824807
AVGO,2024-05-01,124.28600311279297,U1,Uptrend,Medium,-0.04415229147061728,-1.1593627785885134
AVGO,2024-05-02,123.85700225830078,U1,Uptrend,Medium,-0.003451722991710149,-1.2623912477323824
AVGO,2024-05-03,127.81099700927734,U1,Uptrend,Medium,0.031923869291867746,-0.4569570084681537
AVGO,2024-05-06,131.031005859375,U1,Uptrend,Medium,0.025193519536225173,0.19810296572961245
AVGO,2024-05-07,130.31100463867188,U1,Uptrend,Medium,-0.005494891960730608,0.04191228429246195
AVGO,2024-05-08,132.53700256347656,U1,Uptrend,Medium,0.017082194485239066,0.48488545075832323
AVGO,2024-05-09,130.56700134277344,U1,Uptrend,Medium,-0.014863782812348014,0.0561834907294728
AVGO,2024-05-10,133.27999877929688,U1,Uptrend,Medium,0.02077858424121337,0.6041218732597422
AVGO,2024-05-13,133.75100708007812,U1,Uptrend,Medium,0.0035339758785652986,0.6793457060206294
AVGO,2024-05-14,138.0030059814453,U1,Uptrend,Medium,0.03179040662341692,1.5213705283396008
AVGO,2024-05-15,143.61700439453125,U1,Uptrend,Medium,0.040680261804157736,2.5413874378306605
AVGO,2024-05-16,141.21299743652344,U1,Uptrend,Medium,-0.0167390133789711,1.9721709656200208
AVGO,2024-05-17,139.5290069580078,U1,Uptrend,Medium,-0.011925180465577112,1.568821292489457
AVGO,2024-05-20,141.4029998779297,U1,Uptrend,Medium,0.013430848257135919,1.845294220588566
AVGO,2024-05-21,139.9199981689453,U1,Uptrend,Medium,-0.01048776695165321,1.5027904852024105
AVGO,2024-05-22,139.2239990234375,U1,Uptrend,Medium,-0.004974264970096898,1.3237521785879005
AVGO,2024-05-23,139.32899475097656,U1,Uptrend,Medium,0.0007541496313532292,1.2957927389245767
AVGO,2024-05-24,140.78399658203125,U1,Uptrend,Medium,0.010442922046880687,1.5014607238579187
AVGO,2024-05-28,141.2449951171875,U1,Uptrend,Medium,0.0032745095063957397,1.5710556776351117
AVGO,2024-05-29,139.06700134277344,U1,Uptrend,Medium,-0.015419971324343473,1.1908075355294978
AVGO,2024-05-30,136.4080047607422,U1,Uptrend,Medium,-0.019120255390258523,0.7048778861119822
AVGO,2024-05-31,132.85499572753906,U1,Uptrend,Medium,-0.02604692473462289,0.07592061066974226
AVGO,2024-06-03,132.19000244140625,U1,Uptrend,Medium,-0.005005406702933368,-0.01815550513483717
AVGO,2024-06-04,133.08200073242188,U1,Uptrend,Medium,0.0067478498717101765,0.13810115719264007
AVGO,2024-06-05,141.3090057373047,U1,Uptrend,Medium,0.0618190661367064,1.5743495658418645
AVGO,2024-06-06,140.1269989013672,U1,Uptrend,Medium,-0.008364695723178883,1.3139165008178413
AVGO,2024-06-07,140.66400146484375,U1,Uptrend,Medium,0.0038322562224752943,1.3608874997559723
AVGO,2024-06-10,144.0469970703125,U1,Uptrend,Medium,0.024050187469707884,1.8703175453261207
AVGO,2024-06-11,146.10299682617188,U1,Uptrend,Medium,0.01427311778568896,2.1278859058212425
AVGO,2024-06-12,149.55099487304688,U1,Uptrend,Medium,0.023599776334343847,2.5533655827194903
AVGO,2024-06-13,167.8990020751953,U1,Uptrend,High,0.1226872961809713,4.509787073793292
AVGO,2024-06-14,173.50399780273438,U1,Uptrend,High,0.03338313901966372,4.301642252034592
AVGO,2024-06-17,182.88699340820312,U1,Uptrend,High,0.054079420211035956,4.336504544794079
AVGO,2024-06-18,180.2519989013672,U1,Uptrend,High,-0.014407774209260649,3.556237702174001
AVGO,2024-06-20,173.45599365234375,U1,Uptrend,High,-0.03770280102548085,2.7460884082461527
AVGO,2024-06-21,165.86300659179688,U1,Uptrend,High,-0.043774717152555875,2.0446165258955418
AVGO,2024-06-24,159.2209930419922,U1,Uptrend,High,-0.04004517756121018,1.491747862685054
AVGO,2024-06-25,158.07899475097656,U1,Uptrend,High,-0.007172410303422971,1.357849476564403
AVGO,2024-06-26,159.1999969482422,U1,Uptrend,High,0.007091405148619279,1.386928549895576
AVGO,2024-06-27,158.66600036621094,U1,Uptrend,High,-0.003354249951429744,1.302367970977128
AVGO,2024-06-28,160.55299377441406,U1,Uptrend,High,0.011892865540492847,1.38320422941138
AVGO,2024-07-01,164.0800018310547,U1,Uptrend,High,0.021967874741696036,1.559339796273803
AVGO,2024-07-02,165.7480010986328,U1,Uptrend,High,0.01016576821650439,1.6024498730223289
AVGO,2024-07-03,172.9219970703125,U1,Uptrend,High,0.04328254895460604,1.9681362971428933
AVGO,2024-07-05,170.33099365234375,U1,Uptrend,High,-0.014983654259528412,1.7222087970763766
AVGO,2024-07-08,174.58599853515625,U1,Uptrend,High,0.024980802328302243,1.889919173473945
AVGO,2024-07-09,173.33099365234375,U1,Uptrend,High,-0.007188462381533922,1.7331230033762437
AVGO,2024-07-10,174.468994140625,U1,Uptrend,High,0.006565476054235075,1.7202410478600583
AVGO,2024-07-11,170.59500122070312,U1,Uptrend,High,-0.022204477873010275,1.4397918978213744
AVGO,2024-07-12,170.06700134277344,U1,Uptrend,High,-0.003095048941361367,1.358235734761022
AVGO,2024-07-15,171.4199981689453,U1,Uptrend,Medium,0.007955669327319281,1.3827178329664882
AVGO,2024-07-16,169.3800048828125,U1,Uptrend,Medium,-0.011900555990685957,1.2264805127572547
AVGO,2024-07-17,155.97999572753906,U1,Uptrend,Medium,-0.0791121075037422,0.45336783868440556
AVGO,2024-07-18,160.52000427246094,U1,Uptrend,Medium,0.02910635125835115,0.6852718152840324
AVGO,2024-07-19,157.35000610351562,U1,Uptrend,Medium,-0.01974830603396116,0.4780738644840295
AVGO,2024-07-22,161.05999755859375,U1,Uptrend,Medium,0.023577955584173527,0.6691373103070012
AVGO,2024-07-23,163.77000427246094,U1,Uptrend,Medium,0.016826069507925423,0.80153039256973
AVGO,2024-07-24,151.33999633789062,U1,Uptrend,High,-0.07589917329360729,0.0429994456903873
AVGO,2024-07-25,149.25999450683594,U1,Uptrend,High,-0.01374390036597295,-0.09844526203101171
AVGO,2024-07-26,151.6300048828125,U1,Uptrend,High,0.015878403210499936,0.023882114016114123
AVGO,2024-07-29,150.22000122070312,U1,Uptrend,High,-0.009298975247010621,-0.09170505911000688
AVGO,2024-07-30,143.52000427246094,U1,Uptrend,High,-0.04460123082011269,-0.5482280041151101
AVGO,2024-07-31,160.67999267578125,U1,Uptrend,High,0.11956513303012084,0.5356002631860362
AVGO,2024-08-01,147.02000427246094,U1,Uptrend,High,-0.08501362351243891,-0.3881283145379641
AVGO,2024-08-02,143.82000732421875,U1,Uptrend,High,-0.021765724767031536,-0.6277921425057845
AVGO,2024-08-05,142.0800018310547,U1,Uptrend,High,-0.012098493982422798,-0.766217116103553
AVGO,2024-08-06,143.9199981689453,U1,Uptrend,High,0.012950424508570535,-0.6663781467396401
AVGO,2024-08-07,136.27000427246094,U1,Uptrend,High,-0.05315448856179228,-1.2119651752829246
AVGO,2024-08-08,145.74000549316406,U1,Uptrend,High,0.06949439292427573,-0.5668275469502814
AVGO,2024-08-09,148.25999450683594,U1,Uptrend,High,0.017290990247630145,-0.40279428179417454
AVGO,2024-08-12,148.6199951171875,U1,Uptrend,High,0.0024281709408464636,-0.38415834938019144
AVGO,2024-08-13,156.16000366210938,U1,Uptrend,High,0.05073347323808308,0.14464325657470256
AVGO,2024-08-14,157.69000244140625,U1,Uptrend,High,0.009797635395855986,0.2363465068852335
AVGO,2024-08-15,166.1300048828125,U1,Uptrend,High,0.053522749132700165,0.8289307449629024
AVGO,2024-08-16,165.72000122070312,U1,Uptrend,High,-0.002467968759758854,0.7711817301610037
AVGO,2024-08-19,167.7100067138672,U1,Uptrend,High,0.012008239672372412,0.8884969886558004
AVGO,2024-08-20,165.9499969482422,U1,Uptrend,High,-0.010494363455770261,0.7303766812601213
AVGO,2024-08-21,165.77999877929688,U1,Uptrend,High,-0.0010243939263122614,0.6915230315053874
AVGO,2024-08-22,162.33999633789062,U1,Uptrend,High,-0.020750406965474366,0.40840301265950657
AVGO,2024-08-23,166.36000061035156,U1,Uptrend,High,0.024762870291642702,0.6899663241740472
AVGO,2024-08-26,159.6199951171875,U1,Uptrend,High,-0.040514579637147885,0.14055402461924685
AVGO,2024-08-27,161.38999938964844,U1,Uptrend,High,0.011088863091127443,0.2518622412336507
AVGO,2024-08-28,158.17999267578125,U1,Uptrend,High,-0.01988974983584435,-0.0495049174125524
AVGO,2024-08-29,156.92999267578125,U1,Uptrend,High,-0.007902390048544872,-0.19900695134240798
AVGO,2024-08-30,162.82000732421875,U1,Uptrend,High,0.037532752968429284,0.3020972791729101
AVGO,2024-09-03,152.7899932861328,U1,Uptrend,High,-0.06160185227183701,-0.6492158565823485
AVGO,2024-09-04,154.1199951171875,U1,Uptrend,High,0.00870477053143115,-0.5598063236503001
AVGO,2024-09-05,152.82000732421875,U1,Uptrend,High,-0.008434906787923802,-0.7100645283413579
AVGO,2024-09-06,137.0,U1,Uptrend,High,-0.10352052457801197,-2.1808216301287198
AVGO,2024-09-09,140.82000732421875,U1,Uptrend,High,0.027883265140282942,-1.7694890432260322
AVGO,2024-09-10,148.2100067138672,U1,Uptrend,High,0.05247833408099445,-1.0450899347220783
AVGO,2024-09-11,158.27000427246094,U1,Uptrend,High,0.06787664194642051,-0.08913238075554304
AVGO,2024-09-12,164.55999755859375,U1,Uptrend,High,0.0397421691813733,0.5550169505692618
AVGO,2024-09-13,167.69000244140625,U1,Uptrend,High,0.019020448038704174,0.9119817657566205
AVGO,2024-09-16,164.02000427246094,U1,Uptrend,High,-0.02188561104128839,0.5650687352982847
AVGO,2024-09-17,162.47000122070312,U1,Uptrend,High,-0.009450085424842602,0.4123837088721046
AVGO,2024-09-18,161.6699981689453,U1,Uptrend,High,-0.004924004713159791,0.3250346344435616
AVGO,2024-09-19,167.4199981689453,U1,Uptrend,High,0.03556627738679907,0.8975600168171733
AVGO,2024-09-20,171.10000610351562,U1,Uptrend,High,0.02198069510702516,1.2386041273221584
AVGO,2024-09-23,172.94000244140625,U1,Uptrend,High,0.010753923274423594,1.3779135152984694
AVGO,2024-09-24,174.83999633789062,U1,Uptrend,High,0.010986433847935961,1.5131158005747873
AVGO,2024-09-25,175.52000427246094,U1,Uptrend,High,0.003889315653245351,1.531862872399707
AVGO,2024-09-26,178.08999633789062,U1,Uptrend,High,0.014642160453917752,1.7185338193123938
AVGO,2024-09-27,172.69000244140625,U1,Uptrend,High,-0.030321713782502147,1.2133077334779006
AVGO,2024-09-30,172.5,U1,Uptrend,High,-0.001100251541606867,1.1876383023323502
AVGO,2024-10-01,167.47000122070312,U1,Uptrend,High,-0.029159413213315166,0.737641282986029
AVGO,2024-10-02,170.66000366210938,U1,Uptrend,High,0.019048202174443585,1.0487249582523257
AVGO,2024-10-03,171.88999938964844,U1,Uptrend,High,0.007207287596069367,1.1760127870350556
AVGO,2024-10-04,176.63999938964844,U1,Uptrend,Medium,0.027633952044135324,1.5994214854012305
AVGO,2024-10-07,175.0800018310547,U1,Uptrend,Medium,-0.00883150794827936,1.4305824623076153
AVGO,2024-10-08,180.72999572753906,U1,Uptrend,Medium,0.03227092664721587,1.9018267783513538
AVGO,2024-10-09,185.9499969482422,U2,Uptrend,Medium,0.028882871377768238,2.262082342425275
AVGO,2024-10-10,185.69000244140625,U2,Uptrend,Medium,-0.0013981958112551096,2.1121415234363194
AVGO,2024-10-11,181.47999572753906,U1,Uptrend,Medium,-0.022672231453040315,1.684174002796899
AVGO,2024-10-14,182.30999755859375,U1,Uptrend,Medium,0.004573516919742504,1.677439680251169
AVGO,2024-10-15,175.97999572753906,U1,Uptrend,Medium,-0.03472108998860712,1.1354204913694603
AVGO,2024-10-16,176.82000732421875,U1,Uptrend,Medium,0.004773335703338821,1.1711197217153566
AVGO,2024-10-17,181.52999877929688,U1,Uptrend,Medium,0.026637208799804135,1.48201037266353
AVGO,2024-10-18,179.88999938964844,U1,Uptrend,Medium,-0.00903431609473171,1.3074676566662895
AVGO,2024-10-21,179.99000549316406,U1,Uptrend,Medium,0.0005559292003720628,1.2691950177934392
AVGO,2024-10-22,179.3800048828125,U1,Uptrend,Medium,-0.0033890804585520184,1.1813792281195745
AVGO,2024-10-23,173.50999450683594,U1,Uptrend,Medium,-0.032723883466339476,0.7072742272026517
AVGO,2024-10-24,171.35000610351562,U1,Uptrend,Medium,-0.012448783768679195,0.5249876249238629
AVGO,2024-10-25,173.0,U1,Uptrend,Medium,0.00962937751801185,0.6272418092372184
AVGO,2024-10-28,172.02000427246094,U1,Uptrend,Medium,-0.005664715188087088,0.5248984383681362
AVGO,2024-10-29,179.24000549316406,U1,Uptrend,Medium,0.04197186979060552,1.0769788698558653
AVGO,2024-10-30,176.63999938964844,U1,Uptrend,Medium,-0.014505724301680956,0.8384927437246413
AVGO,2024-10-31,169.77000427246094,U1,Uptrend,Medium,-0.03889263553513178,0.22863284828803257
AVGO,2024-11-01,168.9199981689453,U1,Uptrend,Medium,-0.005006809696202041,0.12256888609321838
AVGO,2024-11-04,168.5500030517578,U1,Uptrend,Medium,-0.0021903570992076737,0.05914564832682615
AVGO,2024-11-05,173.89999389648438,U1,Uptrend,Medium,0.031741268156985525,0.5390461234290845
AVGO,2024-11-06,179.5500030517578,U1,Uptrend,Medium,0.03248999053235546,1.0521935589884914
AVGO,2024-11-07,183.80999755859375,U2,Uptrend,Medium,0.023725950623392222,1.4136880049267921
AVGO,2024-11-08,183.63999938964844,U2,Uptrend,Medium,-0.0009248581209034823,1.3484671739764584
AVGO,2024-11-11,178.91000366210938,U1,Uptrend,Medium,-0.025756892524830266,0.8728557263651188
AVGO,2024-11-12,176.22000122070312,U1,Uptrend,Medium,-0.015035506044070113,0.6032791783852106
AVGO,2024-11-13,173.5800018310547,U1,Uptrend,Medium,-0.014981269840884992,0.3423314599291377
AVGO,2024-11-14,170.3800048828125,U1,Uptrend,Medium,-0.01843528583066123,0.03328087910870813
AVGO,2024-11-15,164.83999633789062,U1,Uptrend,Medium,-0.03251560268901443,-0.49515985864858647
AVGO,2024-11-18,165.6699981689453,U1,Uptrend,Medium,0.005035196854489943,-0.41530276309952463
AVGO,2024-11-19,165.35000610351562,U1,Uptrend,Medium,-0.0019315028005455481,-0.4576730956091944
AVGO,2024-11-20,163.25,U1,Uptrend,Medium,-0.01270036907165839,-0.6622099678354803
AVGO,2024-11-21,163.94000244140625,U1,Uptrend,Medium,0.004226661203101001,-0.6104904344084945
AVGO,2024-11-22,164.22999572753906,U1,Uptrend,Medium,0.0017688988765049984,-0.6010509567467653
AVGO,2024-11-25,164.82000732421875,U1,Uptrend,Medium,0.0035925933874987326,-0.5480034451297507
AVGO,2024-11-26,164.74000549316406,U1,Uptrend,Medium,-0.0004853890759591861,-0.5887705650459227
AVGO,2024-11-27,159.6699981689453,U1,Uptrend,Medium,-0.030775811309713297,-1.1189992393761168
AVGO,2024-11-29,162.0800018310547,U1,Uptrend,Medium,0.015093653721717892,-0.9104783018028316
AVGO,2024-12-02,166.50999450683594,U1,Uptrend,Medium,0.027332136141008156,-0.565078449224388
AVGO,2024-12-03,168.14999389648438,U1,Uptrend,Medium,0.009849254962176479,-0.4821628503905746
AVGO,2024-12-04,170.55999755859375,U1,Uptrend,Medium,0.01433246357173834,-0.23531669623309498
AVGO,2024-12-05,170.47000122070312,U1,Uptrend,Medium,-0.0005276520824275543,-0.2872308835585399
AVGO,2024-12-06,179.52999877929688,U1,Uptrend,Medium,0.05314716662003183,1.0237122124494116
AVGO,2024-12-09,178.94000244140625,U1,Uptrend,Medium,-0.0032863384498539316,0.9057879794574415
AVGO,2024-12-10,171.80999755859375,U1,Uptrend,Medium,-0.039845785098539976,-0.17505274574965926
AVGO,2024-12-11,183.1999969482422,U2,Uptrend,Medium,0.06629415954542472,1.4934172215846027
AVGO,2024-12-12,180.66000366210938,U1,Uptrend,Medium,-0.013864592404171372,1.080279186504373
AVGO,2024-12-13,224.8000030517578,U2,Uptrend,High,0.24432635057510588,5.442958067731029
AVGO,2024-12-16,250.0,U2,Uptrend,High,0.11209962903087756,5.530156701214576
AVGO,2024-12-17,240.22999572753906,U2,Uptrend,High,-0.039080017089843766,4.011661803543014
AVGO,2024-12-18,223.6199951171875,U2,Uptrend,High,-0.0691420759512067,2.715330774441053
AVGO,2024-12-19,218.32000732421875,U2,Uptrend,High,-0.0237008671348522,2.2534515510755337
AVGO,2024-12-20,220.7899932861328,U2,Uptrend,High,0.011313603330206812,2.248259790050849
AVGO,2024-12-23,232.35000610351562,U2,Uptrend,High,0.052357503369283576,2.6473611774812857
AVGO,2024-12-24,239.67999267578125,U2,Uptrend,High,0.031547176155442,2.7646229813852177
AVGO,2024-12-26,245.36000061035156,U2,Uptrend,High,0.02369829818149971,2.7780829954051782
AVGO,2024-12-27,241.75,U2,Uptrend,High,-0.014713077116772943,2.4367164764479634
AVGO,2024-12-30,235.5800018310547,U2,Uptrend,High,-0.02552222613834665,2.0575559507149186
AVGO,2024-12-31,231.83999633789062,U2,Uptrend,High,-0.01587573420534305,1.8161658286839621
AVGO,2025-01-02,231.97999572753906,U2,Uptrend,High,0.0006038621111967846,1.7397914248545632
AVGO,2025-01-03,232.5500030517578,U2,Uptrend,High,0.0024571399892956425,1.6863809906829401
AVGO,2025-01-06,236.41000366210938,U2,Uptrend,High,0.016598583357113394,1.7516082045572745
AVGO,2025-01-07,228.63999938964844,U2,Uptrend,High,-0.03286664757032143,1.4163793709025874
AVGO,2025-01-08,229.30999755859375,U2,Uptrend,High,0.002930362888094118,1.389059735186111
AVGO,2025-01-10,224.30999755859375,U2,Uptrend,High,-0.021804544299131146,1.1741541412342626
AVGO,2025-01-13,225.2899932861328,U2,Uptrend,High,0.004368934680600178,1.168389667889449
AVGO,2025-01-14,224.6999969482422,U2,Uptrend,High,-0.0026188306426078167,1.110857590142823
AVGO,2025-01-15,228.0,U2,Uptrend,High,0.014686262112046045,1.1843597250712234
AVGO,2025-01-16,229.41000366210938,U2,Uptrend,Medium,0.00618422658819906,1.191445952621417
AVGO,2025-01-17,237.44000244140625,U2,Uptrend,Medium,0.03500282747531802,1.407002771337211
AVGO,2025-01-21,240.30999755859375,U2,Uptrend,Medium,0.012087243462254094,1.4449341353720417
AVGO,2025-01-22,240.91000366210938,U2,Uptrend,Medium,0.002496800422834289,1.409701641432028
AVGO,2025-01-23,240.27999877929688,U2,Uptrend,Medium,-0.0026151046998286187,1.3393606167705217
AVGO,2025-01-24,244.6999969482422,U2,Uptrend,Medium,0.01839519806642409,1.4243994742500397
AVGO,2025-01-27,202.1300048828125,U2,Uptrend,High,-0.17396809397767954,0.07145615581964102
AVGO,2025-01-28,207.36000061035156,U2,Uptrend,High,0.025874415481121682,0.22274419342412888
AVGO,2025-01-29,206.35000610351562,U2,Uptrend,High,-0.004870729667549534,0.17580428691423913
AVGO,2025-01-30,215.66000366210938,U2,Uptrend,High,0.04511750561288275,0.4512022683875324
AVGO,2025-01-31,221.27000427246094,U2,Uptrend,High,0.0260131712653644,0.6070852303615771
AVGO,2025-02-03,217.72999572753906,U2,Uptrend,High,-0.01599859211175725,0.4702921003039115
AVGO,2025-02-04,222.42999267578125,U2,Uptrend,High,0.021586354845308575,0.5999349373935295
AVGO,2025-02-05,232.0,U2,Uptrend,High,0.04302480618325699,0.883506155398894
AVGO,2025-02-06,231.36000061035156,U2,Uptrend,High,-0.0027586180588294873,0.8350847109966341
AVGO,2025-02-07,224.8699951171875,U2,Uptrend,High,-0.028051545107377063,0.6017319552139125
AVGO,2025-02-10,235.0399932861328,U2,Uptrend,High,0.04522612349257793,0.9034120880227344
AVGO,2025-02-11,235.0399932861328,U2,Uptrend,High,0.0,0.8734758884300846
AVGO,2025-02-12,236.35000610351562,U2,Uptrend,High,0.005573574092933242,0.8860976562970683
AVGO,2025-02-13,235.8000030517578,U2,Uptrend,High,-0.0023270701821641593,0.8390804956055444
AVGO,2025-02-14,233.0399932861328,U2,Uptrend,High,-0.011704875868976061,0.7210318436048117
AVGO,2025-02-18,228.52999877929688,U2,Uptrend,High,-0.019352877775354438,0.5437558221533558
AVGO,2025-02-19,228.72999572753906,U2,Uptrend,High,0.0008751452733142262,0.5252286708050405
AVGO,2025-02-20,226.74000549316406,U2,Uptrend,High,-0.008700171693901693,0.42946976253742586
AVGO,2025-02-21,218.66000366210938,U2,Uptrend,High,-0.035635536893811603,0.1090866908969866
AVGO,2025-02-24,207.92999267578125,U2,Uptrend,High,-0.04907166745917091,-0.32573473095023486
AVGO,2025-02-25,202.5399932861328,U2,Uptrend,Medium,-0.02592218332856333,-0.5740120216724633
AVGO,2025-02-26,212.94000244140625,U2,Uptrend,Medium,0.05134792880426886,-0.20252715128583323
AVGO,2025-02-27,197.8000030517578,U2,Uptrend,High,-0.07109983664912578,-0.8886167553202504
AVGO,2025-02-28,199.42999267578125,U2,Uptrend,High,0.008240594534252521,-0.885587731387951
AVGO,2025-03-03,187.3699951171875,U2,Uptrend,High,-0.06047233616560377,-1.4889593873946838
AVGO,2025-03-04,187.47999572753906,U2,Uptrend,High,0.000587076977200951,-1.54500676370684
AVGO,2025-03-05,191.5800018310547,U2,Uptrend,High,0.021869032413858625,-1.4112098318583175
AVGO,2025-03-06,179.4499969482422,U1,Uptrend,High,-0.06331561106001748,-2.052430699591739
AVGO,2025-03-07,194.9600067138672,U2,Uptrend,High,0.08643081654717699,-1.315312426827417
AVGO,2025-03-10,184.4499969482422,U2,Uptrend,High,-0.05390854228400799,-1.8780804019407653
AVGO,2025-03-11,190.08999633789062,U2,Uptrend,High,0.030577389444094383,-1.6573320834994245
AVGO,2025-03-12,194.22999572753906,U2,Uptrend,High,0.021779154450029425,-1.4707839518704324
AVGO,2025-03-13,191.36000061035156,U2,Uptrend,High,-0.014776271329447255,-1.6695366469498027
AVGO,2025-03-14,195.5399932861328,U2,Uptrend,High,0.021843607140724197,-1.3863444241923917
AVGO,2025-03-17,194.5,U2,Uptrend,High,-0.005318570736631889,-1.4001023909493622
AVGO,2025-03-18,188.6699981689453,U2,Uptrend,High,-0.029974302473288916,-1.652106129800072
AVGO,2025-03-19,195.57000732421875,U2,Uptrend,High,0.036571840898067975,-1.2355224040020913
AVGO,2025-03-20,190.5399932861328,U2,Uptrend,High,-0.02571976197631931,-1.4535237157756553
AVGO,2025-03-21,191.66000366210938,U2,Uptrend,High,0.005878085522416532,-1.3475425628121496
AVGO,2025-03-24,191.25,U2,Uptrend,High,-0.0021392239083549702,-1.3197569090783616
AVGO,2025-03-25,188.25999450683594,U2,Uptrend,High,-0.01563401565053102,-1.4209970959308211
AVGO,2025-03-26,179.27000427246094,U1,Uptrend,High,-0.04775305692494625,-1.806830121049787
AVGO,2025-03-27,171.99000549316406,U1,Uptrend,High,-0.04060912927871896,-2.069596045537956
AVGO,2025-03-28,169.1199951171875,U1,Uptrend,High,-0.01668707648300316,-2.0946297580121365
AVGO,2025-03-31,167.42999267578125,U1,Uptrend,High,-0.009992919171001646,-2.060113057972704
AVGO,2025-04-01,168.52000427246094,U1,Uptrend,High,0.006510252907855341,-1.9121305615397681
AVGO,2025-04-02,172.08999633789062,U1,Uptrend,High,0.02118438152694191,-1.6767220448640516
AVGO,2025-04-03,154.00999450683594,U1,Uptrend,High,-0.10506131800686114,-2.3362515645998028
AVGO,2025-04-04,146.2899932861328,U1,Uptrend,High,-0.05012662486888453,-2.4838657609856107
AVGO,2025-04-07,154.13999938964844,U1,Uptrend,High,0.0536605814736868,-2.047777748429941
AVGO,2025-04-08,156.02999877929688,U1,Uptrend,High,0.012261576470301794,-1.8768294518252142
AVGO,2025-04-09,185.14999389648438,U2,Uptrend,High,0.18663074629884147,-0.7228351667993214
AVGO,2025-04-10,172.3000030517578,U1,Uptrend,High,-0.06940313944547505,-1.1800439212320113
AVGO,2025-04-11,181.94000244140625,U1,Uptrend,High,0.05594892175801447,-0.7809315834920441
AVGO,2025-04-14,178.36000061035156,U1,Uptrend,High,-0.019676826332942543,-0.8889818665164191
AVGO,2025-04-15,178.9499969482422,U1,Uptrend,High,0.0033078960297805438,-0.8375879138388704
AVGO,2025-04-16,174.61000061035156,U1,Uptrend,High,-0.024252564469983695,-0.9778254168963746
AVGO,2025-04-17,170.99000549316406,U1,Uptrend,High,-0.020731888806676313,-1.090428851466374
AVGO,2025-04-21,166.2100067138672,U1,Uptrend,High,-0.027954843123786932,-1.2482000624738976
AVGO,2025-04-22,169.5800018310547,U1,Uptrend,High,0.020275524824380664,-1.0851577762075513
AVGO,2025-04-23,176.91000366210938,U1,Uptrend,High,0.04322444717483398,-0.7581593285396437
AVGO,2025-04-24,188.14999389648438,U2,Uptrend,High,0.06353507434120509,-0.27784536117824665
AVGO,2025-04-25,192.30999755859375,U2,Uptrend,High,0.022110038783196062,-0.09500891299287788
AVGO,2025-04-28,192.47000122070312,U2,Uptrend,High,0.0008320090694224902,-0.0726852595542802
AVGO,2025-04-29,191.1699981689453,U2,Uptrend,High,-0.00675431518425107,-0.10741727639448304
AVGO,2025-04-30,192.47000122070312,U2,Uptrend,High,0.0068002461903511335,-0.03461660009695089
AVGO,2025-05-01,197.3300018310547,U2,Uptrend,High,0.0252506914299786,0.19423008836366865
AVGO,2025-05-02,203.63999938964844,U2,Uptrend,High,0.03197687883262734,0.5004689294391703
AVGO,2025-05-05,200.72000122070312,U2,Uptrend,High,-0.01433902071153581,0.4033501843245216
AVGO,2025-05-06,200.08999633789062,U2,Uptrend,High,-0.0031387249849593735,0.4008073906846824
AVGO,2025-05-07,204.80999755859375,U2,Uptrend,High,0.023589391309360996,0.664962753676716
AVGO,2025-05-08,207.77000427246094,U2,Uptrend,High,0.014452452268695293,0.8573760659116282
AVGO,2025-05-09,208.1999969482422,U2,Uptrend,Medium,0.00206956089396515,0.9380406438303935
AVGO,2025-05-12,221.5800018310547,U2,Uptrend,Medium,0.06426515407749367,1.6837325960242229
AVGO,2025-05-13,232.4199981689453,U2,Uptrend,Medium,0.04892136586475737,2.2614280993914724
AVGO,2025-05-14,232.1199951171875,U2,Uptrend,Medium,-0.001290779855956048,2.2269490283872218
AVGO,2025-05-15,232.63999938964844,U2,Uptrend,Medium,0.002240239028948876,2.2342053575488707
AVGO,2025-05-16,228.61000061035156,U2,Uptrend,Medium,-0.017322897136648585,2.0152644575947654
AVGO,2025-05-19,230.6300048828125,U2,Uptrend,Medium,0.008836027588766227,2.071025151147011
AVGO,2025-05-20,231.67999267578125,U2,Uptrend,Medium,0.004552693798459906,2.042066548498984
AVGO,2025-05-21,229.72999572753906,U2,Uptrend,Medium,-0.008416768861742252,1.869681021931382
AVGO,2025-05-22,230.52999877929688,U2,Uptrend,Medium,0.003482362193166111,1.8551331447549086
AVGO,2025-05-23,228.72000122070312,U2,Uptrend,Medium,-0.007851462144528032,1.7024516683739037
AVGO,2025-05-27,235.64999389648438,U2,Uptrend,Medium,0.030299023429499528,1.9310869620755209
AVGO,2025-05-28,239.42999267578125,U2,Uptrend,Medium,0.01604073361850933,1.9903866974530449
AVGO,2025-05-29,241.97000122070312,U2,Uptrend,Medium,0.010608564601851667,1.9902333136847794
AVGO,2025-05-30,242.07000732421875,U2,Uptrend,Medium,0.00041329959503699776,1.8977556858495024
AVGO,2025-06-02,248.7100067138672,U2,Uptrend,Medium,0.0274300788563,2.0479729185223863
AVGO,2025-06-03,256.8500061035156,U2,Uptrend,Medium,0.032728877688517066,2.2238307124551584
AVGO,2025-06-04,261.0799865722656,U2,Uptrend,Medium,0.01646867965050869,2.235509638054681
AVGO,2025-06-05,259.92999267578125,U2,Uptrend,Medium,-0.004404756992608672,2.0731931810274262
AVGO,2025-06-06,246.92999267578125,U2,Uptrend,Medium,-0.05001346657296024,1.5624182647772569
AVGO,2025-06-09,244.27999877929688,U2,Uptrend,Medium,-0.01073176193693004,1.4193745121708345
AVGO,2025-06-10,244.6300048828125,U2,Uptrend,Medium,0.0014328070462774622,1.3810547957496306
AVGO,2025-06-11,252.91000366210938,U2,Uptrend,Medium,0.033847028631109,1.5844768880989433
AVGO,2025-06-12,256.07000732421875,U2,Uptrend,Medium,0.01249457758235284,1.6148880670684005
AVGO,2025-06-13,248.6999969482422,U2,Uptrend,Medium,-0.028781232339502916,1.337034265615581
AVGO,2025-06-16,252.10000610351562,U2,Uptrend,Medium,0.013671126646539689,1.3888194913399194
AVGO,2025-06-17,249.3699951171875,U2,Uptrend,Medium,-0.010829079413854248,1.2615093536828001
AVGO,2025-06-18,251.25999450683594,U2,Uptrend,Medium,0.007579097031141568,1.2725217189438098
AVGO,2025-06-20,249.99000549316406,U2,Uptrend,Medium,-0.005054481578591785,1.1932903947768438
AVGO,2025-06-23,253.77000427246094,U2,Uptrend,Medium,0.015120599608932084,1.2585427212036011
AVGO,2025-06-24,263.7699890136719,U2,Uptrend,Medium,0.03940570033042379,1.491756404441377
AVGO,2025-06-25,264.6499938964844,U2,Uptrend,Medium,0.003336258556567273,1.4632116506968011
AVGO,2025-06-26,270.1700134277344,U2,Uptrend,Medium,0.020857810914626684,1.5626298292521643
AVGO,2025-06-27,269.3500061035156,U2,Uptrend,Medium,-0.0030351529905745522,1.4856760095225854
AVGO,2025-06-30,275.6499938964844,U2,Uptrend,Medium,0.023389595879747427,1.601867600525025
AVGO,2025-07-01,264.739990234375,U2,Uptrend,Medium,-0.03957919065366078,1.2624092277586976
AVGO,2025-07-02,269.8999938964844,U2,Uptrend,Medium,0.019490835734870426,1.3832628905237816
AVGO,2025-07-03,275.17999267578125,U2,Uptrend,Medium,0.019562796957016237,1.5025418447181884
AVGO,2025-07-07,274.17999267578125,U2,Uptrend,Medium,-0.003633985124704253,1.4413455178826893
AVGO,2025-07-08,271.79998779296875,U2,Uptrend,Medium,-0.008680446955977805,1.3234437324805033
AVGO,2025-07-09,277.8999938964844,U2,Uptrend,Medium,0.022442996237961754,1.4639152388603698
AVGO,2025-07-10,275.3999938964844,U2,Uptrend,Medium,-0.008996041939213661,1.3441885681230863
AVGO,2025-07-11,274.3800048828125,U2,Uptrend,Medium,-0.0037036638935267208,1.2754595088257656
AVGO,2025-07-14,275.6000061035156,U2,Uptrend,Medium,0.004446392590539583,1.2763661929041812
AVGO,2025-07-15,280.94000244140625,U2,Uptrend,Medium,0.019375893394882215,1.4063484627971
AVGO,2025-07-16,280.80999755859375,U2,Uptrend,Medium,-0.0004627496322443525,1.3737301037402307
AVGO,2025-07-17,286.45001220703125,U2,Uptrend,Medium,0.020084807155986928,1.5331552322387247
AVGO,2025-07-18,283.3399963378906,U2,Uptrend,Medium,-0.010857098050646496,1.4118240611681183
AVGO,2025-07-21,288.2099914550781,U2,Uptrend,Medium,0.01718781386366608,1.5511834933918158
AVGO,2025-07-22,278.5899963378906,U2,Uptrend,Medium,-0.03337842338018637,1.1869044634945283
AVGO,2025-07-23,283.69000244140625,U2,Uptrend,Medium,0.01830649402547113,1.3369196041112783
AVGO,2025-07-24,288.7099914550781,U2,Uptrend,Medium,0.017695332829745114,1.484463172893199
AVGO,2025-07-25,290.17999267578125,U2,Uptrend,Medium,0.00509161880160236,1.5082762756696344
AVGO,2025-07-28,294.29998779296875,U2,Uptrend,Medium,0.014198067479417098,1.6308032633525247
AVGO,2025-07-29,297.4200134277344,U2,Uptrend,Medium,0.010601514659118738,1.709890180342696
AVGO,2025-07-30,302.6199951171875,U2,Uptrend,Medium,0.017483630739989264,1.8544197146861654
AVGO,2025-07-31,293.70001220703125,U2,Uptrend,Medium,-0.02947585438530609,1.4764000296964173
AVGO,2025-08-01,288.6400146484375,U2,Uptrend,Medium,-0.017228455390825514,1.2553091823769327
AVGO,2025-08-04,297.7200012207031,U2,Uptrend,Medium,0.03145782327971758,1.6002423305472453
AVGO,2025-08-05,292.92999267578125,U2,Uptrend,Medium,-0.016088971265894147,1.374577130561981
AVGO,2025-08-06,301.6700134277344,U2,Uptrend,Medium,0.029836551293764835,1.722607764523875
AVGO,2025-08-07,303.760009765625,U2,Uptrend,Medium,0.006928087794152882,1.7583523795273148
AVGO,2025-08-08,304.9700012207031,U2,Uptrend,Medium,0.003983379695081446,1.7418431308897904
AVGO,2025-08-11,303.8999938964844,U2,Uptrend,Medium,-0.003508565825936394,1.6343121018391646
AVGO,2025-08-12,312.8299865722656,U2,Uptrend,Medium,0.029384642497962687,1.9390331433876702
AVGO,2025-08-13,309.0899963378906,U2,Uptrend,Medium,-0.011955344419998681,1.7185238230303608
AVGO,2025-08-14,311.2300109863281,U2,Uptrend,Medium,0.006923597249320457,1.7483402783153803
AVGO,2025-08-15,306.3399963378906,U2,Uptrend,Medium,-0.015711899482123926,1.492184361892183
AVGO,2025-08-18,305.760009765625,U2,Uptrend,Medium,-0.0018932773362897448,1.4286351497471872
AVGO,2025-08-19,294.9100036621094,U2,Uptrend,Medium,-0.03548536681377168,0.9286262869039892
AVGO,2025-08-20,291.1700134277344,U2,Uptrend,Medium,-0.012681801864748099,0.738076567970874
AVGO,2025-08-21,289.6000061035156,U2,Uptrend,Medium,-0.005392063920786949,0.6404494225526284
AVGO,2025-08-22,294.0,U2,Uptrend,Medium,0.015193348769860338,0.8231323472506432
AVGO,2025-08-25,294.2300109863281,U2,Uptrend,Medium,0.0007823502936330495,0.8079364232037772
AVGO,2025-08-26,298.010009765625,U2,Uptrend,Medium,0.012847087782192679,0.9674922920437043
AVGO,2025-08-27,300.25,U2,Uptrend,Medium,0.007516493275298686,1.048250263518317
AVGO,2025-08-28,308.6499938964844,U2,Uptrend,Medium,0.027976665766809017,1.423679330811218
AVGO,2025-08-29,297.3900146484375,U2,Uptrend,Medium,-0.036481384969096364,0.8248743216183312
AVGO,2025-09-02,298.239990234375,U2,Uptrend,Medium,0.002858117435255103,0.8389575808850684
AVGO,2025-09-03,302.3900146484375,U2,Uptrend,Medium,0.013915050127252027,1.0225129132931525
AVGO,2025-09-04,306.1000061035156,U2,Uptrend,Medium,0.012268895384629053,1.1890314866763392
AVGO,2025-09-05,334.8900146484375,U2,Uptrend,Medium,0.09405425668363354,2.5815945160911546
AVGO,2025-09-08,345.6499938964844,U2,Uptrend,Medium,0.03212988974706388,2.901498220551433
AVGO,2025-09-09,336.6700134277344,U2,Uptrend,Medium,-0.025979981563197474,2.3248584841060747
AVGO,2025-09-10,369.57000732421875,U2,Uptrend,High,0.0977217827079997,3.4902449949405487
AVGO,2025-09-11,359.6300048828125,U2,Uptrend,High,-0.026896128593806634,2.830669626624142
AVGO,2025-09-12,359.8699951171875,U2,Uptrend,High,0.0006673253930888912,2.663015973723112
