ticker,date,price,sax_symbol,trend,volatility,daily_return,zscore
INTC,2020-01-03,60.099998474121094,U2,Uptrend,Unknown,-0.01216307818229545,0.0
INTC,2020-01-06,59.93000030517578,U2,Uptrend,Unknown,-0.0028285885734009586,0.0
INTC,2020-01-07,58.93000030517578,U2,Uptrend,Unknown,-0.016686133737824016,0.0
INTC,2020-01-08,58.970001220703125,U2,Uptrend,Unknown,0.0006787869560529458,0.0
INTC,2020-01-09,59.29999923706055,U2,Uptrend,Unknown,0.005596032042162635,0.0
INTC,2020-01-10,58.939998626708984,U2,Uptrend,Unknown,-0.006070836677626312,0.0
INTC,2020-01-13,59.59000015258789,U2,Uptrend,Unknown,0.011028190380451663,0.0
INTC,2020-01-14,59.43000030517578,U2,Uptrend,Unknown,-0.002685011696633821,0.0
INTC,2020-01-15,58.939998626708984,U2,Uptrend,Unknown,-0.008245022311132666,0.0
INTC,2020-01-16,59.65999984741211,U2,Uptrend,Unknown,0.012215833686444189,0.0
INTC,2020-01-17,59.599998474121094,U2,Uptrend,Unknown,-0.0010057219819724628,0.0
INTC,2020-01-21,60.54999923706055,U2,Uptrend,Unknown,0.015939610524519532,0.0
INTC,2020-01-22,62.72999954223633,U2,Uptrend,Unknown,0.036003308549035884,0.0
INTC,2020-01-23,63.31999969482422,U2,Uptrend,Unknown,0.009405390672618141,0.0
INTC,2020-01-24,68.47000122070312,U2,Uptrend,Unknown,0.08133293668192909,0.0
INTC,2020-01-27,65.69000244140625,U2,Uptrend,Unknown,-0.040601704830352636,0.0
INTC,2020-01-28,67.30999755859375,U2,Uptrend,Unknown,0.024661212619568662,0.0
INTC,2020-01-29,66.33000183105469,U2,Uptrend,Unknown,-0.01455943787081515,0.0
INTC,2020-01-30,66.47000122070312,U2,Uptrend,Unknown,0.0021106495670695224,0.0
INTC,2020-01-31,63.93000030517578,U2,Uptrend,Medium,-0.038212740618037144,0.0
INTC,2020-02-03,64.41999816894531,U2,Uptrend,Medium,0.00766459974081779,0.0
INTC,2020-02-04,65.45999908447266,U2,Uptrend,Medium,0.016144069312139298,0.0
INTC,2020-02-05,67.33999633789062,U2,Uptrend,Medium,0.02871978734665026,0.0
INTC,2020-02-06,67.08999633789062,U2,Uptrend,Medium,-0.0037125039143984795,0.0
INTC,2020-02-07,66.0199966430664,U2,Uptrend,Medium,-0.01594872191429697,0.0
INTC,2020-02-10,66.38999938964844,U2,Uptrend,Medium,0.005604404201691171,0.0
INTC,2020-02-11,67.41000366210938,U2,Uptrend,Medium,0.015363824097579082,0.0
INTC,2020-02-12,67.45999908447266,U2,Uptrend,Medium,0.0007416617660174207,0.0
INTC,2020-02-13,67.44000244140625,U2,Uptrend,Medium,-0.000296422225582349,0.0
INTC,2020-02-14,67.2699966430664,U2,Uptrend,Medium,-0.002520845079855283,0.0
INTC,2020-02-18,66.13999938964844,U2,Uptrend,Medium,-0.016797938305448623,0.0
INTC,2020-02-19,67.11000061035156,U2,Uptrend,Medium,0.014665878888032502,0.0
INTC,2020-02-20,65.44999694824219,U2,Uptrend,Medium,-0.024735563209834388,0.0
INTC,2020-02-21,64.33999633789062,U2,Uptrend,Medium,-0.016959521193398275,0.0
INTC,2020-02-24,61.7599983215332,U2,Uptrend,Medium,-0.040099443009107394,0.0
INTC,2020-02-25,59.72999954223633,U2,Uptrend,Medium,-0.032869152112478206,0.0
INTC,2020-02-26,59.650001525878906,U2,Uptrend,Medium,-0.0013393272554916846,0.0
INTC,2020-02-27,55.83000183105469,U2,Uptrend,Medium,-0.06404022794814057,0.0
INTC,2020-02-28,55.52000045776367,U2,Uptrend,Medium,-0.005552594718321924,0.0
INTC,2020-03-02,58.18000030517578,U2,Uptrend,Medium,0.04791065968084207,0.0
INTC,2020-03-03,55.970001220703125,U2,Uptrend,Medium,-0.03798554611344773,0.0
INTC,2020-03-04,58.68000030517578,U2,Uptrend,Medium,0.04841877836997854,0.0
INTC,2020-03-05,56.959999084472656,U2,Uptrend,Medium,-0.02931154075933795,0.0
INTC,2020-03-06,55.77000045776367,U2,Uptrend,Medium,-0.020891830158638047,0.0
INTC,2020-03-09,50.849998474121094,U1,Uptrend,High,-0.0882195076790191,0.0
INTC,2020-03-10,53.97999954223633,U2,Uptrend,High,0.061553611839500366,0.0
INTC,2020-03-11,51.65999984741211,U1,Uptrend,High,-0.04297887577803605,0.0
INTC,2020-03-12,45.540000915527344,U1,Uptrend,High,-0.11846687862875294,0.0
INTC,2020-03-13,54.43000030517578,U2,Uptrend,High,0.19521298223376404,0.0
INTC,2020-03-16,44.61000061035156,U1,Uptrend,High,-0.18041520558085367,0.0
INTC,2020-03-17,50.08000183105469,U1,Uptrend,High,0.12261827271604742,0.0
INTC,2020-03-18,47.61000061035156,U1,Uptrend,High,-0.04932110883373553,0.0
INTC,2020-03-19,45.939998626708984,U1,Uptrend,High,-0.03507670578100097,0.0
INTC,2020-03-20,45.83000183105469,U1,Uptrend,High,-0.002394357835055483,0.0
INTC,2020-03-23,49.58000183105469,U1,Uptrend,High,0.08182412939505879,0.0
INTC,2020-03-24,52.400001525878906,U1,Uptrend,High,0.0568777650398935,0.0
INTC,2020-03-25,51.2599983215332,U1,Uptrend,High,-0.021755785708950537,0.0
INTC,2020-03-26,55.540000915527344,U2,Uptrend,High,0.083495956577045,0.0
INTC,2020-03-27,52.369998931884766,U1,Uptrend,High,-0.05707601604947654,-1.0515114141484048
INTC,2020-03-30,55.4900016784668,U2,Uptrend,High,0.05957614684392243,-0.5634084120165055
INTC,2020-03-31,54.119998931884766,U2,Uptrend,High,-0.02468918192723124,-0.7521006779960739
INTC,2020-04-01,51.880001068115234,U1,Uptrend,High,-0.04138946614889594,-1.0590661811298276
INTC,2020-04-02,54.349998474121094,U2,Uptrend,High,0.04760981794820918,-0.6764895807330158
INTC,2020-04-03,54.130001068115234,U2,Uptrend,High,-0.00404779047253534,-0.6942926934061296
INTC,2020-04-06,58.43000030517578,U2,Uptrend,High,0.07943837340127868,-0.05581557411787074
INTC,2020-04-07,58.400001525878906,U2,Uptrend,High,-0.0005134139849425345,-0.05892155431817374
INTC,2020-04-08,58.97999954223633,U2,Uptrend,High,0.009931472623342374,0.028415808142722612
INTC,2020-04-09,57.13999938964844,U2,Uptrend,High,-0.031197018766848994,-0.23815621661618983
INTC,2020-04-13,58.70000076293945,U2,Uptrend,High,0.02730138939367266,-0.006780421393245653
INTC,2020-04-14,60.65999984741211,U2,Uptrend,High,0.03339010321972791,0.2805686168095272
INTC,2020-04-15,58.869998931884766,U2,Uptrend,High,-0.029508752390867476,0.017696333546178368
INTC,2020-04-16,60.790000915527344,U2,Uptrend,High,0.032614269041589594,0.30098603725724327
INTC,2020-04-17,60.36000061035156,U2,Uptrend,High,-0.007073536744526487,0.24385072187284723
INTC,2020-04-20,59.18000030517578,U2,Uptrend,High,-0.01954937530224965,0.07949106755110406
INTC,2020-04-21,56.36000061035156,U2,Uptrend,High,-0.0476512281223761,-0.3157302565903063
INTC,2020-04-22,60.099998474121094,U2,Uptrend,High,0.06635908132127688,0.267632804571421
INTC,2020-04-23,59.040000915527344,U2,Uptrend,High,-0.017637231040033785,0.1286181432434369
INTC,2020-04-24,59.2599983215332,U2,Uptrend,High,0.0037262432688749403,0.18364590823942864
INTC,2020-04-27,59.470001220703125,U2,Uptrend,High,0.0035437547269321357,0.23864570313756536
INTC,2020-04-28,58.75,U2,Uptrend,High,-0.012106964955845179,0.1383191020056087
INTC,2020-04-29,61.79999923706055,U2,Uptrend,High,0.05191488063081784,0.6410388054516637
INTC,2020-04-30,59.97999954223633,U2,Uptrend,High,-0.02944983361314979,0.36501694790061345
INTC,2020-05-01,57.470001220703125,U2,Uptrend,High,-0.041847254763076935,-0.020587264632070872
INTC,2020-05-04,57.9900016784668,U2,Uptrend,High,0.009048206833452088,0.09421953661967994
INTC,2020-05-05,58.75,U2,Uptrend,High,0.0131056785572643,0.2500281015879469
INTC,2020-05-06,59.18000030517578,U2,Uptrend,High,0.0073191541306516505,0.3535844338912368
INTC,2020-05-07,59.16999816894531,U2,Uptrend,High,-0.00016901210170483516,0.38708334538223843
INTC,2020-05-08,59.66999816894531,U2,Uptrend,Medium,0.00845022841765819,0.5181383220209989
INTC,2020-05-11,60.130001068115234,U2,Uptrend,Medium,0.0077091153558863645,0.6484794115899896
INTC,2020-05-12,58.38999938964844,U2,Uptrend,Medium,-0.02893732991116571,0.3499299616038598
INTC,2020-05-13,57.7400016784668,U2,Uptrend,Medium,-0.011132004075630753,0.2546989041825697
INTC,2020-05-14,59.08000183105469,U2,Uptrend,Medium,0.023207483783077576,0.5867520795673812
INTC,2020-05-15,58.279998779296875,U2,Uptrend,Medium,-0.01354101264325458,0.4531130106416874
INTC,2020-05-18,59.91999816894531,U2,Uptrend,Medium,0.028140003843497352,0.8587858437923587
INTC,2020-05-19,60.290000915527344,U2,Uptrend,Medium,0.0061749458926685374,0.9559043087453056
INTC,2020-05-20,63.099998474121094,U2,Uptrend,Medium,0.046608019836172465,1.5700228354373094
INTC,2020-05-21,61.97999954223633,U2,Uptrend,Medium,-0.017749587305364245,1.29317561107364
INTC,2020-05-22,62.2599983215332,U2,Uptrend,Medium,0.004517566656419003,1.3124741028857458
INTC,2020-05-26,62.34000015258789,U2,Uptrend,Medium,0.001284963591575039,1.2866177111733725
INTC,2020-05-27,63.560001373291016,U2,Uptrend,Medium,0.01957011898808081,1.5065619026304962
INTC,2020-05-28,61.70000076293945,U2,Uptrend,Medium,-0.02926369682448071,1.074010004107369
INTC,2020-05-29,62.93000030517578,U2,Uptrend,Medium,0.019935162512593196,1.3041749489818066
INTC,2020-06-01,61.86000061035156,U2,Uptrend,Medium,-0.01700301429580975,1.0512727864785767
INTC,2020-06-02,62.119998931884766,U2,Uptrend,Medium,0.004203011945811408,1.0731012836868792
INTC,2020-06-03,61.93000030517578,U2,Uptrend,Medium,-0.003058574210816012,1.000725144490639
INTC,2020-06-04,62.970001220703125,U2,Uptrend,Medium,0.016793168260979652,1.1758363317903828
INTC,2020-06-05,64.33999633789062,U2,Uptrend,Medium,0.021756313969024887,1.4065853010578222
INTC,2020-06-08,63.66999816894531,U2,Uptrend,Medium,-0.010413400793912397,1.2573980178245707
INTC,2020-06-09,63.040000915527344,U2,Uptrend,Medium,-0.009894727054118979,1.0859457090450673
INTC,2020-06-10,63.869998931884766,U2,Uptrend,Medium,0.013166211997198474,1.26767843374705
INTC,2020-06-11,59.70000076293945,U2,Uptrend,Medium,-0.06528884043653227,0.3007903581268036
INTC,2020-06-12,59.33000183105469,U2,Uptrend,Medium,-0.006197636970793008,0.17958125872850692
INTC,2020-06-15,60.099998474121094,U2,Uptrend,Medium,0.01297820022421381,0.3399952906440936
INTC,2020-06-16,60.400001525878906,U2,Uptrend,Medium,0.004991731437181235,0.39937558411468443
INTC,2020-06-17,60.4900016784668,U2,Uptrend,Medium,0.001490068713811743,0.4006150665360674
INTC,2020-06-18,60.08000183105469,U2,Uptrend,Medium,-0.006777977120771994,0.23573044444572303
INTC,2020-06-19,59.619998931884766,U2,Uptrend,Medium,-0.007656506077737046,0.034089724137116965
INTC,2020-06-22,60.09000015258789,U2,Uptrend,Medium,0.007883281266745756,0.18135442977031124
INTC,2020-06-23,59.91999816894531,U2,Uptrend,Medium,-0.002829122702793896,0.07621044580320398
INTC,2020-06-24,59.09000015258789,U2,Uptrend,Medium,-0.013851769721641705,-0.28453165819515097
INTC,2020-06-25,58.5099983215332,U2,Uptrend,Medium,-0.009815566585834379,-0.5762095402735324
INTC,2020-06-26,57.5,U2,Uptrend,Medium,-0.017261978302971492,-1.156445240259257
INTC,2020-06-29,58.27000045776367,U2,Uptrend,Medium,0.013391312308933534,-0.8732288599800646
INTC,2020-06-30,59.83000183105469,U2,Uptrend,Medium,0.026771947160387777,-0.15433750769376667
INTC,2020-07-01,58.810001373291016,U2,Uptrend,Medium,-0.017048310655980004,-0.7111724004168202
INTC,2020-07-02,59.130001068115234,U2,Uptrend,Medium,0.005441246171600245,-0.5470072035720782
INTC,2020-07-06,59.540000915527344,U2,Uptrend,Medium,0.006933871807981218,-0.3295294907952272
INTC,2020-07-07,58.310001373291016,U2,Uptrend,Medium,-0.020658372914394096,-1.026840958541389
INTC,2020-07-08,58.61000061035156,U2,Uptrend,Medium,0.00514490190353456,-0.8591434224288553
INTC,2020-07-09,58.41999816894531,U2,Uptrend,Medium,-0.0032418092378024843,-0.9371394064904048
INTC,2020-07-10,59.529998779296875,U2,Uptrend,Medium,0.019000353391685154,-0.3337801821630158
INTC,2020-07-13,58.58000183105469,U2,Uptrend,Medium,-0.015958289395641256,-0.8334829100144291
INTC,2020-07-14,58.97999954223633,U2,Uptrend,Medium,0.006828229748698789,-0.599495848073698
INTC,2020-07-15,59.029998779296875,U2,Uptrend,Medium,0.0008477320693218715,-0.5703368511383865
INTC,2020-07-16,59.13999938964844,U2,Uptrend,Medium,0.00186346963622408,-0.5541514038702041
INTC,2020-07-17,60.0,U2,Uptrend,Medium,0.014541775773201815,-0.06641265905118204
INTC,2020-07-20,61.150001525878906,U2,Uptrend,Medium,0.01916669209798183,0.5648611015091587
INTC,2020-07-21,60.70000076293945,U2,Uptrend,Medium,-0.007358965686190766,0.2968748451319723
INTC,2020-07-22,61.04999923706055,U2,Uptrend,Medium,0.00576603739245396,0.4801331383162587
INTC,2020-07-23,60.400001525878906,U2,Uptrend,Medium,-0.010646973289183181,0.09671882715100513
INTC,2020-07-24,50.59000015258789,U1,Uptrend,High,-0.1624172371765228,-4.419603571675758
INTC,2020-07-27,49.56999969482422,U1,Uptrend,High,-0.02016209635673416,-4.070213978944215
INTC,2020-07-28,49.2400016784668,U1,Uptrend,High,-0.006657212394372447,-3.6637479204627166
INTC,2020-07-29,48.06999969482422,U1,Uptrend,High,-0.02376120925589309,-3.5603578677189476
INTC,2020-07-30,47.9900016784668,U1,Uptrend,High,-0.0016641983953670225,-3.203925483398827
INTC,2020-07-31,47.72999954223633,U1,Uptrend,High,-0.005417839698620641,-2.9685723370308126
INTC,2020-08-03,48.29999923706055,U1,Uptrend,High,0.01194216845361229,-2.6066192578294705
INTC,2020-08-04,49.130001068115234,U1,Uptrend,High,0.01718430319182751,-2.256464642415637
INTC,2020-08-05,48.91999816894531,U1,Uptrend,High,-0.0042744330267522335,-2.1698116935447698
INTC,2020-08-06,48.56999969482422,U1,Uptrend,High,-0.007154507097738905,-2.123718455912714
INTC,2020-08-07,48.029998779296875,U1,Uptrend,High,-0.011117992977564106,-2.1181846201043393
INTC,2020-08-10,49.220001220703125,U1,Uptrend,High,0.024776233013755533,-1.7885506172072236
INTC,2020-08-11,48.189998626708984,U1,Uptrend,High,-0.020926504844556937,-1.8989863587875642
INTC,2020-08-12,49.189998626708984,U1,Uptrend,High,0.02075119378496426,-1.6337632854876447
INTC,2020-08-13,48.560001373291016,U1,Uptrend,High,-0.012807425716736986,-1.6771083300794534
INTC,2020-08-14,48.88999938964844,U1,Uptrend,High,0.006795675597713879,-1.5529946656559983
INTC,2020-08-17,48.93000030517578,U1,Uptrend,High,0.0008181819600474594,-1.4860468103069728
INTC,2020-08-18,48.650001525878906,U1,Uptrend,High,-0.005722435674443638,-1.4780040599053803
INTC,2020-08-19,48.33000183105469,U1,Uptrend,High,-0.006577588587618033,-1.4769259262501233
INTC,2020-08-20,49.16999816894531,U1,Uptrend,High,0.017380432569131132,-1.2843788616047938
INTC,2020-08-21,49.279998779296875,U1,Uptrend,Medium,0.002237148961722779,-1.2216421249535723
INTC,2020-08-24,49.13999938964844,U1,Uptrend,Medium,-0.002840896775899493,-1.2049710418081925
INTC,2020-08-25,49.43000030517578,U1,Uptrend,Medium,0.0059015246058069515,-1.1160010549767843
INTC,2020-08-26,49.54999923706055,U1,Uptrend,Medium,0.002427653877076663,-1.059284619233153
INTC,2020-08-27,49.400001525878906,U1,Uptrend,Medium,-0.0030271990613766064,-1.050068757453214
INTC,2020-08-28,50.43000030517578,U1,Uptrend,Medium,0.02085017707453507,-0.8410814679529175
INTC,2020-08-31,50.95000076293945,U1,Uptrend,Medium,0.010311331640232124,-0.7231304186523315
INTC,2020-09-01,50.790000915527344,U1,Uptrend,Medium,-0.003140330618571663,-0.7255116585940623
INTC,2020-09-02,52.25,U1,Uptrend,Medium,0.028745797561628095,-0.4336259944424646
INTC,2020-09-03,50.38999938964844,U1,Uptrend,Medium,-0.0355980978057715,-0.7543612539021942
INTC,2020-09-04,50.08000183105469,U1,Uptrend,Medium,-0.006151965912851942,-0.7857178809418832
INTC,2020-09-08,48.90999984741211,U1,Uptrend,Medium,-0.02336265856358377,-0.9761464777752041
INTC,2020-09-09,49.619998931884766,U1,Uptrend,Medium,0.01451644012855624,-0.8120258417294496
INTC,2020-09-10,48.959999084472656,U1,Uptrend,Medium,-0.013301085482047559,-0.9083177367683336
INTC,2020-09-11,49.279998779296875,U1,Uptrend,Medium,0.00653594160147164,-0.81798464949553
INTC,2020-09-14,49.40999984741211,U1,Uptrend,Medium,0.0026380087527488882,-0.7650982573549123
INTC,2020-09-15,50.0,U1,Uptrend,Medium,0.011940905776359534,-0.6234717309566028
INTC,2020-09-16,50.369998931884766,U1,Uptrend,Medium,0.007399978637695259,-0.5250108591833544
INTC,2020-09-17,50.31999969482422,U1,Uptrend,Medium,-0.000992639232098469,-0.5104094383838345
INTC,2020-09-18,49.88999938964844,U1,Uptrend,Medium,-0.008545316132424596,-0.5738664533789029
INTC,2020-09-21,49.720001220703125,U1,Uptrend,Medium,-0.003407459832131865,-0.5845383197295024
INTC,2020-09-22,49.95000076293945,U1,Uptrend,Medium,0.004625895747978337,-0.5136237643643816
INTC,2020-09-23,48.81999969482422,U1,Uptrend,Medium,-0.02262264366077127,-0.7255546756827151
INTC,2020-09-24,49.15999984741211,U1,Uptrend,Medium,0.006964362038370364,-0.6274595807888366
INTC,2020-09-25,49.939998626708984,U1,Uptrend,Medium,0.015866533395401117,-0.43318614203895417
INTC,2020-09-28,51.43000030517578,U1,Uptrend,Medium,0.029835837393674014,-0.07685842871296292
INTC,2020-09-29,51.189998626708984,U1,Uptrend,Medium,-0.004666569648895003,-0.10243238242771442
INTC,2020-09-30,51.779998779296875,U1,Uptrend,Medium,0.011525691901074886,0.061358849579677015
INTC,2020-10-01,52.2400016784668,U1,Uptrend,Medium,0.00888379509490922,0.2007320155247546
INTC,2020-10-02,51.0099983215332,U1,Uptrend,Medium,-0.023545239613585234,-0.07044088411104418
INTC,2020-10-05,51.689998626708984,U1,Uptrend,Medium,0.01333072588807993,0.13713250128193324
INTC,2020-10-06,51.369998931884766,U1,Uptrend,Medium,-0.00619074682387144,0.08815104077650171
INTC,2020-10-07,52.66999816894531,U1,Uptrend,Medium,0.025306584856743086,0.4831437545040417
INTC,2020-10-08,53.369998931884766,U2,Uptrend,Medium,0.0132903130297084,0.734105281230885
INTC,2020-10-09,52.81999969482422,U2,Uptrend,Medium,-0.010305400938128262,0.6355205115684615
INTC,2020-10-12,53.880001068115234,U2,Uptrend,Medium,0.020068182116912858,1.0556960402040032
INTC,2020-10-13,53.83000183105469,U2,Uptrend,Medium,-0.0009279739433809553,1.1928293972553374
INTC,2020-10-14,53.54999923706055,U2,Uptrend,Medium,-0.0052016084798386375,1.276209509573752
INTC,2020-10-15,53.849998474121094,U2,Uptrend,Medium,0.005602226728939508,1.7087427921114837
INTC,2020-10-16,54.15999984741211,U2,Uptrend,Medium,0.005756757327300521,2.348123044623503
INTC,2020-10-19,54.58000183105469,U2,Uptrend,Medium,0.007754837238291623,2.4244535650012735
INTC,2020-10-20,53.43000030517578,U2,Uptrend,Medium,-0.021070016256844126,1.7044970019405798
INTC,2020-10-21,53.5,U2,Uptrend,Medium,0.0013101196785401115,1.6674176798795934
INTC,2020-10-22,53.900001525878906,U2,Uptrend,Medium,0.007476664035119818,1.8004531496988456
INTC,2020-10-23,48.20000076293945,U1,Uptrend,Medium,-0.10575140262663485,-1.1945728902194788
INTC,2020-10-26,46.720001220703125,U1,Uptrend,Medium,-0.03070538420767588,-1.9345590047955707
INTC,2020-10-27,45.63999938964844,U1,Uptrend,Medium,-0.02311647694427077,-2.373592445466993
INTC,2020-10-28,44.25,U1,Uptrend,Medium,-0.03045572761255777,-2.819716058444059
INTC,2020-10-29,44.11000061035156,U1,Uptrend,Medium,-0.00316382801465398,-2.675844046780277
INTC,2020-10-30,44.279998779296875,U1,Uptrend,Medium,0.0038539597958069383,-2.445772148919782
INTC,2020-11-02,44.459999084472656,U1,Uptrend,Medium,0.00406504765442639,-2.2565868757022622
INTC,2020-11-03,44.849998474121094,U1,Uptrend,Medium,0.008771916277088732,-2.0014015896888693
INTC,2020-11-04,45.70000076293945,U1,Uptrend,Medium,0.01895211410784814,-1.6268746174404534
INTC,2020-11-05,45.68000030517578,U1,Uptrend,Medium,-0.00043764677089219717,-1.5786016810408092
INTC,2020-11-06,45.38999938964844,U1,Uptrend,Medium,-0.006348531383317146,-1.6314094147913947
INTC,2020-11-09,45.599998474121094,U1,Uptrend,Medium,0.004626549620984299,-1.506817066325187
INTC,2020-11-10,45.439998626708984,U1,Uptrend,Medium,-0.0035087687010102453,-1.5136137538758498
INTC,2020-11-11,46.349998474121094,U1,Uptrend,Medium,0.020026405697935568,-1.1703436344326883
INTC,2020-11-12,44.95000076293945,U1,Uptrend,Medium,-0.03020491385697266,-1.600861953481669
INTC,2020-11-13,45.459999084472656,U1,Uptrend,Medium,0.011345902399932495,-1.3844335541049084
INTC,2020-11-16,46.189998626708984,U1,Uptrend,Medium,0.016058063285040225,-1.1125935626196104
INTC,2020-11-17,45.529998779296875,U1,Uptrend,Medium,-0.014288804222446272,-1.2912268324125467
INTC,2020-11-18,45.060001373291016,U1,Uptrend,Medium,-0.01032280734915314,-1.3959952881848476
INTC,2020-11-19,45.619998931884766,U1,Uptrend,Medium,0.012427819385857353,-1.182076295272411
INTC,2020-11-20,45.38999938964844,U1,Uptrend,Medium,-0.005041638483590072,-1.2176093152395973
INTC,2020-11-23,46.060001373291016,U1,Uptrend,Medium,0.014761004464683314,-0.9794780832584984
INTC,2020-11-24,47.0099983215332,U1,Uptrend,Medium,0.0206252045140638,-0.665035982812421
INTC,2020-11-25,47.04999923706055,U1,Uptrend,Medium,0.0008509022964380275,-0.6326682935698111
INTC,2020-11-27,47.45000076293945,U1,Uptrend,Medium,0.008501626617750002,-0.4878643469348503
INTC,2020-11-30,48.349998474121094,U1,Uptrend,Medium,0.01896728549443094,-0.19882292784510447
INTC,2020-12-01,49.560001373291016,U1,Uptrend,Medium,0.025025913906027597,0.17920694045703664
INTC,2020-12-02,49.900001525878906,U1,Uptrend,Medium,0.006860374155903903,0.27940664837257984
INTC,2020-12-03,50.9900016784668,U1,Uptrend,Medium,0.02184368976467055,0.6085853804936728
INTC,2020-12-04,51.9900016784668,U1,Uptrend,Medium,0.01961168792081658,0.8959241842258296
INTC,2020-12-07,50.20000076293945,U1,Uptrend,Medium,-0.034429714516988064,0.3412318709148482
INTC,2020-12-08,50.689998626708984,U1,Uptrend,Medium,0.009760913472560695,0.4840649338854898
INTC,2020-12-09,50.06999969482422,U1,Uptrend,Medium,-0.012231188571350304,0.2938482836030918
INTC,2020-12-10,50.2599983215332,U1,Uptrend,Medium,0.003794660033293873,0.35265102100434853
INTC,2020-12-11,49.72999954223633,U1,Uptrend,Medium,-0.010545141205661412,0.19353864155637399
INTC,2020-12-14,50.470001220703125,U1,Uptrend,Medium,0.014880387799688366,0.4169534729416222
INTC,2020-12-15,50.66999816894531,U1,Uptrend,Medium,0.003962689585990109,0.4725699864697466
INTC,2020-12-16,51.119998931884766,U1,Uptrend,Medium,0.008881010049359928,0.6025999281495604
INTC,2020-12-17,50.650001525878906,U1,Uptrend,Medium,-0.009194002657005318,0.4492612525494225
INTC,2020-12-18,47.459999084472656,U1,Uptrend,Medium,-0.06298129013434206,-0.5119186652451435
INTC,2020-12-21,46.36000061035156,U1,Uptrend,Medium,-0.023177380854206064,-0.8234174584676236
INTC,2020-12-22,46.16999816894531,U1,Uptrend,Medium,-0.004098413263692313,-0.8526511099196541
INTC,2020-12-23,46.56999969482422,U1,Uptrend,Medium,0.00866366778736305,-0.7084482632650163
INTC,2020-12-24,47.06999969482422,U1,Uptrend,Medium,0.010736525730653312,-0.5362623994850216
INTC,2020-12-28,47.06999969482422,U1,Uptrend,Medium,0.0,-0.513732896725833
INTC,2020-12-29,49.38999938964844,U1,Uptrend,Medium,0.049288287866280145,0.20187787344552377
INTC,2020-12-30,48.75,U1,Uptrend,Medium,-0.012958076484256287,0.021347886933246032
INTC,2020-12-31,49.81999969482422,U1,Uptrend,Medium,0.021948711688701827,0.36049091131364563
INTC,2021-01-04,49.66999816894531,U1,Uptrend,Medium,-0.0030108696667553447,0.33370302076974234
INTC,2021-01-05,50.61000061035156,U1,Uptrend,Medium,0.01892495421902307,0.6529033474812134
INTC,2021-01-06,51.099998474121094,U1,Uptrend,Medium,0.009681838724761915,0.826377905905932
INTC,2021-01-07,52.189998626708984,U1,Uptrend,Medium,0.02133072769346378,1.202145373641887
INTC,2021-01-08,51.650001525878906,U1,Uptrend,Medium,-0.01034675445562716,1.0557612429239502
INTC,2021-01-11,51.540000915527344,U1,Uptrend,Medium,-0.0021297310184288376,1.0465764119458776
INTC,2021-01-12,53.2400016784668,U2,Uptrend,Medium,0.032984104244113466,1.6323069120458302
INTC,2021-01-13,56.95000076293945,U2,Uptrend,Medium,0.06968442839048938,2.7686201356332374
INTC,2021-01-14,59.25,U2,Uptrend,Medium,0.04038628983754622,3.269819757990987
INTC,2021-01-15,57.58000183105469,U2,Uptrend,Medium,-0.028185623104562185,2.621951342856571
INTC,2021-01-19,57.9900016784668,U2,Uptrend,Medium,0.0071205250846482215,2.6024762727694473
INTC,2021-01-20,58.66999816894531,U2,Uptrend,Medium,0.011726098823877429,2.6468075135254137
INTC,2021-01-21,62.459999084472656,U2,Uptrend,Medium,0.06459861997291538,3.252738039328962
INTC,2021-01-22,56.65999984741211,U2,Uptrend,High,-0.09285941918149032,1.7656274085667203
INTC,2021-01-25,55.439998626708984,U2,Uptrend,High,-0.02153196653703926,1.422603741595712
INTC,2021-01-26,55.209999084472656,U2,Uptrend,High,-0.004148620994473107,1.3223931091544128
INTC,2021-01-27,53.59000015258789,U2,Uptrend,High,-0.029342491554946948,0.9151951289029516
INTC,2021-01-28,56.06999969482422,U2,Uptrend,High,0.0462772818655528,1.443006147716292
INTC,2021-01-29,55.5099983215332,U2,Uptrend,High,-0.009987540152291308,1.2694556344511543
INTC,2021-02-01,56.689998626708984,U2,Uptrend,High,0.02125743723393403,1.4883541342284587
INTC,2021-02-02,58.0,U2,Uptrend,High,0.023108156730027085,1.7156161574454827
INTC,2021-02-03,57.68000030517578,U2,Uptrend,High,-0.005517236117658975,1.578786190562516
INTC,2021-02-04,58.790000915527344,U2,Uptrend,High,0.019244115889020863,1.7518699313127413
INTC,2021-02-05,58.18000030517578,U2,Uptrend,High,-0.010375924491446198,1.5556390280574177
INTC,2021-02-08,59.15999984741211,U2,Uptrend,High,0.01684426842722364,1.6998816076190972
INTC,2021-02-09,58.779998779296875,U2,Uptrend,High,-0.006423277030009222,1.5550791573832543
INTC,2021-02-10,58.86000061035156,U2,Uptrend,High,0.0013610383245339364,1.5182408436933195
INTC,2021-02-11,60.65999984741211,U2,Uptrend,High,0.030581026476306006,1.8239858099221784
INTC,2021-02-12,61.810001373291016,U2,Uptrend,High,0.018958152469035428,1.9690822902794973
INTC,2021-02-16,62.470001220703125,U2,Uptrend,High,0.0106778811316659,2.00848139183199
INTC,2021-02-17,61.849998474121094,U2,Uptrend,High,-0.00992480765914494,1.8102040529193217
INTC,2021-02-18,61.61000061035156,U2,Uptrend,High,-0.003880321256110486,1.6965590869353113
INTC,2021-02-19,63.0099983215332,U2,Uptrend,Medium,0.022723546458566668,1.895925009462155
INTC,2021-02-22,60.709999084472656,U2,Uptrend,Medium,-0.03650213138118019,1.3959669216743158
INTC,2021-02-23,61.119998931884766,U2,Uptrend,Medium,0.006753415476775659,1.4264219949689325
INTC,2021-02-24,63.189998626708984,U2,Uptrend,Medium,0.033867796645924875,1.7604712173680277
INTC,2021-02-25,60.400001525878906,U2,Uptrend,Medium,-0.04415251086349614,1.1786411571522855
INTC,2021-02-26,60.779998779296875,U2,Uptrend,Medium,0.006291345096326895,1.2113969579306787
INTC,2021-03-01,62.880001068115234,U2,Uptrend,Medium,0.03455087744315111,1.5571685262224906
INTC,2021-03-02,61.2400016784668,U2,Uptrend,Medium,-0.026081414786744306,1.1992755796114543
INTC,2021-03-03,59.900001525878906,U2,Uptrend,Medium,-0.02188112534064579,0.9121732620407867
INTC,2021-03-04,58.33000183105469,U2,Uptrend,Medium,-0.026210344821876563,0.5919378383443069
INTC,2021-03-05,60.7400016784668,U2,Uptrend,Medium,0.04131664275259861,1.0180489882445074
INTC,2021-03-08,59.849998474121094,U2,Uptrend,Medium,-0.014652670065058992,0.819933030816518
INTC,2021-03-09,62.66999816894531,U2,Uptrend,Medium,0.04711779058847565,1.3117839284729602
INTC,2021-03-10,62.25,U2,Uptrend,Medium,-0.0067017421607877825,1.1905672301549464
INTC,2021-03-11,63.310001373291016,U2,Uptrend,Medium,0.017028134510699067,1.3438192962684925
INTC,2021-03-12,62.900001525878906,U2,Uptrend,Medium,-0.006476067580454603,1.2236824939602406
INTC,2021-03-15,63.790000915527344,U2,Uptrend,Medium,0.014149433514437426,1.3426010220974878
INTC,2021-03-16,64.77999877929688,U2,Uptrend,Medium,0.015519640218856878,1.4709991056867135
INTC,2021-03-17,65.77999877929688,U2,Uptrend,Medium,0.015436863520281285,1.5924420326148938
INTC,2021-03-18,63.72999954223633,U2,Uptrend,Medium,-0.031164476666207364,1.1846591244937803
INTC,2021-03-19,63.7599983215332,U2,Uptrend,Medium,0.00047071676623811065,1.1659617393182309
INTC,2021-03-22,65.62999725341797,U2,Uptrend,Medium,0.029328716767754726,1.4968516456873575
INTC,2021-03-23,63.47999954223633,U2,Uptrend,Medium,-0.03275937530333617,1.0572049544775728
INTC,2021-03-24,62.040000915527344,U2,Uptrend,Medium,-0.022684288549039477,0.7448409887419803
INTC,2021-03-25,62.02000045776367,U2,Uptrend,Medium,-0.00032238003656548386,0.7223049025376267
INTC,2021-03-26,64.87000274658203,U2,Uptrend,Medium,0.045952954978761174,1.3290919795522826
INTC,2021-03-29,64.5,U2,Uptrend,Medium,-0.005703757220844707,1.2290052389702526
INTC,2021-03-30,63.77000045776367,U2,Uptrend,Medium,-0.011317822360253138,1.0382631587729902
INTC,2021-03-31,64.0,U2,Uptrend,Medium,0.0036067044156391503,1.0810773890267946
INTC,2021-04-01,64.55000305175781,U2,Uptrend,Medium,0.00859379768371582,1.2054453360302553
INTC,2021-04-05,66.54000091552734,U2,Uptrend,Medium,0.03082878032048897,1.7050174510885479
INTC,2021-04-06,65.55999755859375,U2,Uptrend,Medium,-0.014728033415234099,1.4144015922406685
INTC,2021-04-07,66.25,U2,Uptrend,Medium,0.010524747820339186,1.5894804874732147
INTC,2021-04-08,67.05000305175781,U2,Uptrend,Medium,0.012075517762382137,1.8069232909588833
INTC,2021-04-09,68.26000213623047,U2,Uptrend,Medium,0.018046219677851916,2.109128632815586
INTC,2021-04-12,65.41000366210938,U2,Uptrend,Medium,-0.04175210057030454,1.214109733384516
INTC,2021-04-13,65.22000122070312,U2,Uptrend,Medium,-0.0029047917867082163,1.1188495276626051
INTC,2021-04-14,64.19000244140625,U2,Uptrend,Medium,-0.015792682612982167,0.783970957470832
INTC,2021-04-15,65.0199966430664,U2,Uptrend,Medium,0.012930272162207546,0.9992076734948115
INTC,2021-04-16,64.75,U2,Uptrend,Medium,-0.004152517025624913,0.887941932518626
INTC,2021-04-19,63.630001068115234,U2,Uptrend,Medium,-0.0172972808013091,0.5443094773343687
INTC,2021-04-20,62.70000076293945,U2,Uptrend,Medium,-0.014615751839768598,0.24015356814900285
INTC,2021-04-21,63.70000076293945,U2,Uptrend,Medium,0.01594896312331584,0.5208364222705789
INTC,2021-04-22,62.56999969482422,U2,Uptrend,Medium,-0.017739420009122986,0.13004156750284007
INTC,2021-04-23,59.2400016784668,U2,Uptrend,Medium,-0.053220361716461384,-1.0657016212596182
INTC,2021-04-26,58.7599983215332,U2,Uptrend,Medium,-0.008102689792935491,-1.2861909363489608
INTC,2021-04-27,57.970001220703125,U2,Uptrend,Medium,-0.013444471126551671,-1.63767935062173
INTC,2021-04-28,57.619998931884766,U2,Uptrend,Medium,-0.006037645013769022,-1.7948297915741755
INTC,2021-04-29,58.279998779296875,U2,Uptrend,Medium,0.011454353690501184,-1.5517225898033769
INTC,2021-04-30,57.529998779296875,U2,Uptrend,Medium,-0.012868908986086391,-1.8317304888724422
INTC,2021-05-03,57.2599983215332,U2,Uptrend,Medium,-0.004693211602515013,-1.893982879476855
INTC,2021-05-04,56.900001525878906,U2,Uptrend,Medium,-0.006287055644549566,-1.9915348524553953
INTC,2021-05-05,56.849998474121094,U2,Uptrend,Medium,-0.0008787882322827123,-1.9519620479187971
INTC,2021-05-06,57.189998626708984,U2,Uptrend,Medium,0.005980653680099257,-1.793883541135537
INTC,2021-05-07,57.66999816894531,U2,Uptrend,Medium,0.00839306790981742,-1.6010564921714134
INTC,2021-05-10,55.970001220703125,U2,Uptrend,Medium,-0.02947801287008911,-2.0912277310751133
INTC,2021-05-11,55.040000915527344,U2,Uptrend,Medium,-0.016616049399544752,-2.2607503327713556
INTC,2021-05-12,53.619998931884766,U2,Uptrend,Medium,-0.025799454215524542,-2.520955370311053
INTC,2021-05-13,54.0099983215332,U2,Uptrend,Medium,0.007273394207707229,-2.256450623382016
INTC,2021-05-14,55.349998474121094,U2,Uptrend,Medium,0.024810223925773478,-1.7854658923705282
INTC,2021-05-17,55.33000183105469,U2,Uptrend,Medium,-0.000361276307455638,-1.7121561696536587
INTC,2021-05-18,54.84000015258789,U2,Uptrend,Medium,-0.00885598522051334,-1.7711806945163358
INTC,2021-05-19,55.36000061035156,U2,Uptrend,Medium,0.009482138153114716,-1.571479285055565
INTC,2021-05-20,55.95000076293945,U2,Uptrend,Medium,0.01065751708965057,-1.36525174161833
INTC,2021-05-21,56.08000183105469,U2,Uptrend,Medium,0.0023235221866404476,-1.2943893214835
INTC,2021-05-24,56.959999084472656,U2,Uptrend,Medium,0.01569181927042429,-1.0437843209998512
INTC,2021-05-25,56.869998931884766,U2,Uptrend,Medium,-0.0015800588840322316,-1.0334116564785563
INTC,2021-05-26,56.91999816894531,U2,Uptrend,Medium,0.0008791847722808832,-0.9942630658537449
INTC,2021-05-27,57.72999954223633,U2,Uptrend,Medium,0.014230523530356365,-0.7801296666328881
INTC,2021-05-28,57.119998931884766,U2,Uptrend,Medium,-0.010566440588749226,-0.9224905199132059
INTC,2021-06-01,56.88999938964844,U2,Uptrend,Medium,-0.004026602705483273,-0.9557705461195076
INTC,2021-06-02,57.47999954223633,U2,Uptrend,Medium,0.010370893986953345,-0.7977485097345959
INTC,2021-06-03,56.2400016784668,U2,Uptrend,Medium,-0.02157268395345724,-1.0648999740036393
INTC,2021-06-04,57.369998931884766,U2,Uptrend,Medium,0.020092411445475244,-0.7694770395073198
INTC,2021-06-07,57.09000015258789,U2,Uptrend,Medium,-0.004880578429665272,-0.8103195168935552
INTC,2021-06-08,57.0,U2,Uptrend,Medium,-0.0015764608924039303,-0.8061550371123323
INTC,2021-06-09,57.0,U2,Uptrend,Medium,0.0,-0.7794957155207979
INTC,2021-06-10,57.380001068115234,U2,Uptrend,Medium,0.006666685405530393,-0.6631774587608843
INTC,2021-06-11,57.849998474121094,U2,Uptrend,Medium,0.008190961959863463,-0.5252374091609745
INTC,2021-06-14,58.189998626708984,U2,Uptrend,Low,0.005877271591286037,-0.42194641971953745
INTC,2021-06-15,57.9900016784668,U2,Uptrend,Medium,-0.0034369643059312116,-0.4501858656048124
INTC,2021-06-16,57.220001220703125,U2,Uptrend,Medium,-0.013278158914928784,-0.6150682371446299
INTC,2021-06-17,57.18000030517578,U2,Uptrend,Medium,-0.0006990722592447041,-0.6016421461552747
INTC,2021-06-18,55.66999816894531,U2,Uptrend,Medium,-0.02640787212611795,-0.9514901460372001
INTC,2021-06-21,55.869998931884766,U2,Uptrend,Medium,0.0035926130683980873,-0.8728727799590023
INTC,2021-06-22,55.869998931884766,U2,Uptrend,Medium,0.0,-0.844151112203737
INTC,2021-06-23,55.2599983215332,U2,Uptrend,Medium,-0.010918214104411517,-0.9668312795890676
INTC,2021-06-24,56.06999969482422,U2,Uptrend,Medium,0.014658005752696157,-0.7334292734385015
INTC,2021-06-25,55.90999984741211,U2,Uptrend,Medium,-0.002853573181433089,-0.7473677022061974
INTC,2021-06-28,57.47999954223633,U2,Uptrend,Medium,0.028080838832212685,-0.3151114537346647
INTC,2021-06-29,56.75,U2,Uptrend,Medium,-0.012700061726686807,-0.48246748642506887
INTC,2021-06-30,56.13999938964844,U2,Uptrend,Medium,-0.010748909433507703,-0.6252449281783304
INTC,2021-07-01,56.0099983215332,U2,Uptrend,Medium,-0.0023156585238439664,-0.6396985183542148
INTC,2021-07-02,56.7599983215332,U2,Uptrend,Medium,0.01339046638949215,-0.39139560045262944
INTC,2021-07-06,56.09000015258789,U2,Uptrend,Medium,-0.011804055474947672,-0.5913268077184672
INTC,2021-07-07,55.959999084472656,U2,Uptrend,Medium,-0.0023177227270739786,-0.6176234015257097
INTC,2021-07-08,55.38999938964844,U2,Uptrend,Medium,-0.010185841746776947,-0.8177040013149796
INTC,2021-07-09,55.9900016784668,U2,Uptrend,Medium,0.010832321636213837,-0.5629810522227638
INTC,2021-07-12,56.72999954223633,U2,Uptrend,Medium,0.013216607279619375,-0.21887464324903616
INTC,2021-07-13,56.869998931884766,U2,Uptrend,Medium,0.002467819333300092,-0.10662069665489332
INTC,2021-07-14,56.52000045776367,U2,Uptrend,Medium,-0.006154360483465071,-0.25024799358869027
INTC,2021-07-15,55.810001373291016,U2,Uptrend,Medium,-0.012561908682276579,-0.6490622656496069
INTC,2021-07-16,54.970001220703125,U2,Uptrend,Medium,-0.015051068480888663,-1.2943466562308006
INTC,2021-07-19,54.63999938964844,U2,Uptrend,Medium,-0.006003307690129689,-1.7198946054823512
INTC,2021-07-20,55.2400016784668,U2,Uptrend,Medium,0.010981008336761189,-1.1705446242250321
INTC,2021-07-21,56.22999954223633,U2,Uptrend,Medium,0.01792175658378814,-0.22086444265578933
INTC,2021-07-22,55.959999084472656,U2,Uptrend,Medium,-0.004801715453703004,-0.4567731259611749
INTC,2021-07-23,53.0,U2,Uptrend,Medium,-0.052894909451382977,-3.048378658469693
INTC,2021-07-26,54.310001373291016,U2,Uptrend,Medium,0.02471700704322677,-1.7934678454811084
INTC,2021-07-27,53.18000030517578,U2,Uptrend,Medium,-0.02080650045188459,-2.616670836423432
INTC,2021-07-28,53.06999969482422,U2,Uptrend,Medium,-0.0020684582497239035,-2.5199890927379975
INTC,2021-07-29,53.70000076293945,U2,Uptrend,Medium,0.011871133818315727,-1.9032991091287683
INTC,2021-07-30,53.720001220703125,U2,Uptrend,Medium,0.00037244799775626447,-1.7992665669673027
INTC,2021-08-02,53.68000030517578,U2,Uptrend,Medium,-0.0007446186637822816,-1.749384097287322
INTC,2021-08-03,54.060001373291016,U2,Uptrend,Medium,0.007079006444763225,-1.4099451520058188
INTC,2021-08-04,53.900001525878906,U2,Uptrend,Medium,-0.002959671538061759,-1.4767596026295644
INTC,2021-08-05,53.88999938964844,U2,Uptrend,Medium,-0.00018556838492234107,-1.4480356795378304
INTC,2021-08-06,53.91999816894531,U2,Uptrend,Medium,0.0005566669073415742,-1.4379603064296083
INTC,2021-08-09,54.04999923706055,U2,Uptrend,Medium,0.00241099911961995,-1.3433533221128076
INTC,2021-08-10,53.939998626708984,U2,Uptrend,Medium,-0.0020351639575257874,-1.3855516902582636
INTC,2021-08-11,54.13999938964844,U2,Uptrend,Medium,0.0037078377462254064,-1.2114526367226643
INTC,2021-08-12,53.540000915527344,U2,Uptrend,Medium,-0.01108235095835286,-1.5981111854930907
INTC,2021-08-13,53.4900016784668,U2,Uptrend,Medium,-0.000933866944444639,-1.5777914011849028
INTC,2021-08-16,53.470001220703125,U2,Uptrend,Medium,-0.0003739102100593916,-1.5313257748332394
INTC,2021-08-17,52.689998626708984,U1,Uptrend,Medium,-0.01458766740577766,-1.9547614295822688
INTC,2021-08-18,52.189998626708984,U1,Uptrend,Medium,-0.009489466939301527,-2.152557049248488
INTC,2021-08-19,52.439998626708984,U1,Uptrend,Medium,0.004790189817557522,-1.89707845326799
INTC,2021-08-20,52.0099983215332,U1,Uptrend,Low,-0.00819985347895813,-2.04697610948499
INTC,2021-08-23,53.22999954223633,U2,Uptrend,Low,0.0234570517222652,-1.276544448762978
INTC,2021-08-24,53.810001373291016,U2,Uptrend,Low,0.010896145708107152,-0.8988352934796053
INTC,2021-08-25,53.810001373291016,U2,Uptrend,Low,0.0,-0.8691410481014057
INTC,2021-08-26,53.130001068115234,U2,Uptrend,Low,-0.012637061658082427,-1.2368115816873178
INTC,2021-08-27,53.88999938964844,U2,Uptrend,Low,0.01430450416439566,-0.7546253750558019
INTC,2021-08-30,53.939998626708984,U2,Uptrend,Low,0.0009278017744820399,-0.6981436324509293
INTC,2021-08-31,54.060001373291016,U2,Uptrend,Low,0.0022247450804089297,-0.6003352869487344
INTC,2021-09-01,53.66999816894531,U2,Uptrend,Low,-0.007214265527902608,-0.8113697259121987
INTC,2021-09-02,53.72999954223633,U2,Uptrend,Low,0.001117968610733655,-0.7470893951200152
INTC,2021-09-03,53.5099983215332,U2,Uptrend,Low,-0.004094569562208661,-0.8561841976319405
INTC,2021-09-07,53.650001525878906,U2,Uptrend,Low,0.0026163933608154277,-0.7430952396025952
INTC,2021-09-08,53.56999969482422,U2,Uptrend,Low,-0.0014911804059520861,-0.7744399906955154
INTC,2021-09-09,53.400001525878906,U2,Uptrend,Low,-0.003173383795291307,-0.8696177579950913
INTC,2021-09-10,53.84000015258789,U2,Uptrend,Low,0.008239674422026999,-0.535493973749898
INTC,2021-09-13,54.9900016784668,U2,Uptrend,Medium,0.0213596122329065,0.3290357819541866
INTC,2021-09-14,54.52000045776367,U2,Uptrend,Medium,-0.008547030484764795,-0.0057262404325572015
INTC,2021-09-15,55.119998931884766,U2,Uptrend,Medium,0.011005107650098322,0.45493295904928777
INTC,2021-09-16,54.83000183105469,U2,Uptrend,Low,-0.005261195690305587,0.2519736676471257
INTC,2021-09-17,54.2599983215332,U2,Uptrend,Medium,-0.010395832399893279,-0.16821642920104685
INTC,2021-09-20,52.97999954223633,U2,Uptrend,Medium,-0.023590099869002512,-1.1049210602954118
INTC,2021-09-21,52.869998931884766,U2,Uptrend,Medium,-0.002076266728992082,-1.1496516007066067
INTC,2021-09-22,53.5,U2,Uptrend,Medium,0.011916040870870725,-0.6488925734876534
INTC,2021-09-23,54.029998779296875,U2,Uptrend,Medium,0.009906519239193834,-0.19594642870690437
INTC,2021-09-24,54.220001220703125,U2,Uptrend,Medium,0.0035166101369421554,-0.012927478817379464
INTC,2021-09-27,54.65999984741211,U2,Uptrend,Low,0.008115061173052496,0.38403885677457983
INTC,2021-09-28,54.0,U2,Uptrend,Medium,-0.012074640491301691,-0.1495541344709475
INTC,2021-09-29,53.4900016784668,U2,Uptrend,Medium,-0.009444413361725967,-0.5813152356658492
INTC,2021-09-30,53.279998779296875,U2,Uptrend,Medium,-0.003926021547583147,-0.748026798669175
INTC,2021-10-01,53.86000061035156,U2,Uptrend,Medium,0.010885920501936264,-0.1833819425839868
INTC,2021-10-04,53.470001220703125,U2,Uptrend,Medium,-0.0072409837584273,-0.5278155428031753
INTC,2021-10-05,53.95000076293945,U2,Uptrend,Medium,0.008976987680532789,-0.015599941881357668
INTC,2021-10-06,53.97999954223633,U2,Uptrend,Medium,0.0005560478011612524,0.07156327990255644
INTC,2021-10-07,54.18000030517578,U2,Uptrend,Medium,0.0037050901192201557,0.3708583156853806
INTC,2021-10-08,53.810001373291016,U2,Uptrend,Medium,-0.006829068471773669,-0.04455496563615323
INTC,2021-10-11,53.439998626708984,U2,Uptrend,Low,-0.006876096211469007,-0.497577940228301
INTC,2021-10-12,52.16999816894531,U1,Uptrend,Medium,-0.023764979236525208,-2.053384115915842
INTC,2021-10-13,52.2599983215332,U1,Uptrend,Medium,0.0017251323700728793,-1.8745507843129665
INTC,2021-10-14,53.900001525878906,U2,Uptrend,Medium,0.031381616092971854,0.29607087494636825
INTC,2021-10-15,54.459999084472656,U2,Uptrend,Medium,0.01038956480038089,1.215726676672987
INTC,2021-10-18,54.470001220703125,U2,Uptrend,Medium,0.00018366023500937523,1.1895396749465472
INTC,2021-10-19,55.209999084472656,U2,Uptrend,Medium,0.013585420363241507,2.211836615779917
INTC,2021-10-20,55.369998931884766,U2,Uptrend,Medium,0.00289802300426234,2.293826458761268
INTC,2021-10-21,56.0,U2,Uptrend,Medium,0.011378022038437186,2.899837556153675
INTC,2021-10-22,49.459999084472656,U1,Uptrend,Medium,-0.11678573063441688,-4.504660842197812
INTC,2021-10-25,49.40999984741211,U1,Uptrend,Medium,-0.0010109025067944755,-3.8625802343906965
INTC,2021-10-26,48.279998779296875,U1,Uptrend,Medium,-0.02286988608793572,-4.067436660753927
INTC,2021-10-27,47.88999938964844,U1,Uptrend,Medium,-0.00807786660126586,-3.7407915085360655
INTC,2021-10-28,48.08000183105469,U1,Uptrend,Medium,0.003967476379783008,-3.2181183062246173
INTC,2021-10-29,49.0,U1,Uptrend,Medium,0.01913473656215814,-2.4688354313370127
INTC,2021-11-01,49.54999923706055,U1,Uptrend,Medium,0.011224474225725478,-2.0349408909507742
INTC,2021-11-02,49.86000061035156,U1,Uptrend,Medium,0.00625633457243624,-1.7764550207259304
INTC,2021-11-03,50.38999938964844,U1,Uptrend,Medium,0.010629738724608817,-1.4330089926788192
INTC,2021-11-04,50.310001373291016,U1,Uptrend,Medium,-0.001587577244024696,-1.4203309932194719
INTC,2021-11-05,50.91999816894531,U1,Uptrend,Medium,0.012124762055326421,-1.0665406556079788
INTC,2021-11-08,51.54999923706055,U1,Uptrend,High,0.012372370203647343,-0.7185244333595208
INTC,2021-11-09,51.20000076293945,U1,Uptrend,Medium,-0.0067894952337743675,-0.8753789896567337
INTC,2021-11-10,50.7599983215332,U1,Uptrend,Medium,-0.008593797555658256,-1.0751340107225684
INTC,2021-11-11,50.529998779296875,U1,Uptrend,Medium,-0.004531118003184731,-1.1658460172660723
INTC,2021-11-12,50.310001373291016,U1,Uptrend,Medium,-0.004353797967950768,-1.2426814747448365
INTC,2021-11-15,50.31999969482422,U1,Uptrend,Medium,0.0001987342727147734,-1.2097300006638498
INTC,2021-11-16,50.61000061035156,U1,Uptrend,Medium,0.00576313428629005,-1.0358775706323347
INTC,2021-11-17,50.22999954223633,U1,Uptrend,Medium,-0.007508418564166397,-1.1809269681436274
INTC,2021-11-18,49.68000030517578,U1,Uptrend,Medium,-0.01094961660507432,-1.3937007000295072
INTC,2021-11-19,49.52000045776367,U1,Uptrend,Medium,-0.003220608825065585,-1.4169687473381938
INTC,2021-11-22,49.83000183105469,U1,Uptrend,Medium,0.00626012460471248,-1.2278084127935416
INTC,2021-11-23,49.099998474121094,U1,Uptrend,Low,-0.0146498761811934,-1.5054099430462022
INTC,2021-11-24,49.7599983215332,U1,Uptrend,Low,0.013441952503521426,-1.1629131755894415
INTC,2021-11-26,48.779998779296875,U1,Uptrend,Medium,-0.019694525226948034,-1.543484206134542
INTC,2021-11-29,50.0,U1,Uptrend,Medium,0.025010275753039046,-0.9671084533900792
INTC,2021-11-30,49.20000076293945,U1,Uptrend,Medium,-0.015999984741210893,-1.2763079191343556
INTC,2021-12-01,48.599998474121094,U1,Uptrend,Medium,-0.012195168282808644,-1.4802203045369724
INTC,2021-12-02,49.5,U1,Uptrend,Medium,0.018518550496624986,-1.0552333068768056
INTC,2021-12-03,49.25,U1,Uptrend,Medium,-0.005050505050505083,-1.1243921044849465
INTC,2021-12-06,50.9900016784668,U1,Uptrend,Medium,0.03532998331912274,-0.3629364912473694
INTC,2021-12-07,52.56999969482422,U1,Uptrend,Medium,0.030986428012310885,0.33737129054525317
INTC,2021-12-08,51.75,U1,Uptrend,Medium,-0.01559824423786238,0.0002940526014531288
INTC,2021-12-09,50.47999954223633,U1,Uptrend,Medium,-0.024541071647607215,-0.5346363719206662
INTC,2021-12-10,50.59000015258789,U1,Uptrend,Medium,0.0021790929348073362,-0.4608102541910965
INTC,2021-12-13,50.0,U1,Uptrend,Medium,-0.011662386851321482,-0.7032637390685311
INTC,2021-12-14,49.70000076293945,U1,Uptrend,Medium,-0.005999984741210884,-0.814449069927176
INTC,2021-12-15,50.66999816894531,U1,Uptrend,Medium,0.01951705012304883,-0.35358827127295345
INTC,2021-12-16,50.83000183105469,U1,Uptrend,Medium,0.0031577593821079386,-0.26143550222574735
INTC,2021-12-17,50.619998931884766,U1,Uptrend,Medium,-0.004131475341431545,-0.3363957170408785
INTC,2021-12-20,49.599998474121094,U1,Uptrend,Medium,-0.020150147753582592,-0.7867244206581107
INTC,2021-12-21,50.77000045776367,U1,Uptrend,Medium,0.023588750395890257,-0.20632399474249136
INTC,2021-12-22,50.970001220703125,U1,Uptrend,Medium,0.003939349244360013,-0.0863307547915307
INTC,2021-12-23,51.310001373291016,U1,Uptrend,Medium,0.006670593377380296,0.10011814924947392
INTC,2021-12-27,51.939998626708984,U1,Uptrend,Medium,0.012278254464165972,0.4287104180531356
INTC,2021-12-28,51.7599983215332,U1,Uptrend,Medium,-0.0034655431254327906,0.3615623964054449
INTC,2021-12-29,51.83000183105469,U1,Uptrend,Medium,0.0013524635199295698,0.4161342042994452
INTC,2021-12-30,51.7400016784668,U1,Uptrend,Medium,-0.001736448956364267,0.3960192497375386
INTC,2021-12-31,51.5,U1,Uptrend,Medium,-0.004638609792830373,0.2976756200729316
INTC,2022-01-03,53.209999084472656,U2,Uptrend,Medium,0.03320386571791567,1.2418273391013679
INTC,2022-01-04,53.13999938964844,U2,Uptrend,Medium,-0.0013155364786436863,1.220314204527379
INTC,2022-01-05,53.869998931884766,U2,Uptrend,Medium,0.013737289247664819,1.6078041871791773
INTC,2022-01-06,54.0099983215332,U2,Uptrend,Medium,0.0025988378025672,1.635154031845528
INTC,2022-01-07,53.439998626708984,U2,Uptrend,Medium,-0.010553595862582421,1.3053424651940708
INTC,2022-01-10,55.209999084472656,U2,Uptrend,Medium,0.033121266902111035,2.183557067604521
INTC,2022-01-11,55.90999984741211,U2,Uptrend,Medium,0.01267887655401756,2.4668199580051304
INTC,2022-01-12,55.7400016784668,U2,Uptrend,Medium,-0.00304056822409704,2.3191237213274207
INTC,2022-01-13,54.939998626708984,U2,Uptrend,Medium,-0.01435240451503006,1.9350353342068716
INTC,2022-01-14,55.70000076293945,U2,Uptrend,Medium,0.01383331188983683,2.295146469051352
INTC,2022-01-18,54.7599983215332,U2,Uptrend,Medium,-0.016876165682778388,1.8842194462642539
INTC,2022-01-19,53.619998931884766,U2,Uptrend,Medium,-0.02081810490487468,1.2634668907234934
INTC,2022-01-20,52.040000915527344,U1,Uptrend,Medium,-0.02946658052650364,0.45349450172603417
INTC,2022-01-21,52.040000915527344,U1,Uptrend,Medium,0.0,0.42903348018057563
INTC,2022-01-24,51.939998626708984,U1,Uptrend,Medium,-0.0019216427182752183,0.35191718569676095
INTC,2022-01-25,51.0,U1,Uptrend,Medium,-0.01809777919835387,-0.16925544934315961
INTC,2022-01-26,51.689998626708984,U1,Uptrend,Medium,0.013529384837431158,0.17883070185472882
INTC,2022-01-27,48.04999923706055,U1,Uptrend,Medium,-0.07041980047118046,-1.7510158891858614
INTC,2022-01-28,47.72999954223633,U1,Uptrend,Medium,-0.00665972320302155,-1.8552465830529539
INTC,2022-01-31,48.81999969482422,U1,Uptrend,Medium,0.02283679369456837,-1.2600877461516395
INTC,2022-02-01,48.95000076293945,U1,Uptrend,Medium,0.002662864992377667,-1.1701413274746464
INTC,2022-02-02,49.5099983215332,U1,Uptrend,Medium,0.011440195094291505,-0.8679772851192037
INTC,2022-02-03,48.279998779296875,U1,Uptrend,Medium,-0.02484345756282058,-1.4360374497352735
INTC,2022-02-04,48.0099983215332,U1,Uptrend,Medium,-0.0055923874190206835,-1.5129033539265195
INTC,2022-02-07,48.18000030517578,U1,Uptrend,Medium,0.0035409704142048692,-1.3861255843108258
INTC,2022-02-08,48.810001373291016,U1,Uptrend,Medium,0.013075987217201268,-1.0611735569919536
INTC,2022-02-09,49.90999984741211,U1,Uptrend,Medium,0.022536333603199177,-0.535789466705332
INTC,2022-02-10,48.86000061035156,U1,Uptrend,Medium,-0.02103785294070659,-1.0132640052078463
INTC,2022-02-11,47.630001068115234,U1,Uptrend,Medium,-0.02517395675135825,-1.5358891545388127
INTC,2022-02-14,47.58000183105469,U1,Uptrend,Medium,-0.0010497425139470717,-1.509554933492064
INTC,2022-02-15,48.439998626708984,U1,Uptrend,Medium,0.018074753311442482,-1.1032399148898122
INTC,2022-02-16,48.22999954223633,U1,Uptrend,Medium,-0.0043352413382783395,-1.1773007874970551
INTC,2022-02-17,47.56999969482422,U1,Uptrend,Medium,-0.013684425744896145,-1.4304505314227196
INTC,2022-02-18,45.040000915527344,U1,Uptrend,Medium,-0.053184755003732875,-2.391574801338168
INTC,2022-02-22,44.689998626708984,U1,Uptrend,Medium,-0.007770920996977515,-2.380600976909745
INTC,2022-02-23,44.650001525878906,U1,Uptrend,Medium,-0.0008949899767097813,-2.2725469454963307
INTC,2022-02-24,46.720001220703125,U1,Uptrend,Medium,0.04636057388765047,-1.4385007739242848
INTC,2022-02-25,47.709999084472656,U1,Uptrend,Medium,0.02119002221538535,-1.0513762687486938
INTC,2022-02-28,47.70000076293945,U1,Uptrend,Medium,-0.00020956448805420358,-1.0443000385874954
INTC,2022-03-01,46.81999969482422,U1,Uptrend,Medium,-0.018448659413837,-1.3334949716261884
INTC,2022-03-02,48.869998931884766,U1,Uptrend,Medium,0.04378469138023444,-0.5843268665261053
INTC,2022-03-03,47.93000030517578,U1,Uptrend,Medium,-0.019234676637074566,-0.9014040998234726
INTC,2022-03-04,48.06999969482422,U1,Uptrend,Medium,0.002920913598102315,-0.8232063700004421
INTC,2022-03-07,47.68000030517578,U1,Uptrend,Medium,-0.008113155650600667,-0.9344156490195515
INTC,2022-03-08,47.5,U1,Uptrend,Medium,-0.0037751741615706935,-0.9731932930373393
INTC,2022-03-09,47.630001068115234,U1,Uptrend,Medium,0.0027368645918997014,-0.9030648382142132
INTC,2022-03-10,46.65999984741211,U1,Uptrend,Medium,-0.020365341149498062,-1.2107524838471988
INTC,2022-03-11,45.83000183105469,U1,Uptrend,Medium,-0.01778821301053768,-1.4511497558967728
INTC,2022-03-14,44.400001525878906,U1,Uptrend,Medium,-0.031202274668180485,-1.8490997331420265
INTC,2022-03-15,44.810001373291016,U1,Uptrend,Medium,0.009234230480220429,-1.6411139371917969
INTC,2022-03-16,46.630001068115234,U1,Uptrend,Medium,0.04061592588812157,-1.0192823005818816
INTC,2022-03-17,47.13999938964844,U1,Uptrend,Medium,0.010937128669334939,-0.8366566925571802
INTC,2022-03-18,47.45000076293945,U1,Uptrend,Medium,0.006576185348001751,-0.7170964764926676
INTC,2022-03-21,47.38999938964844,U1,Uptrend,Medium,-0.0012645178572447957,-0.7150545951446176
INTC,2022-03-22,48.38999938964844,U1,Uptrend,Medium,0.021101498478145908,-0.3817957239912887
INTC,2022-03-23,48.27000045776367,U1,Uptrend,Medium,-0.0024798291671488393,-0.40193128013062757
INTC,2022-03-24,51.619998931884766,U1,Uptrend,Medium,0.06940125217219228,0.6702017407400767
INTC,2022-03-25,51.83000183105469,U1,Uptrend,Medium,0.004068246871663739,0.7373774839318027
INTC,2022-03-28,51.5099983215332,U1,Uptrend,Medium,-0.006174097978320914,0.6367751262626347
INTC,2022-03-29,52.25,U1,Uptrend,Medium,0.014366175549989313,0.8670356691238255
INTC,2022-03-30,51.43000030517578,U1,Uptrend,Medium,-0.01569377406362138,0.6201444924750313
INTC,2022-03-31,49.560001373291016,U1,Uptrend,Medium,-0.03636008012421832,0.037741891114482354
INTC,2022-04-01,48.11000061035156,U1,Uptrend,Medium,-0.029257480281687176,-0.41025981694660746
INTC,2022-04-04,49.20000076293945,U1,Uptrend,Medium,0.022656415272490404,-0.02300920756078263
INTC,2022-04-05,48.130001068115234,U1,Uptrend,Medium,-0.021747960939671573,-0.36097854340537505
INTC,2022-04-06,47.540000915527344,U1,Uptrend,Medium,-0.012258469551099771,-0.5390094191215861
INTC,2022-04-07,47.560001373291016,U1,Uptrend,Medium,0.000420707980195667,-0.5080795399336954
INTC,2022-04-08,47.02000045776367,U1,Uptrend,Medium,-0.011354097980127431,-0.6941460871543043
INTC,2022-04-11,46.56999969482422,U1,Uptrend,Medium,-0.009570411709027393,-0.8579947328637013
INTC,2022-04-12,46.5,U1,Uptrend,Medium,-0.0015031070492361742,-0.8868098562539579
INTC,2022-04-13,47.0099983215332,U1,Uptrend,Medium,0.010967705839423747,-0.6434058502192851
INTC,2022-04-14,45.66999816894531,U1,Uptrend,Medium,-0.028504577758601934,-1.2812818619666346
INTC,2022-04-18,46.63999938964844,U1,Uptrend,Medium,0.021239353176998987,-0.7683622895408094
INTC,2022-04-19,47.93000030517578,U1,Uptrend,Medium,0.027658682084238162,-0.0667590526479822
INTC,2022-04-20,48.11000061035156,U1,Uptrend,Medium,0.0037554830801105332,0.06690350901826714
INTC,2022-04-21,47.5,U1,Uptrend,Medium,-0.012679289183386788,-0.24750994492488745
INTC,2022-04-22,46.540000915527344,U1,Uptrend,Medium,-0.020210507041529602,-0.7761125395017571
INTC,2022-04-25,47.060001373291016,U1,Uptrend,Medium,0.011173193973663675,-0.45656400629804744
INTC,2022-04-26,45.52000045776367,U1,Uptrend,Medium,-0.03272420039497437,-1.327641278101794
INTC,2022-04-27,45.220001220703125,U1,Uptrend,Medium,-0.006590492839271933,-1.4456456682193988
INTC,2022-04-28,46.84000015258789,U1,Uptrend,Medium,0.03582483167079342,-0.49447335709671725
INTC,2022-04-29,43.59000015258789,U1,Uptrend,Medium,-0.06938514067917734,-2.231040177958778
INTC,2022-05-02,44.959999084472656,U1,Uptrend,Medium,0.031429202273206114,-1.4145704195946618
INTC,2022-05-03,45.060001373291016,U1,Uptrend,Medium,0.002224250241430692,-1.3136646560465803
INTC,2022-05-04,46.540000915527344,U1,Uptrend,Medium,0.032845084268319225,-0.49981367765562584
INTC,2022-05-05,44.599998474121094,U1,Uptrend,Medium,-0.041684624049051044,-1.4855670773341465
INTC,2022-05-06,44.29999923706055,U1,Uptrend,Medium,-0.006726440522965893,-1.584852955133917
INTC,2022-05-09,43.06999969482422,U1,Uptrend,Medium,-0.027765227165226114,-2.1098487997056723
INTC,2022-05-10,44.0099983215332,U1,Uptrend,Medium,0.02182490442000029,-1.566132825771836
INTC,2022-05-11,42.83000183105469,U1,Uptrend,Medium,-0.02681200944061768,-2.039352678791147
INTC,2022-05-12,42.84000015258789,U1,Uptrend,Medium,0.00023344200573793827,-1.9318441417666852
INTC,2022-05-13,43.599998474121094,U1,Uptrend,Medium,0.01774039026205032,-1.5143910307112702
INTC,2022-05-16,43.08000183105469,U1,Uptrend,Medium,-0.011926528928092761,-1.6780176841299048
INTC,2022-05-17,44.400001525878906,U1,Uptrend,Medium,0.03064066013740696,-1.0764242102495294
INTC,2022-05-18,42.349998474121094,U1,Uptrend,Medium,-0.046171238317704866,-1.924933826727964
INTC,2022-05-19,42.0099983215332,U1,Uptrend,Medium,-0.008028339193345113,-1.996690449405636
INTC,2022-05-20,41.650001525878906,U1,Uptrend,Medium,-0.008569312307488808,-2.0363479802626014
INTC,2022-05-23,42.0,U1,Uptrend,Medium,0.008403324400927614,-1.8049398986660614
INTC,2022-05-24,41.66999816894531,U1,Uptrend,Medium,-0.007857186453683052,-1.8429833945075484
INTC,2022-05-25,42.20000076293945,U1,Uptrend,Medium,0.01271904529117851,-1.5743997977325563
INTC,2022-05-26,43.47999954223633,U1,Uptrend,Medium,0.030331724079516675,-1.0553020651646259
INTC,2022-05-27,44.54999923706055,U1,Uptrend,Medium,0.0246090088796993,-0.630953359142766
INTC,2022-05-31,44.41999816894531,U1,Uptrend,Medium,-0.0029180936103605504,-0.6572953733959092
INTC,2022-06-01,44.11000061035156,U1,Uptrend,Medium,-0.006978783686904189,-0.7501446147751066
INTC,2022-06-02,44.84000015258789,U1,Uptrend,Medium,0.016549524646005453,-0.4592172620049061
INTC,2022-06-03,43.38999938964844,U1,Uptrend,Medium,-0.03233721583419236,-0.9731095141451892
INTC,2022-06-06,43.34000015258789,U1,Uptrend,Medium,-0.0011523216815826354,-0.9638296335511967
INTC,2022-06-07,43.529998779296875,U1,Uptrend,Medium,0.004383909230273542,-0.873222486121664
INTC,2022-06-08,41.22999954223633,U1,Uptrend,Medium,-0.05283710777760098,-1.6657010169626334
INTC,2022-06-09,40.0099983215332,D1,Downtrend,Medium,-0.02959013422867851,-2.0063585126404404
INTC,2022-06-10,39.18000030517578,D1,Downtrend,Medium,-0.020744765088148487,-2.161596307982413
INTC,2022-06-13,37.77000045776367,D1,Downtrend,Medium,-0.03598774467660848,-2.449423646109749
INTC,2022-06-14,37.93000030517578,D1,Downtrend,Medium,0.0042361621782618375,-2.250927799868134
INTC,2022-06-15,38.650001525878906,D1,Downtrend,Medium,0.018982367912210973,-1.9291902952462134
INTC,2022-06-16,37.34000015258789,D1,Downtrend,Medium,-0.03389395398636341,-2.1839171128809545
INTC,2022-06-17,36.970001220703125,D1,Downtrend,Medium,-0.009908916185666472,-2.1602655287496044
INTC,2022-06-21,37.72999954223633,D1,Downtrend,Medium,0.020557162467920165,-1.8864100674127262
INTC,2022-06-22,37.380001068115234,D1,Downtrend,Medium,-0.009276397518353852,-1.9218936894913161
INTC,2022-06-23,37.40999984741211,D1,Downtrend,Medium,0.0008025355387821786,-1.8569317981927937
INTC,2022-06-24,38.61000061035156,D1,Downtrend,Medium,0.032077005288265514,-1.4998006985402559
INTC,2022-06-27,38.630001068115234,D1,Downtrend,Medium,0.0005180123659027647,-1.4663651402079474
INTC,2022-06-28,37.779998779296875,D1,Downtrend,Medium,-0.022003682767690713,-1.6600985405860496
INTC,2022-06-29,37.290000915527344,D1,Downtrend,Medium,-0.012969769179506874,-1.7324528697857133
INTC,2022-06-30,37.40999984741211,D1,Downtrend,Medium,0.0032179921946529078,-1.6442847590064784
INTC,2022-07-01,36.34000015258789,D1,Downtrend,Medium,-0.028601970039789704,-1.8738892543904566
INTC,2022-07-05,36.689998626708984,D1,Downtrend,Medium,0.009631218289804178,-1.7045447383717454
INTC,2022-07-06,36.9900016784668,D1,Downtrend,Medium,0.008176698364317225,-1.5619490816604982
INTC,2022-07-07,38.13999938964844,D1,Downtrend,Medium,0.03108942035682838,-1.1978460859376059
INTC,2022-07-08,37.9900016784668,D1,Downtrend,Medium,-0.00393281891929842,-1.1993767582257673
INTC,2022-07-11,37.20000076293945,D1,Downtrend,Medium,-0.02079496921883861,-1.3731733054215824
INTC,2022-07-12,37.209999084472656,D1,Downtrend,Medium,0.0002687720787135639,-1.3263037605654568
INTC,2022-07-13,37.209999084472656,D1,Downtrend,Medium,0.0,-1.280642557445617
INTC,2022-07-14,37.709999084472656,D1,Downtrend,Medium,0.013437248382213607,-1.1050316916879315
INTC,2022-07-15,38.619998931884766,D1,Downtrend,Medium,0.02413152663763407,-0.8228684075020513
INTC,2022-07-18,38.709999084472656,D1,Downtrend,Medium,0.002330402772579676,-0.7726432724814034
INTC,2022-07-19,40.220001220703125,D1,Downtrend,Medium,0.039008064374668416,-0.2983141108672848
INTC,2022-07-20,40.560001373291016,U1,Uptrend,Medium,0.008453509255809788,-0.16820734741334936
INTC,2022-07-21,40.61000061035156,U1,Uptrend,Medium,0.001232722765474925,-0.12279704658284926
INTC,2022-07-22,39.20000076293945,D1,Downtrend,Medium,-0.034720507909884124,-0.550926382667692
INTC,2022-07-25,39.15999984741211,D1,Downtrend,Medium,-0.0010204314986942409,-0.5390595344192068
INTC,2022-07-26,38.959999084472656,D1,Downtrend,Medium,-0.005107271800785518,-0.5807281598228724
INTC,2022-07-27,40.18000030517578,D1,Downtrend,Medium,0.03131420044589661,-0.14433602338428173
INTC,2022-07-28,39.709999084472656,D1,Downtrend,Medium,-0.011697392163597886,-0.28196565012188385
INTC,2022-07-29,36.310001373291016,D1,Downtrend,Medium,-0.08562069477637191,-1.4354891877283755
INTC,2022-08-01,36.959999084472656,D1,Downtrend,Medium,0.017901340859209247,-1.184695803565507
INTC,2022-08-02,36.0099983215332,D1,Downtrend,Medium,-0.025703484482459293,-1.4842692062447829
INTC,2022-08-03,36.52000045776367,D1,Downtrend,Medium,0.014162792557685266,-1.2591660445817947
INTC,2022-08-04,35.65999984741211,D1,Downtrend,Medium,-0.023548756833838946,-1.5179352120070244
INTC,2022-08-05,35.38999938964844,D1,Downtrend,Medium,-0.007571521562506844,-1.563053761066214
INTC,2022-08-08,35.380001068115234,D1,Downtrend,Medium,-0.00028251827368297455,-1.5086879813912093
INTC,2022-08-09,34.52000045776367,D1,Downtrend,Medium,-0.02430753488943793,-1.7448601969752446
INTC,2022-08-10,35.369998931884766,D1,Downtrend,Medium,0.024623362191466214,-1.3958004639202608
INTC,2022-08-11,35.59000015258789,D1,Downtrend,Medium,0.00621999511865412,-1.2749772433067799
INTC,2022-08-12,36.11000061035156,D1,Downtrend,Medium,0.014610858542686955,-1.06161859099193
INTC,2022-08-15,36.34000015258789,D1,Downtrend,Medium,0.006369413967010518,-0.9455214302651516
INTC,2022-08-16,36.189998626708984,D1,Downtrend,Medium,-0.0041277249655768955,-0.9683096549099439
INTC,2022-08-17,35.779998779296875,D1,Downtrend,Medium,-0.011329092649081218,-1.0833339105716375
INTC,2022-08-18,36.20000076293945,D1,Downtrend,Medium,0.011738457181994066,-0.8974307006199601
INTC,2022-08-19,35.380001068115234,D1,Downtrend,Medium,-0.022651924793982592,-1.1632039845745457
INTC,2022-08-22,33.84000015258789,D1,Downtrend,Medium,-0.043527441182448334,-1.6709980729776692
INTC,2022-08-23,33.95000076293945,D1,Downtrend,Medium,0.0032506090382848907,-1.5867901049632824
INTC,2022-08-24,33.86000061035156,D1,Downtrend,Medium,-0.0026509617250476403,-1.5982904939576896
INTC,2022-08-25,34.88999938964844,D1,Downtrend,Medium,0.030419337292687088,-1.191773484363075
INTC,2022-08-26,33.36000061035156,D1,Downtrend,Medium,-0.043852072400746844,-1.7823388962232574
INTC,2022-08-29,32.939998626708984,D1,Downtrend,Medium,-0.012589987288916693,-1.962658094743891
INTC,2022-08-30,32.2599983215332,D1,Downtrend,Medium,-0.020643604539327787,-2.209054763136631
INTC,2022-08-31,31.920000076293945,D1,Downtrend,Medium,-0.010539313791976035,-2.3106942768432686
INTC,2022-09-01,31.760000228881836,D1,Downtrend,Medium,-0.005012526536017692,-2.353517276029277
INTC,2022-09-02,31.219999313354492,D1,Downtrend,Medium,-0.017002547595584727,-2.4709155129279186
INTC,2022-09-06,30.360000610351562,D1,Downtrend,Medium,-0.027546403648864293,-2.657151008249257
INTC,2022-09-07,30.649999618530273,D1,Downtrend,Medium,0.009552009300020758,-2.374686938901915
INTC,2022-09-08,30.75,D1,Downtrend,Medium,0.003262655227221245,-2.1944519918105527
INTC,2022-09-09,31.459999084472656,D1,Downtrend,Medium,0.02308940112106206,-1.8246867777991977
INTC,2022-09-12,31.559999465942383,D1,Downtrend,Medium,0.0031786517603265008,-1.709478203473415
INTC,2022-09-13,29.290000915527344,D1,Downtrend,Medium,-0.07192644451292474,-2.389922240865736
INTC,2022-09-14,29.18000030517578,D1,Downtrend,Medium,-0.0037555686894242823,-2.2764170534780783
INTC,2022-09-15,28.84000015258789,D1,Downtrend,Medium,-0.011651821419877861,-2.245885989626029
INTC,2022-09-16,29.239999771118164,D1,Downtrend,Medium,0.01386961221962335,-2.00280559565373
INTC,2022-09-19,29.440000534057617,D1,Downtrend,Medium,0.0068399714262994404,-1.8462258084266783
INTC,2022-09-20,28.959999084472656,D1,Downtrend,Medium,-0.016304396768935914,-1.8990756829663353
INTC,2022-09-21,28.469999313354492,D1,Downtrend,Medium,-0.016919882134281083,-1.9466651419994971
INTC,2022-09-22,28.06999969482422,D2,Downtrend,Medium,-0.014049864003426449,-1.95929023770484
INTC,2022-09-23,27.520000457763672,D2,Downtrend,Medium,-0.019593845494838447,-2.004643001464196
INTC,2022-09-26,26.969999313354492,D2,Downtrend,Medium,-0.019985506368478956,-2.0408554900543754
INTC,2022-09-27,26.889999389648438,D2,Downtrend,Medium,-0.002966256052755689,-1.956038235259238
INTC,2022-09-28,27.1299991607666,D2,Downtrend,Medium,0.008925242713488268,-1.8051024227375967
INTC,2022-09-29,26.3799991607666,D2,Downtrend,Medium,-0.027644674648003464,-1.8960609627211464
INTC,2022-09-30,25.770000457763672,D2,Downtrend,Medium,-0.02312353003824752,-1.9455299679913434
INTC,2022-10-03,26.969999313354492,D2,Downtrend,Medium,0.04656572892024524,-1.5919047890049238
INTC,2022-10-04,27.700000762939453,D2,Downtrend,Medium,0.027067166042658908,-1.3677644700667364
INTC,2022-10-05,27.639999389648438,D2,Downtrend,Medium,-0.002166114499581262,-1.3321891373638008
INTC,2022-10-06,27.18000030517578,D2,Downtrend,Medium,-0.016642514277512288,-1.3859190304619302
INTC,2022-10-07,25.719999313354492,D2,Downtrend,Medium,-0.05371600351098105,-1.6499101151469209
INTC,2022-10-10,25.200000762939453,D2,Downtrend,Medium,-0.02021767357299431,-1.6970907060929434
INTC,2022-10-11,25.040000915527344,D2,Downtrend,Medium,-0.006349200101906871,-1.6663236051517158
INTC,2022-10-12,25.329999923706055,D2,Downtrend,Medium,0.011581429615638905,-1.5535215232337922
INTC,2022-10-13,26.420000076293945,D2,Downtrend,Medium,0.043031984045438954,-1.2787502023857955
INTC,2022-10-14,25.90999984741211,D2,Downtrend,Medium,-0.019303566518133586,-1.3608347963220082
INTC,2022-10-17,26.420000076293945,D2,Downtrend,Medium,0.01968352882614055,-1.2099523836145665
INTC,2022-10-18,25.8700008392334,D2,Downtrend,Medium,-0.02081753351522686,-1.301854667759991
INTC,2022-10-19,26.0,D2,Downtrend,Medium,0.005025093024714877,-1.2383366761280938
INTC,2022-10-20,26.079999923706055,D2,Downtrend,Medium,0.0030769201425404624,-1.1970317477446772
INTC,2022-10-21,26.969999313354492,D2,Downtrend,Medium,0.03412574356794584,-0.9582179174360315
INTC,2022-10-24,27.18000030517578,D2,Downtrend,Medium,0.007786466339185338,-0.8758036590693317
INTC,2022-10-25,27.40999984741211,D2,Downtrend,Medium,0.00846208755165212,-0.7902248989106123
INTC,2022-10-26,27.209999084472656,D2,Downtrend,Medium,-0.007296634952675296,-0.81447004489359
INTC,2022-10-27,26.270000457763672,D2,Downtrend,Medium,-0.03454607344126637,-1.0325997975173764
INTC,2022-10-28,29.06999969482422,D1,Downtrend,High,0.10658542779861468,-0.2574910171745149
INTC,2022-10-31,28.43000030517578,D1,Downtrend,High,-0.022015803108604293,-0.40767142463021616
INTC,2022-11-01,28.299999237060547,D1,Downtrend,High,-0.004572672061898153,-0.4188535868402102
INTC,2022-11-02,27.420000076293945,D2,Downtrend,High,-0.031095377543833624,-0.6423830891918407
INTC,2022-11-03,27.389999389648438,D2,Downtrend,High,-0.0010941169424519837,-0.6253965256576075
INTC,2022-11-04,28.200000762939453,D1,Downtrend,High,0.02957288759915566,-0.361919790217734
INTC,2022-11-07,28.40999984741211,D1,Downtrend,High,0.007446775843660269,-0.269692368593056
INTC,2022-11-08,28.479999542236328,D1,Downtrend,High,0.002463910425912763,-0.21622775759317636
INTC,2022-11-09,27.520000457763672,D2,Downtrend,High,-0.03370783356400553,-0.5036536773352173
INTC,2022-11-10,29.760000228881836,D1,Downtrend,High,0.08139533916636399,0.3066671338097309
INTC,2022-11-11,30.43000030517578,D1,Downtrend,High,0.02251344325070659,0.6150809395909392
INTC,2022-11-14,30.350000381469727,D1,Downtrend,High,-0.002628982021155246,0.64991921554004
INTC,2022-11-15,30.709999084472656,D1,Downtrend,High,0.01186157161377599,0.8400472481113986
INTC,2022-11-16,29.530000686645508,D1,Downtrend,High,-0.038423915109257356,0.40105126436355926
INTC,2022-11-17,29.889999389648438,D1,Downtrend,High,0.012190948006504332,0.6092062767575385
INTC,2022-11-18,29.8700008392334,D1,Downtrend,High,-0.0006690716233993532,0.6846942488272127
INTC,2022-11-21,28.940000534057617,D1,Downtrend,High,-0.03113492731993006,0.28733947956780476
INTC,2022-11-22,29.81999969482422,D1,Downtrend,High,0.03040771059181524,0.7908949189838581
INTC,2022-11-23,29.670000076293945,D1,Downtrend,High,-0.005030168345585451,0.7597205527530368
INTC,2022-11-25,29.34000015258789,D1,Downtrend,High,-0.011122343203824991,0.6228617053584584
INTC,2022-11-28,28.729999542236328,D1,Downtrend,Medium,-0.020790750074272224,0.31888793184794745
INTC,2022-11-29,28.899999618530273,D1,Downtrend,Medium,0.005917162513143337,0.45192195507549066
INTC,2022-11-30,30.06999969482422,D1,Downtrend,Medium,0.04048443224005305,1.1579706856926706
INTC,2022-12-01,29.829999923706055,D1,Downtrend,Medium,-0.007981369256863435,1.033208582875538
INTC,2022-12-02,29.40999984741211,D1,Downtrend,Medium,-0.014079788044523922,0.8055473079448044
INTC,2022-12-05,29.170000076293945,D1,Downtrend,Medium,-0.008160481889267435,0.7047511205837779
INTC,2022-12-06,28.600000381469727,D1,Downtrend,Medium,-0.01954061341561153,0.3893772313017186
INTC,2022-12-07,28.329999923706055,D1,Downtrend,Medium,-0.00944057532036291,0.22155259598263805
INTC,2022-12-08,28.440000534057617,D1,Downtrend,Medium,0.0038828312971337375,0.3048815745129977
INTC,2022-12-09,28.239999771118164,D1,Downtrend,Medium,-0.007032375498725707,0.1775096421419598
INTC,2022-12-12,28.690000534057617,D1,Downtrend,Medium,0.01593487133805449,0.4892892751933341
INTC,2022-12-13,28.729999542236328,D1,Downtrend,Medium,0.0013941794156200338,0.5276820493236616
INTC,2022-12-14,28.260000228881836,D1,Downtrend,Medium,-0.016359182765162905,0.21606387314915496
INTC,2022-12-15,27.149999618530273,D2,Downtrend,Medium,-0.03927815291441994,-0.5275646826802778
INTC,2022-12-16,26.920000076293945,D2,Downtrend,Medium,-0.008471438138781817,-0.6690739318414282
INTC,2022-12-19,26.790000915527344,D2,Downtrend,Medium,-0.00482909213960514,-0.7461097551846079
INTC,2022-12-20,26.440000534057617,D2,Downtrend,Medium,-0.01306459012723915,-0.9726119808451916
INTC,2022-12-21,26.829999923706055,D2,Downtrend,Medium,0.014750354832484769,-0.7085526412788323
INTC,2022-12-22,25.969999313354492,D2,Downtrend,Medium,-0.032053694103506,-1.2605086434815858
INTC,2022-12-23,26.09000015258789,D2,Downtrend,Medium,0.004620748648679784,-1.1731742631446647
INTC,2022-12-27,25.940000534057617,D2,Downtrend,Medium,-0.005749314589996057,-1.277911356230709
INTC,2022-12-28,25.540000915527344,D2,Downtrend,Medium,-0.01542018543928314,-1.502830107763515
INTC,2022-12-29,26.209999084472656,D2,Downtrend,Medium,0.0262332868021935,-1.0382883242599998
INTC,2022-12-30,26.43000030517578,D2,Downtrend,Medium,0.008393789713386779,-0.8767603212955601
INTC,2023-01-03,26.729999542236328,D2,Downtrend,Medium,0.011350708800476283,-0.6768632945665732
INTC,2023-01-04,27.68000030517578,D2,Downtrend,Medium,0.035540620247237475,-0.08874115134697616
INTC,2023-01-05,27.559999465942383,D2,Downtrend,Medium,-0.004335290386935475,-0.19767100806491522
INTC,2023-01-06,28.729999542236328,D1,Downtrend,Medium,0.042452833779615506,0.5602026344041993
INTC,2023-01-09,29.309999465942383,D1,Downtrend,Medium,0.020187954505651584,0.9330894453547626
INTC,2023-01-10,29.440000534057617,D1,Downtrend,Medium,0.004435382821016187,0.9910826610124064
INTC,2023-01-11,29.850000381469727,D1,Downtrend,Medium,0.013926624999133441,1.2414088225190936
INTC,2023-01-12,30.290000915527344,D1,Downtrend,Medium,0.014740386212214629,1.4966588593459424
INTC,2023-01-13,30.110000610351562,D1,Downtrend,Medium,-0.005942565194295146,1.330157403525813
INTC,2023-01-17,29.600000381469727,D1,Downtrend,Medium,-0.016937901645425524,0.9394154150171882
INTC,2023-01-18,28.809999465942383,D1,Downtrend,Medium,-0.026689219775209994,0.345575970222591
INTC,2023-01-19,28.420000076293945,D1,Downtrend,Medium,-0.013536945396665945,0.04152425660019247
INTC,2023-01-20,29.219999313354492,D1,Downtrend,Medium,0.028149163790039955,0.6116240162236148
INTC,2023-01-23,30.270000457763672,D1,Downtrend,Medium,0.03593433159080517,1.3424477783517939
INTC,2023-01-24,29.920000076293945,D1,Downtrend,Medium,-0.011562615664908571,1.0491400106833755
INTC,2023-01-25,29.700000762939453,D1,Downtrend,Medium,-0.007352918208339165,0.8601992388553396
INTC,2023-01-26,30.09000015258789,D1,Downtrend,Medium,0.013131292243436343,1.1276472685155134
INTC,2023-01-27,28.15999984741211,D1,Downtrend,Medium,-0.06414092041836672,-0.2959479772509578
INTC,2023-01-30,27.950000762939453,D2,Downtrend,Medium,-0.007457353892420415,-0.4461906600969569
INTC,2023-01-31,28.260000228881836,D1,Downtrend,Medium,0.011091214936689076,-0.22905400342660043
INTC,2023-02-01,29.06999969482422,D1,Downtrend,Medium,0.028662401252019798,0.3532076461742713
INTC,2023-02-02,30.190000534057617,D1,Downtrend,Medium,0.03852772105232627,1.1517028690384903
INTC,2023-02-03,30.31999969482422,D1,Downtrend,Medium,0.004306033735241188,1.2089251240267525
INTC,2023-02-06,28.690000534057617,D1,Downtrend,Medium,-0.05375986732100302,0.018106513645957407
INTC,2023-02-07,29.049999237060547,D1,Downtrend,Medium,0.012547880665794375,0.2634230763965616
INTC,2023-02-08,28.239999771118164,D1,Downtrend,Medium,-0.027882942761286778,-0.31320732277080066
INTC,2023-02-09,27.729999542236328,D2,Downtrend,Medium,-0.018059498336236768,-0.6628546459349197
INTC,2023-02-10,27.799999237060547,D2,Downtrend,Medium,0.0025243309044271633,-0.5858159796779058
INTC,2023-02-13,28.549999237060547,D1,Downtrend,Medium,0.026978418006579075,0.006291423631830959
INTC,2023-02-14,28.639999389648438,D1,Downtrend,Medium,0.0031523697020301444,0.08749320949221129
INTC,2023-02-15,28.850000381469727,D1,Downtrend,Medium,0.007332437021531302,0.2659178785586475
INTC,2023-02-16,28.200000762939453,D1,Downtrend,Medium,-0.022530315768999665,-0.22228949343400733
INTC,2023-02-17,27.610000610351562,D2,Downtrend,Medium,-0.020921990660485057,-0.6683240348739685
INTC,2023-02-21,26.059999465942383,D2,Downtrend,Medium,-0.05613912025152412,-1.8038171735453057
INTC,2023-02-22,25.469999313354492,D2,Downtrend,Medium,-0.022640067716001244,-2.1346458567293225
INTC,2023-02-23,25.610000610351562,D2,Downtrend,Medium,0.005496713811203868,-1.9285064264108256
INTC,2023-02-24,25.139999389648438,D2,Downtrend,Medium,-0.018352253397180718,-2.1389718151373067
INTC,2023-02-27,24.899999618530273,D2,Downtrend,Medium,-0.009546530506957196,-2.170631309083123
INTC,2023-02-28,24.93000030517578,D2,Downtrend,Medium,0.001204846871691645,-2.0459545894025837
INTC,2023-03-01,25.329999923706055,D2,Downtrend,Medium,0.016044910294173986,-1.7105366332467198
INTC,2023-03-02,26.200000762939453,D2,Downtrend,Medium,0.0343466577913083,-1.110232161225966
INTC,2023-03-03,26.399999618530273,D2,Downtrend,Medium,0.007633543884232319,-0.9495767976948882
INTC,2023-03-06,25.989999771118164,D2,Downtrend,Medium,-0.015530297474865451,-1.173082171073208
INTC,2023-03-07,25.530000686645508,D2,Downtrend,Medium,-0.017699079973976684,-1.4122677709893878
INTC,2023-03-08,25.979999542236328,D2,Downtrend,Medium,0.01762627667402339,-1.0952366163498612
INTC,2023-03-09,26.440000534057617,D2,Downtrend,Medium,0.017705966124959005,-0.7878806973783536
INTC,2023-03-10,27.219999313354492,D2,Downtrend,Medium,0.029500709664969538,-0.2921526618142364
INTC,2023-03-13,26.950000762939453,D2,Downtrend,Medium,-0.009919124071490093,-0.4416342109465149
INTC,2023-03-14,28.010000228881836,D2,Downtrend,Medium,0.03933207554487539,0.21799061462761118
INTC,2023-03-15,28.40999984741211,D1,Downtrend,Medium,0.014280600330657034,0.4526231225138745
INTC,2023-03-16,30.18000030517578,D1,Downtrend,Medium,0.06230202278318209,1.4892553517395735
INTC,2023-03-17,29.809999465942383,D1,Downtrend,Medium,-0.012259802368853712,1.2208834159513402
INTC,2023-03-20,29.15999984741211,D1,Downtrend,Medium,-0.02180475109611768,0.8019275280591313
INTC,2023-03-21,28.459999084472656,D1,Downtrend,Medium,-0.024005513257969957,0.36436955027989787
INTC,2023-03-22,28.1299991607666,D1,Downtrend,Medium,-0.011595219055579586,0.14493669865237718
INTC,2023-03-23,29.030000686645508,D1,Downtrend,Medium,0.03199436732064154,0.6690911849745568
INTC,2023-03-24,29.360000610351562,D1,Downtrend,Medium,0.011367547912524145,0.8428604934342663
INTC,2023-03-27,29.18000030517578,D1,Downtrend,Medium,-0.006130800457555763,0.7050988507142166
INTC,2023-03-28,29.290000915527344,D1,Downtrend,Medium,0.0037697261549394234,0.7472018482933713
INTC,2023-03-29,31.520000457763672,D1,Downtrend,Medium,0.07613518171841882,2.0488243615252246
INTC,2023-03-30,32.09000015258789,D1,Downtrend,Medium,0.018083746400575418,2.2557650307142465
INTC,2023-03-31,32.66999816894531,D1,Downtrend,Medium,0.018074104506062172,2.420752824128552
INTC,2023-04-03,32.88999938964844,D1,Downtrend,Medium,0.006734044476079948,2.374484951592816
INTC,2023-04-04,33.099998474121094,D1,Downtrend,Medium,0.006384891710844887,2.330940413608513
INTC,2023-04-05,32.83000183105469,D1,Downtrend,Medium,-0.00815699865598185,2.0836453334806952
INTC,2023-04-06,32.810001373291016,D1,Downtrend,Medium,-0.0006092128129201457,1.9789482209138076
INTC,2023-04-10,32.52000045776367,D1,Downtrend,Medium,-0.008838796202045196,1.7749518606197767
INTC,2023-04-11,32.349998474121094,D1,Downtrend,Medium,-0.005227613199556225,1.6483002269717522
INTC,2023-04-12,32.02000045776367,D1,Downtrend,Medium,-0.010200866520021945,1.4612968956466845
INTC,2023-04-13,32.130001068115234,D1,Downtrend,Medium,0.0034353719168949137,1.4655922490277378
INTC,2023-04-14,31.889999389648438,D1,Downtrend,Medium,-0.007469706520021435,1.3173191633754682
INTC,2023-04-17,32.13999938964844,D1,Downtrend,Medium,0.007839448252894954,1.3761400218528534
INTC,2023-04-18,31.829999923706055,D1,Downtrend,Medium,-0.00964528537116982,1.210116735290635
INTC,2023-04-19,31.149999618530273,D1,Downtrend,Medium,-0.021363503198419287,0.9136000586188878
INTC,2023-04-20,30.860000610351562,D1,Downtrend,Medium,-0.009309759606102808,0.7824842405307476
INTC,2023-04-21,30.299999237060547,D1,Downtrend,Medium,-0.018146512061414932,0.5437002844076799
INTC,2023-04-24,29.65999984741211,D1,Downtrend,Medium,-0.021122092599449305,0.2804585331466126
INTC,2023-04-25,28.8799991607666,D1,Downtrend,Medium,-0.026298067790231805,-0.049804662723296256
INTC,2023-04-26,29.049999237060547,D1,Downtrend,Medium,0.0058864294056106825,0.013516520801630023
INTC,2023-04-27,29.860000610351562,D1,Downtrend,Medium,0.027883008418728483,0.34093933074664384
INTC,2023-04-28,31.059999465942383,D1,Downtrend,Medium,0.040187502714746026,0.8238013634210669
INTC,2023-05-01,30.299999237060547,D1,Downtrend,Medium,-0.0244687779120919,0.5070411647584632
INTC,2023-05-02,29.770000457763672,D1,Downtrend,Medium,-0.0174917093281185,0.29115224442960536
INTC,2023-05-03,30.649999618530273,D1,Downtrend,Medium,0.029559931045856302,0.6415197101260341
INTC,2023-05-04,31.239999771118164,D1,Downtrend,Medium,0.01924959738763543,0.8653875622617224
INTC,2023-05-05,30.989999771118164,D1,Downtrend,Medium,-0.008002560878093479,0.7408679185309766
INTC,2023-05-08,30.770000457763672,D1,Downtrend,Medium,-0.007099042109691367,0.6295460788428799
INTC,2023-05-09,30.100000381469727,D1,Downtrend,Medium,-0.02177445779416276,0.33956171127012963
INTC,2023-05-10,29.969999313354492,D1,Downtrend,Medium,-0.0043189723078962405,0.2764067151113404
INTC,2023-05-11,28.860000610351562,D1,Downtrend,Medium,-0.03703699460908294,-0.18161540475836543
INTC,2023-05-12,28.950000762939453,D1,Downtrend,Medium,0.003118508339726489,-0.14529526606856102
INTC,2023-05-15,29.799999237060547,D1,Downtrend,Medium,0.02936091370364391,0.19371164706247332
INTC,2023-05-16,29.219999313354492,D1,Downtrend,Medium,-0.019463085186416484,-0.05655155770942186
INTC,2023-05-17,28.8700008392334,D1,Downtrend,Medium,-0.011978045254817382,-0.22428712391715358
INTC,2023-05-18,29.68000030517578,D1,Downtrend,Medium,0.028056787059099086,0.08885780558763443
INTC,2023-05-19,29.93000030517578,D1,Downtrend,Medium,0.008423180506383021,0.16956798753737612
INTC,2023-05-22,30.280000686645508,D1,Downtrend,Medium,0.011693965182125288,0.29576911273346274
INTC,2023-05-23,29.510000228881836,D1,Downtrend,Medium,-0.025429340829020153,-0.09420747579363518
INTC,2023-05-24,29.0,D1,Downtrend,Medium,-0.017282284816205862,-0.3859973300243936
INTC,2023-05-25,27.399999618530273,D2,Downtrend,Medium,-0.0551724269472319,-1.2363889069829714
INTC,2023-05-26,29.0,D1,Downtrend,Medium,0.05839417531917279,-0.45245633678679725
INTC,2023-05-30,29.989999771118164,D1,Downtrend,Medium,0.03413792314200559,0.03968838340511225
INTC,2023-05-31,31.440000534057617,D1,Downtrend,Medium,0.04834947562540082,0.8065946055970672
INTC,2023-06-01,31.1299991607666,D1,Downtrend,Medium,-0.00986009440283575,0.6120864677452856
INTC,2023-06-02,31.309999465942383,D1,Downtrend,Medium,0.005782213621214449,0.7007977537840229
INTC,2023-06-05,29.860000610351562,D1,Downtrend,High,-0.04631104696019128,-0.25438653772465086
INTC,2023-06-06,30.959999084472656,D1,Downtrend,High,0.03683852818608968,0.44234007392051994
INTC,2023-06-07,31.280000686645508,D1,Downtrend,High,0.010335969368078679,0.6380323142361569
INTC,2023-06-08,31.81999969482422,D1,Downtrend,High,0.017263395023173755,0.9926356802007177
INTC,2023-06-09,31.34000015258789,D1,Downtrend,High,-0.015084838052792482,0.6204825822592266
INTC,2023-06-12,33.06999969482422,D1,Downtrend,High,0.05520100618421586,1.8019490148979984
INTC,2023-06-13,33.90999984741211,D1,Downtrend,High,0.02540067010400837,2.2521195006532206
INTC,2023-06-14,35.58000183105469,D1,Downtrend,High,0.04924806815562488,3.064446807784998
INTC,2023-06-15,35.81999969482422,D1,Downtrend,High,0.006745302175899859,2.9459823393739004
INTC,2023-06-16,36.369998931884766,D1,Downtrend,High,0.015354529361987002,2.9995179299506716
INTC,2023-06-20,35.0,D1,Downtrend,High,-0.03766837976681159,2.1176408328114458
INTC,2023-06-21,32.900001525878906,D1,Downtrend,High,-0.05999995640345979,0.9518662208991482
INTC,2023-06-22,32.709999084472656,D1,Downtrend,High,-0.005775149926871448,0.8207603156981527
INTC,2023-06-23,33.0,D1,Downtrend,High,0.008865818515568336,0.9457513169274392
INTC,2023-06-26,33.34000015258789,D1,Downtrend,High,0.010303034926905763,1.1022001481241397
INTC,2023-06-27,34.099998474121094,D1,Downtrend,High,0.022795390463554277,1.4666337646726413
INTC,2023-06-28,33.56999969482422,D1,Downtrend,High,-0.015542486891871765,1.1702037414192292
INTC,2023-06-29,32.90999984741211,D1,Downtrend,Medium,-0.019660406714685386,0.8242942875653249
INTC,2023-06-30,33.439998626708984,D1,Downtrend,Medium,0.016104490481744893,1.0954880865409782
INTC,2023-07-03,33.619998931884766,D1,Downtrend,Medium,0.005382784466743784,1.1745576334051746
INTC,2023-07-05,32.5099983215332,D1,Downtrend,Medium,-0.033016081071283176,0.6027438875530973
INTC,2023-07-06,31.969999313354492,D1,Downtrend,Medium,-0.016610244111302852,0.3277810333616539
INTC,2023-07-07,31.850000381469727,D1,Downtrend,Medium,-0.0037534855946850243,0.2701262658332599
INTC,2023-07-10,32.7400016784668,D1,Downtrend,Medium,0.027943525473703712,0.7254809117778862
INTC,2023-07-11,33.29999923706055,D1,Downtrend,Medium,0.017104383930501177,0.999111733010034
INTC,2023-07-12,33.97999954223633,D1,Downtrend,Medium,0.020420430052712657,1.312877047658677
INTC,2023-07-13,33.869998931884766,D1,Downtrend,Medium,-0.0032372163576646074,1.2275416439912616
INTC,2023-07-14,33.150001525878906,D1,Downtrend,Medium,-0.021257674305034113,0.8496484009094921
INTC,2023-07-17,34.369998931884766,D1,Downtrend,Medium,0.036802333328807,1.4078779851805887
INTC,2023-07-18,34.5,D1,Downtrend,Medium,0.0037823995389953957,1.4179367466822017
INTC,2023-07-19,34.459999084472656,D1,Downtrend,Medium,-0.0011594468268795177,1.3479277783482284
INTC,2023-07-20,33.369998931884766,D1,Downtrend,Medium,-0.03163088164674488,0.8004638136850943
INTC,2023-07-21,34.02000045776367,D1,Downtrend,Medium,0.01947861991861899,1.0762712464040203
INTC,2023-07-24,33.630001068115234,D1,Downtrend,Medium,-0.011463826701961,0.8595803551485894
INTC,2023-07-25,34.099998474121094,D1,Downtrend,Medium,0.01397553943141161,1.0515847637983244
INTC,2023-07-26,34.36000061035156,D1,Downtrend,Medium,0.007624696418323529,1.1395864210154132
INTC,2023-07-27,34.54999923706055,D1,Downtrend,Medium,0.005529645615074408,1.1887170188222602
INTC,2023-07-28,36.83000183105469,D1,Downtrend,Medium,0.06599139346864202,2.1499888084389354
INTC,2023-07-31,35.77000045776367,D1,Downtrend,Medium,-0.028780921004387006,1.592412545699484
INTC,2023-08-01,35.79999923706055,D1,Downtrend,Medium,0.0008386575038570321,1.5418509116666101
INTC,2023-08-02,34.38999938964844,D1,Downtrend,Medium,-0.039385471437453634,0.8864276821490223
INTC,2023-08-03,34.869998931884766,D1,Downtrend,Medium,0.013957532734961697,1.0630387363129032
INTC,2023-08-04,35.13999938964844,D1,Downtrend,Medium,0.007743058962837779,1.142699076148546
INTC,2023-08-07,35.22999954223633,D1,Downtrend,Medium,0.002561188222854671,1.1434295228653417
INTC,2023-08-08,35.02000045776367,D1,Downtrend,Medium,-0.005960802929358411,1.0213541060135805
INTC,2023-08-09,34.279998779296875,D1,Downtrend,Medium,-0.021130830062646266,0.665496562474034
INTC,2023-08-10,34.68000030517578,D1,Downtrend,Medium,0.011668656362977536,0.8195828351168083
INTC,2023-08-11,34.88999938964844,D1,Downtrend,Medium,0.006055336869224659,0.8891887041532768
INTC,2023-08-14,35.68000030517578,D1,Downtrend,Medium,0.022642617636781326,1.2314392679208488
INTC,2023-08-15,34.77000045776367,D1,Downtrend,Medium,-0.02550447981022308,0.7690684351534243
INTC,2023-08-16,33.529998779296875,D1,Downtrend,Medium,-0.03566297561523102,0.13750368639973165
INTC,2023-08-17,32.58000183105469,D1,Downtrend,Medium,-0.028332746281779286,-0.3623258642379602
INTC,2023-08-18,32.75,D1,Downtrend,Medium,0.0052178686123729445,-0.3132536145311879
INTC,2023-08-21,33.13999938964844,D1,Downtrend,Medium,0.0119083783098759,-0.15171077399901817
INTC,2023-08-22,32.88999938964844,D1,Downtrend,Medium,-0.007543753910812967,-0.3765023133840468
INTC,2023-08-23,33.97999954223633,D1,Downtrend,Medium,0.033140777525552334,0.2546834661814464
INTC,2023-08-24,32.59000015258789,D1,Downtrend,Medium,-0.04090639812754271,-0.7140602773684271
INTC,2023-08-25,33.25,D1,Downtrend,Medium,0.020251606146730827,-0.28859297368656467
INTC,2023-08-28,33.619998931884766,D1,Downtrend,Medium,0.011127787425105673,-0.06117615815406054
INTC,2023-08-29,34.310001373291016,D1,Downtrend,Medium,0.02052357118762016,0.40756520245274475
INTC,2023-08-30,34.529998779296875,D1,Downtrend,Medium,0.006412048883714716,0.551072674065283
INTC,2023-08-31,35.13999938964844,D1,Downtrend,Medium,0.017665816157436343,1.0158954357430008
INTC,2023-09-01,36.61000061035156,D1,Downtrend,Medium,0.04183270478758638,2.150332025654004
INTC,2023-09-05,36.709999084472656,D1,Downtrend,Medium,0.0027314524024568687,2.137906346751331
INTC,2023-09-06,36.97999954223633,D1,Downtrend,Medium,0.00735495681006082,2.2749176743485933
INTC,2023-09-07,38.18000030517578,D1,Downtrend,Medium,0.032449993991181314,2.9489094653495833
INTC,2023-09-08,38.0099983215332,D1,Downtrend,Medium,-0.004452644900045488,2.6044845132430656
INTC,2023-09-11,38.59000015258789,D1,Downtrend,Medium,0.015259191177761977,2.790508654757301
INTC,2023-09-12,38.86000061035156,D1,Downtrend,Medium,0.006996643086189858,2.7582592092969604
INTC,2023-09-13,38.709999084472656,D1,Downtrend,Medium,-0.003860049498788487,2.5237303395963706
INTC,2023-09-14,38.66999816894531,D1,Downtrend,Medium,-0.0010333483976595614,2.3459611657632333
INTC,2023-09-15,37.880001068115234,D1,Downtrend,Medium,-0.020429199333774517,1.8122569205927583
INTC,2023-09-18,37.9900016784668,D1,Downtrend,Medium,0.0029039231058562986,1.7903530143315152
INTC,2023-09-19,36.34000015258789,D1,Downtrend,Medium,-0.04343252047851709,0.8649562339211717
INTC,2023-09-20,34.689998626708984,D1,Downtrend,Medium,-0.04540455473172045,-0.044150388918838775
INTC,2023-09-21,34.650001525878906,D1,Downtrend,Medium,-0.0011529865209992662,-0.07108201767074837
INTC,2023-09-22,34.18000030517578,D1,Downtrend,Medium,-0.013564248196413442,-0.3345765598232604
INTC,2023-09-25,34.290000915527344,D1,Downtrend,Medium,0.0032182741184734187,-0.28932643971592364
INTC,2023-09-26,33.83000183105469,D1,Downtrend,Medium,-0.0134149627352258,-0.5486265581125864
INTC,2023-09-27,34.61000061035156,D1,Downtrend,Medium,0.023056421433027108,-0.12583992237339633
INTC,2023-09-28,35.18000030517578,D1,Downtrend,Medium,0.016469219438665306,0.16896712270380562
INTC,2023-09-29,35.54999923706055,D1,Downtrend,Medium,0.010517308944716808,0.35206303776541875
INTC,2023-10-02,35.459999084472656,D1,Downtrend,Medium,-0.002531649916157175,0.272768363994444
INTC,2023-10-03,35.689998626708984,D1,Downtrend,Medium,0.006486168871251863,0.3856589850113648
INTC,2023-10-04,35.93000030517578,D1,Downtrend,Medium,0.0067246199972446075,0.507568380807072
INTC,2023-10-05,35.88999938964844,D1,Downtrend,Medium,-0.0011133012854882551,0.4649486582504707
INTC,2023-10-06,36.189998626708984,D1,Downtrend,Medium,0.008358853222691254,0.6248922558261127
INTC,2023-10-09,36.060001373291016,D1,Downtrend,Medium,-0.00359207677123341,0.5217751319435803
INTC,2023-10-10,36.43000030517578,D1,Downtrend,Medium,0.010260646638766246,0.7267954050277954
INTC,2023-10-11,36.880001068115234,D1,Downtrend,Medium,0.012352477605538814,0.9726080557243881
INTC,2023-10-12,36.84000015258789,D1,Downtrend,Medium,-0.0010846234915629083,0.9192468977394226
INTC,2023-10-13,35.970001220703125,D1,Downtrend,Medium,-0.02361560608798341,0.36872691277587805
INTC,2023-10-16,36.560001373291016,D1,Downtrend,Medium,0.01640256137240015,0.7061665931626186
INTC,2023-10-17,36.060001373291016,D1,Downtrend,Medium,-0.013676148282786293,0.3772047759430077
INTC,2023-10-18,35.63999938964844,D1,Downtrend,Medium,-0.01164730914163703,0.10116714111562333
INTC,2023-10-19,35.66999816894531,D1,Downtrend,Medium,0.0008417166052361313,0.10670519910954993
INTC,2023-10-20,34.91999816894531,D1,Downtrend,Medium,-0.02102607340902407,-0.36816165865260375
INTC,2023-10-23,33.849998474121094,D1,Downtrend,Medium,-0.030641459075899324,-1.0063680880626455
INTC,2023-10-24,34.59000015258789,D1,Downtrend,Medium,0.02186120271268366,-0.5293299468015874
INTC,2023-10-25,32.83000183105469,D1,Downtrend,Medium,-0.0508817089843675,-1.565295243770517
INTC,2023-10-26,32.52000045776367,D1,Downtrend,Medium,-0.009442624307068326,-1.6977631243330233
INTC,2023-10-27,35.540000915527344,D1,Downtrend,Medium,0.09286594142844451,0.10353274711305548
INTC,2023-10-30,35.689998626708984,D1,Downtrend,Medium,0.004220532001058652,0.18786746368411866
INTC,2023-10-31,36.5,D1,Downtrend,Medium,0.022695472245965354,0.6579096793024107
INTC,2023-11-01,37.290000915527344,D1,Downtrend,Medium,0.02164386069937918,1.0957283294292877
INTC,2023-11-02,37.70000076293945,D1,Downtrend,Medium,0.010994900438347388,1.290611847835409
INTC,2023-11-03,38.13999938964844,D1,Downtrend,Medium,0.011671050870150745,1.4878517269775366
INTC,2023-11-06,37.95000076293945,D1,Downtrend,Medium,-0.004981610638424727,1.3303161272509283
INTC,2023-11-07,38.77000045776367,D1,Downtrend,Medium,0.021607369653204422,1.7199705001225782
INTC,2023-11-08,37.91999816894531,D1,Downtrend,Medium,-0.02192422694821372,1.2090263397269934
INTC,2023-11-09,37.79999923706055,D1,Downtrend,Medium,-0.003164528947236067,1.1064860336262599
INTC,2023-11-10,38.86000061035156,D1,Downtrend,Medium,0.028042364938773545,1.6344462602376855
INTC,2023-11-13,38.22999954223633,D1,Downtrend,Medium,-0.016212070463720307,1.2541023005029068
INTC,2023-11-14,39.40999984741211,D1,Downtrend,Medium,0.03086582054159126,1.8364572305346705
INTC,2023-11-15,40.61000061035156,U1,Uptrend,High,0.030449144064593314,2.370047039388921
INTC,2023-11-16,43.349998474121094,U1,Uptrend,High,0.06747101262222333,3.4058340221972023
INTC,2023-11-17,43.810001373291016,U1,Uptrend,High,0.010611370596576464,3.2891272432475986
INTC,2023-11-20,44.7400016784668,U1,Uptrend,High,0.02122803643057547,3.324783498464803
INTC,2023-11-21,43.63999938964844,U1,Uptrend,High,-0.024586550012307806,2.660773674451995
INTC,2023-11-22,43.66999816894531,U1,Uptrend,Medium,0.0006874147506059636,2.490207924596645
INTC,2023-11-24,43.959999084472656,U1,Uptrend,Medium,0.0066407356923952054,2.427007365033954
INTC,2023-11-27,44.08000183105469,U1,Uptrend,Medium,0.0027298168580813797,2.313604026157026
INTC,2023-11-28,44.22999954223633,U1,Uptrend,Medium,0.003402851745708535,2.2218774839603688
INTC,2023-11-29,44.939998626708984,U1,Uptrend,Medium,0.01605243255303823,2.2997108622503615
INTC,2023-11-30,44.70000076293945,U1,Uptrend,Medium,-0.0053404065666102785,2.099823106339683
INTC,2023-12-01,43.7400016784668,U1,Uptrend,Medium,-0.021476489218957395,1.7346605618375976
INTC,2023-12-04,42.349998474121094,U1,Uptrend,Medium,-0.03177876431198223,1.2849853170937025
INTC,2023-12-05,41.91999816894531,U1,Uptrend,Medium,-0.01015349045262759,1.1316031881594877
INTC,2023-12-06,41.27000045776367,U1,Uptrend,Medium,-0.015505671268448817,0.9268292020281738
INTC,2023-12-07,42.150001525878906,U1,Uptrend,Medium,0.021323020556198946,1.1487234135613684
INTC,2023-12-08,42.70000076293945,U1,Uptrend,Medium,0.01304861725148121,1.267388355457521
INTC,2023-12-11,44.540000915527344,U1,Uptrend,Medium,0.04309133769816875,1.7044335835151165
INTC,2023-12-12,44.040000915527344,U1,Uptrend,Medium,-0.011225864160808618,1.5108521801839558
INTC,2023-12-13,44.56999969482422,U1,Uptrend,Medium,0.012034486109876896,1.5839528080180874
INTC,2023-12-14,45.18000030517578,U1,Uptrend,Medium,0.013686349888452076,1.670361573022623
INTC,2023-12-15,46.15999984741211,U1,Uptrend,Medium,0.021691003444372692,1.8344158114551754
INTC,2023-12-18,45.689998626708984,U1,Uptrend,Medium,-0.010182002215268104,1.6483182585191614
INTC,2023-12-19,46.65999984741211,U1,Uptrend,Medium,0.021230055807795356,1.8075192894339493
INTC,2023-12-20,45.7599983215332,U1,Uptrend,Medium,-0.019288502546551567,1.53107729259241
INTC,2023-12-21,47.08000183105469,U1,Uptrend,Medium,0.028846231598315786,1.7732131802165159
INTC,2023-12-22,48.0,U1,Uptrend,Medium,0.019541166804680765,1.8997640220845586
INTC,2023-12-26,50.5,U1,Uptrend,Medium,0.05208333333333326,2.3307766100861196
INTC,2023-12-27,50.7599983215332,U1,Uptrend,Medium,0.005148481614518863,2.249362896812876
INTC,2023-12-28,50.38999938964844,U1,Uptrend,Medium,-0.007289183296284807,2.055928538044071
INTC,2023-12-29,50.25,U1,Uptrend,Medium,-0.002778316954637594,1.9281556703083274
INTC,2024-01-02,47.79999923706055,U1,Uptrend,Medium,-0.04875623408834728,1.3735552641488056
INTC,2024-01-03,47.04999923706055,U1,Uptrend,Medium,-0.01569037681947294,1.1794464715814847
INTC,2024-01-04,46.869998931884766,U1,Uptrend,Medium,-0.003825723870235387,1.1051669443101957
INTC,2024-01-05,46.88999938964844,U1,Uptrend,Medium,0.00042672195902415666,1.0726906149030522
INTC,2024-01-08,48.45000076293945,U1,Uptrend,Medium,0.033269383527341434,1.3396762089499423
INTC,2024-01-09,48.04999923706055,U1,Uptrend,Medium,-0.008255965316410818,1.216334562035356
INTC,2024-01-10,47.470001220703125,U1,Uptrend,Medium,-0.012070718534165414,1.0646308746055344
INTC,2024-01-11,47.63999938964844,U1,Uptrend,Medium,0.0035811705197759114,1.0630275401585183
INTC,2024-01-12,47.119998931884766,U1,Uptrend,Medium,-0.010915207061834242,0.927335889867638
INTC,2024-01-16,47.060001373291016,U1,Uptrend,Medium,-0.0012732928682889222,0.8857294328184219
INTC,2024-01-17,46.060001373291016,U1,Uptrend,Medium,-0.02124946814318518,0.6550705383650012
INTC,2024-01-18,46.7400016784668,U1,Uptrend,Medium,0.014763358334811016,0.7700365291462407
INTC,2024-01-19,48.150001525878906,U1,Uptrend,Medium,0.030166876268250098,1.043693477726805
INTC,2024-01-22,48.220001220703125,U1,Uptrend,Medium,0.0014537838547439286,1.032898806771572
INTC,2024-01-23,48.88999938964844,U1,Uptrend,Medium,0.013894611198343343,1.1677181907496206
INTC,2024-01-24,49.09000015258789,U1,Uptrend,Medium,0.004090831774111292,1.2090379870805763
INTC,2024-01-25,49.54999923706055,U1,Uptrend,Medium,0.009370525219857928,1.2950100885739215
INTC,2024-01-26,43.650001525878906,U1,Uptrend,High,-0.11907160044452192,-0.2151070085862907
INTC,2024-01-29,43.84000015258789,U1,Uptrend,High,0.004352774801080761,-0.20520506932337867
INTC,2024-01-30,42.91999816894531,U1,Uptrend,High,-0.020985446634134375,-0.49415224242362416
INTC,2024-01-31,43.08000183105469,U1,Uptrend,High,0.0037279512799501813,-0.48986749857609063
INTC,2024-02-01,43.36000061035156,U1,Uptrend,High,0.0064995071354669864,-0.44796838285077295
INTC,2024-02-02,42.599998474121094,U1,Uptrend,High,-0.017527724297333847,-0.7195262998021333
INTC,2024-02-05,42.77000045776367,U1,Uptrend,High,0.003990657035958689,-0.707081801243143
INTC,2024-02-06,42.7400016784668,U1,Uptrend,Medium,-0.000701397684727656,-0.7719317049389918
INTC,2024-02-07,42.779998779296875,U1,Uptrend,Medium,0.0009358235671346193,-0.8229807128243566
INTC,2024-02-08,42.5,U1,Uptrend,Medium,-0.006545086191829919,-0.9723192928423506
INTC,2024-02-09,43.310001373291016,U1,Uptrend,Medium,0.01905885584214162,-0.7527258700198588
INTC,2024-02-12,44.029998779296875,U1,Uptrend,High,0.016624275760237506,-0.5342379809096306
INTC,2024-02-13,43.15999984741211,U1,Uptrend,High,-0.019759231342378447,-0.9109241601968223
INTC,2024-02-14,44.189998626708984,U1,Uptrend,High,0.023864661328506287,-0.5077399902318196
INTC,2024-02-15,44.04999923706055,U1,Uptrend,High,-0.0031681238741614326,-0.5659430428249297
INTC,2024-02-16,43.5099983215332,U1,Uptrend,Medium,-0.012258817817935919,-0.7706743756091925
INTC,2024-02-20,44.52000045776367,U1,Uptrend,High,0.02321310446317848,-0.37485583825711105
INTC,2024-02-21,43.470001220703125,U1,Uptrend,High,-0.02358488828086791,-0.7929227738251698
INTC,2024-02-22,42.97999954223633,U1,Uptrend,High,-0.01127218000245711,-0.9771813702326914
INTC,2024-02-23,42.9900016784668,U1,Uptrend,High,0.00023271606181940463,-0.9606788559078804
INTC,2024-02-26,42.9900016784668,U1,Uptrend,Medium,0.0,-0.9469214447520989
INTC,2024-02-27,42.72999954223633,U1,Uptrend,Medium,-0.006047967575695701,-1.0255399611089502
INTC,2024-02-28,41.9900016784668,U1,Uptrend,Medium,-0.01731799372097076,-1.27867953498404
INTC,2024-02-29,43.04999923706055,U1,Uptrend,Medium,0.025244046587817426,-0.8639078270667376
INTC,2024-03-01,43.81999969482422,U1,Uptrend,Medium,0.01788618981207324,-0.583038392384185
INTC,2024-03-04,45.61000061035156,U1,Uptrend,Medium,0.04084894860779209,0.08602593832102376
INTC,2024-03-05,43.15999984741211,U1,Uptrend,Medium,-0.05371630629584789,-0.9015466696739217
INTC,2024-03-06,44.5099983215332,U1,Uptrend,Medium,0.031278926758431025,-0.3843966144236203
INTC,2024-03-07,46.150001525878906,U1,Uptrend,Medium,0.03684572604336167,0.2575496549837393
INTC,2024-03-08,44.0,U1,Uptrend,Medium,-0.04658724712442919,-0.6151556432862136
INTC,2024-03-11,44.86000061035156,U1,Uptrend,Medium,0.019545468417081047,-0.2710372776821967
INTC,2024-03-12,45.2400016784668,U1,Uptrend,Medium,0.008470821733059575,-0.12055013379076393
INTC,2024-03-13,43.22999954223633,U1,Uptrend,Medium,-0.044429753794354654,-0.922435696538411
INTC,2024-03-14,42.75,U1,Uptrend,Medium,-0.01110338994492377,-1.083750016543048
INTC,2024-03-15,42.63999938964844,U1,Uptrend,Medium,-0.0025731136924341813,-1.0961022998111078
INTC,2024-03-18,42.709999084472656,U1,Uptrend,Medium,0.0016416438983630766,-1.0346575432617573
INTC,2024-03-19,42.04999923706055,U1,Uptrend,Medium,-0.015453052249117305,-1.253954955721066
INTC,2024-03-20,42.20000076293945,U1,Uptrend,Medium,0.0035672182782515716,-1.1553013326423454
INTC,2024-03-21,42.41999816894531,U1,Uptrend,Medium,0.0052132085788743066,-1.0352260998327318
INTC,2024-03-22,42.56999969482422,U1,Uptrend,Medium,0.0035361040158818913,-0.9554499559210115
INTC,2024-03-25,41.83000183105469,U1,Uptrend,Medium,-0.017383083605225003,-1.2345276929399178
INTC,2024-03-26,41.9900016784668,U1,Uptrend,Medium,0.0038250021613273066,-1.1517764874572376
INTC,2024-03-27,43.77000045776367,U1,Uptrend,Medium,0.04239101472124229,-0.35870982155121495
INTC,2024-03-28,44.16999816894531,U1,Uptrend,Medium,0.009138627073299377,-0.15340537070209764
INTC,2024-04-01,44.52000045776367,U1,Uptrend,Medium,0.007923982416291775,0.027493949258997757
INTC,2024-04-02,43.939998626708984,U1,Uptrend,Medium,-0.013027893645350175,-0.22236319985435715
INTC,2024-04-03,40.33000183105469,U1,Uptrend,Medium,-0.08215741712517843,-1.8374057964922905
INTC,2024-04-04,39.72999954223633,D1,Downtrend,Medium,-0.014877318660480365,-2.038673082868932
INTC,2024-04-05,38.709999084472656,D1,Downtrend,Medium,-0.02567330655716027,-2.3813798162925393
INTC,2024-04-08,37.97999954223633,D1,Downtrend,Medium,-0.0188581648024152,-2.5414206151827754
INTC,2024-04-09,38.33000183105469,D1,Downtrend,Medium,0.009215436888805995,-2.2704970004574028
INTC,2024-04-10,37.20000076293945,D1,Downtrend,Medium,-0.02948085087748975,-2.5694475858333994
INTC,2024-04-11,37.630001068115234,D1,Downtrend,Medium,0.01155914775152822,-2.2660171647898375
INTC,2024-04-12,35.689998626708984,D1,Downtrend,Medium,-0.05155467409885506,-2.7860651332804096
INTC,2024-04-15,36.310001373291016,D1,Downtrend,Medium,0.017371890457794636,-2.400498251432739
INTC,2024-04-16,36.2599983215332,D1,Downtrend,Medium,-0.001377115116128702,-2.3053359222489997
INTC,2024-04-17,35.68000030517578,D1,Downtrend,Medium,-0.015995533458505018,-2.3881224669047993
INTC,2024-04-18,35.040000915527344,D1,Downtrend,Medium,-0.01793720247125663,-2.4924257007585013
INTC,2024-04-19,34.20000076293945,D1,Downtrend,Medium,-0.023972606468045443,-2.6466323734751525
INTC,2024-04-22,34.40999984741211,D1,Downtrend,Medium,0.006140323970408312,-2.490471016303235
INTC,2024-04-23,34.279998779296875,D1,Downtrend,Medium,-0.003778002577498163,-2.3660766916368194
INTC,2024-04-24,34.5,D1,Downtrend,Medium,0.006417772127693011,-2.1626596351113463
INTC,2024-04-25,35.11000061035156,D1,Downtrend,Medium,0.017681177111639412,-1.87913633958049
INTC,2024-04-26,31.8799991607666,D1,Downtrend,High,-0.0919966218580085,-2.6185112293625465
INTC,2024-04-29,31.360000610351562,D1,Downtrend,Medium,-0.01631112183512784,-2.5582681732337114
INTC,2024-04-30,30.469999313354492,D1,Downtrend,Medium,-0.028380142846785916,-2.5813980787186357
INTC,2024-05-01,30.3700008392334,D1,Downtrend,Medium,-0.003281866635200914,-2.426530090925382
INTC,2024-05-02,30.510000228881836,D1,Downtrend,Medium,0.0046097920902121725,-2.245807571433283
INTC,2024-05-03,30.899999618530273,D1,Downtrend,Medium,0.012782674097761904,-2.040522939462312
INTC,2024-05-06,30.969999313354492,D1,Downtrend,Medium,0.0022653623200123985,-1.9230450300730728
INTC,2024-05-07,30.68000030517578,D1,Downtrend,Medium,-0.00936386873130024,-1.8871727167653418
INTC,2024-05-08,30.0,D1,Downtrend,Medium,-0.022164286128154465,-1.9271390648915048
INTC,2024-05-09,30.09000015258789,D1,Downtrend,Medium,0.00300000508626308,-1.8193746500782555
INTC,2024-05-10,29.850000381469727,D1,Downtrend,Medium,-0.007976064137624195,-1.7826583422259121
INTC,2024-05-13,30.510000228881836,D1,Downtrend,Medium,0.022110547369434075,-1.5894930824556035
INTC,2024-05-14,31.049999237060547,D1,Downtrend,Medium,0.017699082403399347,-1.4317125896622
INTC,2024-05-15,31.270000457763672,D1,Downtrend,Medium,0.007085385703988534,-1.3419304700843482
INTC,2024-05-16,32.029998779296875,D1,Downtrend,Medium,0.024304391122722535,-1.160309908529727
INTC,2024-05-17,31.829999923706055,D1,Downtrend,Medium,-0.0062441106216991615,-1.156921365290999
INTC,2024-05-20,32.099998474121094,D1,Downtrend,Medium,0.008482518098089864,-1.0706257289356753
INTC,2024-05-21,31.739999771118164,D1,Downtrend,Medium,-0.011214913399237636,-1.0989105557816703
INTC,2024-05-22,31.420000076293945,D1,Downtrend,Medium,-0.010081906021795373,-1.1188130407650005
INTC,2024-05-23,30.079999923706055,D1,Downtrend,Medium,-0.042647999660538116,-1.3143136095906296
INTC,2024-05-24,30.719999313354492,D1,Downtrend,Medium,0.02127657550770312,-1.1587556093139595
INTC,2024-05-28,31.059999465942383,D1,Downtrend,Medium,0.011067713547769698,-1.0621624525827482
INTC,2024-05-29,30.1299991607666,D1,Downtrend,Medium,-0.029942057989908788,-1.1943148284277463
INTC,2024-05-30,30.190000534057617,D1,Downtrend,Medium,0.0019914163611776114,-1.1448166927174608
INTC,2024-05-31,30.850000381469727,D1,Downtrend,Medium,0.02186153811648861,-0.9931544838371522
INTC,2024-06-03,30.290000915527344,D1,Downtrend,Medium,-0.01815233254514803,-1.0683893918259584
INTC,2024-06-04,30.030000686645508,D1,Downtrend,Medium,-0.008583698284028607,-1.08399927630734
INTC,2024-06-05,30.780000686645508,D1,Downtrend,Medium,0.024975024403963042,-0.9145995181800329
INTC,2024-06-06,30.420000076293945,D1,Downtrend,Medium,-0.011695926001319301,-0.958716479056525
INTC,2024-06-07,30.739999771118164,D1,Downtrend,Medium,0.010519385076319887,-0.8673994087781182
INTC,2024-06-10,30.90999984741211,D1,Downtrend,Medium,0.005530256264141942,-0.8058949873523662
INTC,2024-06-11,30.920000076293945,D1,Downtrend,Medium,0.00032352730285345466,-0.77708389992282
INTC,2024-06-12,30.760000228881836,D1,Downtrend,Medium,-0.00517463929551476,-0.7839735929915633
INTC,2024-06-13,30.459999084472656,D1,Downtrend,Medium,-0.009752963009652227,-0.82035577813452
INTC,2024-06-14,30.450000762939453,D1,Downtrend,Medium,-0.00032824431496125683,-0.7963350841832352
INTC,2024-06-17,30.979999542236328,D1,Downtrend,Medium,0.01740554239794756,-0.6548703993023803
INTC,2024-06-18,30.6299991607666,D1,Downtrend,Medium,-0.011297623842523197,-0.7098301368036092
INTC,2024-06-20,30.6200008392334,D1,Downtrend,Medium,-0.0003264225206381921,-0.6875796772052849
INTC,2024-06-21,31.09000015258789,D1,Downtrend,Medium,0.015349421961879273,-0.5503533480232828
INTC,2024-06-24,30.56999969482422,D1,Downtrend,Medium,-0.016725649894227756,-0.6614500690355183
INTC,2024-06-25,30.739999771118164,D1,Downtrend,Medium,0.005561010074943695,-0.6019049881415667
INTC,2024-06-26,30.540000915527344,D1,Downtrend,Medium,-0.006506143691605626,-0.6545661696141268
INTC,2024-06-27,30.59000015258789,D1,Downtrend,Medium,0.0016371720878085583,-0.6402393966465958
INTC,2024-06-28,30.969999313354492,D1,Downtrend,Medium,0.012422332751588883,-0.4847064057225665
INTC,2024-07-01,30.84000015258789,D1,Downtrend,Medium,-0.0041975835856911115,-0.5128766065519813
INTC,2024-07-02,31.06999969482422,D1,Downtrend,Medium,0.007457832071930959,-0.39306105331219054
INTC,2024-07-03,31.229999542236328,D1,Downtrend,Medium,0.005149657192908164,-0.2930268164480026
INTC,2024-07-05,32.02000045776367,D1,Downtrend,Medium,0.025296219247743723,0.125178193159885
INTC,2024-07-08,33.9900016784668,D1,Downtrend,Medium,0.06152408471391735,1.1890554105473388
INTC,2024-07-09,34.59000015258789,D1,Downtrend,Medium,0.017652204898277457,1.6338325935989155
INTC,2024-07-10,34.869998931884766,D1,Downtrend,Medium,0.008094789767612243,1.826636929068746
INTC,2024-07-11,33.5,D1,Downtrend,Medium,-0.039288757494972404,1.1347383478317496
INTC,2024-07-12,34.4900016784668,D1,Downtrend,Medium,0.029552288909456603,1.81986665766084
INTC,2024-07-15,34.459999084472656,D1,Downtrend,Medium,-0.0008698925060612872,1.8673057279062049
INTC,2024-07-16,34.34000015258789,D1,Downtrend,Medium,-0.0034822674136063547,1.8260392577457893
INTC,2024-07-17,34.459999084472656,D1,Downtrend,Medium,0.0034944359741280184,1.8916327642473199
INTC,2024-07-18,34.869998931884766,D1,Downtrend,Medium,0.011897848470833194,2.131211757812769
INTC,2024-07-19,32.97999954223633,D1,Downtrend,Medium,-0.05420130334217599,0.9490432436481567
INTC,2024-07-22,33.369998931884766,D1,Downtrend,Medium,0.011825330353597563,1.2417197880177668
INTC,2024-07-23,32.95000076293945,D1,Downtrend,Medium,-0.01258610076082467,1.0286317736594466
INTC,2024-07-24,31.700000762939453,D1,Downtrend,Medium,-0.03793626619292645,0.15828988784721643
INTC,2024-07-25,31.100000381469727,D1,Downtrend,Medium,-0.018927456373161622,-0.25755196989895657
INTC,2024-07-26,31.350000381469727,D1,Downtrend,Medium,0.008038585110402563,-0.09368183147277628
INTC,2024-07-29,30.829999923706055,D1,Downtrend,Medium,-0.016586936249960327,-0.46508804895129385
INTC,2024-07-30,30.1299991607666,D1,Downtrend,Medium,-0.022705182117149558,-0.9493890849631601
INTC,2024-07-31,30.739999771118164,D1,Downtrend,Medium,0.020245623210831898,-0.5196612983444396
INTC,2024-08-01,29.049999237060547,D1,Downtrend,Medium,-0.05497724614967181,-1.6426075575782433
INTC,2024-08-02,21.479999542236328,D2,Downtrend,High,-0.26058519427314786,-5.045124883262636
INTC,2024-08-05,20.110000610351562,D2,Downtrend,High,-0.06378021234083009,-4.556592566096028
INTC,2024-08-06,19.829999923706055,D2,Downtrend,High,-0.013923454905385602,-3.9432976085817693
INTC,2024-08-07,18.989999771118164,D2,Downtrend,High,-0.042360068372148674,-3.666043229191919
INTC,2024-08-08,20.489999771118164,D2,Downtrend,High,0.07898894250021771,-2.909236752556026
INTC,2024-08-09,19.709999084472656,D2,Downtrend,High,-0.03806738386327191,-2.854990426025272
INTC,2024-08-12,19.360000610351562,D2,Downtrend,High,-0.017757406919253427,-2.7074587420356826
INTC,2024-08-13,20.469999313354492,D2,Downtrend,High,0.05733464194259508,-2.2777946651424656
INTC,2024-08-14,19.920000076293945,D2,Downtrend,High,-0.026868551807997965,-2.2588527923999924
INTC,2024-08-15,20.690000534057617,D2,Downtrend,High,0.03865464130595164,-1.9748698898107078
INTC,2024-08-16,20.8700008392334,D2,Downtrend,High,0.008699869527769355,-1.8423356702619564
INTC,2024-08-19,21.520000457763672,D2,Downtrend,High,0.031145164944523795,-1.6313818618814837
INTC,2024-08-20,20.989999771118164,D2,Downtrend,High,-0.024628284171541504,-1.6695523309450604
INTC,2024-08-21,21.40999984741211,D2,Downtrend,High,0.020009532199798175,-1.5218931500812447
INTC,2024-08-22,20.100000381469727,D2,Downtrend,High,-0.06118633700507603,-1.7062992192403972
INTC,2024-08-23,20.540000915527344,D2,Downtrend,High,0.02189057341825995,-1.5561626729042701
INTC,2024-08-26,20.1299991607666,D2,Downtrend,High,-0.019961136148285097,-1.5694603597474024
INTC,2024-08-27,20.06999969482422,D2,Downtrend,High,-0.00298059952527574,-1.518512788585098
INTC,2024-08-28,19.610000610351562,D2,Downtrend,High,-0.022919735499113303,-1.539889921721523
INTC,2024-08-29,20.1299991607666,D2,Downtrend,High,0.02651700837482629,-1.3935215722862735
INTC,2024-08-30,22.040000915527344,D2,Downtrend,High,0.09488334994485936,-1.0205624997857239
INTC,2024-09-03,20.100000381469727,D2,Downtrend,High,-0.08802179915931274,-1.3154909625584432
INTC,2024-09-04,19.43000030517578,D2,Downtrend,High,-0.03333333649643222,-1.3798116811043974
INTC,2024-09-05,19.399999618530273,D2,Downtrend,High,-0.0015440394325426654,-1.3351211778444447
INTC,2024-09-06,18.889999389648438,D2,Downtrend,High,-0.026288672108771616,-1.3696376546053677
INTC,2024-09-09,19.06999969482422,D2,Downtrend,High,0.009528867707344624,-1.2921506458003371
INTC,2024-09-10,18.979999542236328,D2,Downtrend,High,-0.004719462717784784,-1.261604015711359
INTC,2024-09-11,19.639999389648438,D2,Downtrend,High,0.03477343853161896,-1.115415627587939
INTC,2024-09-12,19.360000610351562,D2,Downtrend,High,-0.014256557433726447,-1.122305279874183
INTC,2024-09-13,19.65999984741211,D2,Downtrend,High,0.015495827872037404,-1.03886624314471
INTC,2024-09-16,20.90999984741211,D2,Downtrend,High,0.06358087536631096,-0.8107913532621879
INTC,2024-09-17,21.469999313354492,D2,Downtrend,High,0.026781418939689328,-0.6962240693430173
INTC,2024-09-18,20.770000457763672,D2,Downtrend,High,-0.03260358071625158,-0.7824648746979938
INTC,2024-09-19,21.139999389648438,D2,Downtrend,High,0.017814103212812515,-0.6983100098588648
INTC,2024-09-20,21.84000015258789,D2,Downtrend,High,0.03311261982733171,-0.5638031048881313
INTC,2024-09-23,22.559999465942383,D2,Downtrend,High,0.03296700129689234,-0.4277491292368352
INTC,2024-09-24,22.809999465942383,D2,Downtrend,High,0.011081560546019054,-0.3674155358107723
INTC,2024-09-25,23.540000915527344,D2,Downtrend,High,0.032003571533393727,-0.22983014143690517
INTC,2024-09-26,23.920000076293945,D2,Downtrend,High,0.016142699489699153,-0.14889861082610578
INTC,2024-09-27,23.90999984741211,D2,Downtrend,High,-0.0004180697679740941,-0.13156434895033953
INTC,2024-09-30,23.459999084472656,D2,Downtrend,High,-0.018820609193276883,-0.18550439140727276
INTC,2024-10-01,22.690000534057617,D2,Downtrend,Medium,-0.03282176387315694,-0.29067235253304835
INTC,2024-10-02,22.389999389648438,D2,Downtrend,Medium,-0.013221733686558435,-0.31591577091117284
INTC,2024-10-03,22.260000228881836,D2,Downtrend,Medium,-0.005806126141598034,-0.3113193612660672
INTC,2024-10-04,22.59000015258789,D2,Downtrend,Medium,0.014824794263833319,-0.22295262910259026
INTC,2024-10-07,22.3799991607666,D2,Downtrend,Medium,-0.009296192580912077,-0.23281096348827013
INTC,2024-10-08,23.31999969482422,D2,Downtrend,Medium,0.042001812748299505,-0.012339722840108194
INTC,2024-10-09,23.459999084472656,D2,Downtrend,Medium,0.006003404437415538,0.05585273325153587
INTC,2024-10-10,23.219999313354492,D2,Downtrend,Medium,-0.010230169671106792,0.04699548939588308
INTC,2024-10-11,23.559999465942383,D2,Downtrend,Medium,0.014642556530669149,0.17747338825187187
INTC,2024-10-14,23.440000534057617,D2,Downtrend,Medium,-0.005093333387304666,0.19725533209875987
INTC,2024-10-15,22.65999984741211,D2,Downtrend,Medium,-0.03327647904752351,0.04745697965616378
INTC,2024-10-16,22.309999465942383,D2,Downtrend,Medium,-0.015445736267721055,0.000489070037357141
INTC,2024-10-17,22.440000534057617,D2,Downtrend,Medium,0.00582703143107155,0.09004476403257332
INTC,2024-10-18,22.770000457763672,D2,Downtrend,Medium,0.014705878603042288,0.2556387667159232
INTC,2024-10-21,22.84000015258789,D2,Downtrend,Medium,0.003074207001183993,0.3594379105921859
INTC,2024-10-22,22.399999618530273,D2,Downtrend,Medium,-0.019264471590109133,0.27565740423346347
INTC,2024-10-23,21.979999542236328,D2,Downtrend,Medium,-0.018750003725290343,0.17770984873668463
INTC,2024-10-24,22.34000015258789,D2,Downtrend,Medium,0.016378554042268956,0.492272412286894
INTC,2024-10-25,22.68000030517578,D2,Downtrend,Medium,0.015219344237493493,0.8852952829243568
INTC,2024-10-28,22.920000076293945,D2,Downtrend,Medium,0.010582000347830522,1.0199587042013498
INTC,2024-10-29,22.899999618530273,D2,Downtrend,Medium,-0.0008726203183724301,0.9739188411796093
INTC,2024-10-30,22.299999237060547,D2,Downtrend,Medium,-0.026200890456968273,0.5554314639957288
INTC,2024-10-31,21.520000457763672,D2,Downtrend,Medium,-0.034977524931955495,0.010413628861125101
INTC,2024-11-01,23.200000762939453,D2,Downtrend,Medium,0.07806692701856766,1.1132028495220785
INTC,2024-11-04,22.520000457763672,D2,Downtrend,Medium,-0.029310357017834243,0.6291612876980847
INTC,2024-11-05,23.31999969482422,D2,Downtrend,Medium,0.03552394408521198,1.1396441882550923
INTC,2024-11-06,25.049999237060547,D2,Downtrend,High,0.07418523005471123,2.193100896957237
INTC,2024-11-07,26.229999542236328,D2,Downtrend,High,0.047105802040505296,2.7444614372930705
INTC,2024-11-08,26.200000762939453,D2,Downtrend,High,-0.001143682036614968,2.5283302425624674
INTC,2024-11-11,25.049999237060547,D2,Downtrend,High,-0.043893186732483325,1.7622327111609277
INTC,2024-11-12,24.15999984741211,D2,Downtrend,High,-0.035528918832528955,1.2069690038383722
INTC,2024-11-13,24.920000076293945,D2,Downtrend,High,0.03145696331464354,1.5745203499691243
INTC,2024-11-14,25.030000686645508,D2,Downtrend,High,0.004414149679566215,1.5701092028040324
INTC,2024-11-15,24.350000381469727,D2,Downtrend,High,-0.027167410568174177,1.1567605093204303
INTC,2024-11-18,24.84000015258789,D2,Downtrend,High,0.020123193570504183,1.374494659322293
INTC,2024-11-19,24.200000762939453,D2,Downtrend,High,-0.02576487060052457,0.992533141671313
INTC,2024-11-20,24.010000228881836,D2,Downtrend,High,-0.007851261490395833,0.8591852585155879
INTC,2024-11-21,24.440000534057617,D2,Downtrend,High,0.017909217037762826,1.0642932855474947
INTC,2024-11-22,24.5,D2,Downtrend,High,0.0024549699112637047,1.0633630157741036
INTC,2024-11-25,24.8700008392334,D2,Downtrend,High,0.015102075070750898,1.2292535536468268
INTC,2024-11-26,24.049999237060547,D2,Downtrend,High,-0.0329715148573404,0.7477468639568512
INTC,2024-11-27,23.649999618530273,D2,Downtrend,High,-0.01663200129810738,0.49753945188423093
INTC,2024-11-29,24.049999237060547,D2,Downtrend,High,0.01691330338191066,0.7044121319402171
INTC,2024-12-02,23.93000030517578,D2,Downtrend,High,-0.0049895607356131855,0.6114060896570946
INTC,2024-12-03,22.469999313354492,D2,Downtrend,High,-0.06101132357718808,-0.3523911558426937
INTC,2024-12-04,21.959999084472656,D2,Downtrend,High,-0.022696940118673292,-0.7640436198364912
INTC,2024-12-05,20.799999237060547,D2,Downtrend,Medium,-0.052823310372190124,-1.6311502643291644
INTC,2024-12-06,20.920000076293945,D2,Downtrend,Medium,0.0057692713286059405,-1.6304473453334754
INTC,2024-12-09,20.809999465942383,D2,Downtrend,Medium,-0.00525815535135743,-1.7837607912653217
INTC,2024-12-10,20.15999984741211,D2,Downtrend,Medium,-0.031234965651684043,-2.2327125572871447
INTC,2024-12-11,20.1200008392334,D2,Downtrend,Medium,-0.001984077801659545,-2.1810427941374093
INTC,2024-12-12,20.780000686645508,D2,Downtrend,Medium,0.03280317196235538,-1.6961130353438643
INTC,2024-12-13,20.34000015258789,D2,Downtrend,Medium,-0.021174230968162955,-1.9763482875604037
INTC,2024-12-16,20.829999923706055,D2,Downtrend,Medium,0.0240904507100419,-1.5853842632228317
INTC,2024-12-17,20.440000534057617,D2,Downtrend,Medium,-0.018722966446321987,-1.7885678994952445
INTC,2024-12-18,19.299999237060547,D2,Downtrend,Medium,-0.05577305612578498,-2.4084701732799325
INTC,2024-12-19,19.059999465942383,D2,Downtrend,Medium,-0.01243522179303036,-2.392773145999175
INTC,2024-12-20,19.520000457763672,D2,Downtrend,Medium,0.0241343654097812,-1.9946338832892172
INTC,2024-12-23,20.200000762939453,D2,Downtrend,Medium,0.03483608039083452,-1.5200807312755176
INTC,2024-12-24,20.399999618530273,D2,Downtrend,Medium,0.00990093307113904,-1.3509102754084708
INTC,2024-12-26,20.440000534057617,D2,Downtrend,Medium,0.0019608292291832807,-1.2866476897108592
INTC,2024-12-27,20.299999237060547,D2,Downtrend,Medium,-0.006849378343400603,-1.327181704747927
INTC,2024-12-30,19.81999969482422,D2,Downtrend,Medium,-0.02364529853577635,-1.5453664720828777
INTC,2024-12-31,20.049999237060547,D2,Downtrend,Medium,0.011604417042266224,-1.3705726344668447
INTC,2025-01-02,20.219999313354492,D2,Downtrend,Medium,0.008478807120337217,-1.2407277077175476
INTC,2025-01-03,20.559999465942383,D2,Downtrend,Medium,0.016815042736590735,-1.0238876326403668
INTC,2025-01-06,19.8700008392334,D2,Downtrend,Medium,-0.03356024536148294,-1.3447770279305415
INTC,2025-01-07,20.010000228881836,D2,Downtrend,Medium,0.007045766670125575,-1.2278191302868404
INTC,2025-01-08,19.8799991607666,D2,Downtrend,Medium,-0.00649680492894722,-1.2510352843147126
INTC,2025-01-10,19.149999618530273,D2,Downtrend,Medium,-0.03672030045539387,-1.5639136027684497
INTC,2025-01-13,19.200000762939453,D2,Downtrend,Medium,0.0026110258697236155,-1.4808736577225474
INTC,2025-01-14,19.200000762939453,D2,Downtrend,Medium,0.0,-1.4291678806200996
INTC,2025-01-15,19.719999313354492,D2,Downtrend,Medium,0.027083256757924667,-1.1386381423975598
INTC,2025-01-16,19.670000076293945,D2,Downtrend,Medium,-0.0025354583570744715,-1.1264644824953762
INTC,2025-01-17,21.489999771118164,D2,Downtrend,High,0.09252667451779328,-0.24002038370354498
INTC,2025-01-21,21.770000457763672,D2,Downtrend,Medium,0.013029348051544432,-0.10012715554988745
INTC,2025-01-22,21.860000610351562,D2,Downtrend,Medium,0.004134136458219251,-0.05580296341717199
INTC,2025-01-23,21.56999969482422,D2,Downtrend,Medium,-0.013266281218218157,-0.18932150406746912
INTC,2025-01-24,20.829999923706055,D2,Downtrend,Medium,-0.03430689761649508,-0.5302084165654705
INTC,2025-01-27,20.290000915527344,D2,Downtrend,Medium,-0.025924100343569956,-0.7664841416119657
INTC,2025-01-28,19.799999237060547,D2,Downtrend,Medium,-0.02414990913538173,-0.9706960672724648
INTC,2025-01-29,19.75,D2,Downtrend,Medium,-0.002525214090259187,-0.966796674993006
INTC,2025-01-30,20.010000228881836,D2,Downtrend,Medium,0.013164568550979139,-0.8271261123233273
INTC,2025-01-31,19.43000030517578,D2,Downtrend,Medium,-0.028985503102038956,-1.0639772413583923
INTC,2025-02-03,19.3799991607666,D2,Downtrend,Medium,-0.0025733990542378127,-1.0539774903925865
INTC,2025-02-04,19.290000915527344,D2,Downtrend,Medium,-0.004643872504465962,-1.0596692205940401
INTC,2025-02-05,19.649999618530273,D2,Downtrend,Medium,0.018662451317622786,-0.8657873882105108
INTC,2025-02-06,19.3799991607666,D2,Downtrend,Medium,-0.01374048157787533,-0.9733786859289899
INTC,2025-02-07,19.100000381469727,D2,Downtrend,Medium,-0.014447822054797221,-1.0940390186044755
INTC,2025-02-10,19.770000457763672,D2,Downtrend,Medium,0.035078537325264225,-0.7310219021093142
INTC,2025-02-11,20.969999313354492,D2,Downtrend,High,0.06069796802253391,-0.08123825601137219
INTC,2025-02-12,22.479999542236328,D2,Downtrend,High,0.07200764322010311,0.7656629367610857
INTC,2025-02-13,24.1299991607666,D2,Downtrend,High,0.07339856103778764,1.7053626840743032
INTC,2025-02-14,23.600000381469727,D2,Downtrend,High,-0.02196430989349596,1.4337695930534267
INTC,2025-02-18,27.389999389648438,D2,Downtrend,High,0.16059317571683374,3.3226455519908513
INTC,2025-02-19,25.719999313354492,D2,Downtrend,High,-0.06097116150083204,2.3630115335053654
INTC,2025-02-20,26.09000015258789,D2,Downtrend,High,0.014385725082087575,2.4477964608908316
INTC,2025-02-21,24.8700008392334,D2,Downtrend,High,-0.046761184600203176,1.8274012317741977
INTC,2025-02-24,24.270000457763672,D2,Downtrend,High,-0.02412546687667183,1.5381023796342723
INTC,2025-02-25,22.989999771118164,D2,Downtrend,High,-0.05274003553782591,0.9410836315113653
INTC,2025-02-26,23.520000457763672,D2,Downtrend,High,0.023053531619053658,1.2211011045832287
INTC,2025-02-27,23.09000015258789,D2,Downtrend,High,-0.018282325544506706,1.0126511722731444
INTC,2025-02-28,23.729999542236328,D2,Downtrend,High,0.02771760006145807,1.348231748546983
INTC,2025-03-03,22.739999771118164,D2,Downtrend,High,-0.04171933376383308,0.8600993006196884
INTC,2025-03-04,21.329999923706055,D2,Downtrend,High,-0.062005270958838565,0.1373553493412415
INTC,2025-03-05,20.809999465942383,D2,Downtrend,High,-0.024378830737160295,-0.1244288691848268
INTC,2025-03-06,20.75,D2,Downtrend,High,-0.002883203627207065,-0.15537333989835078
INTC,2025-03-07,20.639999389648438,D2,Downtrend,High,-0.005301234233810237,-0.21040569432719475
INTC,2025-03-10,19.93000030517578,D2,Downtrend,High,-0.03439918146648502,-0.5724878899927949
INTC,2025-03-11,19.780000686645508,D2,Downtrend,High,-0.007526322941967978,-0.6462242943607923
INTC,2025-03-12,20.68000030517578,D2,Downtrend,High,0.04550048469603496,-0.18284775955335947
INTC,2025-03-13,23.700000762939453,D2,Downtrend,High,0.14603483622811297,1.3452113951985645
INTC,2025-03-14,24.049999237060547,D2,Downtrend,High,0.014767867630974818,1.466996243073608
INTC,2025-03-17,25.690000534057617,D2,Downtrend,High,0.06819132428369734,2.1611020126470764
INTC,2025-03-18,25.920000076293945,D2,Downtrend,High,0.008952881956207692,2.1409845357853863
INTC,2025-03-19,24.1200008392334,D2,Downtrend,High,-0.06944441480564656,1.2591602900294732
INTC,2025-03-20,23.959999084472656,D2,Downtrend,High,-0.006633571691278095,1.1460100947750906
INTC,2025-03-21,24.260000228881836,D2,Downtrend,High,0.012520916355276412,1.2400267342170397
INTC,2025-03-24,24.219999313354492,D2,Downtrend,High,-0.0016488423392396756,1.1805207507131714
INTC,2025-03-25,24.200000762939453,D2,Downtrend,High,-0.0008257040042115582,1.1329620182998992
INTC,2025-03-26,23.420000076293945,D2,Downtrend,High,-0.0322314323163172,0.7575281245789007
INTC,2025-03-27,23.6200008392334,D2,Downtrend,High,0.008539742198459432,0.8207037585844974
INTC,2025-03-28,22.709999084472656,D2,Downtrend,High,-0.03852674523403099,0.3931629358444325
INTC,2025-03-31,22.709999084472656,D2,Downtrend,High,0.0,0.3748273282882151
INTC,2025-04-01,22.049999237060547,D2,Downtrend,High,-0.029062081638892123,0.06242227387676954
INTC,2025-04-02,21.979999542236328,D2,Downtrend,High,-0.0031745894442738454,0.019860953220416852
INTC,2025-04-03,22.43000030517578,D2,Downtrend,High,0.020473192552836084,0.2073615961498841
INTC,2025-04-04,19.850000381469727,D2,Downtrend,High,-0.1150245157647507,-0.9769394561491536
INTC,2025-04-07,19.56999969482422,D2,Downtrend,High,-0.014105827771514479,-1.1004604350684184
INTC,2025-04-08,18.1299991607666,D2,Downtrend,High,-0.07358204172269156,-1.7318111472365887
INTC,2025-04-09,21.530000686645508,D2,Downtrend,High,0.18753456609289443,-0.21252713312011226
INTC,2025-04-10,19.8799991607666,D2,Downtrend,High,-0.076637318776416,-0.9807122109117368
INTC,2025-04-11,19.739999771118164,D2,Downtrend,High,-0.007042223116625057,-1.0456644481935797
INTC,2025-04-14,20.309999465942383,D2,Downtrend,High,0.028875364814248572,-0.791126822910037
INTC,2025-04-15,19.850000381469727,D2,Downtrend,High,-0.02264889692606953,-0.9840190188419948
INTC,2025-04-16,19.229999542236328,D2,Downtrend,High,-0.031234298605463895,-1.2334805242440807
INTC,2025-04-17,18.93000030517578,D2,Downtrend,High,-0.015600584721889077,-1.326965636764249
INTC,2025-04-21,18.84000015258789,D2,Downtrend,High,-0.0047543661456403985,-1.3265295659277452
INTC,2025-04-22,19.510000228881836,D2,Downtrend,High,0.035562636457936225,-1.0143823676482289
INTC,2025-04-23,20.59000015258789,D2,Downtrend,High,0.055356223015685435,-0.5449929606553165
INTC,2025-04-24,21.489999771118164,D2,Downtrend,High,0.04371052024577837,-0.16428856182851126
INTC,2025-04-25,20.049999237060547,D2,Downtrend,High,-0.06700793622124324,-0.802871451196001
INTC,2025-04-28,20.510000228881836,D2,Downtrend,High,0.02294269373192903,-0.6049823604760161
INTC,2025-04-29,20.34000015258789,D2,Downtrend,High,-0.008288643315301103,-0.6911820101701622
INTC,2025-04-30,20.100000381469727,D2,Downtrend,High,-0.011799398688186802,-0.8077029977631123
INTC,2025-05-01,19.979999542236328,D2,Downtrend,High,-0.005970190893330951,-0.8712683579241427
INTC,2025-05-02,20.6200008392334,D2,Downtrend,High,0.03203209768069071,-0.593878041902165
INTC,2025-05-05,20.270000457763672,D2,Downtrend,High,-0.01697382964232408,-0.7641841415831255
INTC,2025-05-06,19.940000534057617,D2,Downtrend,High,-0.01628021293801507,-0.9277718611824786
INTC,2025-05-07,20.309999465942383,D2,Downtrend,High,0.018555612937562582,-0.7647876150253378
INTC,2025-05-08,21.0,D2,Downtrend,High,0.03397343930090546,-0.4469163600941578
INTC,2025-05-09,21.420000076293945,D2,Downtrend,High,0.020000003633044994,-0.24508336783113882
INTC,2025-05-12,22.18000030517578,D2,Downtrend,High,0.03548086956932117,0.12139664227526943
INTC,2025-05-13,22.559999465942383,D2,Downtrend,High,0.017132513775391045,0.3075792101167165
INTC,2025-05-14,21.520000457763672,D2,Downtrend,High,-0.04609924790772901,-0.14080540283002008
INTC,2025-05-15,21.549999237060547,D2,Downtrend,High,0.0013939952908343933,-0.09456618104258484
INTC,2025-05-16,21.65999984741211,D2,Downtrend,High,0.005104436855960071,-0.00026838761022272877
INTC,2025-05-19,21.3799991607666,D2,Downtrend,High,-0.01292708627045358,-0.12246682849839288
INTC,2025-05-20,21.270000457763672,D2,Downtrend,High,-0.0051449348606515954,-0.15845844720060115
INTC,2025-05-21,20.690000534057617,D2,Downtrend,Medium,-0.02726844904671133,-0.4642195752427072
INTC,2025-05-22,20.549999237060547,D2,Downtrend,Medium,-0.006766616403253156,-0.5197575665949423
INTC,2025-05-23,20.049999237060547,D2,Downtrend,Medium,-0.024330901146618178,-0.7768301421788862
INTC,2025-05-27,20.549999237060547,D2,Downtrend,Medium,0.024937656809272957,-0.46804657511937675
INTC,2025-05-28,20.3700008392334,D2,Downtrend,Medium,-0.008759046448164054,-0.550727129578341
INTC,2025-05-29,20.25,D2,Downtrend,Medium,-0.005891057157065616,-0.6078309615493733
INTC,2025-05-30,19.549999237060547,D2,Downtrend,Medium,-0.03456793891059029,-0.9918332491146064
INTC,2025-06-02,19.739999771118164,D2,Downtrend,Medium,0.009718697773523965,-0.8684125886240586
INTC,2025-06-03,20.290000915527344,D2,Downtrend,Medium,0.027862267010453134,-0.5511515347419758
INTC,2025-06-04,20.25,D2,Downtrend,Medium,-0.0019714595230369003,-0.5781079991012082
INTC,2025-06-05,19.989999771118164,D2,Downtrend,Medium,-0.012839517475646267,-0.7293529495316424
INTC,2025-06-06,20.059999465942383,D2,Downtrend,Medium,0.0035017356491096052,-0.6814461952287305
INTC,2025-06-09,20.479999542236328,D2,Downtrend,Medium,0.02093719279539452,-0.4184445374009328
INTC,2025-06-10,22.079999923706055,D2,Downtrend,Medium,0.07812502037268176,0.5359433506654132
INTC,2025-06-11,20.68000030517578,D2,Downtrend,Medium,-0.06340578004382924,-0.25694549155727026
INTC,2025-06-12,20.770000457763672,D2,Downtrend,Medium,0.004352038262076974,-0.15949334145212032
INTC,2025-06-13,20.139999389648438,D2,Downtrend,Medium,-0.03033226067550443,-0.5677988830802434
INTC,2025-06-16,20.739999771118164,D2,Downtrend,Medium,0.029791479625273176,-0.10585211382250755
INTC,2025-06-17,20.799999237060547,D2,Downtrend,Medium,0.0028929347446733367,-0.019431915420225706
INTC,2025-06-18,21.489999771118164,D2,Downtrend,High,0.03317310381570615,0.5962160694482427
INTC,2025-06-20,21.079999923706055,D2,Downtrend,High,-0.019078634331264,0.31919425396933115
INTC,2025-06-23,21.190000534057617,D2,Downtrend,High,0.00521824529173065,0.47647133447714335
INTC,2025-06-24,22.549999237060547,D2,Downtrend,High,0.06418115472989605,1.8648147458034934
INTC,2025-06-25,22.200000762939453,D2,Downtrend,High,-0.015520997160207273,1.549471179322893
INTC,2025-06-26,22.5,D2,Downtrend,High,0.013513478682458668,1.8687585107578844
INTC,2025-06-27,22.690000534057617,D2,Downtrend,High,0.008444468180338616,2.0128746352446174
INTC,2025-06-30,22.399999618530273,D2,Downtrend,High,-0.012781000824220068,1.698682063921969
INTC,2025-07-01,22.850000381469727,D2,Downtrend,High,0.020089320116201792,2.107247541369235
INTC,2025-07-02,21.8799991607666,D2,Downtrend,High,-0.04245081857809285,1.1243003003004042
INTC,2025-07-03,22.489999771118164,D2,Downtrend,High,0.02787937082947267,1.6459663707891183
INTC,2025-07-07,22.0,D2,Downtrend,High,-0.021787451138502223,1.168750246931573
INTC,2025-07-08,23.59000015258789,D2,Downtrend,High,0.07227273420854052,2.5755270778072252
INTC,2025-07-09,23.440000534057617,D2,Downtrend,High,-0.006358610324714964,2.2852488576827525
INTC,2025-07-10,23.81999969482422,D2,Downtrend,High,0.01621156792272571,2.456267055555609
INTC,2025-07-11,23.43000030517578,D2,Downtrend,Medium,-0.0163727705560458,2.005176803929783
INTC,2025-07-14,23.299999237060547,D2,Downtrend,Medium,-0.005548487683396108,1.8103971988102066
INTC,2025-07-15,22.920000076293945,D2,Downtrend,Medium,-0.016308977390959822,1.450210666622776
INTC,2025-07-16,22.690000534057617,D2,Downtrend,Medium,-0.01003488400832142,1.2292433405726446
INTC,2025-07-17,22.799999237060547,D2,Downtrend,Medium,0.004847893363326472,1.2934878153420755
INTC,2025-07-18,23.100000381469727,D2,Downtrend,Medium,0.013157945370521729,1.500868856602212
INTC,2025-07-21,23.260000228881836,D2,Downtrend,Medium,0.006926400206489047,1.5715001598515208
INTC,2025-07-22,23.239999771118164,D2,Downtrend,Medium,-0.0008598648996932523,1.500126770694515
INTC,2025-07-23,23.489999771118164,D2,Downtrend,Medium,0.010757315080127006,1.6390625010519124
INTC,2025-07-24,22.6299991607666,D2,Downtrend,Medium,-0.03661135030784313,0.9060190096698294
INTC,2025-07-25,20.700000762939453,D2,Downtrend,High,-0.08528495224927657,-0.67601688641972
INTC,2025-07-28,20.68000030517578,D2,Downtrend,High,-0.0009662056534548435,-0.7056430965802585
INTC,2025-07-29,20.40999984741211,D2,Downtrend,High,-0.013056114786231254,-0.9406883538361059
INTC,2025-07-30,20.34000015258789,D2,Downtrend,High,-0.0034296764011536585,-0.9915349495508444
INTC,2025-07-31,19.799999237060547,D2,Downtrend,Medium,-0.026548717378384046,-1.42059230249971
INTC,2025-08-01,19.309999465942383,D2,Downtrend,Medium,-0.02474746414136264,-1.790084847661152
INTC,2025-08-04,19.5,D2,Downtrend,Medium,0.009839489348134167,-1.6021403554940947
INTC,2025-08-05,20.190000534057617,D2,Downtrend,Medium,0.03538464277218556,-1.0320391308425427
INTC,2025-08-06,20.40999984741211,D2,Downtrend,Medium,0.010896449110211037,-0.8392191986182861
INTC,2025-08-07,19.770000457763672,D2,Downtrend,Medium,-0.03135714818388824,-1.2960564867406146
INTC,2025-08-08,19.950000762939453,D2,Downtrend,Medium,0.00910471932260859,-1.1173648089239068
INTC,2025-08-11,20.649999618530273,D2,Downtrend,Medium,0.03508766059253432,-0.5621027874562491
INTC,2025-08-12,21.809999465942383,D2,Downtrend,High,0.056174327788906186,0.3309698161180219
INTC,2025-08-13,22.219999313354492,D2,Downtrend,High,0.01879870964932162,0.638442527320534
INTC,2025-08-14,23.860000610351562,D2,Downtrend,High,0.07380744138958684,1.8155095819090137
INTC,2025-08-15,24.559999465942383,D2,Downtrend,High,0.02933775514184722,2.20027203613765
INTC,2025-08-18,23.65999984741211,D2,Downtrend,High,-0.03664493640475497,1.4950545185477198
INTC,2025-08-19,25.309999465942383,D2,Downtrend,High,0.06973793868011158,2.4705628737661938
INTC,2025-08-20,23.540000915527344,D2,Downtrend,High,-0.06993277707479939,1.2430073833456305
INTC,2025-08-21,23.5,D2,Downtrend,High,-0.0016992741704168202,1.1751299476841743
INTC,2025-08-22,24.799999237060547,D2,Downtrend,High,0.05531911647066168,1.9343552579134777
INTC,2025-08-25,24.549999237060547,D2,Downtrend,High,-0.01008064547140819,1.6982750571130072
INTC,2025-08-26,24.350000381469727,D2,Downtrend,High,-0.00814659314892785,1.5188846790600095
INTC,2025-08-27,24.850000381469727,D2,Downtrend,High,0.02053388058180472,1.762816498397825
INTC,2025-08-28,24.93000030517578,D2,Downtrend,High,0.0032193127757740303,1.735966909915172
INTC,2025-08-29,24.350000381469727,D2,Downtrend,High,-0.023265139053593953,1.3312778281135111
INTC,2025-09-02,24.209999084472656,D2,Downtrend,High,-0.005749539827671235,1.205995741441998
INTC,2025-09-03,24.0,D2,Downtrend,High,-0.008674064122841774,1.0430754187547933
INTC,2025-09-04,24.610000610351562,D2,Downtrend,High,0.025416692097981697,1.3710166973549582
INTC,2025-09-05,24.489999771118164,D2,Downtrend,High,-0.0048761006199619095,1.2553344294800783
INTC,2025-09-08,24.479999542236328,D2,Downtrend,High,-0.0004083392803306829,1.2072137416248347
INTC,2025-09-09,24.440000534057617,D2,Downtrend,High,-0.001633946443083012,1.143649718236947
INTC,2025-09-10,24.770000457763672,D2,Downtrend,High,0.013502451575080565,1.3015220997260164
INTC,2025-09-11,24.610000610351562,D2,Downtrend,High,-0.0064594204463149785,1.1647612905473332
INTC,2025-09-12,24.079999923706055,D2,Downtrend,High,-0.021535988358430846,0.8146015135519619
