ticker,date,price,sax_symbol,trend,volatility,daily_return,zscore
LRCX,2020-01-03,29.4689998626709,D2,Downtrend,Unknown,-0.010742210197646762,0.0
LRCX,2020-01-06,28.91900062561035,D2,Downtrend,Unknown,-0.01866365467520481,0.0
LRCX,2020-01-07,29.624000549316406,D2,Downtrend,Unknown,0.024378433156563295,0.0
LRCX,2020-01-08,29.996999740600586,D2,Downtrend,Unknown,0.012591114784217927,0.0
LRCX,2020-01-09,29.792999267578125,D2,Downtrend,Unknown,-0.006800695895808118,0.0
LRCX,2020-01-10,29.43400001525879,D2,Downtrend,Unknown,-0.01204978555851588,0.0
LRCX,2020-01-13,29.729000091552734,D2,Downtrend,Unknown,0.010022425635014542,0.0
LRCX,2020-01-14,30.076000213623047,D2,Downtrend,Unknown,0.011672108749090082,0.0
LRCX,2020-01-15,29.833999633789062,D2,Downtrend,Unknown,-0.008046301972174152,0.0
LRCX,2020-01-16,30.594999313354492,D2,Downtrend,Unknown,0.02550779945386683,0.0
LRCX,2020-01-17,30.799999237060547,D2,Downtrend,Unknown,0.006700438905274719,0.0
LRCX,2020-01-21,30.868000030517578,D2,Downtrend,Unknown,0.002207818024073438,0.0
LRCX,2020-01-22,31.134000778198242,D2,Downtrend,Unknown,0.008617362557265862,0.0
LRCX,2020-01-23,31.242000579833984,D2,Downtrend,Unknown,0.003468870011443137,0.0
LRCX,2020-01-24,30.65399932861328,D2,Downtrend,Unknown,-0.018820857829451754,0.0
LRCX,2020-01-27,29.378999710083008,D2,Downtrend,Unknown,-0.041593255250715444,0.0
LRCX,2020-01-28,30.16900062561035,D2,Downtrend,Unknown,0.026889986838326996,0.0
LRCX,2020-01-29,29.82200050354004,D2,Downtrend,Unknown,-0.011501876591024529,0.0
LRCX,2020-01-30,31.094999313354492,D2,Downtrend,Unknown,0.04268656657233105,0.0
LRCX,2020-01-31,29.820999145507812,D2,Downtrend,Medium,-0.0409712235400993,0.0
LRCX,2020-02-03,30.8439998626709,D2,Downtrend,Medium,0.03430470965011878,0.0
LRCX,2020-02-04,32.540000915527344,D2,Downtrend,Medium,0.0549864174688004,0.0
LRCX,2020-02-05,32.5620002746582,D2,Downtrend,Medium,0.0006760712511340028,0.0
LRCX,2020-02-06,32.35200119018555,D2,Downtrend,Medium,-0.006449207134123447,0.0
LRCX,2020-02-07,31.540000915527344,D2,Downtrend,Medium,-0.0250989195346758,0.0
LRCX,2020-02-10,31.982999801635742,D2,Downtrend,Medium,0.014045620584947738,0.0
LRCX,2020-02-11,32.56700134277344,D2,Downtrend,Medium,0.018259748765274475,0.0
LRCX,2020-02-12,33.46200180053711,D2,Downtrend,Medium,0.027481819659834095,0.0
LRCX,2020-02-13,34.15800094604492,D2,Downtrend,Medium,0.020799686452011468,0.0
LRCX,2020-02-14,33.93000030517578,D2,Downtrend,Medium,-0.006674882444944186,0.0
LRCX,2020-02-18,32.534000396728516,D2,Downtrend,Medium,-0.04114352773036423,0.0
LRCX,2020-02-19,33.3849983215332,D2,Downtrend,Medium,0.026157186771604612,0.0
LRCX,2020-02-20,32.8489990234375,D2,Downtrend,Medium,-0.01605509435505903,0.0
LRCX,2020-02-21,31.68000030517578,D2,Downtrend,Medium,-0.03558704231528176,0.0
LRCX,2020-02-24,30.04599952697754,D2,Downtrend,High,-0.05157830689576359,0.0
LRCX,2020-02-25,29.222000122070312,D2,Downtrend,High,-0.02742459621512605,0.0
LRCX,2020-02-26,29.65999984741211,D2,Downtrend,High,0.014988697676822982,0.0
LRCX,2020-02-27,28.56999969482422,D2,Downtrend,High,-0.03674983675642185,0.0
LRCX,2020-02-28,29.343000411987305,D2,Downtrend,High,0.02705637820861173,0.0
LRCX,2020-03-02,30.033000946044922,D2,Downtrend,Medium,0.023514995888959556,0.0
LRCX,2020-03-03,29.145999908447266,D2,Downtrend,Medium,-0.029534212687942096,0.0
LRCX,2020-03-04,30.624000549316406,D2,Downtrend,Medium,0.05071023967308719,0.0
LRCX,2020-03-05,29.913000106811523,D2,Downtrend,Medium,-0.023217098672653758,0.0
LRCX,2020-03-06,29.44099998474121,D2,Downtrend,Medium,-0.015779096726671438,0.0
LRCX,2020-03-09,26.760000228881836,D2,Downtrend,High,-0.09106347465265763,0.0
LRCX,2020-03-10,28.756999969482422,D2,Downtrend,High,0.07462629759043282,0.0
LRCX,2020-03-11,27.663000106811523,D2,Downtrend,High,-0.03804290655603426,0.0
LRCX,2020-03-12,23.78499984741211,D2,Downtrend,High,-0.14018726256826086,0.0
LRCX,2020-03-13,26.17799949645996,D2,Downtrend,High,0.10060961380700695,0.0
LRCX,2020-03-16,21.354000091552734,D2,Downtrend,High,-0.1842768545228054,0.0
LRCX,2020-03-17,22.93000030517578,D2,Downtrend,High,0.07380351254407302,0.0
LRCX,2020-03-18,19.413999557495117,D2,Downtrend,High,-0.1533362712990034,0.0
LRCX,2020-03-19,19.500999450683594,D2,Downtrend,High,0.0044812967534497705,0.0
LRCX,2020-03-20,18.788999557495117,D2,Downtrend,High,-0.03651094370773478,0.0
LRCX,2020-03-23,19.28499984741211,D2,Downtrend,High,0.026398440662005918,0.0
LRCX,2020-03-24,23.06399917602539,D2,Downtrend,High,0.195955372492284,0.0
LRCX,2020-03-25,23.354999542236328,D2,Downtrend,High,0.012617081885496484,0.0
LRCX,2020-03-26,26.034000396728516,D2,Downtrend,High,0.11470781019059118,0.0
LRCX,2020-03-27,24.121999740600586,D2,Downtrend,High,-0.07344244553242751,-1.2652939241797536
LRCX,2020-03-30,25.530000686645508,D2,Downtrend,High,0.058369992587101516,-0.8704807663082903
LRCX,2020-03-31,24.0,D2,Downtrend,High,-0.05992951999589391,-1.2309394950580204
LRCX,2020-04-01,22.33300018310547,D2,Downtrend,High,-0.06945832570393884,-1.5969547054284456
LRCX,2020-04-02,22.05699920654297,D2,Downtrend,High,-0.012358437034863279,-1.5992028380955023
LRCX,2020-04-03,21.815000534057617,D2,Downtrend,High,-0.010971513859127535,-1.5912469598311618
LRCX,2020-04-06,25.075000762939453,D2,Downtrend,High,0.14943846660889681,-0.7802162378029502
LRCX,2020-04-07,25.621999740600586,D2,Downtrend,High,0.021814514896031145,-0.6313651400918802
LRCX,2020-04-08,26.674999237060547,D2,Downtrend,High,0.04109747510423167,-0.3661752209083147
LRCX,2020-04-09,25.827999114990234,D2,Downtrend,High,-0.031752582803959206,-0.5521251620048102
LRCX,2020-04-13,25.878000259399414,D2,Downtrend,High,0.0019359279124397943,-0.5238185405280262
LRCX,2020-04-14,27.250999450683594,D2,Downtrend,High,0.05305661865373379,-0.1817957144879849
LRCX,2020-04-15,26.2810001373291,D2,Downtrend,High,-0.03559499955625145,-0.3979338348742099
LRCX,2020-04-16,27.070999145507812,D2,Downtrend,High,0.030059701078750445,-0.1930109012924128
LRCX,2020-04-17,27.902000427246094,D2,Downtrend,High,0.030697104206298897,0.021272729657324844
LRCX,2020-04-20,26.67300033569336,D2,Downtrend,High,-0.04404702432563312,-0.26068623103859206
LRCX,2020-04-21,24.363000869750977,D2,Downtrend,High,-0.08660441033516508,-0.7993288812510465
LRCX,2020-04-22,27.17799949645996,D2,Downtrend,High,0.11554400222527916,-0.10253074944325967
LRCX,2020-04-23,26.395999908447266,D2,Downtrend,High,-0.028773257874059266,-0.2793110938173959
LRCX,2020-04-24,26.66699981689453,D2,Downtrend,High,0.010266703644007169,-0.2003679946727485
LRCX,2020-04-27,26.44099998474121,D2,Downtrend,High,-0.008474887827844113,-0.23839905278929624
LRCX,2020-04-28,26.184999465942383,D2,Downtrend,High,-0.009681952987654174,-0.28746323341540286
LRCX,2020-04-29,27.999000549316406,D2,Downtrend,High,0.06927634601380883,0.17561039380063384
LRCX,2020-04-30,25.527999877929688,D2,Downtrend,High,-0.08825317414578382,-0.4179333730357634
LRCX,2020-05-01,23.50200080871582,D2,Downtrend,High,-0.07936379970627672,-0.9008433005243311
LRCX,2020-05-04,23.45199966430664,D2,Downtrend,High,-0.0021275271333764945,-0.8840128670141869
LRCX,2020-05-05,24.2810001373291,D2,Downtrend,High,0.035348818219717915,-0.6447906914901856
LRCX,2020-05-06,24.45599937438965,D2,Downtrend,High,0.0072072499514346244,-0.574210647664704
LRCX,2020-05-07,24.76300048828125,D2,Downtrend,High,0.012553202557450627,-0.4680584670215989
LRCX,2020-05-08,26.540000915527344,D2,Downtrend,High,0.07176030336416761,0.04223742701414443
LRCX,2020-05-11,26.222999572753906,D2,Downtrend,High,-0.011944285299100188,-0.009412432156662907
LRCX,2020-05-12,25.597999572753906,D2,Downtrend,High,-0.023834039209205682,-0.156836754894229
LRCX,2020-05-13,24.819000244140625,D2,Downtrend,High,-0.03043203928491489,-0.36515473900941037
LRCX,2020-05-14,26.899999618530273,D2,Downtrend,High,0.08384702662956545,0.3340195692234641
LRCX,2020-05-15,25.18400001525879,D2,Downtrend,High,-0.06379180771769988,-0.19498150107694615
LRCX,2020-05-18,25.746999740600586,D2,Downtrend,High,0.02235545286692653,0.03333828975250076
LRCX,2020-05-19,26.166000366210938,D2,Downtrend,High,0.01627376509231193,0.20994460788351071
LRCX,2020-05-20,27.117000579833984,D2,Downtrend,High,0.036344882684137936,0.5756512849889899
LRCX,2020-05-21,26.06999969482422,D2,Downtrend,High,-0.03861049757060464,0.21638841213823554
LRCX,2020-05-22,26.11400032043457,D2,Downtrend,High,0.0016877877301657573,0.2510532763151824
LRCX,2020-05-26,26.63599967956543,D2,Downtrend,High,0.019989252995542994,0.47450248492325603
LRCX,2020-05-27,27.611000061035156,D2,Downtrend,High,0.03660461004652005,0.8855921887354863
LRCX,2020-05-28,26.68199920654297,D2,Downtrend,High,-0.03364604152108208,0.5442812745505907
LRCX,2020-05-29,27.367000579833984,D2,Downtrend,High,0.025672790407813117,0.8701937327882666
LRCX,2020-06-01,27.097000122070312,D2,Downtrend,High,-0.009865913400923687,0.7992668859221967
LRCX,2020-06-02,27.145999908447266,D2,Downtrend,High,0.001808310372226174,0.8554609928989367
LRCX,2020-06-03,28.68899917602539,D2,Downtrend,High,0.056840760067120355,1.4918973113603464
LRCX,2020-06-04,29.18400001525879,D2,Downtrend,High,0.017254029539206073,1.6931895458733233
LRCX,2020-06-05,30.492000579833984,D2,Downtrend,High,0.04481909826930197,2.1611669319790137
LRCX,2020-06-08,29.759000778198242,D2,Downtrend,High,-0.024039085258332094,1.7723426956466217
LRCX,2020-06-09,30.232999801635742,D2,Downtrend,High,0.01592792133614762,1.8784635765067395
LRCX,2020-06-10,30.1299991607666,D2,Downtrend,High,-0.0034068945041824117,1.7715383697733669
LRCX,2020-06-11,28.243000030517578,D2,Downtrend,High,-0.06262858223727252,1.0018410826732143
LRCX,2020-06-12,28.45199966430664,D2,Downtrend,High,0.0074000507581784,1.0710098994698432
LRCX,2020-06-15,29.11400032043457,D2,Downtrend,Medium,0.023267280470216534,1.334777949356737
LRCX,2020-06-16,30.54800033569336,D2,Downtrend,High,0.04925465410029184,1.966859746101521
LRCX,2020-06-17,31.378000259399414,D2,Downtrend,High,0.027170352055294833,2.3446747397429686
LRCX,2020-06-18,31.479999542236328,D2,Downtrend,High,0.0032506623109724853,2.2690710708547948
LRCX,2020-06-19,31.524999618530273,D2,Downtrend,Medium,0.0014294814786630639,2.174450876574656
LRCX,2020-06-22,31.229999542236328,D2,Downtrend,Medium,-0.009357655189963787,1.93916994775703
LRCX,2020-06-23,31.597999572753906,D2,Downtrend,Medium,0.011783542616447429,1.9953361014650117
LRCX,2020-06-24,30.577999114990234,D2,Downtrend,Medium,-0.0322805390073867,1.503320147739476
LRCX,2020-06-25,31.260000228881836,D2,Downtrend,Medium,0.022303654052931998,1.7139626351930046
LRCX,2020-06-26,30.25200080871582,D2,Downtrend,Medium,-0.03224566259710715,1.2715122961834409
LRCX,2020-06-29,30.84600067138672,D2,Downtrend,Medium,0.019635060385816194,1.4909979528478028
LRCX,2020-06-30,32.34600067138672,D2,Downtrend,High,0.048628670406255514,2.0813361634050267
LRCX,2020-07-01,31.74799919128418,D2,Downtrend,Medium,-0.01848764816948545,1.7446420846574797
LRCX,2020-07-02,32.369998931884766,D2,Downtrend,Medium,0.019591777637796515,1.910583435738438
LRCX,2020-07-06,33.49599838256836,D2,Downtrend,Medium,0.03478527920414831,2.231235301803311
LRCX,2020-07-07,32.78900146484375,D2,Downtrend,Medium,-0.021106906850477336,1.8579248846278493
LRCX,2020-07-08,33.380001068115234,D2,Downtrend,Medium,0.018024324525562463,1.979405864548074
LRCX,2020-07-09,33.57600021362305,D2,Downtrend,Medium,0.00587175372187243,1.948190503309027
LRCX,2020-07-10,33.99800109863281,D2,Downtrend,Medium,0.012568527588898037,1.9917802297365013
LRCX,2020-07-13,33.7140007019043,D2,Downtrend,Medium,-0.008353443954089879,1.803212342423927
LRCX,2020-07-14,34.60599899291992,D2,Downtrend,Medium,0.02645780009624432,1.9987280950142239
LRCX,2020-07-15,34.321998596191406,D2,Downtrend,Medium,-0.008206681066673438,1.8150651323271656
LRCX,2020-07-16,34.487998962402344,D2,Downtrend,Medium,0.0048365588543948235,1.793549282622775
LRCX,2020-07-17,34.62699890136719,D2,Downtrend,Medium,0.004030385732624708,1.7542965500682373
LRCX,2020-07-20,35.375,D2,Downtrend,Medium,0.02160167275146896,1.890259922185225
LRCX,2020-07-21,35.70199966430664,D2,Downtrend,Medium,0.009243806764851925,1.8919282110517854
LRCX,2020-07-22,36.19599914550781,D2,Downtrend,Medium,0.013836745444122833,1.9360823116821664
LRCX,2020-07-23,35.481998443603516,D2,Downtrend,Medium,-0.01972595642501862,1.6588482813682828
LRCX,2020-07-24,34.571998596191406,D2,Downtrend,Medium,-0.025646803656183548,1.3517717947802335
LRCX,2020-07-27,35.80799865722656,D2,Downtrend,Medium,0.03575147839938064,1.6289721127487937
LRCX,2020-07-28,34.893001556396484,D2,Downtrend,Medium,-0.025552869055568417,1.3405360202157588
LRCX,2020-07-29,36.08300018310547,D2,Downtrend,Medium,0.034104220721328016,1.6241341074200053
LRCX,2020-07-30,37.854000091552734,D2,Downtrend,Medium,0.049081282029216355,2.032410492042487
LRCX,2020-07-31,37.715999603271484,D2,Downtrend,Medium,-0.0036455985615122533,1.9177671548179924
LRCX,2020-08-03,38.14099884033203,D2,Downtrend,Medium,0.011268407082698273,1.9530250753664504
LRCX,2020-08-04,38.49599838256836,D2,Downtrend,Medium,0.009307557563514424,1.9530256577898664
LRCX,2020-08-05,38.34700012207031,D2,Downtrend,Medium,-0.0038704869793821928,1.832400320463819
LRCX,2020-08-06,37.78099822998047,D2,Downtrend,Medium,-0.01476000444071468,1.625483693582275
LRCX,2020-08-07,37.24399948120117,D2,Downtrend,Medium,-0.014213461103131264,1.444251876013483
LRCX,2020-08-10,37.57600021362305,D2,Downtrend,Medium,0.008914207309809852,1.4777757642929676
LRCX,2020-08-11,36.9010009765625,D2,Downtrend,Medium,-0.01796357337723853,1.2668454010672285
LRCX,2020-08-12,38.152000427246094,D2,Downtrend,Medium,0.033901504500600366,1.5514691448373301
LRCX,2020-08-13,37.70199966430664,D2,Downtrend,Medium,-0.01179494542619286,1.3897363342785312
LRCX,2020-08-14,37.36399841308594,D2,Downtrend,Medium,-0.008965074909294435,1.2588856110433924
LRCX,2020-08-17,37.90800094604492,D2,Downtrend,Medium,0.014559537417399682,1.3692105839759114
LRCX,2020-08-18,37.457000732421875,D2,Downtrend,Medium,-0.011897230198579023,1.2154666229970519
LRCX,2020-08-19,37.21900177001953,D2,Downtrend,Medium,-0.006353924706959724,1.1197557062823882
LRCX,2020-08-20,35.849998474121094,D2,Downtrend,Medium,-0.03678237542096552,0.7052926005146603
LRCX,2020-08-21,35.34400177001953,D2,Downtrend,Medium,-0.014114274076380329,0.5337572743584674
LRCX,2020-08-24,35.10200119018555,D2,Downtrend,Medium,-0.0068470056505955945,0.43543934506443027
LRCX,2020-08-25,35.25,D2,Downtrend,Medium,0.004216249922976756,0.45465956870973356
LRCX,2020-08-26,35.18000030517578,D2,Downtrend,Medium,-0.001985806945367874,0.4053515314907291
LRCX,2020-08-27,34.14500045776367,D2,Downtrend,Medium,-0.02942012047850484,0.03446924645149158
LRCX,2020-08-28,35.077999114990234,D2,Downtrend,Medium,0.02732460520481328,0.32499013417758815
LRCX,2020-08-31,33.63399887084961,D2,Downtrend,Medium,-0.041165410815109604,-0.19702270435434768
LRCX,2020-09-01,34.055999755859375,D2,Downtrend,Medium,0.012546854349082759,-0.07533544301195355
LRCX,2020-09-02,36.27000045776367,D2,Downtrend,Medium,0.06501059190086989,0.6941653668695897
LRCX,2020-09-03,34.15299987792969,D2,Downtrend,Medium,-0.05836781232741439,-0.10434336228818548
LRCX,2020-09-04,33.3120002746582,D2,Downtrend,Medium,-0.024624472411717946,-0.470103311355747
LRCX,2020-09-08,30.27199935913086,D2,Downtrend,High,-0.09125843211042473,-1.709154199984652
LRCX,2020-09-09,30.090999603271484,D2,Downtrend,High,-0.005979114683245412,-1.8119119874704308
LRCX,2020-09-10,29.750999450683594,D2,Downtrend,High,-0.011299064739309195,-1.9255266333822862
LRCX,2020-09-11,29.39900016784668,D2,Downtrend,High,-0.011831511187393895,-2.009031093047342
LRCX,2020-09-14,30.54199981689453,D2,Downtrend,High,0.038878861271545384,-1.5411652112452525
LRCX,2020-09-15,30.89299964904785,D2,Downtrend,High,0.011492365734321108,-1.3930680605527892
LRCX,2020-09-16,30.65999984741211,D2,Downtrend,High,-0.007542155319414712,-1.4720518553484196
LRCX,2020-09-17,30.589000701904297,D2,Downtrend,High,-0.002315692950461856,-1.4802799072003963
LRCX,2020-09-18,30.72100067138672,D2,Downtrend,High,0.004315275636781468,-1.4327199121306757
LRCX,2020-09-21,31.496000289916992,D2,Downtrend,High,0.025227030421964836,-1.1399532931373184
LRCX,2020-09-22,31.868999481201172,D2,Downtrend,High,0.011842747899757589,-1.0215643595499335
LRCX,2020-09-23,31.70199966430664,D2,Downtrend,High,-0.005240196416992693,-1.0997860511829778
LRCX,2020-09-24,32.71699905395508,D2,Downtrend,High,0.03201688853688389,-0.7064626164916847
LRCX,2020-09-25,33.027000427246094,D2,Downtrend,High,0.009475238629917726,-0.5975852082091562
LRCX,2020-09-28,33.6609992980957,D2,Downtrend,High,0.0191963806173141,-0.3576544710203716
LRCX,2020-09-29,33.770999908447266,D2,Downtrend,High,0.003267894971786589,-0.3160318703509116
LRCX,2020-09-30,33.17499923706055,D2,Downtrend,High,-0.017648298036850196,-0.5562055558356037
LRCX,2020-10-01,33.91299819946289,D2,Downtrend,High,0.022245636152959047,-0.266510716732283
LRCX,2020-10-02,32.87099838256836,D2,Downtrend,Medium,-0.030725676649581368,-0.6751720877083137
LRCX,2020-10-05,34.222999572753906,D2,Downtrend,Medium,0.04113051798580347,-0.13951920152790784
LRCX,2020-10-06,34.097999572753906,D2,Downtrend,Medium,-0.003652514436505383,-0.19187444916550536
LRCX,2020-10-07,34.57699966430664,D2,Downtrend,Medium,0.014047747596767524,-0.0011798910997184583
LRCX,2020-10-08,35.542999267578125,D2,Downtrend,Medium,0.0279376352098204,0.3744937361591151
LRCX,2020-10-09,36.270999908447266,D2,Downtrend,Medium,0.020482251241335625,0.6495331884296235
LRCX,2020-10-12,37.01100158691406,D2,Downtrend,Medium,0.020402020356060202,0.9199321114342436
LRCX,2020-10-13,37.41899871826172,D2,Downtrend,Medium,0.011023671715274741,1.0572320393384953
LRCX,2020-10-14,37.42399978637695,D2,Downtrend,Medium,0.00013365050606739537,1.0395520022088849
LRCX,2020-10-15,37.54899978637695,D2,Downtrend,Medium,0.0033401026270181156,1.0713485231269555
LRCX,2020-10-16,36.49599838256836,D2,Downtrend,Medium,-0.02804339422619273,0.6590488895176013
LRCX,2020-10-19,36.356998443603516,D2,Downtrend,Medium,-0.00380863505932294,0.5927666512243962
LRCX,2020-10-20,36.356998443603516,D2,Downtrend,Medium,0.0,0.5882653678867529
LRCX,2020-10-21,36.6619987487793,D2,Downtrend,Medium,0.00838903975114702,0.6902480171509754
LRCX,2020-10-22,35.80099868774414,D2,Downtrend,Medium,-0.023484809623584013,0.3660585554496997
LRCX,2020-10-23,35.391998291015625,D2,Downtrend,Medium,-0.011424273392365736,0.22902175638537506
LRCX,2020-10-26,34.76300048828125,D2,Downtrend,Medium,-0.017772316713013825,0.006815601322176006
LRCX,2020-10-27,34.382999420166016,D2,Downtrend,Medium,-0.01093119301492207,-0.11795628361829948
LRCX,2020-10-28,33.88999938964844,D2,Downtrend,Medium,-0.014338482355568671,-0.28715824047233895
LRCX,2020-10-29,35.32600021362305,D2,Downtrend,Medium,0.04237240630972772,0.31484613376050763
LRCX,2020-10-30,34.20800018310547,D2,Downtrend,Medium,-0.03164807857546337,-0.11954657838809223
LRCX,2020-11-02,35.095001220703125,D2,Downtrend,Medium,0.025929637302671837,0.26619168265108506
LRCX,2020-11-03,37.053001403808594,D2,Downtrend,Medium,0.05579142655650937,1.09592170025573
LRCX,2020-11-04,38.034000396728516,D2,Downtrend,Medium,0.026475560838617795,1.4860904365440177
LRCX,2020-11-05,39.97100067138672,D2,Downtrend,Medium,0.050928123638154466,2.227238680431927
LRCX,2020-11-06,40.94200134277344,D2,Downtrend,Medium,0.024292628532610383,2.494027204611231
LRCX,2020-11-09,41.62799835205078,D2,Downtrend,Medium,0.016755336495010598,2.5973408594275518
LRCX,2020-11-10,40.7869987487793,D2,Downtrend,Medium,-0.020202739419731275,2.199280833644262
LRCX,2020-11-11,42.400001525878906,D2,Downtrend,Medium,0.0395469837590805,2.6065309451273104
LRCX,2020-11-12,41.84600067138672,D2,Downtrend,Medium,-0.013066057418749222,2.2942519176787917
LRCX,2020-11-13,42.63100051879883,D2,Downtrend,Medium,0.01875925619694585,2.389464050740756
LRCX,2020-11-16,43.92900085449219,D2,Downtrend,Medium,0.03044733456633253,2.5856958592821258
LRCX,2020-11-17,43.19300079345703,D2,Downtrend,Medium,-0.016754309151556623,2.2289243483776855
LRCX,2020-11-18,43.03300094604492,D2,Downtrend,Medium,-0.0037043003373904426,2.0672674701299005
LRCX,2020-11-19,43.768001556396484,D2,Downtrend,Medium,0.01707992922160151,2.137198531621823
LRCX,2020-11-20,43.36399841308594,D2,Downtrend,Medium,-0.009230559517093284,1.9300827161327063
LRCX,2020-11-23,44.874000549316406,D1,Downtrend,Medium,0.03482156146779114,2.173226416299321
LRCX,2020-11-24,44.64400100708008,D1,Downtrend,Medium,-0.005125452142016207,2.0055826106420294
LRCX,2020-11-25,44.678001403808594,D1,Downtrend,Medium,0.0007615893728503131,1.912560160400767
LRCX,2020-11-27,45.65399932861328,D1,Downtrend,Medium,0.021845156321640857,2.0216974318020338
LRCX,2020-11-30,45.26599884033203,D1,Downtrend,Medium,-0.008498718490979495,1.8444727400982168
LRCX,2020-12-01,46.76499938964844,D1,Downtrend,Medium,0.03311537550742827,2.04375964356002
LRCX,2020-12-02,47.922000885009766,D1,Downtrend,Medium,0.024740757200083063,2.1610911097219216
LRCX,2020-12-03,48.40700149536133,D1,Downtrend,Medium,0.010120625211692102,2.1433794896935017
LRCX,2020-12-04,49.99800109863281,D1,Downtrend,Medium,0.03286713810240749,2.316647774975563
LRCX,2020-12-07,50.86800003051758,D1,Downtrend,Medium,0.01740067428232761,2.3452221901138564
LRCX,2020-12-08,51.16600036621094,D1,Downtrend,Medium,0.005858306509290312,2.2678328156309266
LRCX,2020-12-09,49.382999420166016,D1,Downtrend,Medium,-0.03484737781502234,1.8676400023941597
LRCX,2020-12-10,49.01499938964844,D1,Downtrend,Medium,-0.007451957856721481,1.7336401249259343
LRCX,2020-12-11,49.16999816894531,D1,Downtrend,Medium,0.003162272390635046,1.6952329293640858
LRCX,2020-12-14,49.1870002746582,D1,Downtrend,Medium,0.0003457821099457359,1.6377692999769895
LRCX,2020-12-15,49.53300094604492,D1,Downtrend,Medium,0.007034392612980334,1.634550890039651
LRCX,2020-12-16,49.33100128173828,D1,Downtrend,Medium,-0.004078082499517355,1.543647329462558
LRCX,2020-12-17,48.624000549316406,D1,Downtrend,Medium,-0.014331773409261728,1.3784451272212235
LRCX,2020-12-18,48.09700012207031,D1,Downtrend,Medium,-0.010838277831779597,1.2477083633876067
LRCX,2020-12-21,48.323001861572266,D1,Downtrend,Medium,0.004698873919960933,1.2445928455744368
LRCX,2020-12-22,47.69499969482422,D1,Downtrend,Medium,-0.012995926216401887,1.101487545690219
LRCX,2020-12-23,47.112998962402344,D1,Downtrend,Medium,-0.01220255238800294,0.9701954083725585
LRCX,2020-12-24,48.034000396728516,D1,Downtrend,Medium,0.019548775382801642,1.0934685792084196
LRCX,2020-12-28,47.61000061035156,D1,Downtrend,Medium,-0.008827076297518444,0.9880909626529061
LRCX,2020-12-29,47.321998596191406,D1,Downtrend,Medium,-0.006049191566226075,0.9093704917445397
LRCX,2020-12-30,48.44499969482422,D1,Downtrend,Medium,0.02373105811137899,1.073406508189028
LRCX,2020-12-31,47.22700119018555,D1,Downtrend,Medium,-0.025141882801349325,0.8289069499758044
LRCX,2021-01-04,47.801998138427734,D1,Downtrend,Medium,0.012175173814798157,0.9029619152562438
LRCX,2021-01-05,49.45500183105469,D1,Downtrend,Medium,0.0345802216852964,1.1660347362708559
LRCX,2021-01-06,49.64899826049805,D1,Downtrend,Medium,0.0039226857195573395,1.1627493643822489
LRCX,2021-01-07,51.44599914550781,D1,Downtrend,Medium,0.03619410155228664,1.438255253126716
LRCX,2021-01-08,50.16299819946289,D1,Downtrend,Medium,-0.024938789553219376,1.165005676199569
LRCX,2021-01-11,51.64799880981445,D1,Downtrend,Medium,0.029603505844024047,1.3844851407776004
LRCX,2021-01-12,53.64400100708008,D1,Downtrend,Medium,0.03864626400367577,1.6749743399648929
LRCX,2021-01-13,52.650001525878906,D1,Downtrend,Medium,-0.01852955526322475,1.447272784496991
LRCX,2021-01-14,55.77899932861328,D1,Downtrend,Medium,0.05943015597438084,1.9196242359903641
LRCX,2021-01-15,54.75299835205078,D1,Downtrend,Medium,-0.018394036983667927,1.6766799424073278
LRCX,2021-01-19,58.00199890136719,D1,Downtrend,Medium,0.059339226108239496,2.135654088555908
LRCX,2021-01-20,56.29999923706055,D1,Downtrend,Medium,-0.02934381049868473,1.7795671938173756
LRCX,2021-01-21,56.41899871826172,D1,Downtrend,Medium,0.0021136675455377674,1.7423780805444256
LRCX,2021-01-22,56.3849983215332,D1,Downtrend,Medium,-0.0006026409099938457,1.6897870906309502
LRCX,2021-01-25,56.7760009765625,D1,Downtrend,Medium,0.006934515680919517,1.715608399343617
LRCX,2021-01-26,55.26599884033203,D1,Downtrend,Medium,-0.026595781848985922,1.4307377661649536
LRCX,2021-01-27,51.50400161743164,D1,Downtrend,High,-0.06807073610972103,0.7335911515018183
LRCX,2021-01-28,50.73500061035156,D1,Downtrend,High,-0.014930898239561397,0.568769499851399
LRCX,2021-01-29,48.39500045776367,D1,Downtrend,High,-0.046122008957075966,0.06933691251468461
LRCX,2021-02-01,50.14500045776367,D1,Downtrend,High,0.0361607600670919,0.4062257883438041
LRCX,2021-02-02,51.606998443603516,D1,Downtrend,High,0.029155408764454327,0.7033593519612088
LRCX,2021-02-03,50.43299865722656,D1,Downtrend,High,-0.022748848446590197,0.41041764186718227
LRCX,2021-02-04,51.952999114990234,D1,Downtrend,High,0.030139006171227667,0.7412551770352324
LRCX,2021-02-05,50.97600173950195,D1,Downtrend,High,-0.018805408583358996,0.48115527780002615
LRCX,2021-02-08,53.27799987792969,D1,Downtrend,High,0.045158467904003574,1.0239596770617307
LRCX,2021-02-09,52.80799865722656,D1,Downtrend,High,-0.008821675396598727,0.8783842243948373
LRCX,2021-02-10,53.25,D1,Downtrend,High,0.008369969588176263,0.9678929657634184
LRCX,2021-02-11,57.22100067138672,D1,Downtrend,High,0.07457278256125299,1.9469671102811261
LRCX,2021-02-12,58.61600112915039,D1,Downtrend,High,0.024379169210531515,2.200642144492354
LRCX,2021-02-16,59.17900085449219,D1,Downtrend,High,0.009604881167197377,2.2382051382453496
LRCX,2021-02-17,58.590999603271484,D1,Downtrend,High,-0.009935978011295976,2.0120797002493997
LRCX,2021-02-18,57.777000427246094,D1,Downtrend,High,-0.013892904738562306,1.7468283191782035
LRCX,2021-02-19,59.840999603271484,D1,Downtrend,High,0.03572354329166694,2.1733602568688575
LRCX,2021-02-22,56.779998779296875,D1,Downtrend,High,-0.05115223415832226,1.3683184847717702
LRCX,2021-02-23,56.26499938964844,D1,Downtrend,High,-0.009070084549494872,1.2052518239199936
LRCX,2021-02-24,59.689998626708984,D1,Downtrend,High,0.06087264328115638,1.9912897012237214
LRCX,2021-02-25,54.76499938964844,D1,Downtrend,High,-0.08250962222097957,0.7287461841117051
LRCX,2021-02-26,56.71900177001953,D1,Downtrend,High,0.035679766313307715,1.1937109869122549
LRCX,2021-03-01,59.88100051879883,D1,Downtrend,High,0.055748490807372875,1.9225571212515633
LRCX,2021-03-02,57.33599853515625,D1,Downtrend,High,-0.04250099299599397,1.2328501151754403
LRCX,2021-03-03,55.12300109863281,D1,Downtrend,High,-0.03859699827441765,0.6469723130822262
LRCX,2021-03-04,52.88100051879883,D1,Downtrend,High,-0.04067268717503825,0.06326539996032547
LRCX,2021-03-05,54.77000045776367,D1,Downtrend,High,0.03572171328894047,0.529749478119112
LRCX,2021-03-08,50.26100158691406,D1,Downtrend,High,-0.08232606962139355,-0.618457560120688
LRCX,2021-03-09,54.35100173950195,D1,Downtrend,High,0.08137522181119361,0.40637569377307403
LRCX,2021-03-10,51.869998931884766,D1,Downtrend,High,-0.045647784368508026,-0.24398603795249774
LRCX,2021-03-11,53.53900146484375,D1,Downtrend,High,0.03217664482990834,0.1697584172611658
LRCX,2021-03-12,52.481998443603516,D1,Downtrend,High,-0.019742673421623502,-0.12068582809150476
LRCX,2021-03-15,53.67499923706055,D1,Downtrend,High,0.022731619009116244,0.17544065413541843
LRCX,2021-03-16,54.71799850463867,D1,Downtrend,High,0.019431751884552817,0.43010197913013754
LRCX,2021-03-17,55.30099868774414,D1,Downtrend,High,0.010654632827186594,0.5609353490021596
LRCX,2021-03-18,53.91699981689453,D1,Downtrend,High,-0.025026652387677983,0.1659439046377823
LRCX,2021-03-19,54.23099899291992,D1,Downtrend,High,0.005823750896595703,0.2283411318861633
LRCX,2021-03-22,56.00299835205078,D1,Downtrend,High,0.032675027051635164,0.6935927555168311
LRCX,2021-03-23,54.441001892089844,D1,Downtrend,High,-0.02789130057183342,0.22457185032927077
LRCX,2021-03-24,55.244998931884766,D1,Downtrend,High,0.014768226370788673,0.4326716453784021
LRCX,2021-03-25,54.803001403808594,D1,Downtrend,High,-0.008000679457359383,0.2736772545125796
LRCX,2021-03-26,58.42300033569336,D1,Downtrend,High,0.0660547568409855,1.351274714526681
LRCX,2021-03-29,57.02899932861328,D1,Downtrend,High,-0.023860483013030342,0.8897693432121819
LRCX,2021-03-30,57.25600051879883,D1,Downtrend,High,0.003980451925476025,0.9432911392930659
LRCX,2021-03-31,59.52399826049805,D1,Downtrend,High,0.03961152929210576,1.6591375382674496
LRCX,2021-04-01,63.93000030517578,U1,Uptrend,High,0.07402059964781782,2.9065756573126995
LRCX,2021-04-05,66.08000183105469,U1,Uptrend,High,0.03363055710332663,3.249471916978082
LRCX,2021-04-06,65.24800109863281,U1,Uptrend,High,-0.01259080976645599,2.763131399981942
LRCX,2021-04-07,65.87799835205078,U1,Uptrend,High,0.009655426109768994,2.7255835541765037
LRCX,2021-04-08,66.80000305175781,U1,Uptrend,Medium,0.013995639253941095,2.735633653153601
LRCX,2021-04-09,66.19999694824219,U1,Uptrend,Medium,-0.008982126887789654,2.409572006337836
LRCX,2021-04-12,65.0270004272461,U1,Uptrend,Medium,-0.01771898149652773,2.0186589056381585
LRCX,2021-04-13,64.4990005493164,U1,Uptrend,Medium,-0.008119702192328937,1.8101908098515118
LRCX,2021-04-14,64.04299926757812,U1,Uptrend,Medium,-0.007069896864364877,1.6362407727982782
LRCX,2021-04-15,64.94999694824219,U1,Uptrend,Medium,0.014162323611274674,1.7619743252958728
LRCX,2021-04-16,64.37100219726562,U1,Uptrend,Medium,-0.008914469256064095,1.5750754673528726
LRCX,2021-04-19,62.17300033569336,U1,Uptrend,Medium,-0.03414583875572519,1.0851952757565795
LRCX,2021-04-20,61.303001403808594,U1,Uptrend,Medium,-0.013993195232453681,0.8826313336856456
LRCX,2021-04-21,64.125,U1,Uptrend,Medium,0.04603361224685609,1.4117724112357575
LRCX,2021-04-22,61.45399856567383,U1,Uptrend,High,-0.04165304381015478,0.8480338805453249
LRCX,2021-04-23,62.749000549316406,U1,Uptrend,High,0.02107270501298064,1.0718895714541752
LRCX,2021-04-26,64.31700134277344,U1,Uptrend,Medium,0.024988458457193996,1.3415384423630077
LRCX,2021-04-27,64.48799896240234,U1,Uptrend,Medium,0.00265866903087697,1.341870598684991
LRCX,2021-04-28,63.80500030517578,U1,Uptrend,Medium,-0.010591097075670852,1.16796560350115
LRCX,2021-04-29,64.09700012207031,U1,Uptrend,Medium,0.004576440960706973,1.1894151329657745
LRCX,2021-04-30,62.04499816894531,U1,Uptrend,Medium,-0.0320140092237865,0.7388576776645808
LRCX,2021-05-03,61.7239990234375,U1,Uptrend,Medium,-0.005173650656475903,0.6454021572897335
LRCX,2021-05-04,60.62900161743164,D1,Downtrend,Medium,-0.017740221361711717,0.38586188346283223
LRCX,2021-05-05,61.099998474121094,U1,Uptrend,Medium,0.007768507547946113,0.46543534886601245
LRCX,2021-05-06,61.74399948120117,U1,Uptrend,Medium,0.010540114945384982,0.5825788319702037
LRCX,2021-05-07,63.05400085449219,U1,Uptrend,Medium,0.021216658854272374,0.8469178921437926
LRCX,2021-05-10,58.64500045776367,D1,Downtrend,Medium,-0.06992419730673449,-0.15488782120794276
LRCX,2021-05-11,59.24300003051758,D1,Downtrend,Medium,0.010196940371491436,-0.02191341543291759
LRCX,2021-05-12,55.766998291015625,D1,Downtrend,Medium,-0.05867362790053465,-0.7916305940317301
LRCX,2021-05-13,58.472999572753906,D1,Downtrend,High,0.04852334471396924,-0.18190403800108695
LRCX,2021-05-14,60.29899978637695,D1,Downtrend,High,0.03122809205898669,0.21986040939990092
LRCX,2021-05-17,59.207000732421875,D1,Downtrend,High,-0.01810973743882549,-0.023753120153480908
LRCX,2021-05-18,58.483001708984375,D1,Downtrend,High,-0.01222826717248382,-0.1937407392781507
LRCX,2021-05-19,60.220001220703125,D1,Downtrend,High,0.02970092951730119,0.1843943001259248
LRCX,2021-05-20,62.672000885009766,U1,Uptrend,High,0.04071736324481612,0.7257822644078399
LRCX,2021-05-21,61.40999984741211,U1,Uptrend,High,-0.02013660039214593,0.41938154652769855
LRCX,2021-05-24,63.4640007019043,U1,Uptrend,High,0.033447335280831325,0.8588631544089548
LRCX,2021-05-25,64.03700256347656,U1,Uptrend,High,0.009028769936262115,0.9653546790392992
LRCX,2021-05-26,63.80400085449219,U1,Uptrend,High,-0.003638548021566268,0.8848687295820588
LRCX,2021-05-27,64.56999969482422,U1,Uptrend,High,0.01200549855923505,1.0220175821217696
LRCX,2021-05-28,64.98500061035156,U1,Uptrend,High,0.006427147552868995,1.083158951238527
LRCX,2021-06-01,64.90399932861328,U1,Uptrend,High,-0.0012464611983920015,1.0306412382727541
LRCX,2021-06-02,64.89900207519531,U1,Uptrend,Medium,-7.699453761955688e-05,1.012865856999144
LRCX,2021-06-03,63.577999114990234,U1,Uptrend,High,-0.020354749964791363,0.6734592115368727
LRCX,2021-06-04,65.53099822998047,U1,Uptrend,High,0.030718159460443983,1.122735400918233
LRCX,2021-06-07,64.95800018310547,U1,Uptrend,High,-0.008743923675083809,0.9545657070341214
LRCX,2021-06-08,63.755001068115234,U1,Uptrend,Medium,-0.018519645179949862,0.6262477307575733
LRCX,2021-06-09,63.409000396728516,U1,Uptrend,Medium,-0.005427035771155553,0.5092858151461135
LRCX,2021-06-10,64.0770034790039,U1,Uptrend,Medium,0.010534830672237705,0.6675903117799417
LRCX,2021-06-11,64.21099853515625,U1,Uptrend,Medium,0.0020911567157826383,0.6802084815139603
LRCX,2021-06-14,65.02400207519531,U1,Uptrend,Medium,0.012661437426392474,0.8970748338656719
LRCX,2021-06-15,64.3479995727539,U1,Uptrend,Medium,-0.010396199570424147,0.6734115119308481
LRCX,2021-06-16,63.874000549316406,U1,Uptrend,Medium,-0.007366181180218034,0.4985409634063351
LRCX,2021-06-17,63.97800064086914,U1,Uptrend,Medium,0.001628206948967259,0.5094109609963411
LRCX,2021-06-18,61.26599884033203,U1,Uptrend,Medium,-0.042389599133622835,-0.4851314860943797
LRCX,2021-06-21,61.86199951171875,U1,Uptrend,Medium,0.009728082177195674,-0.33487132329838654
LRCX,2021-06-22,62.17900085449219,U1,Uptrend,Medium,0.005124330692114043,-0.24106015505349057
LRCX,2021-06-23,62.422000885009766,U1,Uptrend,Medium,0.003908072294153353,-0.18840514185077833
LRCX,2021-06-24,63.50199890136719,U1,Uptrend,Medium,0.017301560364060276,0.23395564618140996
LRCX,2021-06-25,63.04399871826172,U1,Uptrend,Medium,-0.007212374272136612,0.005324208615254323
LRCX,2021-06-28,64.69599914550781,U1,Uptrend,Medium,0.026203928380697183,0.7435823705407323
LRCX,2021-06-29,65.17900085449219,U1,Uptrend,Medium,0.007465712182573414,0.9757453631998303
LRCX,2021-06-30,65.06999969482422,U1,Uptrend,Medium,-0.0016723355411861762,0.9288331710043204
LRCX,2021-07-01,63.30699920654297,U1,Uptrend,Medium,-0.027093906509138677,0.14892483641892207
LRCX,2021-07-02,63.14400100708008,U1,Uptrend,Medium,-0.0025747263573668855,0.10466755880009558
LRCX,2021-07-06,62.189998626708984,U1,Uptrend,Medium,-0.015108361287782923,-0.3224073382023262
LRCX,2021-07-07,61.35900115966797,U1,Uptrend,Medium,-0.013362236459097176,-0.6986226538974032
LRCX,2021-07-08,60.60300064086914,D1,Downtrend,Medium,-0.01232093913705612,-1.0313656659921875
LRCX,2021-07-09,61.28499984741211,U1,Uptrend,Medium,0.01125355509349224,-0.6781103754381859
LRCX,2021-07-12,62.54199981689453,U1,Uptrend,Medium,0.02051072811637611,-0.05005494913752527
LRCX,2021-07-13,62.46699905395508,U1,Uptrend,Medium,-0.001199206343881487,-0.07168261564363898
LRCX,2021-07-14,61.78799819946289,U1,Uptrend,Medium,-0.010869753066026222,-0.4026752222787101
LRCX,2021-07-15,61.07400131225586,U1,Uptrend,Medium,-0.011555591830344158,-0.7512454551298801
LRCX,2021-07-16,58.847999572753906,D1,Downtrend,Medium,-0.036447615870474404,-1.7619026734366052
LRCX,2021-07-19,59.152000427246094,D1,Downtrend,Medium,0.005165865563813377,-1.5667250333185974
LRCX,2021-07-20,60.70899963378906,D1,Downtrend,Medium,0.026322004248326314,-0.8122708882627208
LRCX,2021-07-21,63.724998474121094,U1,Uptrend,Medium,0.04967960036444752,0.6081579064132312
LRCX,2021-07-22,63.59299850463867,U1,Uptrend,Medium,-0.0020714001199392262,0.5561094703839579
LRCX,2021-07-23,64.0270004272461,U1,Uptrend,Medium,0.006824680905332059,0.7586625675951193
LRCX,2021-07-26,64.03900146484375,U1,Uptrend,Medium,0.00018743713617030977,0.7650643524155452
LRCX,2021-07-27,62.25899887084961,U1,Uptrend,Medium,-0.02779560195002928,-0.07772333204740306
LRCX,2021-07-28,63.5,U1,Uptrend,Medium,0.019932879610299103,0.49423492759660836
LRCX,2021-07-29,61.9630012512207,U1,Uptrend,Medium,-0.024204704705185764,-0.24326981510274265
LRCX,2021-07-30,63.74100112915039,U1,Uptrend,Medium,0.028694540968424498,0.5806050491311431
LRCX,2021-08-02,64.18000030517578,U1,Uptrend,Medium,0.006887233778081203,0.7669265681353691
LRCX,2021-08-03,64.552001953125,U1,Uptrend,Medium,0.0057962238420123935,0.9247543444195092
LRCX,2021-08-04,64.97799682617188,U1,Uptrend,Medium,0.006599251148805774,1.097111546622385
LRCX,2021-08-05,64.56600189208984,U1,Uptrend,Medium,-0.006340529936375128,0.8721310356114111
LRCX,2021-08-06,64.7959976196289,U1,Uptrend,Medium,0.0035621801071632486,1.010653805757029
LRCX,2021-08-09,64.05000305175781,U1,Uptrend,Medium,-0.0115129729501241,0.5848497049000088
LRCX,2021-08-10,61.71699905395508,U1,Uptrend,Medium,-0.0364247289093409,-0.7688542910737828
LRCX,2021-08-11,60.85200119018555,D1,Downtrend,Medium,-0.014015552878929194,-1.323001701815122
LRCX,2021-08-12,58.35100173950195,D1,Downtrend,Medium,-0.04109970751606051,-2.800743708752195
LRCX,2021-08-13,58.04100036621094,D1,Downtrend,Medium,-0.005312700108816681,-2.822662756177221
LRCX,2021-08-16,58.887001037597656,D1,Downtrend,Medium,0.014575914716301597,-2.210302694820351
LRCX,2021-08-17,57.89899826049805,D1,Downtrend,Medium,-0.016777943513693216,-2.5699880180621877
LRCX,2021-08-18,56.95100021362305,D1,Downtrend,Medium,-0.016373306539947174,-2.7931302050781355
LRCX,2021-08-19,57.7140007019043,D1,Downtrend,Medium,0.01339749056942341,-2.2768224369524295
LRCX,2021-08-20,56.59700012207031,D1,Downtrend,Medium,-0.019354066019497518,-2.5766650236477986
LRCX,2021-08-23,58.43000030517578,D1,Downtrend,Medium,0.032386878794847584,-1.7095037703382865
LRCX,2021-08-24,58.55799865722656,D1,Downtrend,Medium,0.002190627269934131,-1.5901644456774369
LRCX,2021-08-25,58.87699890136719,D1,Downtrend,Medium,0.00544759471729761,-1.4045152505205343
LRCX,2021-08-26,58.53499984741211,D1,Downtrend,Medium,-0.005808703913866342,-1.4885079930758764
LRCX,2021-08-27,60.95899963378906,D1,Downtrend,Medium,0.041411118009665904,-0.4766591547210516
LRCX,2021-08-30,60.79899978637695,D1,Downtrend,Medium,-0.0026247124850031778,-0.5176223130409527
LRCX,2021-08-31,60.481998443603516,D1,Downtrend,Medium,-0.0052139236482056095,-0.6245733076263137
LRCX,2021-09-01,59.97800064086914,D1,Downtrend,Medium,-0.008333021654440387,-0.8095244568396066
LRCX,2021-09-02,60.209999084472656,D1,Downtrend,Medium,0.00386805897370035,-0.6891220912744461
LRCX,2021-09-03,61.07099914550781,U1,Uptrend,Medium,0.014299951405533085,-0.3083892038427623
LRCX,2021-09-07,59.319000244140625,D1,Downtrend,Medium,-0.028687903028946304,-1.0151331196403606
LRCX,2021-09-08,58.354000091552734,D1,Downtrend,Medium,-0.01626797735322938,-1.3770891457580123
LRCX,2021-09-09,59.361000061035156,D1,Downtrend,Medium,0.017256742775174194,-0.9196845075147361
LRCX,2021-09-10,59.81100082397461,D1,Downtrend,Medium,0.00758074767063821,-0.7026623037463783
LRCX,2021-09-13,60.87699890136719,D1,Downtrend,Medium,0.017822776123239237,-0.22756418545110998
LRCX,2021-09-14,60.349998474121094,D1,Downtrend,Medium,-0.008656806951011786,-0.44744763573036106
LRCX,2021-09-15,61.150001525878906,U1,Uptrend,Medium,0.013256057530819376,-0.09801526066089608
LRCX,2021-09-16,61.584999084472656,U1,Uptrend,Medium,0.0071136148444683744,0.09362684662190392
LRCX,2021-09-17,60.89799880981445,D1,Downtrend,Medium,-0.011155318419602156,-0.19178065861036672
LRCX,2021-09-20,58.99100112915039,D1,Downtrend,Medium,-0.031314619822231826,-0.9815724419907398
LRCX,2021-09-21,58.62200164794922,D1,Downtrend,Medium,-0.006255182555612415,-1.1028268069424025
LRCX,2021-09-22,60.11000061035156,D1,Downtrend,Medium,0.02538294361455673,-0.4398039226440427
LRCX,2021-09-23,61.25600051879883,U1,Uptrend,Medium,0.01906504569640477,0.0917635511899092
LRCX,2021-09-24,61.24800109863281,U1,Uptrend,Medium,-0.00013058998462622817,0.12018245389877782
LRCX,2021-09-27,61.66699981689453,U1,Uptrend,Medium,0.006841018657685938,0.3294264464269326
LRCX,2021-09-28,58.59700012207031,D1,Downtrend,Medium,-0.04978350988275504,-1.0660134223476851
LRCX,2021-09-29,56.750999450683594,D1,Downtrend,Medium,-0.03150333067462663,-1.8343270117327115
LRCX,2021-09-30,56.915000915527344,D1,Downtrend,Medium,0.0028898427592674025,-1.6845260282605798
LRCX,2021-10-01,56.972999572753906,D1,Downtrend,Medium,0.001019039906766217,-1.5958791520844657
LRCX,2021-10-04,55.013999938964844,D1,Downtrend,Medium,-0.03438470237620961,-2.289207198311288
LRCX,2021-10-05,55.59000015258789,D1,Downtrend,Medium,0.01047006606067713,-1.9480886131528015
LRCX,2021-10-06,55.17300033569336,D1,Downtrend,Medium,-0.0075013458490720275,-2.00535894909384
LRCX,2021-10-07,55.582000732421875,D1,Downtrend,Medium,0.007413053381907897,-1.7616529616266585
LRCX,2021-10-08,55.01599884033203,D1,Downtrend,Medium,-0.010183186726484439,-1.8802492773780024
LRCX,2021-10-11,55.24399948120117,D1,Downtrend,Medium,0.0041442606818944405,-1.7308327466520272
LRCX,2021-10-12,54.678001403808594,D1,Downtrend,Medium,-0.010245421814276456,-1.8521214310125977
LRCX,2021-10-13,54.441001892089844,D1,Downtrend,Medium,-0.004334458203189562,-1.8430510740969774
LRCX,2021-10-14,56.792999267578125,D1,Downtrend,Medium,0.04320268352427248,-1.0120839130176005
LRCX,2021-10-15,56.446998596191406,D1,Downtrend,Medium,-0.006092312007621725,-1.094484320226065
LRCX,2021-10-18,56.869998931884766,D1,Downtrend,Medium,0.00749376133741686,-0.9200402506171329
LRCX,2021-10-19,57.08300018310547,D1,Downtrend,Medium,0.0037454062813651046,-0.8187325732326701
LRCX,2021-10-20,56.54999923706055,D1,Downtrend,Medium,-0.009337297344834905,-0.9737233200610119
LRCX,2021-10-21,55.54199981689453,D1,Downtrend,Medium,-0.01782492367401156,-1.2886796122611175
LRCX,2021-10-22,55.67399978637695,D1,Downtrend,Medium,0.0023765793438763616,-1.1998087985665846
LRCX,2021-10-25,55.196998596191406,D1,Downtrend,Medium,-0.008567755002619082,-1.329256882856803
LRCX,2021-10-26,54.89400100708008,D1,Downtrend,Medium,-0.005489385235019517,-1.4013472094893134
LRCX,2021-10-27,55.36199951171875,D1,Downtrend,Medium,0.008525494517667154,-1.2083397114635464
LRCX,2021-10-28,56.595001220703125,D1,Downtrend,Medium,0.02227162530001059,-0.7321190012554403
LRCX,2021-10-29,56.356998443603516,D1,Downtrend,Medium,-0.004205367470025645,-0.8067825408876849
LRCX,2021-11-01,57.2760009765625,D1,Downtrend,Medium,0.016306804094235572,-0.4071974215471005
LRCX,2021-11-02,57.42399978637695,D1,Downtrend,Medium,0.002583958504278616,-0.3129873353366428
LRCX,2021-11-03,58.13999938964844,D1,Downtrend,Medium,0.01246864735885822,0.04236401435545561
LRCX,2021-11-04,59.87300109863281,D1,Downtrend,Medium,0.029807391248320547,0.8682965885022838
LRCX,2021-11-05,61.07699966430664,U1,Uptrend,Medium,0.020109206880917885,1.3915233078428673
LRCX,2021-11-08,60.90700149536133,D1,Downtrend,Medium,-0.002783341845206233,1.272333820500993
LRCX,2021-11-09,62.191001892089844,U1,Uptrend,Medium,0.021081326698151548,1.7854043857740731
LRCX,2021-11-10,60.577999114990234,D1,Downtrend,Medium,-0.02593627258004938,1.0376557500802084
LRCX,2021-11-11,61.369998931884766,U1,Uptrend,Medium,0.013074050455036401,1.3372006241013639
LRCX,2021-11-12,62.44200134277344,U1,Uptrend,Medium,0.017467857740693482,1.7247679923602648
LRCX,2021-11-15,63.0260009765625,U1,Uptrend,Medium,0.009352673220437202,1.8770101569283295
LRCX,2021-11-16,63.42599868774414,U1,Uptrend,Medium,0.006346550708974608,1.9416244953035697
LRCX,2021-11-17,63.0629997253418,U1,Uptrend,Medium,-0.005723188754022557,1.7208275573820093
LRCX,2021-11-18,63.58000183105469,U1,Uptrend,Medium,0.008198184481623016,1.8359878557328704
LRCX,2021-11-19,64.44999694824219,U1,Uptrend,Medium,0.013683471093619337,2.049199038851485
LRCX,2021-11-22,64.66999816894531,U1,Uptrend,Medium,0.003413517938252175,2.0404524051936908
LRCX,2021-11-23,66.13200378417969,U1,Uptrend,Medium,0.02260716957831055,2.404928865824919
LRCX,2021-11-24,66.0790023803711,U1,Uptrend,Medium,-0.000801448629646262,2.25517846267179
LRCX,2021-11-26,64.197998046875,U1,Uptrend,Medium,-0.0284659917029082,1.5929619980062888
LRCX,2021-11-29,68.05400085449219,U1,Uptrend,Medium,0.060064222015173696,2.6014118027736326
LRCX,2021-11-30,67.98500061035156,U1,Uptrend,Medium,-0.0010139043006178738,2.420785978315361
LRCX,2021-12-01,69.35299682617188,U1,Uptrend,Medium,0.02012202991158052,2.593772429327276
LRCX,2021-12-02,66.1520004272461,U1,Uptrend,Medium,-0.04615512732562721,1.6722239636223493
LRCX,2021-12-03,66.14700317382812,U1,Uptrend,Medium,-7.554198490888897e-05,1.6049514196527026
LRCX,2021-12-06,66.75599670410156,U1,Uptrend,Medium,0.009206668496727799,1.6865804609859805
LRCX,2021-12-07,70.61499786376953,U1,Uptrend,Medium,0.057807558125049674,2.45909191410665
LRCX,2021-12-08,71.40299987792969,U1,Uptrend,Medium,0.011159131034463421,2.460584537059524
LRCX,2021-12-09,69.93900299072266,U1,Uptrend,Medium,-0.02050329663613404,2.0297203196012736
LRCX,2021-12-10,70.59600067138672,U1,Uptrend,Medium,0.009393866834950693,2.059103556307748
LRCX,2021-12-13,68.49700164794922,U1,Uptrend,Medium,-0.029732548635552414,1.5686041663538612
LRCX,2021-12-14,67.9209976196289,U1,Uptrend,Medium,-0.008409186014897041,1.4003294820837267
LRCX,2021-12-15,69.73100280761719,U1,Uptrend,Medium,0.026648683785898797,1.6813181396505346
LRCX,2021-12-16,67.12799835205078,U1,Uptrend,Medium,-0.037329227327303816,1.1440401091262407
LRCX,2021-12-17,66.91699981689453,U1,Uptrend,Medium,-0.0031432269743791874,1.0749548918859568
LRCX,2021-12-20,66.10800170898438,U1,Uptrend,Medium,-0.012089575296618582,0.900588184653945
LRCX,2021-12-21,68.30699920654297,U1,Uptrend,Medium,0.03326371151315177,1.2738905215766965
LRCX,2021-12-22,69.12200164794922,U1,Uptrend,Medium,0.011931463113199925,1.3725174948131071
LRCX,2021-12-23,69.87200164794922,U1,Uptrend,Medium,0.010850380227990009,1.4521419843022985
LRCX,2021-12-27,72.33999633789062,U1,Uptrend,Medium,0.035321654335543684,1.8094697308858603
LRCX,2021-12-28,71.61000061035156,U1,Uptrend,Medium,-0.010091177280813657,1.6120566233047973
LRCX,2021-12-29,72.67500305175781,U1,Uptrend,Medium,0.014872258515974623,1.7242409724834562
LRCX,2021-12-30,71.83300018310547,U1,Uptrend,Medium,-0.01158586629920999,1.5218448542346064
LRCX,2021-12-31,71.91500091552734,U1,Uptrend,Medium,0.0011415468129252204,1.481954706321132
LRCX,2022-01-03,72.5459976196289,U1,Uptrend,Medium,0.008774201433199513,1.5312020734861913
LRCX,2022-01-04,71.19999694824219,U1,Uptrend,Medium,-0.018553755073353995,1.2641710399971213
LRCX,2022-01-05,69.18099975585938,U1,Uptrend,Medium,-0.028356703355626456,0.8941337428484036
LRCX,2022-01-06,70.19100189208984,U1,Uptrend,Medium,0.014599415154374462,1.0352985297401824
LRCX,2022-01-07,66.92900085449219,U1,Uptrend,Medium,-0.04647320809884703,0.4462671197507943
LRCX,2022-01-10,66.42900085449219,U1,Uptrend,Medium,-0.00747060308112224,0.334418504823213
LRCX,2022-01-11,67.32099914550781,U1,Uptrend,Medium,0.013427844458619553,0.4697577324060993
LRCX,2022-01-12,68.63200378417969,U1,Uptrend,Medium,0.019473933175564895,0.6827695156345456
LRCX,2022-01-13,68.677001953125,U1,Uptrend,Medium,0.0006556441086407183,0.6650728009077763
LRCX,2022-01-14,72.98200225830078,U1,Uptrend,Medium,0.06268474427748205,1.4293196584307462
LRCX,2022-01-18,67.9010009765625,U1,Uptrend,Medium,-0.06961992168638231,0.4441066244597316
LRCX,2022-01-19,64.27300262451172,U1,Uptrend,High,-0.05343070499510105,-0.29833681242351584
LRCX,2022-01-20,61.96699905395508,U1,Uptrend,High,-0.03587826111109993,-0.8115453968324133
LRCX,2022-01-21,60.57899856567383,D1,Downtrend,High,-0.02239902705426655,-1.1598971083257779
LRCX,2022-01-24,62.18199920654297,U1,Uptrend,High,0.026461326182725342,-0.8739002553895336
LRCX,2022-01-25,58.823001861572266,D1,Downtrend,High,-0.05401880588968355,-1.6618941483567269
LRCX,2022-01-26,59.66699981689453,D1,Downtrend,High,0.014348093919253513,-1.5185769441971784
LRCX,2022-01-27,55.529998779296875,D1,Downtrend,High,-0.06933482578801087,-2.439389795307909
LRCX,2022-01-28,56.11399841308594,D1,Downtrend,High,0.010516831381721437,-2.275293632091532
LRCX,2022-01-31,58.992000579833984,D1,Downtrend,High,0.05128848857929347,-1.633443256013362
LRCX,2022-02-01,58.946998596191406,D1,Downtrend,High,-0.0007628489151113582,-1.6312365200103935
LRCX,2022-02-02,61.176998138427734,U1,Uptrend,High,0.037830586719311166,-1.1250093174120852
LRCX,2022-02-03,58.875999450683594,D1,Downtrend,High,-0.03761215420438868,-1.6229135073744716
LRCX,2022-02-04,57.90700149536133,D1,Downtrend,High,-0.016458284604305207,-1.7858979925061422
LRCX,2022-02-07,57.137001037597656,D1,Downtrend,High,-0.013297190976558348,-1.904797571114243
LRCX,2022-02-08,57.62900161743164,D1,Downtrend,High,0.008610892607230802,-1.7521303843685816
LRCX,2022-02-09,60.74399948120117,D1,Downtrend,High,0.054052608519029155,-1.0800547271400605
LRCX,2022-02-10,59.48699951171875,D1,Downtrend,High,-0.020693401491803876,-1.316556003179628
LRCX,2022-02-11,55.999000549316406,D1,Downtrend,High,-0.05863464271240004,-1.9537249055304093
LRCX,2022-02-14,55.82500076293945,D1,Downtrend,High,-0.003107194497582455,-1.906555782559045
LRCX,2022-02-15,59.38199996948242,D1,Downtrend,High,0.06371695759840201,-1.1836358911680418
LRCX,2022-02-16,59.14699935913086,D1,Downtrend,High,-0.003957438457315887,-1.1973758822170855
LRCX,2022-02-17,58.06100082397461,D1,Downtrend,High,-0.01836100811407604,-1.3619548663546606
LRCX,2022-02-18,56.999000549316406,D1,Downtrend,High,-0.01829111209911627,-1.503354282039551
LRCX,2022-02-22,55.97200012207031,D1,Downtrend,High,-0.018017867284488953,-1.6240097589589766
LRCX,2022-02-23,54.23899841308594,D1,Downtrend,High,-0.030961939991510756,-1.8498656612127278
LRCX,2022-02-24,56.28799819946289,D1,Downtrend,High,0.037777242322428295,-1.4349008323476151
LRCX,2022-02-25,57.31999969482422,D1,Downtrend,High,0.018334307994118282,-1.2142703332908789
LRCX,2022-02-28,56.1349983215332,D1,Downtrend,High,-0.02067343648988218,-1.3648607930660785
LRCX,2022-03-01,54.05699920654297,D1,Downtrend,High,-0.03701788861002109,-1.6436663205587767
LRCX,2022-03-02,55.402000427246094,D1,Downtrend,High,0.02488116692464004,-1.3708250005325362
LRCX,2022-03-03,54.35100173950195,D1,Downtrend,High,-0.0189704104479822,-1.4821098118501568
LRCX,2022-03-04,52.577999114990234,D1,Downtrend,High,-0.03262134216052748,-1.6926490680035013
LRCX,2022-03-07,48.915000915527344,D1,Downtrend,High,-0.06966788887214526,-2.150622557949296
LRCX,2022-03-08,49.0369987487793,D1,Downtrend,High,0.0024940781144549007,-2.02391932867818
LRCX,2022-03-09,51.73099899291992,D1,Downtrend,High,0.0549381143397909,-1.560959128791456
LRCX,2022-03-10,49.707000732421875,D1,Downtrend,High,-0.03912544315595101,-1.7767583100561746
LRCX,2022-03-11,48.3390007019043,D1,Downtrend,High,-0.02752127487799294,-1.8799899554323452
LRCX,2022-03-14,46.900001525878906,D1,Downtrend,High,-0.029768906165424713,-1.9819333677319202
LRCX,2022-03-15,48.47200012207031,D1,Downtrend,High,0.03351809264492234,-1.6889009073084325
LRCX,2022-03-16,51.44900131225586,D1,Downtrend,High,0.06141692487804029,-1.2416333804993653
LRCX,2022-03-17,52.63199996948242,D1,Downtrend,High,0.02299361750574458,-1.0475065164072876
LRCX,2022-03-18,54.4640007019043,D1,Downtrend,High,0.034807735474314594,-0.7754153347694572
LRCX,2022-03-21,53.68600082397461,D1,Downtrend,High,-0.014284662674486248,-0.8504058719621322
LRCX,2022-03-22,54.67599868774414,D1,Downtrend,High,0.01844052171096755,-0.6905200988280616
LRCX,2022-03-23,53.0989990234375,D1,Downtrend,High,-0.02884263117557162,-0.8789130626966006
LRCX,2022-03-24,55.62200164794922,D1,Downtrend,High,0.047515069415867695,-0.5023112418928852
LRCX,2022-03-25,55.481998443603516,D1,Downtrend,High,-0.0025170472150900514,-0.49656017225508225
LRCX,2022-03-28,55.73099899291992,D1,Downtrend,High,0.004487952061955847,-0.4336645210956133
LRCX,2022-03-29,56.893001556396484,D1,Downtrend,High,0.02085020158393691,-0.22775977353523644
LRCX,2022-03-30,54.85599899291992,D1,Downtrend,High,-0.035804097301094906,-0.5230558814823698
LRCX,2022-03-31,53.76100158691406,D1,Downtrend,High,-0.019961306440653637,-0.6799897906200679
LRCX,2022-04-01,52.54499816894531,D1,Downtrend,High,-0.022618689795108615,-0.8628420908541184
LRCX,2022-04-04,53.55500030517578,D1,Downtrend,High,0.019221660889264136,-0.6642702854025001
LRCX,2022-04-05,50.36399841308594,D1,Downtrend,High,-0.059583640629378376,-1.2129639968402528
LRCX,2022-04-06,49.81700134277344,D1,Downtrend,High,-0.010860874583984104,-1.2794055061015754
LRCX,2022-04-07,50.33399963378906,D1,Downtrend,High,0.0103779488343414,-1.157001653246065
LRCX,2022-04-08,49.16400146484375,D1,Downtrend,High,-0.02324468902645871,-1.3644834249276787
LRCX,2022-04-11,47.57600021362305,D1,Downtrend,High,-0.03230008143979601,-1.6634707226504917
LRCX,2022-04-12,46.70000076293945,D1,Downtrend,High,-0.018412633402350553,-1.916988612529683
LRCX,2022-04-13,47.26100158691406,D1,Downtrend,Medium,0.012012865413480123,-1.794809338794564
LRCX,2022-04-14,45.61600112915039,D1,Downtrend,Medium,-0.03480672018214592,-2.1149074375507975
LRCX,2022-04-18,47.05500030517578,D1,Downtrend,Medium,0.03154592994574901,-1.7184631814464029
LRCX,2022-04-19,47.91899871826172,D1,Downtrend,Medium,0.018361458027467137,-1.4653029204257677
LRCX,2022-04-20,48.14500045776367,D1,Downtrend,Medium,0.004716328503246103,-1.3778756616993293
LRCX,2022-04-21,46.95100021362305,D1,Downtrend,Medium,-0.024800087917500213,-1.5993394520039297
LRCX,2022-04-22,46.3129997253418,D1,Downtrend,Medium,-0.01358864529782966,-1.6847917994655057
LRCX,2022-04-25,47.641998291015625,D1,Downtrend,Medium,0.02869601566634472,-1.3238962385196094
LRCX,2022-04-26,45.72200012207031,D1,Downtrend,Medium,-0.04030053813480339,-1.6916445545236976
LRCX,2022-04-27,45.678001403808594,D1,Downtrend,Medium,-0.000962309569665587,-1.637400008560089
LRCX,2022-04-28,48.44900131225586,D1,Downtrend,Medium,0.060663773004223875,-0.9821268757642374
LRCX,2022-04-29,46.57600021362305,D1,Downtrend,Medium,-0.038659230281368306,-1.3728069959878746
LRCX,2022-05-02,47.93199920654297,D1,Downtrend,High,0.02911368487419641,-1.0283709550317026
LRCX,2022-05-03,48.53900146484375,D1,Downtrend,High,0.012663821003692233,-0.8579952601493503
LRCX,2022-05-04,50.59199905395508,D1,Downtrend,Medium,0.04229583483702881,-0.3551548561308832
LRCX,2022-05-05,48.13199996948242,D1,Downtrend,High,-0.04862427123800994,-0.9073140544203849
LRCX,2022-05-06,47.823001861572266,D1,Downtrend,High,-0.006419806118716731,-0.9595476919376968
LRCX,2022-05-09,44.71500015258789,D1,Downtrend,High,-0.06498968253771997,-1.677463843648414
LRCX,2022-05-10,45.9119987487793,D1,Downtrend,High,0.026769508936748343,-1.3325095561206355
LRCX,2022-05-11,44.720001220703125,D1,Downtrend,High,-0.025962658140816885,-1.5645536452572142
LRCX,2022-05-12,46.042999267578125,D1,Downtrend,High,0.029584034229912293,-1.215042632131835
LRCX,2022-05-13,49.19200134277344,D1,Downtrend,High,0.06839263569462406,-0.39961936169696094
LRCX,2022-05-16,48.24700164794922,D1,Downtrend,High,-0.019210433993920972,-0.6202691026256184
LRCX,2022-05-17,51.22700119018555,D1,Downtrend,High,0.061765486775342326,0.20744503950478071
LRCX,2022-05-18,47.74800109863281,D1,Downtrend,High,-0.06791340524963752,-0.7204752597676899
LRCX,2022-05-19,47.2130012512207,D1,Downtrend,High,-0.011204654333214159,-0.8404251130827682
LRCX,2022-05-20,47.4119987487793,D1,Downtrend,High,0.004214887685273894,-0.7587678177973874
LRCX,2022-05-23,48.33000183105469,D1,Downtrend,High,0.019362252309580663,-0.47065563137255567
LRCX,2022-05-24,47.09700012207031,D1,Downtrend,High,-0.02551213867722435,-0.8108215523550599
LRCX,2022-05-25,48.757999420166016,D1,Downtrend,High,0.03526762413297191,-0.2838254005651424
LRCX,2022-05-26,50.92100143432617,D1,Downtrend,High,0.04436199269622931,0.41571944603407074
LRCX,2022-05-27,53.10200119018555,D1,Downtrend,High,0.04283104602081034,1.1212387432683146
LRCX,2022-05-31,52.00299835205078,D1,Downtrend,High,-0.020696071965323304,0.7760662957384227
LRCX,2022-06-01,50.57899856567383,D1,Downtrend,High,-0.02738303235395645,0.31192898260608104
LRCX,2022-06-02,52.33000183105469,D1,Downtrend,High,0.034619176239863325,0.8487088625609895
LRCX,2022-06-03,51.39799880981445,D1,Downtrend,High,-0.0178101087068403,0.5550998868251013
LRCX,2022-06-06,51.625999450683594,D1,Downtrend,High,0.004435982842693864,0.6153998496403914
LRCX,2022-06-07,52.34400177001953,D1,Downtrend,High,0.01390776598953436,0.8182921003598201
LRCX,2022-06-08,51.2130012512207,D1,Downtrend,High,-0.021607070161888453,0.4410883619083902
LRCX,2022-06-09,49.345001220703125,D1,Downtrend,High,-0.03647511344539789,-0.15632162823598103
LRCX,2022-06-10,47.441001892089844,D1,Downtrend,High,-0.03858545509194233,-0.7381190211441726
LRCX,2022-06-13,44.70800018310547,D1,Downtrend,High,-0.057608431525137505,-1.5409691762511046
LRCX,2022-06-14,44.97700119018555,D1,Downtrend,High,0.006016842756964236,-1.4110517755676886
LRCX,2022-06-15,45.36399841308594,D1,Downtrend,High,0.00860433583074971,-1.2483009508914829
LRCX,2022-06-16,41.83000183105469,D2,Downtrend,High,-0.0779031105206065,-2.2435089565568433
LRCX,2022-06-17,41.94599914550781,D2,Downtrend,High,0.002773065010171827,-2.094852344396072
LRCX,2022-06-21,43.30400085449219,D2,Downtrend,High,0.032374999681699324,-1.6460572737715573
LRCX,2022-06-22,42.5629997253418,D2,Downtrend,High,-0.01711160896288233,-1.8198260627596092
LRCX,2022-06-23,42.40800094604492,D2,Downtrend,High,-0.0036416319408190123,-1.8248882479065178
LRCX,2022-06-24,45.01900100708008,D1,Downtrend,High,0.0615685720333079,-1.0100032919501
LRCX,2022-06-27,44.979000091552734,D1,Downtrend,High,-0.0008885340552327037,-1.0040511480525502
LRCX,2022-06-28,43.82600021362305,D2,Downtrend,High,-0.025634182075697676,-1.3644292073315225
LRCX,2022-06-29,42.70500183105469,D2,Downtrend,High,-0.025578386736280434,-1.693297645730675
LRCX,2022-06-30,42.6150016784668,D2,Downtrend,High,-0.002107485042242563,-1.682742036674167
LRCX,2022-07-01,39.483001708984375,D2,Downtrend,High,-0.0734952445411966,-2.5784609638229785
LRCX,2022-07-05,38.87699890136719,D2,Downtrend,High,-0.015348448228020395,-2.5753743575144767
LRCX,2022-07-06,39.16899871826172,D2,Downtrend,High,0.007510863110482102,-2.330079798335266
LRCX,2022-07-07,41.487998962402344,D2,Downtrend,High,0.05920499170328397,-1.5627922159169003
LRCX,2022-07-08,41.512001037597656,D2,Downtrend,High,0.0005785305581276212,-1.4966654899364829
LRCX,2022-07-11,40.24100112915039,D2,Downtrend,High,-0.03061764975617809,-1.784730815304185
LRCX,2022-07-12,40.58700180053711,D2,Downtrend,High,0.008598212312766584,-1.6179513825825385
LRCX,2022-07-13,41.20100021362305,D2,Downtrend,High,0.015127956878988158,-1.403613319867794
LRCX,2022-07-14,41.93199920654297,D2,Downtrend,High,0.017742263273458514,-1.1676092532319424
LRCX,2022-07-15,42.7130012512207,D2,Downtrend,High,0.01862544260841892,-0.9285374414719352
LRCX,2022-07-18,42.316001892089844,D2,Downtrend,High,-0.009294578875314041,-1.0024386900897264
LRCX,2022-07-19,44.694000244140625,D1,Downtrend,High,0.056196196373062834,-0.35951813895305385
LRCX,2022-07-20,46.5099983215332,D1,Downtrend,High,0.040631808911099965,0.12243539259429098
LRCX,2022-07-21,47.612998962402344,D1,Downtrend,High,0.02371534467156655,0.4158269852590353
LRCX,2022-07-22,46.39899826049805,D1,Downtrend,High,-0.02549725344675169,0.0900585238345784
LRCX,2022-07-25,45.744998931884766,D1,Downtrend,High,-0.014095117419163472,-0.084119632377208
LRCX,2022-07-26,44.722999572753906,D1,Downtrend,High,-0.02234122599177757,-0.3401803221985044
LRCX,2022-07-27,46.76599884033203,D1,Downtrend,High,0.04568117718165654,0.2034847684395313
LRCX,2022-07-28,48.49399948120117,D1,Downtrend,High,0.03694993550268988,0.6605137147532253
LRCX,2022-07-29,50.05099868774414,D1,Downtrend,High,0.03210704877304549,1.0618450958524701
LRCX,2022-08-01,50.279998779296875,D1,Downtrend,Medium,0.004575335109323397,1.1256345884989964
LRCX,2022-08-02,50.26499938964844,D1,Downtrend,Medium,-0.00029831722379858316,1.1034560909552313
LRCX,2022-08-03,52.46900177001953,D1,Downtrend,Medium,0.04384765556816039,1.6270948543307484
LRCX,2022-08-04,53.185001373291016,D1,Downtrend,Medium,0.013646144944968297,1.7305865420038635
LRCX,2022-08-05,51.99700164794922,D1,Downtrend,Medium,-0.022337119388294302,1.3838301428983848
LRCX,2022-08-08,50.95399856567383,D1,Downtrend,Medium,-0.020058908191228908,1.0911395144079903
LRCX,2022-08-09,46.939998626708984,D1,Downtrend,High,-0.0787769370796535,0.10605680430636122
LRCX,2022-08-10,49.494998931884766,D1,Downtrend,High,0.05443119684545494,0.7288929592389252
LRCX,2022-08-11,49.74599838256836,D1,Downtrend,High,0.005071208326098198,0.7811832027903876
LRCX,2022-08-12,51.85900115966797,D1,Downtrend,High,0.04247583415352718,1.2887979306536306
LRCX,2022-08-15,51.729000091552734,D1,Downtrend,High,-0.0025068178177010125,1.2258785418712643
LRCX,2022-08-16,51.0359992980957,D1,Downtrend,High,-0.013396756021390788,1.035046334296157
LRCX,2022-08-17,49.75600051879883,D1,Downtrend,High,-0.025080311875947392,0.7188104838031655
LRCX,2022-08-18,50.314998626708984,D1,Downtrend,High,0.01123478780612519,0.8390829398662129
LRCX,2022-08-19,47.67900085449219,D1,Downtrend,High,-0.05238990051005421,0.21646979631882346
LRCX,2022-08-22,45.75699996948242,D1,Downtrend,High,-0.04031126597797985,-0.2241902227981649
LRCX,2022-08-23,46.39699935913086,D1,Downtrend,High,0.013986917631734652,-0.056141850180434584
LRCX,2022-08-24,46.30099868774414,D1,Downtrend,High,-0.0020691137942701054,-0.0531109766891119
LRCX,2022-08-25,47.819000244140625,D1,Downtrend,High,0.03278550354030041,0.3368761090973294
LRCX,2022-08-26,45.33100128173828,D1,Downtrend,High,-0.052029506047801655,-0.2560727566834121
LRCX,2022-08-29,44.45399856567383,D2,Downtrend,High,-0.01934664338459602,-0.4489608817232192
LRCX,2022-08-30,44.268001556396484,D2,Downtrend,High,-0.0041840332766143185,-0.4720087234305703
LRCX,2022-08-31,43.79100036621094,D2,Downtrend,High,-0.010775304360145066,-0.568927542187256
LRCX,2022-09-01,43.20399856567383,D2,Downtrend,High,-0.01340462185444935,-0.6954980546636853
LRCX,2022-09-02,43.020999908447266,D2,Downtrend,High,-0.004235687975694846,-0.7173415457484676
LRCX,2022-09-06,42.67599868774414,D2,Downtrend,High,-0.008019367784043108,-0.7824982619412775
LRCX,2022-09-07,43.20000076293945,D2,Downtrend,Medium,0.012278613068422484,-0.6216377910796106
LRCX,2022-09-08,43.91600036621094,D2,Downtrend,Medium,0.01657406459783517,-0.4250288774167981
LRCX,2022-09-09,45.077999114990234,D1,Downtrend,Medium,0.02645957598801152,-0.11333147148234905
LRCX,2022-09-12,44.72999954223633,D1,Downtrend,Medium,-0.0077199427566913,-0.203913051403591
LRCX,2022-09-13,42.04800033569336,D2,Downtrend,Medium,-0.05995974142612026,-0.9260428355576811
LRCX,2022-09-14,42.17599868774414,D2,Downtrend,Medium,0.0030441008140433823,-0.8935302242118677
LRCX,2022-09-15,41.34400177001953,D2,Downtrend,Medium,-0.019726786409597907,-1.1002881146059809
LRCX,2022-09-16,40.922000885009766,D2,Downtrend,Medium,-0.010207064312670822,-1.1969103740067062
LRCX,2022-09-19,40.922000885009766,D2,Downtrend,Medium,0.0,-1.182501066732521
LRCX,2022-09-20,40.34000015258789,D2,Downtrend,Medium,-0.014222196369559015,-1.296177768271976
LRCX,2022-09-21,39.8650016784668,D2,Downtrend,Medium,-0.011774875367486115,-1.3745012701072623
LRCX,2022-09-22,38.68299865722656,D2,Downtrend,Medium,-0.029650143521220418,-1.6184524583636701
LRCX,2022-09-23,38.055999755859375,D2,Downtrend,Medium,-0.016208642637120296,-1.7161395696760011
LRCX,2022-09-26,37.14400100708008,D2,Downtrend,Medium,-0.02396465089946509,-1.864099737683582
LRCX,2022-09-27,37.66999816894531,D2,Downtrend,Medium,0.014161025942384997,-1.713124151582489
LRCX,2022-09-28,38.165000915527344,D2,Downtrend,Medium,0.013140503600823195,-1.5872923700083528
LRCX,2022-09-29,37.05500030517578,D2,Downtrend,Medium,-0.029084254781190366,-1.814540172392108
LRCX,2022-09-30,36.599998474121094,D2,Downtrend,Medium,-0.012279093976721223,-1.8536399890646458
LRCX,2022-10-03,38.96799850463867,D2,Downtrend,Medium,0.06469945708309055,-1.2982068441180799
LRCX,2022-10-04,40.0629997253418,D2,Downtrend,Medium,0.02810001187443012,-1.0527808775814271
LRCX,2022-10-05,39.99100112915039,D2,Downtrend,Medium,-0.001797134430397196,-1.0642085143215596
LRCX,2022-10-06,39.7599983215332,D2,Downtrend,Medium,-0.005776369710554841,-1.104505645272932
LRCX,2022-10-07,37.48400115966797,D2,Downtrend,Medium,-0.05724339179945592,-1.5626732938427441
LRCX,2022-10-10,35.071998596191406,D2,Downtrend,High,-0.06434752131188781,-1.9902736771040315
LRCX,2022-10-11,32.70500183105469,D2,Downtrend,High,-0.06748964586790784,-2.3393249683463324
LRCX,2022-10-12,32.39799880981445,D2,Downtrend,High,-0.009387035745361816,-2.254120892466971
LRCX,2022-10-13,34.06100082397461,D2,Downtrend,High,0.051330393087624104,-1.8433086131101137
LRCX,2022-10-14,31.4950008392334,D2,Downtrend,High,-0.07533542534472659,-2.183455459495034
LRCX,2022-10-17,31.54199981689453,D2,Downtrend,High,0.0014922678650188814,-2.0558125637886953
LRCX,2022-10-18,32.20600128173828,D2,Downtrend,High,0.021051343247047383,-1.8480436214740503
LRCX,2022-10-19,33.007999420166016,D2,Downtrend,High,0.024902133345020117,-1.6423532669158063
LRCX,2022-10-20,35.58700180053711,D2,Downtrend,High,0.0781326474089632,-1.1792918695338337
LRCX,2022-10-21,36.92900085449219,D2,Downtrend,High,0.037710371373146145,-0.9301498568145414
LRCX,2022-10-24,37.395999908447266,D2,Downtrend,High,0.012645862144907483,-0.8256696075394647
LRCX,2022-10-25,37.986000061035156,D2,Downtrend,High,0.01577709257761062,-0.7029174862452041
LRCX,2022-10-26,38.560001373291016,D2,Downtrend,High,0.015110864827398762,-0.5832888454339603
LRCX,2022-10-27,38.9109992980957,D2,Downtrend,High,0.009102642953944695,-0.49911958135579454
LRCX,2022-10-28,40.558998107910156,D2,Downtrend,High,0.042353032292725246,-0.18738876363666246
LRCX,2022-10-31,40.47800064086914,D2,Downtrend,High,-0.001997028299996817,-0.17281052805354913
LRCX,2022-11-01,41.270999908447266,D2,Downtrend,High,0.019590870473416233,0.00106634239166485
LRCX,2022-11-02,39.551998138427734,D2,Downtrend,High,-0.04165156584121654,-0.3001862959369903
LRCX,2022-11-03,39.34199905395508,D2,Downtrend,High,-0.005309443121879309,-0.3144340498480906
LRCX,2022-11-04,41.95399856567383,D2,Downtrend,High,0.06639214006732486,0.2195681790533125
LRCX,2022-11-07,43.49700164794922,D2,Downtrend,High,0.03677845104227684,0.5744795707440206
LRCX,2022-11-08,44.486000061035156,D2,Downtrend,High,0.02273716292195438,0.8357543244067094
LRCX,2022-11-09,43.27399826049805,D2,Downtrend,High,-0.02724456680470788,0.6296622963816307
LRCX,2022-11-10,48.54100036621094,D1,Downtrend,High,0.1217128603187283,1.826464107735634
LRCX,2022-11-11,50.082000732421875,D1,Downtrend,High,0.03174636605313186,2.1787607985235
LRCX,2022-11-14,48.06999969482422,D1,Downtrend,High,-0.0401741345827491,1.7188278813422322
LRCX,2022-11-15,49.07400131225586,D1,Downtrend,High,0.020886241393917482,1.895250074261227
LRCX,2022-11-16,45.53799819946289,D1,Downtrend,High,-0.0720545098879043,1.1219601196600113
LRCX,2022-11-17,46.11600112915039,D1,Downtrend,High,0.012692761046626755,1.25188571789952
LRCX,2022-11-18,45.66999816894531,D1,Downtrend,High,-0.009671327723234757,1.1741888296653324
LRCX,2022-11-21,45.01499938964844,D1,Downtrend,High,-0.014341992676983772,1.029687507531817
LRCX,2022-11-22,45.5620002746582,D1,Downtrend,High,0.012151524878961872,1.1435166065191182
LRCX,2022-11-23,46.13999938964844,D1,Downtrend,High,0.012685990770947786,1.2564431975102253
LRCX,2022-11-25,45.32500076293945,D1,Downtrend,High,-0.017663602893151054,1.0642370283173166
LRCX,2022-11-28,44.323001861572266,D2,Downtrend,High,-0.02210698035302594,0.8362298107707276
LRCX,2022-11-29,44.20500183105469,D2,Downtrend,High,-0.002662275242234502,0.8034873090036204
LRCX,2022-11-30,47.237998962402344,D1,Downtrend,High,0.06861208021072707,1.4297615982787217
LRCX,2022-12-01,46.31399917602539,D1,Downtrend,High,-0.01956051921488844,1.2066872960832884
LRCX,2022-12-02,45.766998291015625,D1,Downtrend,High,-0.011810702913621851,1.0766460307853185
LRCX,2022-12-05,45.2599983215332,D1,Downtrend,High,-0.011077850600089478,0.9675590816259908
LRCX,2022-12-06,44.308998107910156,D2,Downtrend,High,-0.021011936564093836,0.7678427733268741
LRCX,2022-12-07,44.428001403808594,D2,Downtrend,High,0.0026857591229803024,0.7811437607669366
LRCX,2022-12-08,45.5,D1,Downtrend,High,0.024128895343455747,0.9888730691355473
LRCX,2022-12-09,45.02000045776367,D1,Downtrend,Medium,-0.010549440488710538,0.8694605165291674
LRCX,2022-12-12,46.43000030517578,D1,Downtrend,Medium,0.03131940988616666,1.1320958973721245
LRCX,2022-12-13,47.59400177001953,D1,Downtrend,Medium,0.025070029230949586,1.328868519373339
LRCX,2022-12-14,46.82400131225586,D1,Downtrend,Medium,-0.016178518912623008,1.1375834748486335
LRCX,2022-12-15,44.60599899291992,D2,Downtrend,Medium,-0.047368918870147714,0.6732903530612342
LRCX,2022-12-16,44.391998291015625,D2,Downtrend,Medium,-0.004797576710214746,0.610735839904062
LRCX,2022-12-19,43.86899948120117,D2,Downtrend,Medium,-0.011781375697167085,0.48740390719874366
LRCX,2022-12-20,43.736000061035156,D2,Downtrend,Medium,-0.003031740448582787,0.4407723118188512
LRCX,2022-12-21,44.7869987487793,D1,Downtrend,Medium,0.024030516880314545,0.6299093198144983
LRCX,2022-12-22,40.9109992980957,D2,Downtrend,High,-0.08654296021095265,-0.16283523070204345
LRCX,2022-12-23,41.21200180053711,D2,Downtrend,High,0.007357495725004659,-0.11673047101359509
LRCX,2022-12-27,40.54600143432617,D2,Downtrend,High,-0.016160349828050813,-0.2687157438652532
LRCX,2022-12-28,40.279998779296875,D2,Downtrend,High,-0.00656051510924327,-0.3287794360447988
LRCX,2022-12-29,42.06100082397461,D2,Downtrend,Medium,0.04421554366066993,0.032454964205760314
LRCX,2022-12-30,42.029998779296875,D2,Downtrend,Medium,-0.000737073395078669,0.019034115973933542
LRCX,2023-01-03,41.43000030517578,D2,Downtrend,Medium,-0.014275481597602169,-0.11123336555416684
LRCX,2023-01-04,42.24599838256836,D2,Downtrend,Medium,0.019695826004872963,0.041959054312160286
LRCX,2023-01-05,41.70600128173828,D2,Downtrend,Medium,-0.01278220710847,-0.09583879887013305
LRCX,2023-01-06,44.527000427246094,D2,Downtrend,High,0.06764012513333517,0.479252881380466
LRCX,2023-01-09,45.24300003051758,D1,Downtrend,High,0.0160801220922433,0.6140110248211742
LRCX,2023-01-10,45.861000061035156,D1,Downtrend,High,0.013659572311754742,0.7318321072663355
LRCX,2023-01-11,46.43000030517578,D1,Downtrend,High,0.012407061411294107,0.8563666274443779
LRCX,2023-01-12,47.00400161743164,D1,Downtrend,High,0.012362724714259254,1.0015596696323414
LRCX,2023-01-13,47.367000579833984,D1,Downtrend,High,0.007722724659845248,1.1077456309793086
LRCX,2023-01-17,47.0989990234375,D1,Downtrend,Medium,-0.005657980305187049,1.0396339166354582
LRCX,2023-01-18,46.68899917602539,D1,Downtrend,Medium,-0.008705064988920097,0.9001203999094433
LRCX,2023-01-19,45.388999938964844,D1,Downtrend,High,-0.027843801752085784,0.4479440014888914
LRCX,2023-01-20,47.25,D1,Downtrend,High,0.041001125020107665,1.0698243242729863
LRCX,2023-01-23,49.077999114990234,D1,Downtrend,High,0.03868781195746518,1.6883231220009516
LRCX,2023-01-24,48.75,D1,Downtrend,Medium,-0.006683221013589646,1.5379605729800272
LRCX,2023-01-25,48.84000015258789,D1,Downtrend,Medium,0.0018461569761618613,1.5390979202437585
LRCX,2023-01-26,49.775001525878906,D1,Downtrend,Medium,0.019144172202494758,1.821425689787406
LRCX,2023-01-27,48.28799819946289,D1,Downtrend,Medium,-0.029874500870540333,1.2283972971832187
LRCX,2023-01-30,47.862998962402344,D1,Downtrend,Medium,-0.008801343043979726,1.0343894633064186
LRCX,2023-01-31,50.0099983215332,D1,Downtrend,Medium,0.04485718416469031,1.8120254057881933
LRCX,2023-02-01,53.0260009765625,D1,Downtrend,Medium,0.060307993526379944,2.8216311644866092
LRCX,2023-02-02,54.104000091552734,D1,Downtrend,Medium,0.02032963254133957,2.9538151294030994
LRCX,2023-02-03,52.92499923706055,D1,Downtrend,Medium,-0.02179138053558194,2.3704997938235888
LRCX,2023-02-06,52.095001220703125,D1,Downtrend,Medium,-0.015682532419881823,1.9802104675493244
LRCX,2023-02-07,53.32400131225586,D1,Downtrend,Medium,0.023591516705144366,2.240980851333763
LRCX,2023-02-08,51.79100036621094,D1,Downtrend,Medium,-0.028748798070646342,1.7042055388242752
LRCX,2023-02-09,51.551998138427734,D1,Downtrend,Medium,-0.00461474437823628,1.6056342105199979
LRCX,2023-02-10,50.5,D1,Downtrend,Medium,-0.02040654439044054,1.2575648413759664
LRCX,2023-02-13,51.02899932861328,D1,Downtrend,Medium,0.01047523422996588,1.3920556021537158
LRCX,2023-02-14,51.62099838256836,D1,Downtrend,Medium,0.011601227963393246,1.508953953106043
LRCX,2023-02-15,52.02899932861328,D1,Downtrend,Medium,0.00790377867202774,1.5656198103978554
LRCX,2023-02-16,50.132999420166016,D1,Downtrend,Medium,-0.036441214186576976,0.9925686636820412
LRCX,2023-02-17,49.566001892089844,D1,Downtrend,Medium,-0.011309866447928862,0.8066146414318585
LRCX,2023-02-21,47.82899856567383,D1,Downtrend,Medium,-0.03504424928598526,0.30361843495257185
LRCX,2023-02-22,47.7239990234375,D1,Downtrend,Medium,-0.002195311325453586,0.26627777787331813
LRCX,2023-02-23,48.53799819946289,D1,Downtrend,Medium,0.017056390761085005,0.48151662282677754
LRCX,2023-02-24,47.861000061035156,D1,Downtrend,Medium,-0.013947796850740879,0.2740965504870633
LRCX,2023-02-27,48.270999908447266,D1,Downtrend,Medium,0.008566470547820781,0.3728307059610169
LRCX,2023-02-28,48.60100173950195,D1,Downtrend,Medium,0.006836440754916628,0.4597118409869415
LRCX,2023-03-01,49.09199905395508,D1,Downtrend,Medium,0.010102617165893779,0.5848542457969425
LRCX,2023-03-02,48.99800109863281,D1,Downtrend,Medium,-0.0019147306513013218,0.5420744064603314
LRCX,2023-03-03,49.165000915527344,D1,Downtrend,Medium,0.003408298566269341,0.5707101909641397
LRCX,2023-03-06,48.52199935913086,D1,Downtrend,Medium,-0.013078440850662343,0.37009205754824515
LRCX,2023-03-07,47.965999603271484,D1,Downtrend,Medium,-0.011458714875786535,0.19592259962752873
LRCX,2023-03-08,49.34000015258789,D1,Downtrend,Medium,0.028645302103173398,0.5706942446703172
LRCX,2023-03-09,49.02799987792969,D1,Downtrend,Medium,-0.006323475348466112,0.46320913564977895
LRCX,2023-03-10,47.88199996948242,D1,Downtrend,Medium,-0.0233743964938522,0.1277390850911689
LRCX,2023-03-13,47.70000076293945,D1,Downtrend,Medium,-0.0038009942495920157,0.07501564218958408
LRCX,2023-03-14,49.39799880981445,D1,Downtrend,Medium,0.03559744276134813,0.5485560261485642
LRCX,2023-03-15,48.70500183105469,D1,Downtrend,Medium,-0.014028847229780483,0.3322865927081381
LRCX,2023-03-16,51.51900100708008,D1,Downtrend,Medium,0.05777638990316514,1.1036899731103615
LRCX,2023-03-17,50.83599853515625,D1,Downtrend,Medium,-0.013257292621609018,0.8778247883163244
LRCX,2023-03-20,51.32899856567383,D1,Downtrend,Medium,0.009697852795723882,0.9865659659275111
LRCX,2023-03-21,50.736000061035156,D1,Downtrend,Medium,-0.011552894488676801,0.7880949510071499
LRCX,2023-03-22,50.630001068115234,D1,Downtrend,Medium,-0.0020892264426128904,0.7344732643880664
LRCX,2023-03-23,52.35900115966797,D1,Downtrend,Medium,0.03414971469636385,1.226679775317993
LRCX,2023-03-24,50.20600128173828,D1,Downtrend,Medium,-0.04111995703210891,0.5434563193032315
LRCX,2023-03-27,49.57699966430664,D1,Downtrend,Medium,-0.012528414957843514,0.3100932167125806
LRCX,2023-03-28,48.507999420166016,D1,Downtrend,Medium,-0.021562423127236108,-0.09839383406226537
LRCX,2023-03-29,51.57500076293945,D1,Downtrend,Medium,0.06322671269552305,0.9914481206849712
LRCX,2023-03-30,53.13600158691406,D1,Downtrend,Medium,0.030266617564382203,1.585738519628625
LRCX,2023-03-31,53.012001037597656,D1,Downtrend,Medium,-0.002333644715693972,1.537523896714602
LRCX,2023-04-03,52.1510009765625,D1,Downtrend,Medium,-0.01624160650763795,1.2018059599474828
LRCX,2023-04-04,50.42900085449219,D1,Downtrend,Medium,-0.03301950278661392,0.3969526197473424
LRCX,2023-04-05,49.347999572753906,D1,Downtrend,Medium,-0.0214361035003926,-0.15082813229479486
LRCX,2023-04-06,49.37900161743164,D1,Downtrend,Medium,0.0006282330579991946,-0.16944053169165083
LRCX,2023-04-10,50.74599838256836,D1,Downtrend,Medium,0.02768376679074347,0.49524709449334664
LRCX,2023-04-11,50.750999450683594,D1,Downtrend,Medium,9.855098479949476e-05,0.47318266911209517
LRCX,2023-04-12,49.707000732421875,D1,Downtrend,Medium,-0.020570998198295665,-0.0963616836265816
LRCX,2023-04-13,49.834999084472656,D1,Downtrend,Medium,0.00257505683635606,-0.05351931369218617
LRCX,2023-04-14,50.08399963378906,D1,Downtrend,Medium,0.004996499526253473,0.05233934649849231
LRCX,2023-04-17,49.26599884033203,D1,Downtrend,Medium,-0.016332577258968972,-0.4665310130771416
LRCX,2023-04-18,49.5369987487793,D1,Downtrend,Medium,0.005500749296194263,-0.33655141272233
LRCX,2023-04-19,49.10200119018555,D1,Downtrend,Medium,-0.008781265913984537,-0.6002299057296879
LRCX,2023-04-20,52.652000427246094,D1,Downtrend,Medium,0.07229846342332213,1.4892503220459028
LRCX,2023-04-21,51.71900177001953,D1,Downtrend,Medium,-0.017720098945067986,0.9018674753126226
LRCX,2023-04-24,51.4379997253418,D1,Downtrend,Medium,-0.005433245713582724,0.7150441475591027
LRCX,2023-04-25,49.97200012207031,D1,Downtrend,Medium,-0.02850032293439353,-0.17427763346924724
LRCX,2023-04-26,49.7400016784668,D1,Downtrend,Medium,-0.004642568699207428,-0.33821665376311627
LRCX,2023-04-27,51.888999938964844,D1,Downtrend,Medium,0.04320462782429657,0.9488307822942427
LRCX,2023-04-28,52.40800094604492,D1,Downtrend,Medium,0.010002139329926552,1.28178105262676
LRCX,2023-05-01,52.382999420166016,D1,Downtrend,Medium,-0.0004770555149516964,1.327467862811984
LRCX,2023-05-02,52.1879997253418,D1,Downtrend,Medium,-0.00372257596897263,1.2258660826317387
LRCX,2023-05-03,51.45500183105469,D1,Downtrend,Medium,-0.014045334140890153,0.7685325113689226
LRCX,2023-05-04,51.2239990234375,D1,Downtrend,Medium,-0.004489414039390294,0.6623666025629309
LRCX,2023-05-05,52.97600173950195,D1,Downtrend,Medium,0.034202771151522704,1.7805054076137925
LRCX,2023-05-08,52.67900085449219,D1,Downtrend,Medium,-0.005606328814133699,1.5511591805673395
LRCX,2023-05-09,51.57699966430664,D1,Downtrend,Medium,-0.0209191740980329,0.8263766969082481
LRCX,2023-05-10,52.72999954223633,D1,Downtrend,Medium,0.022354923423892226,1.5173026128626697
LRCX,2023-05-11,52.74800109863281,D1,Downtrend,Medium,0.0003413911730090202,1.4959891834968446
LRCX,2023-05-12,52.709999084472656,D1,Downtrend,Medium,-0.0007204446304818202,1.4524388246790194
LRCX,2023-05-15,55.22700119018555,D1,Downtrend,Medium,0.04775189052231177,2.746905741188186
LRCX,2023-05-16,55.893001556396484,D1,Downtrend,Medium,0.012059325182575575,2.850755719309654
LRCX,2023-05-17,57.4109992980957,D1,Downtrend,Medium,0.027158994854973972,3.283249980391769
LRCX,2023-05-18,59.874000549316406,D1,Downtrend,Medium,0.04290120850243406,3.8550526618958676
LRCX,2023-05-19,58.88600158691406,D1,Downtrend,Medium,-0.016501301956406866,3.094692797547961
LRCX,2023-05-22,58.50699996948242,D1,Downtrend,Medium,-0.006436192086709203,2.7226089375239506
LRCX,2023-05-23,57.3489990234375,D1,Downtrend,Medium,-0.019792519641221418,2.1631407618319747
LRCX,2023-05-24,56.58700180053711,D1,Downtrend,Medium,-0.013287018707841325,1.8017980461089091
LRCX,2023-05-25,60.209999084472656,D1,Downtrend,Medium,0.06402525613048393,2.828564340675603
LRCX,2023-05-26,62.82500076293945,U1,Uptrend,Medium,0.04343135223765793,3.290381272686277
LRCX,2023-05-30,62.99599838256836,U1,Uptrend,Medium,0.0027218084767581807,3.02223368133465
LRCX,2023-05-31,61.66999816894531,U1,Uptrend,Medium,-0.02104895942072993,2.472645221792957
LRCX,2023-06-01,61.986000061035156,U1,Uptrend,Medium,0.005124078181811376,2.396841268817123
LRCX,2023-06-02,61.367000579833984,U1,Uptrend,Medium,-0.00998611751995071,2.1139938763808597
LRCX,2023-06-05,60.56100082397461,D1,Downtrend,Medium,-0.013134090769367668,1.8263693316096934
LRCX,2023-06-06,61.220001220703125,U1,Uptrend,Medium,0.010881596865348175,1.8967913852845653
LRCX,2023-06-07,61.077999114990234,U1,Uptrend,Medium,-0.0023195377798337358,1.7864732860719434
LRCX,2023-06-08,61.45399856567383,U1,Uptrend,Medium,0.006156053834961206,1.7904801688143603
LRCX,2023-06-09,60.659000396728516,D1,Downtrend,Medium,-0.012936475860000018,1.546772542020768
LRCX,2023-06-12,62.75299835205078,U1,Uptrend,Medium,0.0345208121074676,1.9216521730093739
LRCX,2023-06-13,62.55400085449219,U1,Uptrend,Medium,-0.003171123337281756,1.7909342645837723
LRCX,2023-06-14,63.00299835205078,U1,Uptrend,Medium,0.0071777582796503925,1.7997019393804503
LRCX,2023-06-15,62.099998474121094,U1,Uptrend,Medium,-0.014332649263513852,1.545466518996361
LRCX,2023-06-16,61.26499938964844,U1,Uptrend,Medium,-0.013446040337998122,1.3234835644028746
LRCX,2023-06-20,61.428001403808594,U1,Uptrend,Medium,0.0026606058236195995,1.309039716843028
LRCX,2023-06-21,60.58000183105469,D1,Downtrend,Medium,-0.013804772308631974,1.0996401896716401
LRCX,2023-06-22,61.98699951171875,U1,Uptrend,Medium,0.023225447971888302,1.3357803596678144
LRCX,2023-06-23,60.875999450683594,D1,Downtrend,Medium,-0.017923114036599186,1.07792513310361
LRCX,2023-06-26,62.03300094604492,U1,Uptrend,Medium,0.019005872688770076,1.2660279280739364
LRCX,2023-06-27,64.91600036621094,U1,Uptrend,Medium,0.04647525311041445,1.7602052178195753
LRCX,2023-06-28,64.21800231933594,U1,Uptrend,Medium,-0.010752326744367768,1.5579154684447496
LRCX,2023-06-29,64.03600311279297,U1,Uptrend,Medium,-0.0028340839012391816,1.4645174501360176
LRCX,2023-06-30,64.28600311279297,U1,Uptrend,Medium,0.0039040537798658015,1.4566482175086974
LRCX,2023-07-03,65.0989990234375,U1,Uptrend,Medium,0.012646546235236977,1.5519406440489694
LRCX,2023-07-05,62.858001708984375,U1,Uptrend,Medium,-0.03442445119081328,1.0980004385533235
LRCX,2023-07-06,62.099998474121094,U1,Uptrend,Medium,-0.012058977604357035,0.9241815970694099
LRCX,2023-07-07,61.7869987487793,U1,Uptrend,Medium,-0.00504025334996161,0.8360500464672797
LRCX,2023-07-10,62.763999938964844,U1,Uptrend,Medium,0.015812407302027154,0.9907007408664978
LRCX,2023-07-11,61.94200134277344,U1,Uptrend,Medium,-0.013096657271537193,0.8050582911933607
LRCX,2023-07-12,62.2599983215332,U1,Uptrend,Medium,0.005133785991189299,0.8390551604743213
LRCX,2023-07-13,63.83000183105469,U1,Uptrend,Medium,0.025216889685949262,1.1188034569621923
LRCX,2023-07-14,63.85599899291992,U1,Uptrend,Medium,0.00040728749991325586,1.0942653469474548
LRCX,2023-07-17,66.00700378417969,U1,Uptrend,Medium,0.033685242188416176,1.4955336203348646
LRCX,2023-07-18,65.59400177001953,U1,Uptrend,Medium,-0.006256942301312907,1.3624272723770319
LRCX,2023-07-19,64.01100158691406,U1,Uptrend,Medium,-0.024133307015718586,1.0043376448768198
LRCX,2023-07-20,61.551998138427734,U1,Uptrend,Medium,-0.038415325296035197,0.46557937693240437
LRCX,2023-07-21,62.362998962402344,U1,Uptrend,Medium,0.013175865097843076,0.614198950591918
LRCX,2023-07-24,63.90299987792969,U1,Uptrend,Medium,0.02469414462341346,0.9332804675401251
LRCX,2023-07-25,65.02400207519531,U1,Uptrend,Medium,0.017542246833591735,1.1588739154990562
LRCX,2023-07-26,64.23699951171875,U1,Uptrend,Medium,-0.012103262462474285,0.9491794379256332
LRCX,2023-07-27,70.19499969482422,U1,Uptrend,Medium,0.09275028765966176,2.254798763969559
LRCX,2023-07-28,72.1259994506836,U1,Uptrend,Medium,0.027509078484998728,2.559502282533745
LRCX,2023-07-31,71.8489990234375,U1,Uptrend,Medium,-0.0038405072977254484,2.392856609976817
LRCX,2023-08-01,71.58999633789062,U1,Uptrend,Medium,-0.003604819678314386,2.256830919383092
LRCX,2023-08-02,68.58799743652344,U1,Uptrend,Medium,-0.041933217697041725,1.5428553335117168
LRCX,2023-08-03,69.33599853515625,U1,Uptrend,Medium,0.010905714215159401,1.672465967344034
LRCX,2023-08-04,69.0459976196289,U1,Uptrend,Medium,-0.0041825447336754085,1.5869078749012946
LRCX,2023-08-07,70.53600311279297,U1,Uptrend,Medium,0.02157989665631943,1.8990157932347904
LRCX,2023-08-08,69.5999984741211,U1,Uptrend,Medium,-0.013269884844128832,1.650818492782664
LRCX,2023-08-09,68.6050033569336,U1,Uptrend,Medium,-0.014295907169559197,1.3954516045234482
LRCX,2023-08-10,68.63899993896484,U1,Uptrend,Medium,0.0004955408551527984,1.375740392905005
LRCX,2023-08-11,65.1969985961914,U1,Uptrend,High,-0.05014643782447492,0.440122587427369
LRCX,2023-08-14,66.72000122070312,U1,Uptrend,High,0.023360011308874773,0.8296199638307286
LRCX,2023-08-15,65.58300018310547,U1,Uptrend,High,-0.01704138214621087,0.4903630950598276
LRCX,2023-08-16,64.62899780273438,U1,Uptrend,High,-0.014546488841735705,0.19891597914944115
LRCX,2023-08-17,64.85600280761719,U1,Uptrend,Medium,0.003512432694309897,0.23837482134807886
LRCX,2023-08-18,65.29399871826172,U1,Uptrend,Medium,0.0067533596226052595,0.3383658873902071
LRCX,2023-08-21,66.92400360107422,U1,Uptrend,Medium,0.024964084216159588,0.8102144998967696
LRCX,2023-08-22,66.68199920654297,U1,Uptrend,Medium,-0.003616107547507297,0.7077065576571795
LRCX,2023-08-23,67.80899810791016,U1,Uptrend,Medium,0.01690109646947424,1.0315854172452417
LRCX,2023-08-24,65.59300231933594,U1,Uptrend,Medium,-0.03267996652962957,0.32038762732125164
LRCX,2023-08-25,66.0270004272461,U1,Uptrend,Medium,0.006616530614001581,0.4367942443418244
LRCX,2023-08-28,66.63200378417969,U1,Uptrend,Medium,0.009162968982669994,0.6059065526885092
LRCX,2023-08-29,68.46499633789062,U1,Uptrend,Medium,0.027509191523760634,1.1494527257303255
LRCX,2023-08-30,68.65299987792969,U1,Uptrend,Medium,0.002745980429345485,1.1712887146142854
LRCX,2023-08-31,70.23999786376953,U1,Uptrend,Medium,0.023116221995566733,1.6126145066530952
LRCX,2023-09-01,70.19599914550781,U1,Uptrend,Medium,-0.0006264054612736825,1.5405888270483905
LRCX,2023-09-05,70.0770034790039,U1,Uptrend,Medium,-0.0016951915771901138,1.44967880780508
LRCX,2023-09-06,69.6240005493164,U1,Uptrend,Medium,-0.006464359307589818,1.2686523525732465
LRCX,2023-09-07,67.66999816894531,U1,Uptrend,Medium,-0.028065069012904953,0.6327521111509157
LRCX,2023-09-08,66.88800048828125,U1,Uptrend,Medium,-0.01155604701971058,0.3667718694590424
LRCX,2023-09-11,66.36799621582031,U1,Uptrend,Medium,-0.007774253508326057,0.18549142474869912
LRCX,2023-09-12,65.2699966430664,U1,Uptrend,Medium,-0.016544112152841683,-0.18332131723190476
LRCX,2023-09-13,65.86599731445312,U1,Uptrend,Medium,0.009131311506663575,-0.016211454210425753
LRCX,2023-09-14,65.64299774169922,U1,Uptrend,Medium,-0.003385655449643865,-0.11472849681259127
LRCX,2023-09-15,62.31100082397461,U1,Uptrend,Medium,-0.050759365543234236,-1.2592577016534021
LRCX,2023-09-18,63.564998626708984,U1,Uptrend,Medium,0.02012482204028232,-0.8504043938996788
LRCX,2023-09-19,62.51499938964844,U1,Uptrend,Medium,-0.016518512699524424,-1.2382775420558219
LRCX,2023-09-20,61.88600158691406,U1,Uptrend,Medium,-0.010061550169966571,-1.454829241760505
LRCX,2023-09-21,61.03900146484375,U1,Uptrend,Medium,-0.013686457362748983,-1.6866141972553654
LRCX,2023-09-22,61.9109992980957,U1,Uptrend,Medium,0.014285912487513208,-1.3593475378731026
LRCX,2023-09-25,62.058998107910156,U1,Uptrend,Medium,0.0023905091420322044,-1.2846666361084942
LRCX,2023-09-26,60.599998474121094,D1,Downtrend,Medium,-0.02350988056964931,-1.7083658304714973
LRCX,2023-09-27,61.391998291015625,U1,Uptrend,Medium,0.013069304238229495,-1.4075983559636411
LRCX,2023-09-28,62.75199890136719,U1,Uptrend,Medium,0.02215273404043261,-0.9728419769085345
LRCX,2023-09-29,62.676998138427734,U1,Uptrend,Medium,-0.0011951932090217277,-1.003223600935177
LRCX,2023-10-02,63.0880012512207,U1,Uptrend,Medium,0.006557479218855189,-0.8855166653652116
LRCX,2023-10-03,61.81100082397461,U1,Uptrend,Medium,-0.020241573705291338,-1.2843099530836317
LRCX,2023-10-04,63.237998962402344,U1,Uptrend,Medium,0.023086475213231816,-0.8402442907193682
LRCX,2023-10-05,62.58300018310547,U1,Uptrend,Medium,-0.010357677188462255,-1.0554258443864224
LRCX,2023-10-06,62.81100082397461,U1,Uptrend,Medium,0.003643172110670001,-0.9718005255819216
LRCX,2023-10-09,62.76900100708008,U1,Uptrend,Medium,-0.0006686697607674041,-0.9748314207532133
LRCX,2023-10-10,63.4379997253418,U1,Uptrend,Medium,0.010658106828659974,-0.7432533647226757
LRCX,2023-10-11,64.1729965209961,U1,Uptrend,Medium,0.011586065116121258,-0.500283114146111
LRCX,2023-10-12,65.49600219726562,U1,Uptrend,Medium,0.020616236547979616,-0.08744806900551219
LRCX,2023-10-13,64.51200103759766,U1,Uptrend,Medium,-0.015023835450357459,-0.4230725540889605
LRCX,2023-10-16,65.06999969482422,U1,Uptrend,Medium,0.008649532617990952,-0.2597814547626118
LRCX,2023-10-17,64.99500274658203,U1,Uptrend,Medium,-0.0011525579928373109,-0.29107222554052337
LRCX,2023-10-18,64.2239990234375,U1,Uptrend,Medium,-0.01186250774002895,-0.5384993938692821
LRCX,2023-10-19,60.19499969482422,D1,Downtrend,Medium,-0.06273354804865017,-1.7881154808131485
LRCX,2023-10-20,60.03499984741211,D1,Downtrend,Medium,-0.002658025554004073,-1.7665981547515923
LRCX,2023-10-23,59.95800018310547,D1,Downtrend,Medium,-0.0012825795702897658,-1.7452998344936017
LRCX,2023-10-24,60.402000427246094,D1,Downtrend,Medium,0.007405187677786085,-1.5674978469661471
LRCX,2023-10-25,58.33399963378906,D1,Downtrend,Medium,-0.03423728980545815,-2.157573376065621
LRCX,2023-10-26,58.51300048828125,D1,Downtrend,Medium,0.003068551027118449,-1.9970177689231192
LRCX,2023-10-27,58.402000427246094,D1,Downtrend,Medium,-0.001897015365967869,-1.942996651784237
LRCX,2023-10-30,58.349998474121094,D1,Downtrend,Medium,-0.000890413902684406,-1.875265518311911
LRCX,2023-10-31,58.821998596191406,D1,Downtrend,Medium,0.008089119698600378,-1.6804244957340122
LRCX,2023-11-01,60.66600036621094,D1,Downtrend,Medium,0.03134884590845788,-1.082685105145283
LRCX,2023-11-02,62.327999114990234,U1,Uptrend,Medium,0.027395884659391134,-0.5407165085195422
LRCX,2023-11-03,63.40800094604492,U1,Uptrend,Medium,0.017327715415060396,-0.17547601694970644
LRCX,2023-11-06,63.904998779296875,U1,Uptrend,Medium,0.007838093392580792,-0.008809299158514472
LRCX,2023-11-07,64.1259994506836,U1,Uptrend,Medium,0.0034582689243132236,0.07677499491652784
LRCX,2023-11-08,64.75800323486328,U1,Uptrend,Medium,0.009855655889866144,0.28662472280255363
LRCX,2023-11-09,65.0260009765625,U1,Uptrend,Medium,0.004138449740756389,0.3712565080086159
LRCX,2023-11-10,68.54299926757812,U1,Uptrend,Medium,0.054086030790718054,1.4660211129066398
LRCX,2023-11-13,67.34300231933594,U1,Uptrend,Medium,-0.017507213881284067,1.063845835941982
LRCX,2023-11-14,69.49199676513672,U1,Uptrend,Medium,0.03191117668930765,1.6988204805899128
LRCX,2023-11-15,69.79000091552734,U1,Uptrend,Medium,0.00428832332157314,1.7386565170408128
LRCX,2023-11-16,70.04399871826172,U1,Uptrend,Medium,0.0036394583665617652,1.774754958173164
LRCX,2023-11-17,70.03399658203125,U1,Uptrend,Medium,-0.00014279790436722006,1.707974177012816
LRCX,2023-11-20,71.91500091552734,U1,Uptrend,Medium,0.026858446258923196,2.14373403686489
LRCX,2023-11-21,70.73699951171875,U1,Uptrend,Medium,-0.016380468453199293,1.752182098438699
LRCX,2023-11-22,71.74600219726562,U1,Uptrend,Medium,0.014264143128939422,1.967373541392502
LRCX,2023-11-24,71.75,U1,Uptrend,Medium,5.572160973343898e-05,1.913428128238117
LRCX,2023-11-27,72.24500274658203,U1,Uptrend,Medium,0.006898992983721763,2.003054632074781
LRCX,2023-11-28,71.03900146484375,U1,Uptrend,Medium,-0.01669321386793554,1.6781738533292296
LRCX,2023-11-29,71.39900207519531,U1,Uptrend,Medium,0.005067647389859875,1.748952060810699
LRCX,2023-11-30,71.59200286865234,U1,Uptrend,Medium,0.0027031301257371965,1.7667208451822112
LRCX,2023-12-01,72.20800018310547,U1,Uptrend,Medium,0.0086042754745006,1.8549674178890867
LRCX,2023-12-04,71.00599670410156,U1,Uptrend,Medium,-0.016646403112617114,1.5168303694599523
LRCX,2023-12-05,69.71399688720703,U1,Uptrend,Medium,-0.018195643704271847,1.1797366086912955
LRCX,2023-12-06,69.48699951171875,U1,Uptrend,Medium,-0.003256123384455356,1.09752934737141
LRCX,2023-12-07,70.8030014038086,U1,Uptrend,Medium,0.018938821669338468,1.3664003216610392
LRCX,2023-12-08,70.31700134277344,U1,Uptrend,Medium,-0.0068641166532386055,1.2199735649713537
LRCX,2023-12-11,73.55899810791016,U1,Uptrend,Medium,0.04610544680841833,1.8669102285841566
LRCX,2023-12-12,73.1240005493164,U1,Uptrend,Medium,-0.005913587321507707,1.6930356465574528
LRCX,2023-12-13,73.46499633789062,U1,Uptrend,Medium,0.004663254007065021,1.689922492679928
LRCX,2023-12-14,76.72100067138672,U1,Uptrend,Medium,0.04432048588855331,2.2384293364325147
LRCX,2023-12-15,77.3499984741211,U1,Uptrend,Medium,0.008198508846730457,2.2282676358177715
LRCX,2023-12-18,76.99199676513672,U1,Uptrend,Medium,-0.004628335049084109,2.0426786621473525
LRCX,2023-12-19,78.10099792480469,U1,Uptrend,Medium,0.014404109599222004,2.1275866656425633
LRCX,2023-12-20,75.49299621582031,U1,Uptrend,Medium,-0.03339268099359427,1.582783875062329
LRCX,2023-12-21,77.69200134277344,U1,Uptrend,Medium,0.029128597845905935,1.889342787034237
LRCX,2023-12-22,77.9990005493164,U1,Uptrend,Medium,0.00395149051687449,1.8512906048340954
LRCX,2023-12-26,79.57099914550781,U2,Uptrend,Medium,0.020154086400087534,2.012785808799289
LRCX,2023-12-27,79.49299621582031,U2,Uptrend,Medium,-0.0009802934552179954,1.9013185729457855
LRCX,2023-12-28,78.96700286865234,U2,Uptrend,Medium,-0.006616851448647321,1.7366318119887025
LRCX,2023-12-29,78.32599639892578,U1,Uptrend,Medium,-0.008117396462327009,1.5674992032353119
LRCX,2024-01-02,74.93000030517578,U1,Uptrend,Medium,-0.0433572025876785,0.9962075527872031
LRCX,2024-01-03,73.69300079345703,U1,Uptrend,Medium,-0.016508734908323608,0.7736488539997364
LRCX,2024-01-04,73.10800170898438,U1,Uptrend,Medium,-0.007938326274869234,0.6564381852063251
LRCX,2024-01-05,73.23999786376953,U1,Uptrend,Medium,0.0018054953178803235,0.6534417673463622
LRCX,2024-01-08,75.71600341796875,U1,Uptrend,Medium,0.03380673984732674,1.0143333218673896
LRCX,2024-01-09,75.2020034790039,U1,Uptrend,Medium,-0.00678852443026412,0.9033751937074773
LRCX,2024-01-10,74.96900177001953,U1,Uptrend,Medium,-0.0030983444350578537,0.8382800572953076
LRCX,2024-01-11,76.0199966430664,U1,Uptrend,Medium,0.014019059187569072,0.97225213990195
LRCX,2024-01-12,75.96700286865234,U1,Uptrend,Medium,-0.0006971030880582596,0.9327489889036928
LRCX,2024-01-16,76.11399841308594,U1,Uptrend,Medium,0.0019349920213089788,0.9245555551817337
LRCX,2024-01-17,75.29000091552734,U1,Uptrend,Medium,-0.01082583381162816,0.7681929331217918
LRCX,2024-01-18,78.56500244140625,U2,Uptrend,Medium,0.04349849231046421,1.2564445989794115
LRCX,2024-01-19,82.63200378417969,U2,Uptrend,Medium,0.05176606906881487,1.8474875277397667
LRCX,2024-01-22,83.35399627685547,U2,Uptrend,Medium,0.008737443842721015,1.8924714845831778
LRCX,2024-01-23,83.03900146484375,U2,Uptrend,Medium,-0.003779000720799064,1.7968675997764412
LRCX,2024-01-24,84.81600189208984,U2,Uptrend,Medium,0.021399588095943445,2.026701324068284
LRCX,2024-01-25,86.55999755859375,U2,Uptrend,Medium,0.020562106531769375,2.2395399112709478
LRCX,2024-01-26,83.90399932861328,U2,Uptrend,Medium,-0.03068389908609437,1.77603090820408
LRCX,2024-01-29,84.58000183105469,U2,Uptrend,Medium,0.0080568567392576,1.8592417950983917
LRCX,2024-01-30,83.5790023803711,U2,Uptrend,Medium,-0.011834942409708726,1.6566146961445534
LRCX,2024-01-31,82.51699829101562,U2,Uptrend,Medium,-0.012706589682923597,1.4401960396877742
LRCX,2024-02-01,83.22100067138672,U2,Uptrend,Medium,0.008531604335488163,1.5283921533199372
LRCX,2024-02-02,83.87000274658203,U2,Uptrend,Medium,0.007798537267750705,1.604660889459874
LRCX,2024-02-05,85.13200378417969,U2,Uptrend,Medium,0.015047108576004886,1.7859409466204361
LRCX,2024-02-06,83.46199798583984,U2,Uptrend,Medium,-0.019616662642800264,1.443630353775663
LRCX,2024-02-07,84.85399627685547,U2,Uptrend,Medium,0.01667822871017055,1.6628741305577481
LRCX,2024-02-08,86.43599700927734,U2,Uptrend,Medium,0.018643797603359102,1.8816436639562173
LRCX,2024-02-09,91.15799713134766,U2,Uptrend,Medium,0.05463001857389904,2.5970589606466796
LRCX,2024-02-12,90.80000305175781,U2,Uptrend,Medium,-0.00392718237407097,2.380564734216544
LRCX,2024-02-13,89.25900268554688,U2,Uptrend,Medium,-0.016971369101524525,2.0109866463128805
LRCX,2024-02-14,91.56999969482422,U2,Uptrend,Medium,0.025890912286112178,2.269594050474484
LRCX,2024-02-15,91.37799835205078,U2,Uptrend,Medium,-0.002096771250554963,2.1233604335875405
LRCX,2024-02-16,92.60299682617188,U2,Uptrend,Medium,0.013405836155455653,2.188980027749639
LRCX,2024-02-20,90.04399871826172,U2,Uptrend,Medium,-0.027634074442684953,1.7177005489863642
LRCX,2024-02-21,90.19300079345703,U2,Uptrend,Medium,0.001654769638357756,1.6694690388053854
LRCX,2024-02-22,94.43599700927734,U2,Uptrend,Medium,0.04704351976864385,2.1840285271067916
LRCX,2024-02-23,92.8499984741211,U2,Uptrend,Medium,-0.01679442781760898,1.8618326238610123
LRCX,2024-02-26,93.8759994506836,U2,Uptrend,Medium,0.011050091474675394,1.9184782529093316
LRCX,2024-02-27,93.072998046875,U2,Uptrend,Medium,-0.008553851980350302,1.731874909100228
LRCX,2024-02-28,92.26699829101562,U2,Uptrend,Medium,-0.008659866693597307,1.5598272230031283
LRCX,2024-02-29,93.82499694824219,U2,Uptrend,Medium,0.016885762906391877,1.703313166829213
LRCX,2024-03-01,98.15299987792969,U2,Uptrend,Medium,0.04612846331425957,2.1764885717603493
LRCX,2024-03-04,97.75199890136719,U2,Uptrend,Medium,-0.004085468371432532,2.031999754753288
LRCX,2024-03-05,96.30999755859375,U2,Uptrend,Medium,-0.014751630237540558,1.778466690405746
LRCX,2024-03-06,98.18599700927734,U2,Uptrend,Medium,0.01947876127337933,1.9401596195945334
LRCX,2024-03-07,99.45700073242188,U2,Uptrend,Medium,0.012944857330566606,2.0170846263329567
LRCX,2024-03-08,95.66500091552734,U2,Uptrend,Medium,-0.03812702764983322,1.4792604921982258
LRCX,2024-03-11,93.12000274658203,U2,Uptrend,Medium,-0.026603231532841942,1.1202902309104465
LRCX,2024-03-12,95.08300018310547,U2,Uptrend,Medium,0.02108029830997271,1.3270095467502006
LRCX,2024-03-13,92.6709976196289,U2,Uptrend,Medium,-0.025367337576976623,0.9851085837452256
LRCX,2024-03-14,92.56800079345703,U2,Uptrend,Medium,-0.0011114245968800729,0.9400270023599379
LRCX,2024-03-15,91.00900268554688,U2,Uptrend,Medium,-0.01684165256402892,0.7141898933325292
LRCX,2024-03-18,92.52799987792969,U2,Uptrend,Medium,0.016690625625590316,0.8797600469150434
LRCX,2024-03-19,93.1050033569336,U2,Uptrend,Medium,0.006235987806557208,0.9234233148456412
LRCX,2024-03-20,94.90799713134766,U2,Uptrend,Medium,0.01936516523716758,1.1194657636373522
LRCX,2024-03-21,98.25700378417969,U2,Uptrend,Medium,0.03528687522714424,1.4958818623422954
LRCX,2024-03-22,97.79000091552734,U2,Uptrend,Medium,-0.004752871049051199,1.383407992580412
LRCX,2024-03-25,97.14600372314453,U2,Uptrend,Medium,-0.006585511671475586,1.2563741246413798
LRCX,2024-03-26,96.7229995727539,U2,Uptrend,Medium,-0.004354313447582858,1.1627107850824832
LRCX,2024-03-27,96.56700134277344,U2,Uptrend,Medium,-0.0016128349065842595,1.1058269719323348
LRCX,2024-03-28,97.15699768066406,U2,Uptrend,Medium,0.006109709628409954,1.1471922619066588
LRCX,2024-04-01,98.17900085449219,U2,Uptrend,Medium,0.010519089702496265,1.246697725763805
LRCX,2024-04-02,96.73300170898438,U2,Uptrend,Medium,-0.014728191700085436,1.0348698333783908
LRCX,2024-04-03,97.83699798583984,U2,Uptrend,Medium,0.011412819382745631,1.1596689239091615
LRCX,2024-04-04,95.16300201416016,U2,Uptrend,Medium,-0.027331132666874147,0.7675175626026072
LRCX,2024-04-05,96.85800170898438,U2,Uptrend,Medium,0.017811540818899463,0.9840837094026832
LRCX,2024-04-08,96.72599792480469,U2,Uptrend,Medium,-0.0013628588433642896,0.9453203197267469
LRCX,2024-04-09,97.33399963378906,U2,Uptrend,Medium,0.006285814796731737,1.0168241213499778
LRCX,2024-04-10,96.16400146484375,U2,Uptrend,Medium,-0.012020446846398247,0.8161775543547799
LRCX,2024-04-11,98.3479995727539,U2,Uptrend,Medium,0.022711181675490133,1.158985437606278
LRCX,2024-04-12,95.7040023803711,U2,Uptrend,Medium,-0.026884097326523526,0.6974139367873695
LRCX,2024-04-15,94.61699676513672,U2,Uptrend,Medium,-0.011357995362765716,0.47568821494927904
LRCX,2024-04-16,96.322998046875,U2,Uptrend,Medium,0.018030600632706673,0.7752189692835122
LRCX,2024-04-17,91.22599792480469,U2,Uptrend,Medium,-0.05291571302203335,-0.25064690656619104
LRCX,2024-04-18,88.89199829101562,U2,Uptrend,Medium,-0.025584807915315144,-0.7575391472720843
LRCX,2024-04-19,87.0250015258789,U2,Uptrend,Medium,-0.02100297890733116,-1.1614263167560133
LRCX,2024-04-22,86.80699920654297,U2,Uptrend,Medium,-0.002505053898460563,-1.2088966547366793
LRCX,2024-04-23,88.74199676513672,U2,Uptrend,Medium,0.022290801159820628,-0.8421680243994714
LRCX,2024-04-24,88.48899841308594,U2,Uptrend,Medium,-0.002850942747213203,-0.9273373299035595
LRCX,2024-04-25,90.14700317382812,U2,Uptrend,Medium,0.018736846280056785,-0.6106450143264488
LRCX,2024-04-26,92.53700256347656,U2,Uptrend,Medium,0.026512244506230243,-0.11800774258138676
LRCX,2024-04-29,92.88099670410156,U2,Uptrend,Medium,0.00371736852389426,-0.07865156685158187
LRCX,2024-04-30,89.44100189208984,U2,Uptrend,Medium,-0.03703658373704566,-0.9891857261031857
LRCX,2024-05-01,86.80999755859375,U2,Uptrend,Medium,-0.02941608745249058,-1.6956084719416968
LRCX,2024-05-02,88.36799621582031,U2,Uptrend,Medium,0.017947226138037564,-1.3699270312324885
LRCX,2024-05-03,90.85299682617188,U2,Uptrend,Medium,0.028121047401397092,-0.75335544351812
LRCX,2024-05-06,92.4540023803711,U2,Uptrend,Medium,0.01762193444496285,-0.3382464457491252
LRCX,2024-05-07,91.49099731445312,U2,Uptrend,Medium,-0.010416045180564604,-0.6242158485040674
LRCX,2024-05-08,91.3280029296875,U2,Uptrend,Medium,-0.0017815346815536204,-0.6762137995255076
LRCX,2024-05-09,90.75399780273438,U2,Uptrend,Medium,-0.0062850944785800555,-0.860084463959011
LRCX,2024-05-10,91.54199981689453,U2,Uptrend,Medium,0.008682835282617374,-0.6251876080210998
LRCX,2024-05-13,90.37899780273438,U2,Uptrend,Medium,-0.012704572944511106,-0.9626198020985594
LRCX,2024-05-14,91.25399780273438,U2,Uptrend,Medium,0.009681452785190503,-0.6940825015338086
LRCX,2024-05-15,94.7750015258789,U2,Uptrend,Medium,0.03858465171855774,0.32622957187897494
LRCX,2024-05-16,94.29000091552734,U2,Uptrend,Medium,-0.0051173896337962654,0.16273863933726374
LRCX,2024-05-17,91.20700073242188,U2,Uptrend,Medium,-0.032697000245736296,-0.7455144371941514
LRCX,2024-05-20,94.2040023803711,U2,Uptrend,Medium,0.032859337812693346,0.14566835246537682
LRCX,2024-05-21,96.4000015258789,U2,Uptrend,Medium,0.02331110239500167,0.7869974283005846
LRCX,2024-05-22,96.5770034790039,U2,Uptrend,Medium,0.0018361198166316761,0.8178946509825898
LRCX,2024-05-23,95.81300354003906,U2,Uptrend,Medium,-0.0079107852950826,0.5732705923617879
LRCX,2024-05-24,97.05699920654297,U2,Uptrend,Medium,0.012983578643206428,0.9190157628838563
LRCX,2024-05-28,97.1259994506836,U2,Uptrend,Medium,0.0007109249688812547,0.9496630791239383
LRCX,2024-05-29,95.3239974975586,U2,Uptrend,Medium,-0.01855323974339107,0.4329380811133182
LRCX,2024-05-30,95.06999969482422,U2,Uptrend,Medium,-0.0026645735533791237,0.36452854243131466
LRCX,2024-05-31,93.24400329589844,U2,Uptrend,Medium,-0.019206862362335597,-0.1601132273089901
LRCX,2024-06-03,93.56300354003906,U2,Uptrend,Medium,0.0034211341519552185,-0.03418776327321191
LRCX,2024-06-04,92.27300262451172,U2,Uptrend,Medium,-0.013787510733078379,-0.4198974764342296
LRCX,2024-06-05,97.1719970703125,U2,Uptrend,Medium,0.0530923922107136,1.079880365817469
LRCX,2024-06-06,96.21900177001953,U2,Uptrend,Medium,-0.009807303842931159,0.7762119228135672
LRCX,2024-06-07,96.27200317382812,U2,Uptrend,Medium,0.0005508413393777722,0.7707476707753135
LRCX,2024-06-10,100.30699920654297,U2,Uptrend,Medium,0.041912455331684306,1.9096893351813715
LRCX,2024-06-11,99.9749984741211,U2,Uptrend,Medium,-0.003309846122883653,1.7311732253081624
LRCX,2024-06-12,103.76300048828125,U2,Uptrend,Medium,0.0378894930930227,2.616731652408759
LRCX,2024-06-13,103.8499984741211,U2,Uptrend,Medium,0.0008384297430727994,2.455156631966613
LRCX,2024-06-14,103.5979995727539,U2,Uptrend,Medium,-0.0024265662500706497,2.247579756193197
LRCX,2024-06-17,107.16999816894531,U2,Uptrend,Medium,0.034479416696486354,2.8880124746590585
LRCX,2024-06-18,108.95800018310547,U2,Uptrend,Medium,0.016683792523179086,3.007510641661746
LRCX,2024-06-20,106.13099670410156,U2,Uptrend,Medium,-0.025945809158144262,2.268253833291882
LRCX,2024-06-21,105.03500366210938,U2,Uptrend,Medium,-0.010326794961210695,1.9506311215896968
LRCX,2024-06-24,102.44200134277344,U2,Uptrend,Medium,-0.02468703031303221,1.3951929048263032
LRCX,2024-06-25,105.29000091552734,U2,Uptrend,Medium,0.027801092671202676,1.866597836392483
LRCX,2024-06-26,105.57599639892578,U2,Uptrend,Medium,0.002716264421233072,1.8451805478026861
LRCX,2024-06-27,105.58300018310547,U2,Uptrend,Medium,6.633879308348689e-05,1.770292232870726
LRCX,2024-06-28,106.48500061035156,U2,Uptrend,Medium,0.008543045998710141,1.8510064612303094
LRCX,2024-07-01,106.06300354003906,U2,Uptrend,Medium,-0.003962971948102467,1.7022296772351915
LRCX,2024-07-02,107.28199768066406,U2,Uptrend,Medium,0.011493113526290344,1.8247403842381957
LRCX,2024-07-03,108.27400207519531,U2,Uptrend,Medium,0.00924669950203616,1.8947802893479375
LRCX,2024-07-05,108.77999877929688,U2,Uptrend,Medium,0.0046732982470727435,1.884852201405112
LRCX,2024-07-08,110.16100311279297,U2,Uptrend,Medium,0.012695388389349027,1.9903358509350164
LRCX,2024-07-09,111.25499725341797,U2,Uptrend,Medium,0.009930865821046186,2.044325981436887
LRCX,2024-07-10,112.7300033569336,U2,Uptrend,Medium,0.013257886296611288,2.127743625863471
LRCX,2024-07-11,105.99400329589844,U2,Uptrend,Medium,-0.05975339182513073,1.1607439197354792
LRCX,2024-07-12,106.98200225830078,U2,Uptrend,Medium,0.009321272257678537,1.2541903310975995
LRCX,2024-07-15,106.91100311279297,U2,Uptrend,Medium,-0.0006636550448587686,1.202096816784705
LRCX,2024-07-16,107.5989990234375,U2,Uptrend,Medium,0.006435220796859209,1.2512304187362608
LRCX,2024-07-17,96.76799774169922,U2,Uptrend,Medium,-0.10066079963605468,-0.22191417425968474
LRCX,2024-07-18,95.26000213623047,U2,Uptrend,Medium,-0.0155836189717804,-0.45562003784304267
LRCX,2024-07-19,91.71099853515625,U2,Uptrend,Medium,-0.03725596810294862,-0.9636326201976488
LRCX,2024-07-22,97.70600128173828,U2,Uptrend,High,0.06536841646407243,-0.14759154379522213
LRCX,2024-07-23,95.96900177001953,U2,Uptrend,High,-0.01777781803504641,-0.4138962994508865
LRCX,2024-07-24,90.98699951171875,U2,Uptrend,High,-0.05191261935014879,-1.1245392443801736
LRCX,2024-07-25,88.41200256347656,U2,Uptrend,High,-0.028300712871738742,-1.4653632106205472
LRCX,2024-07-26,89.46399688720703,U2,Uptrend,High,0.011898772714430628,-1.3162217982879778
LRCX,2024-07-29,89.23400115966797,U2,Uptrend,High,-0.0025708188270309185,-1.3667953971701914
LRCX,2024-07-30,85.48600006103516,U2,Uptrend,High,-0.042001939282386824,-1.8745570470774897
LRCX,2024-07-31,92.1240005493164,U2,Uptrend,High,0.07765014720003105,-0.9409995962758434
LRCX,2024-08-01,83.03299713134766,U2,Uptrend,High,-0.09868224744649567,-2.1355876777145872
LRCX,2024-08-02,76.30000305175781,U1,Uptrend,High,-0.08108817352382336,-2.8313714432236003
LRCX,2024-08-05,77.03900146484375,U1,Uptrend,High,0.00968543097678043,-2.565728748096124
LRCX,2024-08-06,77.01699829101562,U1,Uptrend,High,-0.00028561083879263816,-2.4251207679053315
LRCX,2024-08-07,74.80500030517578,U1,Uptrend,High,-0.028720906227500675,-2.5132437846221394
LRCX,2024-08-08,79.91300201416016,U2,Uptrend,High,0.06828422816851387,-1.881201429712134
LRCX,2024-08-09,80.79000091552734,U2,Uptrend,High,0.010974420673268925,-1.7286453226367955
LRCX,2024-08-12,81.08899688720703,U2,Uptrend,High,0.003700903184693738,-1.635213467649417
LRCX,2024-08-13,84.07599639892578,U2,Uptrend,High,0.0368360644030854,-1.2929608482073596
LRCX,2024-08-14,84.53299713134766,U2,Uptrend,High,0.005435567248629258,-1.2228539055493288
LRCX,2024-08-15,89.01000213623047,U2,Uptrend,High,0.05296162630938572,-0.7621626763037911
LRCX,2024-08-16,87.11399841308594,U2,Uptrend,High,-0.02130101873543022,-0.9288763102713834
LRCX,2024-08-19,88.12799835205078,U2,Uptrend,High,0.011639919616093897,-0.8099215696934553
LRCX,2024-08-20,86.28600311279297,U2,Uptrend,High,-0.020901362492081965,-0.9677471270729033
LRCX,2024-08-21,87.33300018310547,U2,Uptrend,High,0.012134031390280908,-0.8444922282882716
LRCX,2024-08-22,83.5719985961914,U2,Uptrend,High,-0.043065067947151814,-1.173529317767533
LRCX,2024-08-23,84.73699951171875,U2,Uptrend,High,0.013940086812527674,-1.0351995250057169
LRCX,2024-08-26,81.89099884033203,U2,Uptrend,High,-0.03358628093732685,-1.2668868439344891
LRCX,2024-08-27,82.04399871826172,U2,Uptrend,High,0.0018683357157238678,-1.219560882843126
LRCX,2024-08-28,80.51100158691406,U2,Uptrend,High,-0.01868506112935764,-1.321206790991408
LRCX,2024-08-29,79.73200225830078,U2,Uptrend,High,-0.009675687958897505,-1.3520705638612527
LRCX,2024-08-30,82.10099792480469,U2,Uptrend,Medium,0.029711980125988635,-1.1055449827910957
LRCX,2024-09-03,76.5719985961914,U1,Uptrend,High,-0.06734387484153637,-1.535662052334424
LRCX,2024-09-04,76.44400024414062,U1,Uptrend,High,-0.001671607825280752,-1.4891583305735494
LRCX,2024-09-05,75.59200286865234,U1,Uptrend,High,-0.011145379268055589,-1.5006841050799802
LRCX,2024-09-06,73.38300323486328,U1,Uptrend,Medium,-0.029222663111961644,-1.6154721878707283
LRCX,2024-09-09,73.43099975585938,U1,Uptrend,Medium,0.0006540550111104881,-1.5476293429408536
LRCX,2024-09-10,73.15599822998047,U1,Uptrend,Medium,-0.0037450331167112605,-1.5091441581198046
LRCX,2024-09-11,76.68499755859375,U1,Uptrend,Medium,0.04823937085130292,-1.185190460269104
LRCX,2024-09-12,74.77799987792969,U1,Uptrend,Medium,-0.02486793690261202,-1.2925913353485128
LRCX,2024-09-13,76.97200012207031,U1,Uptrend,Medium,0.029340183579691814,-1.0839003081766485
LRCX,2024-09-16,75.84700012207031,U1,Uptrend,Medium,-0.014615704388814876,-1.13640853617145
LRCX,2024-09-17,76.60399627685547,U1,Uptrend,Medium,0.009980568164420722,-1.040972139780232
LRCX,2024-09-18,75.58699798583984,U1,Uptrend,Medium,-0.013276047470683894,-1.0859772945302342
LRCX,2024-09-19,78.90699768066406,U2,Uptrend,Medium,0.04392289392742077,-0.7906370498216581
LRCX,2024-09-20,77.31900024414062,U1,Uptrend,Medium,-0.020124925332351995,-0.8901171183357888
LRCX,2024-09-23,78.40799713134766,U2,Uptrend,Medium,0.014084466738685686,-0.7733258823455864
LRCX,2024-09-24,79.10600280761719,U2,Uptrend,Medium,0.008902225561255417,-0.6891875450281437
LRCX,2024-09-25,80.375,U2,Uptrend,Medium,0.01604173068217052,-0.5563990373560486
LRCX,2024-09-26,84.75,U2,Uptrend,Medium,0.05443234836702948,-0.15047033424383435
LRCX,2024-09-27,82.71199798583984,U2,Uptrend,Medium,-0.02404722140601956,-0.3031885295210788
LRCX,2024-09-30,81.60800170898438,U2,Uptrend,Medium,-0.013347474414104554,-0.3768222269720904
LRCX,2024-10-01,79.73799896240234,U2,Uptrend,Medium,-0.022914453330820317,-0.5309974194838886
LRCX,2024-10-02,81.40899658203125,U2,Uptrend,Medium,0.020956101750393863,-0.33466940808883816
LRCX,2024-10-03,81.11000061035156,U2,Uptrend,Medium,-0.0036727632599967697,-0.3372181069348393
LRCX,2024-10-04,81.54000091552734,U2,Uptrend,Medium,0.005301446208112903,-0.2550400141939917
LRCX,2024-10-07,80.61000061035156,U2,Uptrend,Medium,-0.011405448794871043,-0.33931134409363634
LRCX,2024-10-08,81.01000213623047,U2,Uptrend,Medium,0.004962182394867121,-0.2518742249283539
LRCX,2024-10-09,82.86000061035156,U2,Uptrend,Medium,0.022836667390898846,0.08415207179269835
LRCX,2024-10-10,82.05999755859375,U2,Uptrend,Medium,-0.009654876247464972,-0.006813548847491154
LRCX,2024-10-11,82.88999938964844,U2,Uptrend,Medium,0.010114572943559219,0.17918401654376961
LRCX,2024-10-14,85.69999694824219,U2,Uptrend,Medium,0.033900320657315186,0.7189122427966759
LRCX,2024-10-15,76.36000061035156,U1,Uptrend,High,-0.10898479195432687,-1.0033442809829287
LRCX,2024-10-16,74.13999938964844,U1,Uptrend,High,-0.029072828744872714,-1.452145820196299
LRCX,2024-10-17,73.13999938964844,U1,Uptrend,High,-0.013487995794880248,-1.6240014266591745
LRCX,2024-10-18,72.83999633789062,U1,Uptrend,High,-0.004101764482654202,-1.6322083624253692
LRCX,2024-10-21,72.83999633789062,U1,Uptrend,High,0.0,-1.589038663798684
LRCX,2024-10-22,73.0,U1,Uptrend,High,0.0021966456638349285,-1.516183794514184
LRCX,2024-10-23,72.86000061035156,U1,Uptrend,High,-0.001917799858197733,-1.4904662535255742
LRCX,2024-10-24,76.56999969482422,U1,Uptrend,High,0.050919558789374486,-0.6731996817087029
LRCX,2024-10-25,77.68000030517578,U1,Uptrend,High,0.014496547143470817,-0.39934358782828633
LRCX,2024-10-28,75.44999694824219,U1,Uptrend,High,-0.028707561124777792,-0.9083101114417866
LRCX,2024-10-29,78.30999755859375,U1,Uptrend,High,0.03790590756833945,-0.2553737171493445
LRCX,2024-10-30,76.44999694824219,U1,Uptrend,High,-0.02375176437669857,-0.6812475910433105
LRCX,2024-10-31,74.3499984741211,U1,Uptrend,High,-0.02746891508109317,-1.1608872992639923
LRCX,2024-11-01,74.80000305175781,U1,Uptrend,High,0.006052516299557942,-1.0284751794805465
LRCX,2024-11-04,74.16999816894531,U1,Uptrend,High,-0.008422524827660371,-1.1351491390478832
LRCX,2024-11-05,76.4000015258789,U1,Uptrend,High,0.0300661104487836,-0.6136946418936552
LRCX,2024-11-06,76.77999877929688,U1,Uptrend,High,0.004973785940164621,-0.5051227943195736
LRCX,2024-11-07,79.20999908447266,U2,Uptrend,High,0.03164887137027428,0.06762294916737063
LRCX,2024-11-08,78.19999694824219,U1,Uptrend,High,-0.0127509424050537,-0.12953241070012325
LRCX,2024-11-11,76.16999816894531,U1,Uptrend,High,-0.025959064686926547,-0.5956647228049755
LRCX,2024-11-12,75.69999694824219,U1,Uptrend,Medium,-0.006170424471596547,-0.6937199778149269
LRCX,2024-11-13,73.8499984741211,U1,Uptrend,Medium,-0.024438554144011082,-1.1552766064678268
LRCX,2024-11-14,74.79000091552734,U1,Uptrend,Medium,0.012728537045747501,-0.8882685236536767
LRCX,2024-11-15,70.05000305175781,U1,Uptrend,Medium,-0.06337742754038989,-2.1264361888119945
LRCX,2024-11-18,70.56999969482422,U1,Uptrend,Medium,0.007423220848144618,-1.9187692982823212
LRCX,2024-11-19,70.16999816894531,U1,Uptrend,Medium,-0.005668152580539765,-1.9362039489681204
LRCX,2024-11-20,70.05000305175781,U1,Uptrend,Medium,-0.0017100629944237777,-1.8826620929243403
LRCX,2024-11-21,73.12999725341797,U1,Uptrend,Medium,0.04396850917171902,-1.022324806059315
LRCX,2024-11-22,72.63999938964844,U1,Uptrend,Medium,-0.0067003675943202445,-1.115066415430069
LRCX,2024-11-25,73.70999908447266,U1,Uptrend,Medium,0.014730172134014285,-0.8025509473543656
LRCX,2024-11-26,72.69000244140625,U1,Uptrend,Medium,-0.013837968467446005,-1.0495209978295774
LRCX,2024-11-27,71.56999969482422,U1,Uptrend,Medium,-0.015407933814348684,-1.3067487017988262
LRCX,2024-11-29,73.87999725341797,U1,Uptrend,Medium,0.03227605936067657,-0.6902059554650325
LRCX,2024-12-02,78.51000213623047,U2,Uptrend,Medium,0.06266926170734655,0.5007000684215592
LRCX,2024-12-03,78.33999633789062,U1,Uptrend,Medium,-0.002165403053293158,0.4364737034764978
LRCX,2024-12-04,78.26000213623047,U1,Uptrend,Medium,-0.0010211157186570397,0.39537111267666436
LRCX,2024-12-05,75.20999908447266,U1,Uptrend,Medium,-0.03897269318302021,-0.40697604387207176
LRCX,2024-12-06,76.58999633789062,U1,Uptrend,Medium,0.018348587557726503,-0.04937319300817214
LRCX,2024-12-09,77.44999694824219,U1,Uptrend,Medium,0.011228628430239196,0.1769119860533313
LRCX,2024-12-10,75.12999725341797,U1,Uptrend,Medium,-0.029954806794564637,-0.4355512242572421
LRCX,2024-12-11,78.2300033569336,U1,Uptrend,Medium,0.041261895605547716,0.3791500082309222
LRCX,2024-12-12,75.58000183105469,U1,Uptrend,High,-0.03387449076012383,-0.3229357053059946
LRCX,2024-12-13,76.26000213623047,U1,Uptrend,High,0.008997092996845923,-0.1314166337784032
LRCX,2024-12-16,77.83000183105469,U1,Uptrend,Medium,0.020587459360669635,0.2832092490261307
LRCX,2024-12-17,77.80999755859375,U1,Uptrend,Medium,-0.0002570252086638858,0.28081545751466497
LRCX,2024-12-18,75.19999694824219,U1,Uptrend,Medium,-0.03354325526595903,-0.3962885785741892
LRCX,2024-12-19,71.20999908447266,U1,Uptrend,High,-0.05305848438419114,-1.4054695212439465
LRCX,2024-12-20,71.79000091552734,U1,Uptrend,Medium,0.008144949283971581,-1.230586309664863
LRCX,2024-12-23,73.80000305175781,U1,Uptrend,Medium,0.02799835785760152,-0.6590891654173088
LRCX,2024-12-24,73.83000183105469,U1,Uptrend,Medium,0.0004064875075389107,-0.6250698254196381
LRCX,2024-12-26,73.98999786376953,U1,Uptrend,Medium,0.002167086939547369,-0.556547935977216
LRCX,2024-12-27,73.4000015258789,U1,Uptrend,Medium,-0.007974001282942678,-0.698290514301833
LRCX,2024-12-30,72.1500015258789,U1,Uptrend,Medium,-0.01702997239801529,-1.028696801525092
LRCX,2024-12-31,72.2300033569336,U1,Uptrend,Medium,0.001108826463794177,-0.9771711781905702
LRCX,2025-01-02,72.44000244140625,U1,Uptrend,Medium,0.0029073663950272,-0.8858812181871286
LRCX,2025-01-03,75.11000061035156,U1,Uptrend,Medium,0.03685806293428784,-0.05054009843649307
LRCX,2025-01-06,77.9800033569336,U1,Uptrend,Medium,0.03821066067447876,0.9025978726891913
LRCX,2025-01-07,77.5199966430664,U1,Uptrend,Medium,-0.005899034291671157,0.8090151044985204
LRCX,2025-01-08,77.04000091552734,U1,Uptrend,Medium,-0.006191895618225529,0.7211086031488102
LRCX,2025-01-10,74.6500015258789,U1,Uptrend,Medium,-0.03102283698398467,-0.07593550275920086
LRCX,2025-01-13,74.44999694824219,U1,Uptrend,Medium,-0.0026792307240259827,-0.1456839811174184
LRCX,2025-01-14,75.05999755859375,U1,Uptrend,Medium,0.008193426935606762,0.10013900525123194
LRCX,2025-01-15,76.1500015258789,U1,Uptrend,Medium,0.014521769287752395,0.5310462987417051
LRCX,2025-01-16,79.22000122070312,U2,Uptrend,Medium,0.04031516261731016,1.7235880146377582
LRCX,2025-01-17,80.30000305175781,U2,Uptrend,Medium,0.013632943883020943,2.0471502501437953
LRCX,2025-01-21,81.5,U2,Uptrend,Medium,0.014943921577047936,2.3566955546903308
LRCX,2025-01-22,83.25,U2,Uptrend,Medium,0.021472392638036908,2.7678866422819945
LRCX,2025-01-23,81.2300033569336,U2,Uptrend,Medium,-0.024264223940737573,1.9614447336290026
LRCX,2025-01-24,79.68000030517578,U2,Uptrend,Medium,-0.019081656871869468,1.4027735870296987
LRCX,2025-01-27,75.62999725341797,U1,Uptrend,Medium,-0.050828351358511936,0.034599896190317905
LRCX,2025-01-28,74.51000213623047,U1,Uptrend,Medium,-0.014808874227968949,-0.3242790973078835
LRCX,2025-01-29,75.1500015258789,U1,Uptrend,Medium,0.008589442642590317,-0.09949537067693577
LRCX,2025-01-30,80.7300033569336,U2,Uptrend,Medium,0.07425151986368417,1.7189891342596477
LRCX,2025-01-31,81.05000305175781,U2,Uptrend,Medium,0.00396382610575885,1.7439595419709593
LRCX,2025-02-03,80.19000244140625,U2,Uptrend,Medium,-0.0106107412457761,1.4116038088865015
LRCX,2025-02-04,79.91000366210938,U2,Uptrend,Medium,-0.003491691866470137,1.2856648463665363
LRCX,2025-02-05,81.94000244140625,U2,Uptrend,Medium,0.02540356258623766,1.8408053731700589
LRCX,2025-02-06,82.83000183105469,U2,Uptrend,Medium,0.01086159828082578,2.0353800704723257
LRCX,2025-02-07,82.33000183105469,U2,Uptrend,Medium,-0.006036460086284112,1.8197613427073038
LRCX,2025-02-10,83.7300033569336,U2,Uptrend,Medium,0.017004755189387488,2.1026131940071138
LRCX,2025-02-11,83.26000213623047,U2,Uptrend,Medium,-0.005613295137461671,1.877692927292203
LRCX,2025-02-12,81.56999969482422,U2,Uptrend,Medium,-0.020297890920553452,1.3708997448479796
LRCX,2025-02-13,83.30000305175781,U2,Uptrend,Medium,0.02120881897028326,1.747610288843382
LRCX,2025-02-14,82.75,U2,Uptrend,Medium,-0.0066026774502765395,1.5561676303272298
LRCX,2025-02-18,86.58000183105469,U2,Uptrend,Medium,0.0462840100429569,2.4089784809564803
LRCX,2025-02-19,87.66000366210938,U2,Uptrend,Medium,0.012474033358905734,2.5262173741240774
LRCX,2025-02-20,89.0199966430664,U2,Uptrend,Medium,0.01551440707439622,2.6775227421313508
LRCX,2025-02-21,86.0199966430664,U2,Uptrend,Medium,-0.033700293340031995,1.880238478562978
LRCX,2025-02-24,83.33999633789062,U2,Uptrend,Medium,-0.031155549985618425,1.2217922706894577
LRCX,2025-02-25,80.29000091552734,U2,Uptrend,Medium,-0.03659701891511358,0.4981323221013944
LRCX,2025-02-26,81.30000305175781,U2,Uptrend,Medium,0.012579426139166294,0.705490691969387
LRCX,2025-02-27,76.16999816894531,U1,Uptrend,High,-0.0630996886869315,-0.5216104427059598
LRCX,2025-02-28,76.73999786376953,U1,Uptrend,Medium,0.007483257299809365,-0.4005290917404003
LRCX,2025-03-03,75.77999877929688,U1,Uptrend,Medium,-0.012509761678347497,-0.6182988695564972
LRCX,2025-03-04,76.44000244140625,U1,Uptrend,Medium,0.008709470476920833,-0.4517964497697286
LRCX,2025-03-05,79.05000305175781,U2,Uptrend,Medium,0.03414443389574995,0.16919869708964194
LRCX,2025-03-06,76.47000122070312,U1,Uptrend,Medium,-0.032637593060754644,-0.4540776862146715
LRCX,2025-03-07,79.01000213623047,U2,Uptrend,Medium,0.03321565156245443,0.14561774350634227
LRCX,2025-03-10,73.80999755859375,U1,Uptrend,High,-0.06581451002457606,-1.078174978518652
LRCX,2025-03-11,73.36000061035156,U1,Uptrend,High,-0.006096693715305412,-1.1701092562890265
LRCX,2025-03-12,76.58999633789062,U1,Uptrend,High,0.044029385232629004,-0.40011543322047083
LRCX,2025-03-13,75.26000213623047,U1,Uptrend,High,-0.01736511640231242,-0.7119790495013156
LRCX,2025-03-14,78.69000244140625,U2,Uptrend,High,0.04557534158671728,0.08705603636407919
LRCX,2025-03-17,78.30999755859375,U1,Uptrend,High,-0.004829138022907742,-0.004566568578689144
LRCX,2025-03-18,77.36000061035156,U1,Uptrend,High,-0.012131234553179104,-0.2270787140230773
LRCX,2025-03-19,77.93000030517578,U1,Uptrend,High,0.007368144911156449,-0.10372706333555098
LRCX,2025-03-20,77.55000305175781,U1,Uptrend,High,-0.004876135659308223,-0.22446786115781414
LRCX,2025-03-21,75.83999633789062,U1,Uptrend,High,-0.022050375842356917,-0.6696262036021874
LRCX,2025-03-24,77.98999786376953,U1,Uptrend,High,0.028349177606760145,-0.15565322061642556
LRCX,2025-03-25,77.66999816894531,U1,Uptrend,High,-0.004103086339137807,-0.25504638562907567
LRCX,2025-03-26,76.13999938964844,U1,Uptrend,High,-0.019698710124453345,-0.6583177927172416
LRCX,2025-03-27,74.80999755859375,U1,Uptrend,Medium,-0.01746784662091172,-1.0123560458296
LRCX,2025-03-28,72.61000061035156,U1,Uptrend,Medium,-0.0294077933436514,-1.5872069325568003
LRCX,2025-03-31,72.69999694824219,U1,Uptrend,Medium,0.0012394482458908396,-1.5712139387530493
LRCX,2025-04-01,72.83000183105469,U1,Uptrend,Medium,0.0017882378028855062,-1.54335088830025
LRCX,2025-04-02,73.77999877929688,U1,Uptrend,Medium,0.013044033013289269,-1.281749294600436
LRCX,2025-04-03,65.22000122070312,U1,Uptrend,High,-0.11602057061833049,-3.137215515415013
LRCX,2025-04-04,59.09000015258789,D1,Downtrend,High,-0.09398958836832028,-3.882519913415011
LRCX,2025-04-07,62.20000076293945,U1,Uptrend,High,0.052631589140643475,-2.9521556970400233
LRCX,2025-04-08,60.25,D1,Downtrend,High,-0.03135049419647784,-3.0150881153586315
LRCX,2025-04-09,71.11000061035156,U1,Uptrend,High,0.180248972785918,-1.122607420835915
LRCX,2025-04-10,66.43000030517578,U1,Uptrend,High,-0.06581353206309082,-1.8454041155181724
LRCX,2025-04-11,67.4800033569336,U1,Uptrend,High,0.015806157563362344,-1.610265752557781
LRCX,2025-04-14,67.86000061035156,U1,Uptrend,High,0.005631257180115812,-1.4895281621616265
LRCX,2025-04-15,68.44000244140625,U1,Uptrend,High,0.00854703545296176,-1.3467580628041602
LRCX,2025-04-16,65.13999938964844,U1,Uptrend,High,-0.04821745958561374,-1.7805296335306768
LRCX,2025-04-17,63.7599983215332,U1,Uptrend,High,-0.021185156294836194,-1.8979940215098317
LRCX,2025-04-21,62.38999938964844,U1,Uptrend,High,-0.021486809409499097,-1.9939404499931963
LRCX,2025-04-22,63.47999954223633,U1,Uptrend,High,0.01747075113401486,-1.751908514290911
LRCX,2025-04-23,66.7300033569336,U1,Uptrend,High,0.05119728793531064,-1.2519512705376061
LRCX,2025-04-24,70.9000015258789,U1,Uptrend,High,0.062490603314378834,-0.6569551432027941
LRCX,2025-04-25,71.41999816894531,U1,Uptrend,High,0.0073342261195383784,-0.5740566306528969
LRCX,2025-04-28,71.56999969482422,U1,Uptrend,High,0.0021002734489585784,-0.533014017264207
LRCX,2025-04-29,70.9000015258789,U1,Uptrend,High,-0.009361438756492868,-0.6042423949684808
LRCX,2025-04-30,71.66999816894531,U1,Uptrend,High,0.010860319132508733,-0.47777278813194357
LRCX,2025-05-01,71.7300033569336,U1,Uptrend,High,0.0008372427727265652,-0.45125343513544536
LRCX,2025-05-02,74.5199966430664,U1,Uptrend,High,0.03889576405356632,-0.042394411447313186
LRCX,2025-05-05,73.91000366210938,U1,Uptrend,High,-0.008185628132523326,-0.10893521293572175
LRCX,2025-05-06,73.16000366210938,U1,Uptrend,High,-0.010147476158014257,-0.19643888632607803
LRCX,2025-05-07,75.05999755859375,U1,Uptrend,High,0.02597039094283704,0.10088815565000117
LRCX,2025-05-08,74.9000015258789,U1,Uptrend,High,-0.0021315752453888726,0.09931399153318621
LRCX,2025-05-09,75.36000061035156,U1,Uptrend,Medium,0.006141509680927415,0.18520875526760522
LRCX,2025-05-12,82.25,U2,Uptrend,High,0.09142780432384989,1.2300424374809316
LRCX,2025-05-13,85.25,U2,Uptrend,High,0.036474164133738496,1.6614465660227542
LRCX,2025-05-14,84.97000122070312,U2,Uptrend,High,-0.003284443158907635,1.6352188206089193
LRCX,2025-05-15,84.79000091552734,U2,Uptrend,Medium,-0.002118398288688317,1.637395276587966
LRCX,2025-05-16,84.43000030517578,U2,Uptrend,Medium,-0.004245790853454667,1.6321390354670198
LRCX,2025-05-19,83.81999969482422,U2,Uptrend,Medium,-0.007224927255083391,1.5580359855405603
LRCX,2025-05-20,84.29000091552734,U2,Uptrend,Medium,0.0056072682225523085,1.623432573285115
LRCX,2025-05-21,82.79000091552734,U2,Uptrend,Medium,-0.01779570510982975,1.3698070317331985
LRCX,2025-05-22,82.55999755859375,U2,Uptrend,Medium,-0.0027781538155589036,1.325137877885517
LRCX,2025-05-23,81.05999755859375,U2,Uptrend,Medium,-0.018168605188431997,1.0693308230120708
LRCX,2025-05-27,83.94000244140625,U2,Uptrend,Medium,0.03552929890888179,1.4690080792968454
LRCX,2025-05-28,84.0,U2,Uptrend,Medium,0.0007147671771350339,1.432017279104777
LRCX,2025-05-29,84.16000366210938,U2,Uptrend,Medium,0.0019048055013020093,1.4128926146816636
LRCX,2025-05-30,80.79000091552734,U2,Uptrend,Medium,-0.040042806558233,0.9119973439488117
LRCX,2025-06-02,82.4800033569336,U2,Uptrend,Medium,0.02091846048093604,1.1321071488820562
LRCX,2025-06-03,83.66000366210938,U2,Uptrend,Medium,0.014306501662824989,1.2774429184569969
LRCX,2025-06-04,84.7699966430664,U2,Uptrend,Medium,0.01326790500081887,1.3865798483764509
LRCX,2025-06-05,84.91000366210938,U2,Uptrend,Medium,0.0016516105295187877,1.3576669725389467
LRCX,2025-06-06,86.3499984741211,U2,Uptrend,Medium,0.01695907136857544,1.5046617917619933
LRCX,2025-06-09,88.30000305175781,U2,Uptrend,Medium,0.022582566440011442,1.696007895587533
LRCX,2025-06-10,91.0,U2,Uptrend,Medium,0.030577540825899696,1.9606990556511688
LRCX,2025-06-11,90.94999694824219,U2,Uptrend,Medium,-0.0005494840852506844,1.870168645629854
LRCX,2025-06-12,91.66000366210938,U2,Uptrend,Medium,0.00780656116207723,1.8702344203222152
LRCX,2025-06-13,89.5199966430664,U2,Uptrend,Medium,-0.0233472281643341,1.5563835007769016
LRCX,2025-06-16,93.41000366210938,U2,Uptrend,Medium,0.04345405680200343,1.9202022044124405
LRCX,2025-06-17,92.66000366210938,U2,Uptrend,Medium,-0.008029118623236187,1.7542553365574352
LRCX,2025-06-18,92.23999786376953,U2,Uptrend,Medium,-0.004532762591629269,1.6419185547699502
LRCX,2025-06-20,90.48999786376953,U2,Uptrend,Medium,-0.018972246753350963,1.4044520031963141
LRCX,2025-06-23,91.61000061035156,U2,Uptrend,Medium,0.012377088882996379,1.4685022596368744
LRCX,2025-06-24,95.62999725341797,U2,Uptrend,Medium,0.04388163537040923,1.8015512533300255
LRCX,2025-06-25,96.0199966430664,U2,Uptrend,Medium,0.004078211867087456,1.7573590602618194
LRCX,2025-06-26,96.83999633789062,U2,Uptrend,Medium,0.008539884643741447,1.7551039270482014
LRCX,2025-06-27,97.19999694824219,U2,Uptrend,Medium,0.0037174785622198225,1.7107032382732463
LRCX,2025-06-30,97.33999633789062,U2,Uptrend,Medium,0.0014403229839912157,1.6503610354948168
LRCX,2025-07-01,96.80999755859375,U2,Uptrend,Medium,-0.005444820209948631,1.5438037058982526
LRCX,2025-07-02,98.83000183105469,U2,Uptrend,Medium,0.02086565771513782,1.6823975388755996
LRCX,2025-07-03,98.80999755859375,U2,Uptrend,Medium,-0.000202410928769714,1.628291735383286
LRCX,2025-07-07,98.13999938964844,U2,Uptrend,Medium,-0.006780671850011966,1.5279960346182335
LRCX,2025-07-08,99.83000183105469,U2,Uptrend,Medium,0.017220322518001874,1.6193817238270651
LRCX,2025-07-09,99.80999755859375,U2,Uptrend,Medium,-0.0002003833726738069,1.5625628303375376
LRCX,2025-07-10,101.05999755859375,U2,Uptrend,Medium,0.012523795517239478,1.6186449447279567
LRCX,2025-07-11,101.7300033569336,U2,Uptrend,Medium,0.006629782451274879,1.6206769615930534
LRCX,2025-07-14,99.62000274658203,U2,Uptrend,Medium,-0.020741182942345282,1.3809502882835407
LRCX,2025-07-15,101.06999969482422,U2,Uptrend,Medium,0.014555279143394051,1.4732176918514126
LRCX,2025-07-16,100.37000274658203,U2,Uptrend,Medium,-0.006925862771898661,1.3772340891301207
LRCX,2025-07-17,100.79000091552734,U2,Uptrend,Medium,0.004184498928486935,1.3940476506402901
LRCX,2025-07-18,100.66000366210938,U2,Uptrend,Medium,-0.0012897832348163218,1.3598896246961825
LRCX,2025-07-21,101.73999786376953,U2,Uptrend,Medium,0.010729129369848156,1.4368740466569883
LRCX,2025-07-22,97.69000244140625,U2,Uptrend,Medium,-0.03980730791626563,0.9946413088071567
LRCX,2025-07-23,97.0999984741211,U2,Uptrend,Medium,-0.006039553204423731,0.9063623904870848
LRCX,2025-07-24,97.77999877929688,U2,Uptrend,Medium,0.007003092851304293,0.9517883035023191
LRCX,2025-07-25,96.95999908447266,U2,Uptrend,Medium,-0.00838617002517128,0.8392459087015758
LRCX,2025-07-28,98.62000274658203,U2,Uptrend,Medium,0.017120499977141712,0.999836460540295
LRCX,2025-07-29,98.94000244140625,U2,Uptrend,Medium,0.0032447747506811897,1.0140887927525677
LRCX,2025-07-30,99.08999633789062,U2,Uptrend,Medium,0.0015160086191952082,1.0053761909421755
LRCX,2025-07-31,94.83999633789062,U2,Uptrend,Medium,-0.04289030333100197,0.4680920306427831
LRCX,2025-08-01,96.37000274658203,U2,Uptrend,Medium,0.01613250176898351,0.6362815949240451
LRCX,2025-08-04,98.41000366210938,U2,Uptrend,Medium,0.021168422303481815,0.8800069336790963
LRCX,2025-08-05,96.68000030517578,U2,Uptrend,Medium,-0.01757954773453274,0.6254953156254343
LRCX,2025-08-06,95.94000244140625,U2,Uptrend,Medium,-0.007654094553513513,0.4971449647172666
LRCX,2025-08-07,99.1500015258789,U2,Uptrend,Medium,0.03345840111306142,0.9401244731050404
LRCX,2025-08-08,101.75,U2,Uptrend,Medium,0.026222878810974848,1.2827098208550238
LRCX,2025-08-11,102.0,U2,Uptrend,Medium,0.002457002457002533,1.2758709136302369
LRCX,2025-08-12,105.27999877929688,U2,Uptrend,Medium,0.032156850777420365,1.6932280968165971
LRCX,2025-08-13,106.73999786376953,U2,Uptrend,Medium,0.013867772619691188,1.8285014996357127
LRCX,2025-08-14,107.37999725341797,U2,Uptrend,Medium,0.005995872235872168,1.8445589188953253
LRCX,2025-08-15,99.51000213623047,U2,Uptrend,Medium,-0.07329107206637586,0.6903126338169002
LRCX,2025-08-18,98.87999725341797,U2,Uptrend,Medium,-0.006331070940487127,0.5732723329047134
LRCX,2025-08-19,100.33000183105469,U2,Uptrend,Medium,0.014664286184399078,0.7645134403834849
LRCX,2025-08-20,99.1500015258789,U2,Uptrend,Medium,-0.01176119090641281,0.5600561319529205
LRCX,2025-08-21,98.41000366210938,U2,Uptrend,Medium,-0.007463417573184694,0.41594079518514177
LRCX,2025-08-22,100.08000183105469,U2,Uptrend,Medium,0.016969800902347787,0.6651963591589968
LRCX,2025-08-25,101.27999877929688,U2,Uptrend,Medium,0.011990376961302562,0.8448335756768822
LRCX,2025-08-26,103.62999725341797,U2,Uptrend,Medium,0.02320298679349375,1.2539662904577953
LRCX,2025-08-27,103.66999816894531,U2,Uptrend,Medium,0.0003859974581446046,1.2574672870780756
LRCX,2025-08-28,104.08999633789062,U2,Uptrend,Medium,0.0040512990871366394,1.3336781228757293
LRCX,2025-08-29,100.1500015258789,U2,Uptrend,Medium,-0.037851810458537694,0.5137575791566851
LRCX,2025-09-02,97.02999877929688,U2,Uptrend,Medium,-0.031153297044891337,-0.21321539875848616
LRCX,2025-09-03,97.73999786376953,U2,Uptrend,Medium,0.007317315195351171,-0.09990377242298365
LRCX,2025-09-04,100.41999816894531,U2,Uptrend,Medium,0.027419688599862546,0.5350206352997451
LRCX,2025-09-05,102.94999694824219,U2,Uptrend,Medium,0.025194172728826736,1.1604620914001333
LRCX,2025-09-08,105.06999969482422,U2,Uptrend,Medium,0.020592547930310845,1.6756760068295546
LRCX,2025-09-09,105.56999969482422,U2,Uptrend,Medium,0.004758732287543976,1.7555327018168057
LRCX,2025-09-10,107.36000061035156,U2,Uptrend,Medium,0.016955583221575976,2.1899575520133414
LRCX,2025-09-11,115.58000183105469,U2,Uptrend,Medium,0.07656483954891624,3.8267274625591545
LRCX,2025-09-12,116.95999908447266,U2,Uptrend,Medium,0.011939758016573876,3.654523708158092
