ticker,date,price,sax_symbol,trend,volatility,daily_return,zscore
MU,2020-01-03,54.529998779296875,D2,Downtrend,Unknown,-0.015526279469724735,0.0
MU,2020-01-06,53.56999969482422,D2,Downtrend,Unknown,-0.017604971684634152,0.0
MU,2020-01-07,58.27000045776367,D2,Downtrend,Unknown,0.08773568769300466,0.0
MU,2020-01-08,57.52000045776367,D2,Downtrend,Unknown,-0.012871117111859842,0.0
MU,2020-01-09,57.310001373291016,D2,Downtrend,Unknown,-0.0036508880876462424,0.0
MU,2020-01-10,56.66999816894531,D2,Downtrend,Unknown,-0.011167391188442233,0.0
MU,2020-01-13,57.45000076293945,D2,Downtrend,Unknown,0.013763942459796619,0.0
MU,2020-01-14,57.52000045776367,D2,Downtrend,Unknown,0.0012184454986008397,0.0
MU,2020-01-15,56.16999816894531,D2,Downtrend,Unknown,-0.02347013696235367,0.0
MU,2020-01-16,57.68000030517578,D2,Downtrend,Unknown,0.02688271649375462,0.0
MU,2020-01-17,57.65999984741211,D2,Downtrend,Unknown,-0.00034674857243155444,0.0
MU,2020-01-21,58.970001220703125,D2,Downtrend,Unknown,0.022719413401972366,0.0
MU,2020-01-22,59.16999816894531,D2,Downtrend,Unknown,0.003391503206751967,0.0
MU,2020-01-23,59.20000076293945,D2,Downtrend,Unknown,0.0005070575447454484,0.0
MU,2020-01-24,57.7599983215332,D2,Downtrend,Unknown,-0.024324365250814717,0.0
MU,2020-01-27,55.40999984741211,D2,Downtrend,Unknown,-0.04068557033259124,0.0
MU,2020-01-28,56.470001220703125,D2,Downtrend,Unknown,0.01913014575365546,0.0
MU,2020-01-29,55.29999923706055,D2,Downtrend,Unknown,-0.02071900050205122,0.0
MU,2020-01-30,55.029998779296875,D2,Downtrend,Unknown,-0.0048824676580234705,0.0
MU,2020-01-31,53.09000015258789,D2,Downtrend,Medium,-0.03525347391864453,0.0
MU,2020-02-03,53.779998779296875,D2,Downtrend,Medium,0.01299677198579463,0.0
MU,2020-02-04,55.5,D2,Downtrend,Medium,0.031982172921975804,0.0
MU,2020-02-05,56.77000045776367,D2,Downtrend,Medium,0.022882891130876937,0.0
MU,2020-02-06,58.68000030517578,D2,Downtrend,Medium,0.033644527602798346,0.0
MU,2020-02-07,56.880001068115234,D2,Downtrend,Medium,-0.03067483346454214,0.0
MU,2020-02-10,57.33000183105469,D2,Downtrend,Medium,0.007911405669640548,0.0
MU,2020-02-11,57.25,D2,Downtrend,Medium,-0.0013954618611463632,0.0
MU,2020-02-12,59.27000045776367,D2,Downtrend,Medium,0.0352838507906319,0.0
MU,2020-02-13,59.33000183105469,D2,Downtrend,Medium,0.0010123396798988882,0.0
MU,2020-02-14,58.5,D2,Downtrend,Medium,-0.013989580405174507,0.0
MU,2020-02-18,57.75,D2,Downtrend,Medium,-0.012820512820512775,0.0
MU,2020-02-19,59.9900016784668,D2,Downtrend,Medium,0.038787907852238845,0.0
MU,2020-02-20,59.0,D2,Downtrend,Medium,-0.016502777975786476,0.0
MU,2020-02-21,56.9900016784668,D2,Downtrend,Medium,-0.03406776816157975,0.0
MU,2020-02-24,55.0099983215332,D2,Downtrend,Medium,-0.03474299523808788,0.0
MU,2020-02-25,52.099998474121094,D2,Downtrend,Medium,-0.05289947166337239,0.0
MU,2020-02-26,52.369998931884766,D2,Downtrend,Medium,0.005182350588700757,0.0
MU,2020-02-27,50.58000183105469,D2,Downtrend,Medium,-0.034179819311400905,0.0
MU,2020-02-28,52.560001373291016,D2,Downtrend,Medium,0.03914589700589266,0.0
MU,2020-03-02,54.59000015258789,D2,Downtrend,Medium,0.038622502402148706,0.0
MU,2020-03-03,51.79999923706055,D2,Downtrend,High,-0.051108278214486935,0.0
MU,2020-03-04,55.290000915527344,D2,Downtrend,High,0.06737455076968146,0.0
MU,2020-03-05,53.720001220703125,D2,Downtrend,High,-0.028395725607291644,0.0
MU,2020-03-06,51.470001220703125,D2,Downtrend,High,-0.04188384119270783,0.0
MU,2020-03-09,45.970001220703125,D2,Downtrend,High,-0.1068583615612525,0.0
MU,2020-03-10,47.86000061035156,D2,Downtrend,High,0.04111375548098217,0.0
MU,2020-03-11,43.720001220703125,D2,Downtrend,High,-0.08650228451424224,0.0
MU,2020-03-12,38.810001373291016,D2,Downtrend,High,-0.11230557434401522,0.0
MU,2020-03-13,42.9900016784668,D2,Downtrend,High,0.10770420400068459,0.0
MU,2020-03-16,34.470001220703125,D2,Downtrend,High,-0.19818562747419577,0.0
MU,2020-03-17,37.380001068115234,D2,Downtrend,High,0.08442122844092981,0.0
MU,2020-03-18,34.689998626708984,D2,Downtrend,High,-0.0719636801642789,0.0
MU,2020-03-19,36.290000915527344,D2,Downtrend,High,0.04612286976530644,0.0
MU,2020-03-20,36.11000061035156,D2,Downtrend,High,-0.004960052373511048,0.0
MU,2020-03-23,38.25,D2,Downtrend,High,0.05926334404533273,0.0
MU,2020-03-24,43.27000045776367,D2,Downtrend,High,0.13124184203303724,0.0
MU,2020-03-25,42.5,D2,Downtrend,High,-0.017795249586726403,0.0
MU,2020-03-26,44.790000915527344,D2,Downtrend,High,0.053882374482996376,0.0
MU,2020-03-27,43.47999954223633,D2,Downtrend,High,-0.02924762997352115,-1.1946126160041854
MU,2020-03-30,44.52000045776367,D2,Downtrend,High,0.023919064546380486,-1.0212418751852332
MU,2020-03-31,42.060001373291016,D2,Downtrend,High,-0.05525604355746738,-1.3060175723012504
MU,2020-04-01,39.88999938964844,D2,Downtrend,High,-0.051593007912276834,-1.5324904007791778
MU,2020-04-02,41.09000015258789,D2,Downtrend,High,0.030082747087001982,-1.327107454582516
MU,2020-04-03,41.220001220703125,D2,Downtrend,High,0.0031638127922237747,-1.2644657804565254
MU,2020-04-06,46.369998931884766,D2,Downtrend,High,0.124939290603296,-0.58431238724814
MU,2020-04-07,46.540000915527344,D2,Downtrend,High,0.0036662063307852932,-0.5420549811823373
MU,2020-04-08,48.290000915527344,D2,Downtrend,High,0.03760206200202587,-0.2993970312483311
MU,2020-04-09,46.130001068115234,D2,Downtrend,High,-0.044729753705959774,-0.5561844388532837
MU,2020-04-13,46.16999816894531,D2,Downtrend,High,0.0008670518080200473,-0.5306462173864912
MU,2020-04-14,47.619998931884766,D2,Downtrend,High,0.031405692450617195,-0.3226625329880905
MU,2020-04-15,46.43000030517578,D2,Downtrend,High,-0.024989471931974427,-0.45704980574147225
MU,2020-04-16,45.529998779296875,D2,Downtrend,High,-0.019384051689928183,-0.5515752200571233
MU,2020-04-17,45.70000076293945,D2,Downtrend,High,0.0037338455567865747,-0.5049613104061315
MU,2020-04-20,43.400001525878906,D2,Downtrend,High,-0.050328210036393206,-0.7869421658065717
MU,2020-04-21,41.40999984741211,D2,Downtrend,High,-0.04585257162445444,-1.023386812083418
MU,2020-04-22,43.90999984741211,D2,Downtrend,High,0.06037189107008012,-0.6582511023795686
MU,2020-04-23,43.77000045776367,D2,Downtrend,High,-0.003188325896946842,-0.6524136799706636
MU,2020-04-24,44.15999984741211,D2,Downtrend,High,0.008910198436592909,-0.5758807324825492
MU,2020-04-27,45.279998779296875,D2,Downtrend,High,0.025362294740822966,-0.4009285810931243
MU,2020-04-28,45.310001373291016,D2,Downtrend,High,0.0006626014753308151,-0.3797816190222696
MU,2020-04-29,49.83000183105469,D2,Downtrend,High,0.09975723506439982,0.26146626848765114
MU,2020-04-30,47.88999938964844,D2,Downtrend,High,-0.03893241762229305,0.007245857453620315
MU,2020-05-01,45.060001373291016,D2,Downtrend,High,-0.05909371585770229,-0.3705992395490387
MU,2020-05-04,44.459999084472656,D2,Downtrend,High,-0.013315629616780456,-0.43140975970896894
MU,2020-05-05,45.40999984741211,D2,Downtrend,High,0.021367538967656863,-0.2686630844431573
MU,2020-05-06,46.08000183105469,D2,Downtrend,High,0.014754503102707206,-0.14387616714439333
MU,2020-05-07,46.59000015258789,D2,Downtrend,High,0.011067671468482976,-0.04035576587274597
MU,2020-05-08,48.25,D2,Downtrend,High,0.03562996011966968,0.25353795872440593
MU,2020-05-11,48.20000076293945,D2,Downtrend,High,-0.0010362536178352144,0.28533974612252266
MU,2020-05-12,45.689998626708984,D2,Downtrend,High,-0.05207473229254356,-0.09935867205852827
MU,2020-05-13,43.529998779296875,D2,Downtrend,High,-0.047275112986093215,-0.44458506258366337
MU,2020-05-14,45.72999954223633,D2,Downtrend,High,0.05053987651352254,-0.011847175911414312
MU,2020-05-15,44.40999984741211,D2,Downtrend,High,-0.028865071245081975,-0.22663453307777376
MU,2020-05-18,45.91999816894531,D2,Downtrend,High,0.0340013133690924,0.11554454364295175
MU,2020-05-19,45.119998931884766,D2,Downtrend,High,-0.017421586867605088,-0.017385224581168073
MU,2020-05-20,46.63999938964844,D2,Downtrend,High,0.03368795420536985,0.33671209916478334
MU,2020-05-21,45.220001220703125,D2,Downtrend,High,-0.030445930264323184,0.05167510080374162
MU,2020-05-22,44.939998626708984,D2,Downtrend,High,-0.006192007661113164,0.009961338323593508
MU,2020-05-26,45.79999923706055,D2,Downtrend,High,0.019136640779522374,0.23810028696465638
MU,2020-05-27,49.45000076293945,D2,Downtrend,High,0.07969435778779199,1.154165541109612
MU,2020-05-28,46.470001220703125,D2,Downtrend,High,-0.06026288162304139,0.4631557941872533
MU,2020-05-29,47.90999984741211,D2,Downtrend,High,0.030987703655739107,0.9029534704027409
MU,2020-06-01,46.34000015258789,D2,Downtrend,High,-0.03276977039917528,0.5487905660977609
MU,2020-06-02,46.81999969482422,D2,Downtrend,High,0.010358211926106753,0.7251101929196826
MU,2020-06-03,48.91999816894531,D2,Downtrend,High,0.0448525947844729,1.2953682794389976
MU,2020-06-04,51.220001220703125,D2,Downtrend,High,0.047015599710669376,1.8854696381465335
MU,2020-06-05,53.720001220703125,D2,Downtrend,High,0.048809057798099076,2.401381350359317
MU,2020-06-08,53.70000076293945,D2,Downtrend,High,-0.0003723093318911408,2.270003477653808
MU,2020-06-09,53.150001525878906,D2,Downtrend,High,-0.01024207130812782,2.0157610303235893
MU,2020-06-10,52.470001220703125,D2,Downtrend,High,-0.01279398467833881,1.8312229309454597
MU,2020-06-11,48.52000045776367,D2,Downtrend,High,-0.07528112580605195,0.802741291482114
MU,2020-06-12,48.689998626708984,D2,Downtrend,High,0.0035036720391892207,0.8413699406643265
MU,2020-06-15,49.2400016784668,D2,Downtrend,High,0.011296016990563373,0.9886309836869341
MU,2020-06-16,51.02000045776367,D2,Downtrend,High,0.03614944595087799,1.5298688994239236
MU,2020-06-17,50.959999084472656,D2,Downtrend,High,-0.0011760363142427899,1.4983350847805188
MU,2020-06-18,50.47999954223633,D2,Downtrend,High,-0.00941914346271211,1.2949343063741827
MU,2020-06-19,50.83000183105469,D2,Downtrend,High,0.006933484389703981,1.3613443883965721
MU,2020-06-22,51.150001525878906,D2,Downtrend,High,0.006295488555908557,1.410281371213795
MU,2020-06-23,49.84000015258789,D2,Downtrend,High,-0.025610974275889986,0.9593051857716322
MU,2020-06-24,48.290000915527344,D2,Downtrend,High,-0.031099503056082223,0.4447334880815127
MU,2020-06-25,49.189998626708984,D2,Downtrend,High,0.018637351296720617,0.7072680215602088
MU,2020-06-26,48.4900016784668,D2,Downtrend,High,-0.01423047301859659,0.4529488435685818
MU,2020-06-29,49.150001525878906,D2,Downtrend,Medium,0.013611050207597675,0.6553413805988009
MU,2020-06-30,51.52000045776367,D2,Downtrend,High,0.04821971227481847,1.4673451853718598
MU,2020-07-01,49.70000076293945,D2,Downtrend,High,-0.035326080719200736,0.7843673335952677
MU,2020-07-02,49.83000183105469,D2,Downtrend,Medium,0.002615715616088643,0.8078173058556419
MU,2020-07-06,50.91999816894531,D2,Downtrend,Medium,0.021874298571896267,1.1704310505046964
MU,2020-07-07,49.09000015258789,D2,Downtrend,Medium,-0.0359386897518289,0.5027256783299866
MU,2020-07-08,49.709999084472656,D2,Downtrend,Medium,0.012629841718427404,0.7008864928384815
MU,2020-07-09,49.97999954223633,D2,Downtrend,Medium,0.005431512024469232,0.7786422232467096
MU,2020-07-10,50.70000076293945,D2,Downtrend,Medium,0.014405786860695713,1.0008645014521769
MU,2020-07-13,49.459999084472656,D2,Downtrend,Medium,-0.02445762642617566,0.5448849177570609
MU,2020-07-14,49.709999084472656,D2,Downtrend,Medium,0.005054589660890008,0.6105311517757425
MU,2020-07-15,50.5099983215332,D2,Downtrend,Medium,0.016093326328594282,0.8648062753788814
MU,2020-07-16,50.099998474121094,D2,Downtrend,Medium,-0.008117201762751214,0.6986757500366189
MU,2020-07-17,49.470001220703125,D2,Downtrend,Medium,-0.012574795860390897,0.4364767067057604
MU,2020-07-20,51.209999084472656,D2,Downtrend,Medium,0.03517278796915302,1.07537208233452
MU,2020-07-21,51.52000045776367,D2,Downtrend,Medium,0.006053532099847381,1.1637018371856442
MU,2020-07-22,51.650001525878906,D2,Downtrend,Medium,0.0025233126350960866,1.1764898335902965
MU,2020-07-23,52.63999938964844,D2,Downtrend,Medium,0.019167431452514094,1.514261497202203
MU,2020-07-24,50.02000045776367,D2,Downtrend,Medium,-0.04977201676031906,0.47728260800067696
MU,2020-07-27,51.59000015258789,D2,Downtrend,Medium,0.03138743863367033,1.0637620393346048
MU,2020-07-28,50.09000015258789,D2,Downtrend,Medium,-0.029075402123734162,0.45156390776325
MU,2020-07-29,50.38999938964844,D2,Downtrend,Medium,0.005989204155453454,0.5457139003659841
MU,2020-07-30,50.7400016784668,D2,Downtrend,Medium,0.006945868090053153,0.6629106800779678
MU,2020-07-31,50.060001373291016,D2,Downtrend,Medium,-0.013401661069797788,0.3573972560317185
MU,2020-08-03,50.38999938964844,D2,Downtrend,Medium,0.006592049686468648,0.4737650437335129
MU,2020-08-04,51.29999923706055,D2,Downtrend,Medium,0.01805913590860353,0.8349719112633188
MU,2020-08-05,51.04999923706055,D2,Downtrend,Medium,-0.004873294419454721,0.707492425912693
MU,2020-08-06,48.70000076293945,D2,Downtrend,Medium,-0.04603327148367664,-0.3112773511618006
MU,2020-08-07,48.75,D2,Downtrend,Medium,0.001026678362982647,-0.34666555078426536
MU,2020-08-10,49.150001525878906,D2,Downtrend,Medium,0.008205159505208393,-0.19521411111413153
MU,2020-08-11,47.7599983215332,D2,Downtrend,Medium,-0.028280837460682995,-0.9128498733728635
MU,2020-08-12,48.47999954223633,D2,Downtrend,Medium,0.015075402973339314,-0.5963184909230314
MU,2020-08-13,46.13999938964844,D2,Downtrend,Medium,-0.04826733033586883,-1.8142955801210703
MU,2020-08-14,45.599998474121094,D2,Downtrend,Medium,-0.011703531050511806,-2.0485911745599164
MU,2020-08-17,45.220001220703125,D2,Downtrend,Medium,-0.008333273380121353,-2.240086079315322
MU,2020-08-18,44.400001525878906,D2,Downtrend,Medium,-0.01813356197895888,-2.618578446300506
MU,2020-08-19,44.04999923706055,D2,Downtrend,Medium,-0.007882934161935973,-2.6866939641864054
MU,2020-08-20,42.9900016784668,D2,Downtrend,Medium,-0.0240635091249205,-2.907480586498387
MU,2020-08-21,42.65999984741211,D2,Downtrend,Medium,-0.007676246061185443,-2.851735322490547
MU,2020-08-24,43.7599983215332,D2,Downtrend,Medium,0.025785243273689806,-2.2627476546870238
MU,2020-08-25,45.099998474121094,D2,Downtrend,Medium,0.030621576873518963,-1.6946287787459802
MU,2020-08-26,44.959999084472656,D2,Downtrend,Medium,-0.0031041994320414323,-1.708760367233486
MU,2020-08-27,44.619998931884766,D2,Downtrend,Medium,-0.007562281127921788,-1.7646235734690807
MU,2020-08-28,45.689998626708984,D2,Downtrend,Medium,0.023980271636887318,-1.3095179686070533
MU,2020-08-31,45.5099983215332,D2,Downtrend,Medium,-0.0039395997064127775,-1.3393343505933042
MU,2020-09-01,45.7599983215332,D2,Downtrend,Medium,0.005493298378824951,-1.212120340330716
MU,2020-09-02,47.83000183105469,D2,Downtrend,Medium,0.04523609233935244,-0.38794242434535403
MU,2020-09-03,46.33000183105469,D2,Downtrend,Medium,-0.031361069257289764,-0.9492055400717291
MU,2020-09-04,46.47999954223633,D2,Downtrend,Medium,0.0032375934654311767,-0.8701625270163824
MU,2020-09-08,45.029998779296875,D2,Downtrend,Medium,-0.031196230146728787,-1.3962358358276707
MU,2020-09-09,45.150001525878906,D2,Downtrend,Medium,0.0026649511400209658,-1.3040995751626132
MU,2020-09-10,44.869998931884766,D2,Downtrend,Medium,-0.006201607630813677,-1.3607493467728884
MU,2020-09-11,46.09000015258789,D2,Downtrend,Medium,0.02718968686750256,-0.8667803044891811
MU,2020-09-14,49.029998779296875,D2,Downtrend,Medium,0.06378821039218208,0.2643147054089716
MU,2020-09-15,49.04999923706055,D2,Downtrend,Medium,0.00040792286888891027,0.2853880523382974
MU,2020-09-16,50.209999084472656,D2,Downtrend,Medium,0.0236493346677904,0.7432025724352931
MU,2020-09-17,50.97999954223633,D2,Downtrend,Medium,0.015335599916427745,1.0283310025657846
MU,2020-09-18,50.7400016784668,D2,Downtrend,Medium,-0.00470768665995569,0.9133839788807047
MU,2020-09-21,49.150001525878906,D2,Downtrend,Medium,-0.03133622585713591,0.304869318452225
MU,2020-09-22,49.70000076293945,D2,Downtrend,Medium,0.011190218107540728,0.5066405824502846
MU,2020-09-23,49.849998474121094,D2,Downtrend,Medium,0.0030180625528981597,0.5584119908909325
MU,2020-09-24,49.470001220703125,D2,Downtrend,Medium,-0.00762281374221585,0.43119011124638923
MU,2020-09-25,49.13999938964844,D2,Downtrend,Medium,-0.006670746369753067,0.30803682582113845
MU,2020-09-28,49.720001220703125,D2,Downtrend,Medium,0.011803049211613681,0.5328910710403175
MU,2020-09-29,50.709999084472656,D2,Downtrend,Medium,0.01991146097070695,0.9178332220296602
MU,2020-09-30,46.959999084472656,D2,Downtrend,Medium,-0.07394991259521133,-0.5179454707279976
MU,2020-10-01,47.91999816894531,D2,Downtrend,Medium,0.020442911055977397,-0.13605528284177262
MU,2020-10-02,46.54999923706055,D2,Downtrend,Medium,-0.028589294328742243,-0.6443354813214498
MU,2020-10-05,47.599998474121094,D2,Downtrend,Medium,0.022556374957458436,-0.21950142776681927
MU,2020-10-06,47.31999969482422,D2,Downtrend,Medium,-0.005882327484718397,-0.31524431639284667
MU,2020-10-07,48.40999984741211,D2,Downtrend,Medium,0.023034661023193292,0.11939366711814543
MU,2020-10-08,49.900001525878906,D2,Downtrend,Medium,0.030778799486950392,0.7096594957717485
MU,2020-10-09,49.88999938964844,D2,Downtrend,Medium,-0.000200443605703704,0.7078439448817403
MU,2020-10-12,50.68000030517578,D2,Downtrend,Medium,0.015834855185250962,1.0045804842540205
MU,2020-10-13,51.849998474121094,D2,Downtrend,Medium,0.02308599372336273,1.449882128722171
MU,2020-10-14,51.630001068115234,D2,Downtrend,Medium,-0.004242958774929639,1.3622711044152027
MU,2020-10-15,51.939998626708984,D2,Downtrend,Medium,0.00600421367771764,1.4768397983067512
MU,2020-10-16,51.61000061035156,D2,Downtrend,Medium,-0.006353446767088045,1.3700667083049765
MU,2020-10-19,52.630001068115234,D2,Downtrend,Medium,0.019763620339099397,1.715769848880827
MU,2020-10-20,53.529998779296875,D2,Downtrend,Medium,0.017100469179486488,2.006354133366291
MU,2020-10-21,53.310001373291016,D2,Downtrend,Medium,-0.004109796581780345,1.8544681008908117
MU,2020-10-22,54.380001068115234,D2,Downtrend,Medium,0.02007127494392269,2.143306453639625
MU,2020-10-23,52.849998474121094,D2,Downtrend,Medium,-0.02813539102505147,1.5667928627643242
MU,2020-10-26,52.13999938964844,D2,Downtrend,Medium,-0.013434230936076985,1.29290667910698
MU,2020-10-27,51.959999084472656,D2,Downtrend,Medium,-0.0034522498519921063,1.2115011301140288
MU,2020-10-28,50.0,D2,Downtrend,Medium,-0.03772130714025301,0.5543352695894939
MU,2020-10-29,50.47999954223633,D2,Downtrend,Medium,0.009599990844726625,0.7240385787577549
MU,2020-10-30,50.34000015258789,D2,Downtrend,Medium,-0.002773363528486228,0.6640760086663764
MU,2020-11-02,49.709999084472656,D2,Downtrend,Medium,-0.012514919869002994,0.44223372482163353
MU,2020-11-03,51.08000183105469,D2,Downtrend,Medium,0.027559902872940523,0.8937784266099202
MU,2020-11-04,51.959999084472656,D2,Downtrend,Medium,0.01722782345091778,1.1558803278853966
MU,2020-11-05,54.58000183105469,D2,Downtrend,Medium,0.05042345636539802,1.9359317570398529
MU,2020-11-06,55.15999984741211,D2,Downtrend,Medium,0.010626566451073627,2.012992404870728
MU,2020-11-09,55.959999084472656,D2,Downtrend,Medium,0.014503249442958,2.140057555993041
MU,2020-11-10,55.40999984741211,D2,Downtrend,Medium,-0.009828435419205639,1.8820026336568774
MU,2020-11-11,56.36000061035156,D2,Downtrend,Medium,0.017144933505785387,2.063188381205339
MU,2020-11-12,56.25,D2,Downtrend,Medium,-0.0019517496302396964,1.9462372069092675
MU,2020-11-13,57.93000030517578,D2,Downtrend,Medium,0.02986667209201399,2.319900909208762
MU,2020-11-16,61.86000061035156,D1,Downtrend,Medium,0.06784050206235981,3.157437864307482
MU,2020-11-17,61.9900016784668,D1,Downtrend,Medium,0.0021015368062164974,2.943094324470087
MU,2020-11-18,60.7400016784668,D2,Downtrend,Medium,-0.020164542122188878,2.461040384918058
MU,2020-11-19,61.83000183105469,D1,Downtrend,Medium,0.017945342813092235,2.5478034837029293
MU,2020-11-20,61.400001525878906,D1,Downtrend,Medium,-0.006954557535850059,2.3132069511773676
MU,2020-11-23,64.18000030517578,D1,Downtrend,Medium,0.04527685195781572,2.7216467440750245
MU,2020-11-24,63.95000076293945,D1,Downtrend,Medium,-0.0035836637759844026,2.49815861705657
MU,2020-11-25,63.43000030517578,D1,Downtrend,Medium,-0.008131359680374262,2.256323984564525
MU,2020-11-27,64.2300033569336,D1,Downtrend,Medium,0.012612376602693098,2.268588689645984
MU,2020-11-30,64.08999633789062,D1,Downtrend,Medium,-0.0021797759882548062,2.1232686953727486
MU,2020-12-01,67.08000183105469,D1,Downtrend,Medium,0.04665323239215646,2.500204929236321
MU,2020-12-02,69.11000061035156,D1,Downtrend,Medium,0.0302623542618492,2.6611897304605936
MU,2020-12-03,69.9000015258789,D1,Downtrend,Medium,0.011431065092611492,2.605645640775785
MU,2020-12-04,73.33999633789062,D1,Downtrend,Medium,0.04921308636507171,2.90698186412146
MU,2020-12-07,72.61000061035156,D1,Downtrend,Medium,-0.009953582819609674,2.5997441755689192
MU,2020-12-08,73.19000244140625,D1,Downtrend,Medium,0.007987905607757195,2.4956844981264705
MU,2020-12-09,71.41000366210938,D1,Downtrend,Medium,-0.024320244841115946,2.123645408181114
MU,2020-12-10,71.27999877929688,D1,Downtrend,Medium,-0.00182054160685452,1.996060128978386
MU,2020-12-11,70.52999877929688,D1,Downtrend,Medium,-0.010521885702077682,1.8097043756049778
MU,2020-12-14,71.54000091552734,D1,Downtrend,Medium,0.014320177991083982,1.8448183953113928
MU,2020-12-15,73.1500015258789,D1,Downtrend,Medium,0.02250490061151389,1.94195783406625
MU,2020-12-16,72.98999786376953,D1,Downtrend,Medium,-0.0021873364151984154,1.8330837841745105
MU,2020-12-17,72.26000213623047,D1,Downtrend,Medium,-0.010001311808524038,1.6733082387893643
MU,2020-12-18,71.45999908447266,D1,Downtrend,Medium,-0.011071173928968059,1.519947610964962
MU,2020-12-21,71.47000122070312,D1,Downtrend,Medium,0.00013996832295859463,1.464314745716705
MU,2020-12-22,70.44000244140625,D1,Downtrend,Medium,-0.014411623921989136,1.3011495356811755
MU,2020-12-23,69.94999694824219,D1,Downtrend,Medium,-0.006956352586325654,1.2038002796693672
MU,2020-12-24,70.58000183105469,D1,Downtrend,Medium,0.009006503363805152,1.2334860437328794
MU,2020-12-28,70.66000366210938,D1,Downtrend,Medium,0.0011334914845453348,1.2025664949051458
MU,2020-12-29,70.20999908447266,D1,Downtrend,Medium,-0.006368589786502232,1.1178567916544273
MU,2020-12-30,71.91999816894531,D1,Downtrend,Medium,0.024355492191579176,1.2698714943007496
MU,2020-12-31,75.18000030517578,D1,Downtrend,Medium,0.04532817323733074,1.5832610687085518
MU,2021-01-04,74.05000305175781,D1,Downtrend,Medium,-0.015030556648457094,1.408493480162938
MU,2021-01-05,77.26000213623047,D1,Downtrend,Medium,0.043349074303602686,1.7021975769641036
MU,2021-01-06,77.11000061035156,D1,Downtrend,Medium,-0.0019415159426789952,1.623200878674979
MU,2021-01-07,79.11000061035156,U1,Uptrend,Medium,0.025936972949933024,1.7702169272344483
MU,2021-01-08,77.41999816894531,D1,Downtrend,Medium,-0.021362690284003283,1.5265612576726486
MU,2021-01-11,78.66999816894531,U1,Uptrend,Medium,0.016145699167704253,1.60041603552722
MU,2021-01-12,79.45999908447266,U1,Uptrend,Medium,0.010041959246405385,1.6219835249091434
MU,2021-01-13,79.91000366210938,U1,Uptrend,Medium,0.005663284455343698,1.6089677870911838
MU,2021-01-14,81.30000305175781,U1,Uptrend,Medium,0.017394560454857322,1.6880505395410055
MU,2021-01-15,80.72000122070312,U1,Uptrend,Medium,-0.007134093595118851,1.566275639093996
MU,2021-01-19,85.5,U1,Uptrend,Medium,0.05921703056256766,1.969521981337745
MU,2021-01-20,83.5,U1,Uptrend,Medium,-0.023391812865497075,1.6939532120080858
MU,2021-01-21,85.01000213623047,U1,Uptrend,Medium,0.018083857918927748,1.7734593195133728
MU,2021-01-22,82.27999877929688,U1,Uptrend,Medium,-0.03211390763828825,1.4526161503781534
MU,2021-01-25,81.27999877929688,U1,Uptrend,Medium,-0.012153621959600902,1.3127221570555465
MU,2021-01-26,79.51000213623047,U1,Uptrend,Medium,-0.02177653382934408,1.1059507453391788
MU,2021-01-27,75.08999633789062,D1,Downtrend,Medium,-0.05559056319438549,0.626582859507344
MU,2021-01-28,78.38999938964844,U1,Uptrend,Medium,0.043947306068686354,0.9519335604533646
MU,2021-01-29,78.2699966430664,U1,Uptrend,Medium,-0.0015308425502791323,0.9185797011319691
MU,2021-02-01,80.43000030517578,U1,Uptrend,Medium,0.027596828347388414,1.1401492540754368
MU,2021-02-02,81.62000274658203,U1,Uptrend,Medium,0.014795504623784872,1.2557141031600771
MU,2021-02-03,79.11000061035156,U1,Uptrend,Medium,-0.03075229173936267,0.9324640313918838
MU,2021-02-04,81.25,U1,Uptrend,Medium,0.02705093380277912,1.1690082180533423
MU,2021-02-05,81.0999984741211,U1,Uptrend,Medium,-0.001846172626201903,1.125235824949055
MU,2021-02-08,84.01000213623047,U1,Uptrend,Medium,0.03588167345080717,1.4727857695445021
MU,2021-02-09,83.31999969482422,U1,Uptrend,Medium,-0.008213336791580428,1.3577651087820204
MU,2021-02-10,82.3499984741211,U1,Uptrend,Medium,-0.011641877391453948,1.2095570002651688
MU,2021-02-11,86.4800033569336,U1,Uptrend,High,0.0501518513580832,1.7507473757362342
MU,2021-02-12,88.01000213623047,U1,Uptrend,High,0.017691937094197696,1.8976723298766591
MU,2021-02-16,87.73999786376953,U1,Uptrend,High,-0.003067881671483197,1.7981623973091592
MU,2021-02-17,86.05000305175781,U1,Uptrend,Medium,-0.019261395636636647,1.5235656789118832
MU,2021-02-18,88.54000091552734,U1,Uptrend,Medium,0.028936638878116483,1.8271317528295612
MU,2021-02-19,90.95999908447266,U1,Uptrend,Medium,0.02733225823268448,2.10600974982219
MU,2021-02-22,86.27999877929688,U1,Uptrend,Medium,-0.05145119120801178,1.3900439103581936
MU,2021-02-23,88.2300033569336,U1,Uptrend,High,0.0226008878677062,1.6291887408371442
MU,2021-02-24,92.5199966430664,U1,Uptrend,High,0.048622839430003006,2.1779858391518343
MU,2021-02-25,88.12000274658203,U1,Uptrend,High,-0.047557220667215794,1.496391268979758
MU,2021-02-26,91.52999877929688,U1,Uptrend,Medium,0.03869718482103779,1.945977368495625
MU,2021-03-01,94.76000213623047,U1,Uptrend,High,0.035289013438337236,2.3085591278199753
MU,2021-03-02,91.08999633789062,U1,Uptrend,High,-0.03872948201355786,1.7050992769209987
MU,2021-03-03,89.11000061035156,U1,Uptrend,High,-0.021736697849832343,1.3709449414264279
MU,2021-03-04,84.33000183105469,U1,Uptrend,High,-0.05364155253682723,0.65202276056651
MU,2021-03-05,88.93000030517578,U1,Uptrend,High,0.05454759129896214,1.2775499643813548
MU,2021-03-08,85.05000305175781,U1,Uptrend,High,-0.04362979017320601,0.6886754980609543
MU,2021-03-09,89.30000305175781,U1,Uptrend,High,0.04997060373311957,1.2662635091406536
MU,2021-03-10,85.41000366210938,U1,Uptrend,High,-0.04356102191165456,0.6721596712669211
MU,2021-03-11,89.30999755859375,U1,Uptrend,High,0.04566202703740818,1.2117738768682669
MU,2021-03-12,87.7699966430664,U1,Uptrend,High,-0.01724332054221578,0.951712131577744
MU,2021-03-15,88.8499984741211,U1,Uptrend,High,0.012304909107456519,1.0786487180440067
MU,2021-03-16,91.43000030517578,U1,Uptrend,High,0.029037725102563083,1.4184077170791276
MU,2021-03-17,94.76000213623047,U1,Uptrend,High,0.03642132582237534,1.842909693218997
MU,2021-03-18,89.81999969482422,U1,Uptrend,High,-0.0521317257285866,1.0755264202459134
MU,2021-03-19,90.51000213623047,U1,Uptrend,High,0.007682057935322062,1.147660201820986
MU,2021-03-22,91.27999877929688,U1,Uptrend,High,0.008507309964565613,1.2364430050145874
MU,2021-03-23,85.4000015258789,U1,Uptrend,High,-0.0644171486859354,0.28901473036027
MU,2021-03-24,83.0,U1,Uptrend,High,-0.02810306186179201,-0.13955144985026555
MU,2021-03-25,84.08999633789062,U1,Uptrend,High,0.01313248599868233,0.0070637083233767465
MU,2021-03-26,87.98999786376953,U1,Uptrend,High,0.04637889993725186,0.6767549003420513
MU,2021-03-29,86.58999633789062,U1,Uptrend,High,-0.015910916693582133,0.3891229782697389
MU,2021-03-30,86.54000091552734,U1,Uptrend,High,-0.0005773810425881987,0.35251777668329703
MU,2021-03-31,88.20999908447266,U1,Uptrend,High,0.019297413349641745,0.6643273313598426
MU,2021-04-01,92.41000366210938,U1,Uptrend,High,0.04761370163505685,1.4905201506810697
MU,2021-04-05,93.75,U1,Uptrend,High,0.014500554970111601,1.7118395856369193
MU,2021-04-06,93.48999786376953,U1,Uptrend,High,-0.002773356119791681,1.5968688779100784
MU,2021-04-07,93.95999908447266,U1,Uptrend,High,0.0050272888163716,1.641771854802606
MU,2021-04-08,95.29000091552734,U1,Uptrend,High,0.014154979182779526,1.8432241574634252
MU,2021-04-09,95.30000305175781,U1,Uptrend,Medium,0.00010496522336422842,1.7726626335581002
MU,2021-04-12,95.58999633789062,U1,Uptrend,Medium,0.0030429514884202646,1.758866754744704
MU,2021-04-13,92.1500015258789,U1,Uptrend,Medium,-0.035986975037137325,1.0308234504891083
MU,2021-04-14,90.66999816894531,U1,Uptrend,Medium,-0.016060806645976644,0.7055038089788848
MU,2021-04-15,90.2699966430664,U1,Uptrend,Medium,-0.004411619432632907,0.6064295333511104
MU,2021-04-16,90.66000366210938,U1,Uptrend,Medium,0.004320450133448839,0.6624062243512397
MU,2021-04-19,88.41000366210938,U1,Uptrend,Medium,-0.02481800032113135,0.19272444966198585
MU,2021-04-20,87.4800033569336,U1,Uptrend,Medium,-0.010519175055462182,-0.01494305325690104
MU,2021-04-21,89.48999786376953,U1,Uptrend,Medium,0.02297661670901885,0.3761589162286139
MU,2021-04-22,84.70999908447266,U1,Uptrend,Medium,-0.05341377688457938,-0.6548049696543267
MU,2021-04-23,86.02999877929688,U1,Uptrend,Medium,0.015582572412826012,-0.4399175480522779
MU,2021-04-26,87.83999633789062,U1,Uptrend,Medium,0.021039144301712165,-0.06568021802873478
MU,2021-04-27,89.45999908447266,U1,Uptrend,Medium,0.0184426549877168,0.28951002167710893
MU,2021-04-28,86.02999877929688,U1,Uptrend,Medium,-0.0383411618631585,-0.6104484708935453
MU,2021-04-29,88.05999755859375,U1,Uptrend,Medium,0.023596405999082748,-0.1174367500946393
MU,2021-04-30,86.06999969482422,U1,Uptrend,Medium,-0.022598204848295778,-0.7118772365055592
MU,2021-05-03,85.0199966430664,U1,Uptrend,Medium,-0.012199408103645615,-1.0519924212623897
MU,2021-05-04,84.41000366210938,U1,Uptrend,Medium,-0.007174700129875644,-1.2788412303842238
MU,2021-05-05,85.1500015258789,U1,Uptrend,Medium,0.008766708111182187,-1.0733251708322669
MU,2021-05-06,84.80000305175781,U1,Uptrend,Medium,-0.004110375429819846,-1.1974402594058502
MU,2021-05-07,85.9800033569336,U1,Uptrend,Medium,0.013915097437621204,-0.8838434088633661
MU,2021-05-10,80.8499984741211,U1,Uptrend,Medium,-0.05966509284159971,-2.33303449541752
MU,2021-05-11,80.68000030517578,U1,Uptrend,Medium,-0.0021026366376459826,-2.243918045079987
MU,2021-05-12,76.80000305175781,D1,Downtrend,Medium,-0.04809119036615894,-3.0202996609815123
MU,2021-05-13,77.19000244140625,D1,Downtrend,Medium,0.005078116850927739,-2.702400213408003
MU,2021-05-14,79.69999694824219,U1,Uptrend,Medium,0.03251709324327634,-1.984789619849891
MU,2021-05-17,80.38999938964844,U1,Uptrend,Medium,0.008657496459558711,-1.7407076242418285
MU,2021-05-18,78.87999725341797,U1,Uptrend,Medium,-0.01878345749091903,-1.9901413287751568
MU,2021-05-19,79.93000030517578,U1,Uptrend,Medium,0.013311398178482037,-1.6838304922966791
MU,2021-05-20,81.12999725341797,U1,Uptrend,Medium,0.015013098256731583,-1.373251936449222
MU,2021-05-21,80.72000122070312,U1,Uptrend,Medium,-0.005053568921420948,-1.4102501044379312
MU,2021-05-24,82.9000015258789,U1,Uptrend,Medium,0.0270069409341962,-0.918761792340082
MU,2021-05-25,81.2300033569336,U1,Uptrend,Medium,-0.02014473025581298,-1.2344704388663754
MU,2021-05-26,82.23999786376953,U1,Uptrend,Medium,0.012433761727152826,-0.9860687003491302
MU,2021-05-27,83.93000030517578,U1,Uptrend,Medium,0.020549641115090278,-0.6078081269723816
MU,2021-05-28,84.13999938964844,U1,Uptrend,Medium,0.0025020741535695112,-0.5623554859402502
MU,2021-06-01,84.1500015258789,U1,Uptrend,Medium,0.0001188749263492106,-0.5429135368272046
MU,2021-06-02,84.33999633789062,U1,Uptrend,Medium,0.002257811153494549,-0.4995817683275338
MU,2021-06-03,82.02999877929688,U1,Uptrend,Medium,-0.027389111440546232,-0.9579852927527913
MU,2021-06-04,83.76000213623047,U1,Uptrend,Medium,0.021089886415678105,-0.5863352021545392
MU,2021-06-07,84.04000091552734,U1,Uptrend,Medium,0.0033428697726329837,-0.5093810603732604
MU,2021-06-08,80.52999877929688,U1,Uptrend,Medium,-0.041765850761455114,-1.2073952694927295
MU,2021-06-09,78.66000366210938,U1,Uptrend,Medium,-0.023221099534751932,-1.532285260620277
MU,2021-06-10,79.27999877929688,U1,Uptrend,Medium,0.007881961458465536,-1.356221981975628
MU,2021-06-11,79.33999633789062,U1,Uptrend,Medium,0.0007567805186372567,-1.3090678946653105
MU,2021-06-14,80.48999786376953,U1,Uptrend,Medium,0.014494600188551976,-1.0375695333644077
MU,2021-06-15,82.18000030517578,U1,Uptrend,Medium,0.020996427957006514,-0.6664705984809642
MU,2021-06-16,80.48999786376953,U1,Uptrend,Medium,-0.0205646438930448,-0.9815321566438203
MU,2021-06-17,80.63999938964844,U1,Uptrend,Medium,0.0018636045454092365,-0.9271884135900684
MU,2021-06-18,76.94999694824219,D1,Downtrend,Medium,-0.0457589591931461,-1.6279142079595628
MU,2021-06-21,77.06999969482422,D1,Downtrend,Medium,0.001559489945954784,-1.5478593748911351
MU,2021-06-22,77.66000366210938,U1,Uptrend,Medium,0.007655429734285901,-1.3791510874441684
MU,2021-06-23,79.0199966430664,U1,Uptrend,Medium,0.017512141602184617,-1.0809574742264663
MU,2021-06-24,80.58000183105469,U1,Uptrend,Medium,0.019741904002284816,-0.7590372212379125
MU,2021-06-25,82.02999877929688,U1,Uptrend,Medium,0.017994501306692445,-0.46274530570462963
MU,2021-06-28,83.37999725341797,U1,Uptrend,Medium,0.01645737527990576,-0.1782791282497755
MU,2021-06-29,82.93000030517578,U1,Uptrend,Medium,-0.005396941269672939,-0.23815336566758807
MU,2021-06-30,84.9800033569336,U1,Uptrend,Medium,0.024719679780706105,0.21088218203228
MU,2021-07-01,80.11000061035156,U1,Uptrend,Medium,-0.0573076318451885,-0.7814399760556547
MU,2021-07-02,80.33000183105469,U1,Uptrend,Medium,0.002746239158993413,-0.7166493432555876
MU,2021-07-06,81.08000183105469,U1,Uptrend,Medium,0.009336486778344089,-0.5250700124350143
MU,2021-07-07,78.22000122070312,U1,Uptrend,Medium,-0.035273810381885595,-1.2301897778401745
MU,2021-07-08,77.11000061035156,D1,Downtrend,Medium,-0.014190751636779186,-1.5000850796334242
MU,2021-07-09,78.73999786376953,U1,Uptrend,Medium,0.021138597335183418,-1.04239516320499
MU,2021-07-12,79.55999755859375,U1,Uptrend,Medium,0.010414017234835704,-0.794380791996614
MU,2021-07-13,78.44999694824219,U1,Uptrend,Medium,-0.013951742639686238,-1.098275365776811
MU,2021-07-14,78.48999786376953,U1,Uptrend,Medium,0.0005098905937974685,-1.0594928737486942
MU,2021-07-15,76.91999816894531,D1,Downtrend,Medium,-0.020002544751615003,-1.4926538074661975
MU,2021-07-16,75.01000213623047,D1,Downtrend,Medium,-0.02483094225405169,-2.0317564972166067
MU,2021-07-19,74.58000183105469,D1,Downtrend,Medium,-0.005732572896009702,-2.051974814137101
MU,2021-07-20,75.38999938964844,D1,Downtrend,Medium,0.010860787593283128,-1.7374909604309945
MU,2021-07-21,77.19000244140625,D1,Downtrend,Medium,0.02387588627577264,-1.1730671854199102
MU,2021-07-22,75.52999877929688,D1,Downtrend,Medium,-0.021505423106696453,-1.6696925154698552
MU,2021-07-23,75.94000244140625,D1,Downtrend,Medium,0.00542835520635232,-1.493369437559781
MU,2021-07-26,76.30000305175781,D1,Downtrend,Medium,0.004740592556990331,-1.3625675558031736
MU,2021-07-27,74.22000122070312,D1,Downtrend,Medium,-0.027260835489662072,-1.9761810327249845
MU,2021-07-28,75.55000305175781,D1,Downtrend,Medium,0.01791972257046659,-1.4903982987515443
MU,2021-07-29,77.08000183105469,D1,Downtrend,Medium,0.020251472104490853,-0.955341085776309
MU,2021-07-30,77.58000183105469,U1,Uptrend,Medium,0.006486766841234726,-0.7630901389558578
MU,2021-08-02,77.63999938964844,U1,Uptrend,Medium,0.0007733637171651875,-0.7169025394589307
MU,2021-08-03,80.86000061035156,U1,Uptrend,Medium,0.04147348333354617,0.4491989173637877
MU,2021-08-04,81.9800033569336,U1,Uptrend,Medium,0.013851134530397768,0.8439031760667363
MU,2021-08-05,81.48999786376953,U1,Uptrend,Medium,-0.005977134338853607,0.6608175933051674
MU,2021-08-06,82.0,U1,Uptrend,Medium,0.006258462996686642,0.8156739166368246
MU,2021-08-09,80.20999908447266,U1,Uptrend,Medium,-0.021829279457650563,0.15323739256860253
MU,2021-08-10,75.91000366210938,D1,Downtrend,Medium,-0.05360921919266903,-1.3629065966867056
MU,2021-08-11,75.02999877929688,D1,Downtrend,Medium,-0.011592739301259702,-1.6090376881160988
MU,2021-08-12,70.25,D1,Downtrend,Medium,-0.06370783496021892,-2.974244243637273
MU,2021-08-13,70.91999816894531,D1,Downtrend,Medium,0.009537340483207313,-2.5538452742471813
MU,2021-08-16,70.93000030517578,D1,Downtrend,Medium,0.00014103407344490115,-2.3801458255269634
MU,2021-08-17,70.77999877929688,D1,Downtrend,Medium,-0.002114782535366233,-2.2714479073804674
MU,2021-08-18,70.62000274658203,D1,Downtrend,Medium,-0.002260469560245948,-2.185972843913973
MU,2021-08-19,70.27999877929688,D1,Downtrend,Medium,-0.004814556132279546,-2.145632159311356
MU,2021-08-20,70.2300033569336,D1,Downtrend,Medium,-0.0007113748325506819,-2.044992747409826
MU,2021-08-23,71.73999786376953,D1,Downtrend,Medium,0.02150070389661818,-1.6071982855873819
MU,2021-08-24,71.9800033569336,D1,Downtrend,Medium,0.0033454906650516314,-1.4963001722181783
MU,2021-08-25,74.04000091552734,D1,Downtrend,Medium,0.02861902559768792,-0.9553814630433984
MU,2021-08-26,72.7699966430664,D1,Downtrend,Medium,-0.01715294782221699,-1.2383294194859775
MU,2021-08-27,74.0,D1,Downtrend,Medium,0.016902616650742885,-0.8957270576557907
MU,2021-08-30,73.16000366210938,D1,Downtrend,Medium,-0.011351301863386842,-1.0776640589487316
MU,2021-08-31,73.69999694824219,D1,Downtrend,Medium,0.0073809904196666665,-0.9113587864135431
MU,2021-09-01,73.72000122070312,D1,Downtrend,Medium,0.0002714284028395575,-0.8763727173017797
MU,2021-09-02,73.98999786376953,D1,Downtrend,Medium,0.003662461185507615,-0.7820213812605977
MU,2021-09-03,73.80999755859375,D1,Downtrend,Medium,-0.002432765378736712,-0.8033066230429651
MU,2021-09-07,73.63999938964844,D1,Downtrend,Medium,-0.002303186215530717,-0.8210095407389122
MU,2021-09-08,72.2699966430664,D1,Downtrend,Medium,-0.018604057006206487,-1.1385922196018663
MU,2021-09-09,72.87000274658203,D1,Downtrend,Medium,0.008302284923008774,-0.9521244971816559
MU,2021-09-10,73.5,D1,Downtrend,Medium,0.008645495123815072,-0.7597032775150149
MU,2021-09-13,74.3499984741211,D1,Downtrend,Medium,0.011564605090082836,-0.5124774104022399
MU,2021-09-14,73.48999786376953,D1,Downtrend,Medium,-0.011566921694704524,-0.7227237074555088
MU,2021-09-15,73.81999969482422,D1,Downtrend,Medium,0.00449043190430376,-0.6192299402422724
MU,2021-09-16,74.62999725341797,D1,Downtrend,Medium,0.010972603114905555,-0.39207459433601943
MU,2021-09-17,74.30000305175781,D1,Downtrend,Medium,-0.004421736752040939,-0.4599237716261239
MU,2021-09-20,72.37000274658203,D1,Downtrend,Medium,-0.025975776930067362,-0.9395175091162081
MU,2021-09-21,72.13999938964844,D1,Downtrend,Medium,-0.003178158742635384,-0.9716049822407982
MU,2021-09-22,73.97000122070312,D1,Downtrend,Medium,0.025367366877428577,-0.450748410377536
MU,2021-09-23,74.04000091552734,D1,Downtrend,Medium,0.0009463254517918518,-0.40411740580772054
MU,2021-09-24,74.05000305175781,D1,Downtrend,Medium,0.00013509097929209624,-0.3735297440889488
MU,2021-09-27,75.18000030517578,D1,Downtrend,Medium,0.015259921767027507,0.004614686067105056
MU,2021-09-28,73.0999984741211,D1,Downtrend,Medium,-0.02766695693816712,-0.631754016727153
MU,2021-09-29,71.63999938964844,D1,Downtrend,Medium,-0.01997262811147016,-1.0805992233706563
MU,2021-09-30,70.9800033569336,D1,Downtrend,Medium,-0.009212675018674177,-1.2561771772435892
MU,2021-10-01,70.98999786376953,D1,Downtrend,Medium,0.00014080735930210864,-1.2098658555331774
MU,2021-10-04,70.62000274658203,D1,Downtrend,Medium,-0.005211933065521812,-1.2887101336635496
MU,2021-10-05,70.5,D1,Downtrend,Medium,-0.0016992741704168202,-1.2909555918635491
MU,2021-10-06,69.94000244140625,D1,Downtrend,Medium,-0.007943227781471607,-1.427565693183835
MU,2021-10-07,70.54000091552734,D1,Downtrend,Medium,0.008578759696552085,-1.1903159756888966
MU,2021-10-08,70.12000274658203,D1,Downtrend,Medium,-0.005954042578596885,-1.2840477195768467
MU,2021-10-11,69.22000122070312,D1,Downtrend,Medium,-0.012835161018626362,-1.5208519313445354
MU,2021-10-12,66.72000122070312,D1,Downtrend,Medium,-0.03611672863207449,-2.1953055517597924
MU,2021-10-13,66.37999725341797,D1,Downtrend,Medium,-0.005095982629863216,-2.1661844543627478
MU,2021-10-14,67.80000305175781,D1,Downtrend,Medium,0.0213920737736506,-1.6694618444747578
MU,2021-10-15,67.68000030517578,D1,Downtrend,Medium,-0.0017699519348166604,-1.6328063559239667
MU,2021-10-18,67.26000213623047,D1,Downtrend,Medium,-0.006205646676292864,-1.6786169732399638
MU,2021-10-19,67.56999969482422,D1,Downtrend,Medium,0.004608943632887108,-1.5283083122980519
MU,2021-10-20,68.2699966430664,D1,Downtrend,Medium,0.010359581935824869,-1.2872996755784518
MU,2021-10-21,68.63999938964844,D1,Downtrend,Medium,0.005419697740963736,-1.1454892743885527
MU,2021-10-22,67.51000213623047,D1,Downtrend,Medium,-0.01646266409478414,-1.4037364666543681
MU,2021-10-25,68.76000213623047,D1,Downtrend,Medium,0.018515774854777733,-1.0297706821072778
MU,2021-10-26,68.94000244140625,D1,Downtrend,Medium,0.002617805404065532,-0.9496100733453596
MU,2021-10-27,68.23999786376953,D1,Downtrend,Medium,-0.010153822930767498,-1.1282716053076776
MU,2021-10-28,69.58000183105469,D1,Downtrend,Medium,0.01963663553976458,-0.7321906567838465
MU,2021-10-29,69.0999984741211,D1,Downtrend,Medium,-0.0068985821256383195,-0.8793967334140989
MU,2021-11-01,70.69999694824219,D1,Downtrend,Medium,0.023154826475434875,-0.3185548103936996
MU,2021-11-02,70.76000213623047,D1,Downtrend,Medium,0.0008487297111512415,-0.2621142657307455
MU,2021-11-03,71.25,D1,Downtrend,Medium,0.006924785881523343,-0.030782837753765748
MU,2021-11-04,72.23999786376953,D1,Downtrend,Medium,0.013894706859923334,0.4145100140211766
MU,2021-11-05,72.91999816894531,D1,Downtrend,Medium,0.009413072055430183,0.6862676337291668
MU,2021-11-08,74.55999755859375,D1,Downtrend,Medium,0.022490392633428113,1.343064794540262
MU,2021-11-09,75.58999633789062,D1,Downtrend,Medium,0.01381436176265205,1.7018962710804877
MU,2021-11-10,73.41000366210938,D1,Downtrend,Medium,-0.028839698126675195,0.7820223461534512
MU,2021-11-11,74.55000305175781,D1,Downtrend,Medium,0.015529210363421475,1.2085683799695515
MU,2021-11-12,77.30000305175781,D1,Downtrend,Medium,0.036887993124437024,2.1853863299902603
MU,2021-11-15,76.77999877929688,D1,Downtrend,Medium,-0.006727092521752631,1.8853226225881146
MU,2021-11-16,76.80999755859375,D1,Downtrend,Medium,0.00039071085925779236,1.8112304981991425
MU,2021-11-17,75.45999908447266,D1,Downtrend,Medium,-0.017575817172644226,1.2757516582176085
MU,2021-11-18,77.0199966430664,D1,Downtrend,Medium,0.020673172243845794,1.7811150827719975
MU,2021-11-19,83.02999877929688,U1,Uptrend,Medium,0.07803171122017316,3.4360215940123218
MU,2021-11-22,83.86000061035156,U1,Uptrend,Medium,0.009996409048022903,3.2967894518874648
MU,2021-11-23,85.41000366210938,U1,Uptrend,Medium,0.018483222519396048,3.315850709769339
MU,2021-11-24,86.20999908447266,U1,Uptrend,Medium,0.009366530711415688,3.1583681586990937
MU,2021-11-26,83.41999816894531,U1,Uptrend,Medium,-0.03236284590136196,2.347543841761683
MU,2021-11-29,86.13999938964844,U1,Uptrend,Medium,0.032606105015663855,2.718890316204809
MU,2021-11-30,84.0,U1,Uptrend,Medium,-0.0248432714744784,2.1469985155238698
MU,2021-12-01,85.1500015258789,U1,Uptrend,Medium,0.013690494355701244,2.235788512847904
MU,2021-12-02,82.87999725341797,U1,Uptrend,Medium,-0.026658887043836788,1.7227430522346854
MU,2021-12-03,81.62000274658203,U1,Uptrend,Medium,-0.01520263692798296,1.4348042795064981
MU,2021-12-06,82.44999694824219,U1,Uptrend,Medium,0.010169004823942007,1.5278013378779045
MU,2021-12-07,85.83000183105469,U1,Uptrend,Medium,0.040994602885604525,2.024352479362555
MU,2021-12-08,86.0199966430664,U1,Uptrend,Medium,0.002213617708941573,1.953682883034365
MU,2021-12-09,84.93000030517578,U1,Uptrend,Medium,-0.01267142967249213,1.6968864275844018
MU,2021-12-10,85.54000091552734,U1,Uptrend,Medium,0.007182392654652814,1.7209860258638296
MU,2021-12-13,84.3499984741211,U1,Uptrend,Medium,-0.013911648686810274,1.476946847711152
MU,2021-12-14,83.29000091552734,U1,Uptrend,Medium,-0.012566657709175422,1.2672672616181688
MU,2021-12-15,85.66000366210938,U1,Uptrend,Medium,0.02845482915753217,1.5656779388848927
MU,2021-12-16,82.69000244140625,U1,Uptrend,Medium,-0.034671971675584556,1.0851958612590054
MU,2021-12-17,83.0,U1,Uptrend,Medium,0.0037489121954423776,1.0979949529550337
MU,2021-12-20,82.02999877929688,U1,Uptrend,Medium,-0.011686761695218428,0.9284408877537448
MU,2021-12-21,90.68000030517578,U1,Uptrend,High,0.10544924606364914,2.077913069127771
MU,2021-12-22,90.33999633789062,U1,Uptrend,High,-0.0037494923482676024,1.9273246650365208
MU,2021-12-23,94.41999816894531,U1,Uptrend,High,0.0451627407177948,2.32522346759312
MU,2021-12-27,94.43000030517578,U1,Uptrend,High,0.00010593239170120228,2.189703238811733
MU,2021-12-28,92.94000244140625,U1,Uptrend,High,-0.015778861155927193,1.903678878916972
MU,2021-12-29,96.16999816894531,U1,Uptrend,High,0.03475355759297938,2.166847484749057
MU,2021-12-30,93.88999938964844,U1,Uptrend,High,-0.023708004811349936,1.8103392024006733
MU,2021-12-31,93.1500015258789,U1,Uptrend,High,-0.007881540830546818,1.6532573459798097
MU,2022-01-03,95.75,U1,Uptrend,High,0.02791195310285377,1.8567808171786444
MU,2022-01-04,96.33999633789062,U1,Uptrend,High,0.006161841648988142,1.834036573599688
MU,2022-01-05,94.4000015258789,U1,Uptrend,High,-0.02013696165409462,1.5610633934901905
MU,2022-01-06,95.6500015258789,U1,Uptrend,High,0.013241525209693128,1.6335725559956762
MU,2022-01-07,94.44999694824219,U1,Uptrend,High,-0.012545787333960945,1.4568485586870188
MU,2022-01-10,93.88999938964844,U1,Uptrend,High,-0.005929037339203136,1.351835236021153
MU,2022-01-11,94.19999694824219,U1,Uptrend,High,0.0033017100927570375,1.3413751783658268
MU,2022-01-12,95.11000061035156,U1,Uptrend,High,0.00966033642877262,1.3947763821914483
MU,2022-01-13,95.62000274658203,U1,Uptrend,High,0.00536223460159424,1.4055107456460565
MU,2022-01-14,97.36000061035156,U1,Uptrend,Medium,0.01819700704653804,1.5416777398275123
MU,2022-01-18,92.87000274658203,U1,Uptrend,High,-0.046117479823558516,1.024991707806353
MU,2022-01-19,90.0,U1,Uptrend,High,-0.03090344203406048,0.6852927421959428
MU,2022-01-20,85.06999969482422,U1,Uptrend,Medium,-0.054777781168619755,0.10489409562172843
MU,2022-01-21,81.93000030517578,U1,Uptrend,Medium,-0.03691077231588935,-0.2884522499357373
MU,2022-01-24,82.94999694824219,U1,Uptrend,Medium,0.012449611122508086,-0.20339142243503053
MU,2022-01-25,80.72000122070312,U1,Uptrend,Medium,-0.02688361434094444,-0.5116490495372803
MU,2022-01-26,81.97000122070312,U1,Uptrend,Medium,0.015485629101791965,-0.39482735303864863
MU,2022-01-27,78.72000122070312,U1,Uptrend,Medium,-0.03964865135538331,-0.8533678152052538
MU,2022-01-28,79.2699966430664,U1,Uptrend,Medium,0.006986730358670812,-0.820774069435025
MU,2022-01-31,82.2699966430664,U1,Uptrend,Medium,0.03784534031845954,-0.45078820973487715
MU,2022-02-01,81.44999694824219,U1,Uptrend,Medium,-0.009967177929784521,-0.6039976923719005
MU,2022-02-02,84.51000213623047,U1,Uptrend,Medium,0.03756912587649053,-0.19565244757955183
MU,2022-02-03,81.97000122070312,U1,Uptrend,Medium,-0.03005562479377122,-0.6048449854038057
MU,2022-02-04,81.16999816894531,U1,Uptrend,Medium,-0.009759705256119466,-0.7532448023006163
MU,2022-02-07,80.87000274658203,U1,Uptrend,Medium,-0.0036958904660669978,-0.8419851785595356
MU,2022-02-08,84.12000274658203,U1,Uptrend,Medium,0.04018795461383062,-0.3610194734247547
MU,2022-02-09,88.12000274658203,U1,Uptrend,High,0.047551115898679885,0.2691714635931243
MU,2022-02-10,91.0199966430664,U1,Uptrend,High,0.03290959834425178,0.7265942711917451
MU,2022-02-11,89.76000213623047,U1,Uptrend,High,-0.013843051563460107,0.4869938218452046
MU,2022-02-14,89.86000061035156,U1,Uptrend,High,0.001114064970378692,0.47851650089129855
MU,2022-02-15,96.0,U1,Uptrend,High,0.0683285037607837,1.5393884845367087
MU,2022-02-16,96.05999755859375,U1,Uptrend,High,0.0006249745686848218,1.4902044823629093
MU,2022-02-17,93.7300033569336,U1,Uptrend,High,-0.024255613792191988,1.0383765306279487
MU,2022-02-18,90.80000305175781,U1,Uptrend,High,-0.03126000427011655,0.5005570904044643
MU,2022-02-22,90.56999969482422,U1,Uptrend,High,-0.002533076533075551,0.44631906416750455
MU,2022-02-23,87.30999755859375,U1,Uptrend,High,-0.03599428229231594,-0.14560315449239386
MU,2022-02-24,88.83000183105469,U1,Uptrend,High,0.017409280895247514,0.1182713932924102
MU,2022-02-25,90.0999984741211,U1,Uptrend,Medium,0.014296933658538125,0.32864634915421814
MU,2022-02-28,88.86000061035156,U1,Uptrend,Medium,-0.013762462650048657,0.09499654998353671
MU,2022-03-01,86.26000213623047,U1,Uptrend,Medium,-0.029259491967842832,-0.3862601132418289
MU,2022-03-02,93.30000305175781,U1,Uptrend,High,0.08161373453723164,0.8614567776947113
MU,2022-03-03,89.18000030517578,U1,Uptrend,High,-0.044158656075246605,0.08940118483983735
MU,2022-03-04,81.91000366210938,U1,Uptrend,High,-0.08152048237484111,-1.2276779647354874
MU,2022-03-07,75.69999694824219,D1,Downtrend,High,-0.07581499739011566,-2.2326847688174
MU,2022-03-08,77.16000366210938,D1,Downtrend,High,0.019286747327948106,-1.8990552078455554
MU,2022-03-09,79.44000244140625,U1,Uptrend,High,0.029548971890685616,-1.4689055249286092
MU,2022-03-10,75.72000122070312,D1,Downtrend,High,-0.0468278084891417,-2.0013459591221454
MU,2022-03-11,72.81999969482422,D1,Downtrend,High,-0.03829901583633355,-2.336897147484814
MU,2022-03-14,69.4000015258789,D1,Downtrend,High,-0.046965094524552664,-2.6507984296248845
MU,2022-03-15,73.11000061035156,D1,Downtrend,High,0.05345819888907655,-2.022436003958147
MU,2022-03-16,79.66999816894531,U1,Uptrend,High,0.08972777327080106,-1.0838748181567357
MU,2022-03-17,80.5199966430664,U1,Uptrend,High,0.010668990757582542,-0.9585861279864283
MU,2022-03-18,79.41000366210938,U1,Uptrend,High,-0.013785308336231927,-1.0781149780586934
MU,2022-03-21,78.3499984741211,U1,Uptrend,High,-0.013348509496342809,-1.18436357935422
MU,2022-03-22,79.12000274658203,U1,Uptrend,High,0.009827750956693082,-1.0436121262436755
MU,2022-03-23,75.6500015258789,D1,Downtrend,High,-0.043857445655271166,-1.4616509964270425
MU,2022-03-24,78.20999908447266,U1,Uptrend,High,0.03384001992013186,-1.0780108300303277
MU,2022-03-25,78.0999984741211,U1,Uptrend,High,-0.0014064775813735775,-1.058660709737096
MU,2022-03-28,79.86000061035156,U1,Uptrend,High,0.022535239060390788,-0.7917008017844513
MU,2022-03-29,82.05000305175781,U1,Uptrend,High,0.027423020594397274,-0.47095970360781564
MU,2022-03-30,79.16000366210938,U1,Uptrend,High,-0.03522241660156189,-0.8396709513185507
MU,2022-03-31,77.88999938964844,U1,Uptrend,High,-0.016043509521322052,-0.9858808046838766
MU,2022-04-01,76.18000030517578,D1,Downtrend,High,-0.021954026163465534,-1.1878791791596248
MU,2022-04-04,77.66999816894531,U1,Uptrend,High,0.019558911233927834,-0.9479527465121821
MU,2022-04-05,74.61000061035156,D1,Downtrend,High,-0.03939742024890669,-1.3425954147417491
MU,2022-04-06,73.77999877929688,D1,Downtrend,High,-0.011124538590869926,-1.414100031187555
MU,2022-04-07,73.27999877929688,D1,Downtrend,High,-0.0067769044222362185,-1.4389080849627833
MU,2022-04-08,72.13999938964844,D1,Downtrend,High,-0.01555676048906418,-1.5547269479322017
MU,2022-04-11,72.02999877929688,D1,Downtrend,High,-0.001524821337430593,-1.5282842711219966
MU,2022-04-12,71.95999908447266,D1,Downtrend,High,-0.0009718130780301815,-1.5099431906317042
MU,2022-04-13,72.37999725341797,D1,Downtrend,Medium,0.00583655050429166,-1.404122030472553
MU,2022-04-14,70.12999725341797,D1,Downtrend,Medium,-0.03108593652086311,-1.6731817879563877
MU,2022-04-18,71.1500015258789,D1,Downtrend,Medium,0.01454447900197553,-1.4633824266055668
MU,2022-04-19,72.7300033569336,D1,Downtrend,Medium,0.02220663102136422,-1.1953819560352168
MU,2022-04-20,73.19999694824219,D1,Downtrend,Medium,0.006462169250866401,-1.0934457897062275
MU,2022-04-21,70.91999816894531,D1,Downtrend,Medium,-0.031147525605895843,-1.37294063373806
MU,2022-04-22,69.41000366210938,D1,Downtrend,Medium,-0.02129151925862771,-1.5246298165124703
MU,2022-04-25,70.12000274658203,D1,Downtrend,Medium,0.010229059890688896,-1.3843922253884486
MU,2022-04-26,67.08000183105469,D1,Downtrend,Medium,-0.04335426121579167,-1.7231667619434456
MU,2022-04-27,66.47000122070312,D1,Downtrend,Medium,-0.009093628409371335,-1.7241852931036385
MU,2022-04-28,70.18000030517578,D1,Downtrend,Medium,0.05581463842845724,-1.2076976316832544
MU,2022-04-29,68.19000244140625,D1,Downtrend,Medium,-0.02835562631969335,-1.40605288620495
MU,2022-05-02,70.5999984741211,D1,Downtrend,Medium,0.035342366130367564,-1.0705880683339715
MU,2022-05-03,71.26000213623047,D1,Downtrend,Medium,0.009348493999632446,-0.9608885141876712
MU,2022-05-04,73.62000274658203,D1,Downtrend,Medium,0.033118166427217544,-0.6530556476419371
MU,2022-05-05,71.29000091552734,D1,Downtrend,Medium,-0.03164903211257841,-0.9096211052776763
MU,2022-05-06,70.3499984741211,D1,Downtrend,Medium,-0.013185614102040444,-0.9913645549016381
MU,2022-05-09,67.93000030517578,D1,Downtrend,Medium,-0.03439940613268855,-1.250336610458155
MU,2022-05-10,68.91000366210938,D1,Downtrend,Medium,0.014426664986470161,-1.0949054590450373
MU,2022-05-11,66.95999908447266,D1,Downtrend,Medium,-0.028297844638033864,-1.2974891003832516
MU,2022-05-12,67.70999908447266,D1,Downtrend,Medium,0.011200716999022697,-1.1879467826440129
MU,2022-05-13,71.91999816894531,D1,Downtrend,High,0.062176918348801236,-0.620331320235391
MU,2022-05-16,70.47000122070312,D1,Downtrend,High,-0.020161248403205434,-0.8018181714828873
MU,2022-05-17,74.4800033569336,D1,Downtrend,High,0.05690367627029902,-0.19428804744929767
MU,2022-05-18,71.05000305175781,D1,Downtrend,High,-0.04605263360070022,-0.6853135125961959
MU,2022-05-19,69.4000015258789,D1,Downtrend,High,-0.023223102815026375,-0.9163948068864332
MU,2022-05-20,68.9000015258789,D1,Downtrend,High,-0.007204610792602817,-0.9760637811749272
MU,2022-05-23,69.58999633789062,D1,Downtrend,High,0.01001443826895354,-0.8487084787926082
MU,2022-05-24,66.62000274658203,D1,Downtrend,High,-0.042678455921853264,-1.353664927889263
MU,2022-05-25,67.87000274658203,D1,Downtrend,High,0.018763133420377054,-1.108011479876129
MU,2022-05-26,70.5999984741211,D1,Downtrend,High,0.04022389298748852,-0.5988348954792314
MU,2022-05-27,73.31999969482422,D1,Downtrend,High,0.03852693030439891,0.037284397287407296
MU,2022-05-31,73.83999633789062,D1,Downtrend,High,0.007092152826387865,0.19893314481479907
MU,2022-06-01,73.55000305175781,D1,Downtrend,High,-0.003927319887799152,0.13720173060106186
MU,2022-06-02,75.37000274658203,D1,Downtrend,High,0.024745066204055366,0.5952262911114379
MU,2022-06-03,69.94000244140625,D1,Downtrend,High,-0.07204458149528237,-0.7206064643106661
MU,2022-06-06,70.44999694824219,D1,Downtrend,High,0.0072918857454029595,-0.5712059030075008
MU,2022-06-07,70.76000213623047,D1,Downtrend,High,0.00440035772061198,-0.4834135172382607
MU,2022-06-08,68.5999984741211,D1,Downtrend,High,-0.030525771578565508,-1.020356087579732
MU,2022-06-09,66.0199966430664,D1,Downtrend,High,-0.0376093569743734,-1.6014311131880234
MU,2022-06-10,62.619998931884766,D1,Downtrend,High,-0.05149951354229154,-2.3153347227565746
MU,2022-06-13,58.84000015258789,D2,Downtrend,High,-0.06036408246203562,-2.9875298770433667
MU,2022-06-14,58.70000076293945,D2,Downtrend,High,-0.0023793234072974068,-2.8059770218319064
MU,2022-06-15,59.119998931884766,D2,Downtrend,High,0.00715499426723154,-2.541415193209661
MU,2022-06-16,55.0099983215332,D2,Downtrend,High,-0.06951963268955585,-3.104793746968575
MU,2022-06-17,55.75,D2,Downtrend,High,0.013452130540733576,-2.724121810206872
MU,2022-06-21,56.79999923706055,D2,Downtrend,High,0.018834067032476254,-2.3826345475347517
MU,2022-06-22,56.34000015258789,D2,Downtrend,High,-0.008098575539636998,-2.326099871193564
MU,2022-06-23,56.220001220703125,D2,Downtrend,High,-0.002129906488458788,-2.237525309983446
MU,2022-06-24,58.439998626708984,D2,Downtrend,High,0.039487679790165764,-1.815710874976871
MU,2022-06-27,58.779998779296875,D2,Downtrend,High,0.00581793567039024,-1.7012921875313598
MU,2022-06-28,57.86000061035156,D2,Downtrend,High,-0.015651551344865733,-1.7911604460387072
MU,2022-06-29,56.02000045776367,D2,Downtrend,High,-0.03180090102278188,-2.0076775415899477
MU,2022-06-30,55.279998779296875,D2,Downtrend,High,-0.013209597865403877,-2.0405020225876447
MU,2022-07-01,53.650001525878906,D2,Downtrend,High,-0.02948620277517855,-2.1831827290062553
MU,2022-07-05,56.72999954223633,D2,Downtrend,High,0.05740909466464306,-1.6214150990170522
MU,2022-07-06,57.369998931884766,D2,Downtrend,High,0.011281498233962628,-1.4632870058762772
MU,2022-07-07,58.849998474121094,D2,Downtrend,High,0.02579744761706415,-1.1896309819011364
MU,2022-07-08,59.13999938964844,D2,Downtrend,High,0.004927798182609466,-1.1063875960416754
MU,2022-07-11,57.810001373291016,D2,Downtrend,High,-0.022488975821501556,-1.2666444833772421
MU,2022-07-12,59.18000030517578,D2,Downtrend,High,0.023698303050339042,-1.0212332723754027
MU,2022-07-13,58.86000061035156,D2,Downtrend,Medium,-0.005407226988409342,-1.035787888996195
MU,2022-07-14,59.349998474121094,D2,Downtrend,Medium,0.008324802220327499,-0.9295822996420712
MU,2022-07-15,61.529998779296875,D1,Downtrend,Medium,0.036731261351697464,-0.5728689922766312
MU,2022-07-18,60.45000076293945,D2,Downtrend,Medium,-0.017552381566450004,-0.7124837015517064
MU,2022-07-19,62.400001525878906,D1,Downtrend,Medium,0.03225807672999981,-0.39011151101339997
MU,2022-07-20,63.29999923706055,D1,Downtrend,Medium,0.014423039890606226,-0.23460221700960218
MU,2022-07-21,63.63999938964844,D1,Downtrend,Medium,0.005371250500566083,-0.1653498452425881
MU,2022-07-22,61.290000915527344,D1,Downtrend,Medium,-0.03692643772248905,-0.5199823842109523
MU,2022-07-25,60.150001525878906,D2,Downtrend,Medium,-0.018600087658990794,-0.6806723810306397
MU,2022-07-26,59.65999984741211,D2,Downtrend,Medium,-0.00814632861241038,-0.7317308064744086
MU,2022-07-27,61.88999938964844,D1,Downtrend,Medium,0.03737847046496534,-0.36519070039142576
MU,2022-07-28,62.06999969482422,D1,Downtrend,Medium,0.002908390805476113,-0.3169227947882673
MU,2022-07-29,61.86000061035156,D1,Downtrend,Medium,-0.003383262212101612,-0.32881800680518664
MU,2022-08-01,62.540000915527344,D1,Downtrend,Medium,0.010992568678733328,-0.1940387142382658
MU,2022-08-02,62.470001220703125,D1,Downtrend,Medium,-0.001119278762383935,-0.1838148045533017
MU,2022-08-03,64.25,D1,Downtrend,Medium,0.028493656867529582,0.13023058942780988
MU,2022-08-04,64.8499984741211,D1,Downtrend,Medium,0.009338497651690147,0.2406777834988248
MU,2022-08-05,62.459999084472656,D1,Downtrend,Medium,-0.03685427056104229,-0.1454303346264636
MU,2022-08-08,61.45000076293945,D1,Downtrend,Medium,-0.016170322387729308,-0.30221545632682206
MU,2022-08-09,59.150001525878906,D2,Downtrend,Medium,-0.03742879102529939,-0.670518374721371
MU,2022-08-10,61.400001525878906,D1,Downtrend,Medium,0.03803888321144999,-0.26188799740562985
MU,2022-08-11,62.31999969482422,D1,Downtrend,Medium,0.014983683160945116,-0.07947221935538427
MU,2022-08-12,65.04000091552734,D1,Downtrend,Medium,0.0436457194162827,0.4444424984126816
MU,2022-08-15,64.69999694824219,D1,Downtrend,Medium,-0.005227613199556225,0.40949434440844346
MU,2022-08-16,63.86000061035156,D1,Downtrend,Medium,-0.01298294246540066,0.27364565242562694
MU,2022-08-17,61.619998931884766,D1,Downtrend,Medium,-0.035076756295922995,-0.12915351150171703
MU,2022-08-18,62.97999954223633,D1,Downtrend,Medium,0.022070766535632558,0.155457089303367
MU,2022-08-19,60.5099983215332,D2,Downtrend,Medium,-0.039218819286377826,-0.3083036070674963
MU,2022-08-22,58.310001373291016,D2,Downtrend,Medium,-0.03635757741310819,-0.7135524719252568
MU,2022-08-23,57.86000061035156,D2,Downtrend,Medium,-0.00771738556579038,-0.7764644318749405
MU,2022-08-24,58.310001373291016,D2,Downtrend,Medium,0.007777406812867316,-0.6650271329804155
MU,2022-08-25,61.20000076293945,D1,Downtrend,Medium,0.04956267058110897,-0.010977965569904696
MU,2022-08-26,57.630001068115234,D2,Downtrend,High,-0.05833332761959842,-0.8045771843600223
MU,2022-08-29,57.0099983215332,D2,Downtrend,High,-0.010758333074629367,-0.9788941016098505
MU,2022-08-30,56.29999923706055,D2,Downtrend,High,-0.012453939754011212,-1.15752587362994
MU,2022-08-31,56.529998779296875,D2,Downtrend,Medium,0.004085249473412489,-1.0939828472242281
MU,2022-09-01,57.310001373291016,D2,Downtrend,High,0.013798029556650215,-0.8674101591919626
MU,2022-09-02,56.33000183105469,D2,Downtrend,Medium,-0.017099974153779174,-1.1863057083136679
MU,2022-09-06,55.22999954223633,D2,Downtrend,Medium,-0.019527822706583486,-1.5326542139655668
MU,2022-09-07,55.0,D2,Downtrend,Medium,-0.004164395150147326,-1.5507463834969528
MU,2022-09-08,55.38999938964844,D2,Downtrend,Medium,0.007090897993607959,-1.373634827913614
MU,2022-09-09,57.439998626708984,D2,Downtrend,Medium,0.03701027730005113,-0.666419866210696
MU,2022-09-12,57.939998626708984,D2,Downtrend,Medium,0.008704735584159629,-0.4891304744734172
MU,2022-09-13,53.619998931884766,D2,Downtrend,High,-0.07455988604101904,-1.918074435283922
MU,2022-09-14,53.11000061035156,D2,Downtrend,High,-0.009511345238575442,-2.024708809250464
MU,2022-09-15,52.689998626708984,D2,Downtrend,Medium,-0.007908152491354237,-2.07084464815989
MU,2022-09-16,52.849998474121094,D2,Downtrend,Medium,0.003036626524621111,-1.9495027500978694
MU,2022-09-19,52.099998474121094,D2,Downtrend,Medium,-0.014191107316062657,-2.0911180383001433
MU,2022-09-20,50.79999923706055,D2,Downtrend,Medium,-0.024952001442116734,-2.3247209201665004
MU,2022-09-21,50.099998474121094,D2,Downtrend,Medium,-0.013779542784496224,-2.360165618716139
MU,2022-09-22,49.65999984741211,D2,Downtrend,Medium,-0.008782407986225094,-2.3266949481500405
MU,2022-09-23,50.099998474121094,D2,Downtrend,Medium,0.00886022207130388,-2.1112532247397167
MU,2022-09-26,48.880001068115234,D2,Downtrend,Medium,-0.02435124637051722,-2.2903595606635956
MU,2022-09-27,50.58000183105469,D2,Downtrend,Medium,0.03477906558493049,-1.8396086111791303
MU,2022-09-28,51.0,D2,Downtrend,Medium,0.0083036408410615,-1.6792688908650895
MU,2022-09-29,50.0099983215332,D2,Downtrend,Medium,-0.019411797616995963,-1.8233521085170472
MU,2022-09-30,50.099998474121094,D2,Downtrend,Medium,0.0017996431835338722,-1.7253329652798088
MU,2022-10-03,51.720001220703125,D2,Downtrend,Medium,0.03233538514814205,-1.3288426575728747
MU,2022-10-04,53.959999084472656,D2,Downtrend,Medium,0.043310089151213704,-0.8338440291513268
MU,2022-10-05,54.72999954223633,D2,Downtrend,Medium,0.014269838228837983,-0.6534077978871875
MU,2022-10-06,54.619998931884766,D2,Downtrend,Medium,-0.00200987778680084,-0.6594787849742232
MU,2022-10-07,52.90999984741211,D2,Downtrend,Medium,-0.031307197325381786,-0.9885860481489317
MU,2022-10-10,51.380001068115234,D2,Downtrend,Medium,-0.02891700592911095,-1.261779426731933
MU,2022-10-11,53.709999084472656,D2,Downtrend,Medium,0.04534834503542551,-0.7556080138792206
MU,2022-10-12,52.75,D2,Downtrend,Medium,-0.017873749782844173,-0.9223630105381367
MU,2022-10-13,54.86000061035156,D2,Downtrend,Medium,0.04000001157064581,-0.46248008785139155
MU,2022-10-14,52.720001220703125,D2,Downtrend,Medium,-0.039008373420335696,-0.8808753873822167
MU,2022-10-17,53.5,D2,Downtrend,Medium,0.014795120660781924,-0.6909166185951734
MU,2022-10-18,52.54999923706055,D2,Downtrend,Medium,-0.0177570236063449,-0.8637961888637631
MU,2022-10-19,53.029998779296875,D2,Downtrend,Medium,0.009134149366415434,-0.7379616923009352
MU,2022-10-20,53.70000076293945,D2,Downtrend,Medium,0.012634395607494353,-0.5722529351752109
MU,2022-10-21,56.04999923706055,D2,Downtrend,Medium,0.04376160969708809,-0.050527608826243665
MU,2022-10-24,56.2400016784668,D2,Downtrend,Medium,0.0033898741122662113,0.010861436135575768
MU,2022-10-25,55.869998931884766,D2,Downtrend,Medium,-0.0065789960088799004,-0.046519103426626914
MU,2022-10-26,55.45000076293945,D2,Downtrend,Medium,-0.00751741859629107,-0.11592929836688777
MU,2022-10-27,52.209999084472656,D2,Downtrend,Medium,-0.05843104840193769,-0.8245617133397724
MU,2022-10-28,54.040000915527344,D2,Downtrend,High,0.03505079224563579,-0.3719874787566563
MU,2022-10-31,54.099998474121094,D2,Downtrend,Medium,0.0011102434784842075,-0.3315441422363163
MU,2022-11-01,54.86000061035156,D2,Downtrend,Medium,0.014048099032646366,-0.11891499367286495
MU,2022-11-02,53.45000076293945,D2,Downtrend,Medium,-0.02570178329793993,-0.45292458383960216
MU,2022-11-03,53.47999954223633,D2,Downtrend,Medium,0.000561249370789163,-0.420170016911524
MU,2022-11-04,56.15999984741211,D2,Downtrend,Medium,0.05011219760873842,0.3084051430440252
MU,2022-11-07,56.560001373291016,D2,Downtrend,Medium,0.007122534312067552,0.48244619343808615
MU,2022-11-08,57.4900016784668,D2,Downtrend,Medium,0.01644272069651942,0.8341331417241311
MU,2022-11-09,55.970001220703125,D2,Downtrend,Medium,-0.026439387952444493,0.4423412124290276
MU,2022-11-10,60.27000045776367,D2,Downtrend,High,0.07682685623151264,1.8767553819886227
MU,2022-11-11,62.52000045776367,D1,Downtrend,High,0.037332005689576286,2.6407294394364644
MU,2022-11-14,61.779998779296875,D1,Downtrend,High,-0.011836239172242413,2.3511886898853933
MU,2022-11-15,63.099998474121094,D1,Downtrend,High,0.021366133391161002,2.622330326316264
MU,2022-11-16,58.869998931884766,D2,Downtrend,High,-0.0670364444457342,1.291779433439777
MU,2022-11-17,58.7400016784668,D2,Downtrend,High,-0.0022082088632000563,1.2459940891557162
MU,2022-11-18,58.58000183105469,D2,Downtrend,High,-0.0027238652168912747,1.2376667052397736
MU,2022-11-21,57.15999984741211,D2,Downtrend,High,-0.024240388174412764,0.7934530625366881
MU,2022-11-22,58.619998931884766,D2,Downtrend,High,0.02554232135007184,1.2364178616774344
MU,2022-11-23,58.93000030517578,D2,Downtrend,High,0.00528832103274568,1.3033762804245357
MU,2022-11-25,58.40999984741211,D2,Downtrend,High,-0.008824036230625998,1.12320207626235
MU,2022-11-28,55.75,D2,Downtrend,High,-0.045540144741670674,0.315206427684601
MU,2022-11-29,55.119998931884766,D2,Downtrend,High,-0.011300467589510976,0.1272175303481698
MU,2022-11-30,57.650001525878906,D2,Downtrend,High,0.045899902812418736,0.8912624994105616
MU,2022-12-01,55.4900016784668,D2,Downtrend,High,-0.03746747251069005,0.2250590754945629
MU,2022-12-02,54.68000030517578,D2,Downtrend,High,-0.014597249032078152,-0.020070686872500892
MU,2022-12-05,54.040000915527344,D2,Downtrend,High,-0.01170445109869278,-0.20039224062295408
MU,2022-12-06,53.68000030517578,D2,Downtrend,High,-0.006661743231912598,-0.29201034204587806
MU,2022-12-07,53.81999969482422,D2,Downtrend,High,0.0026080363050022815,-0.24952325433964156
MU,2022-12-08,55.20000076293945,D2,Downtrend,High,0.025641045632483372,0.16979849059415872
MU,2022-12-09,54.869998931884766,D2,Downtrend,Medium,-0.005978293958217584,0.05566896764098919
MU,2022-12-12,55.349998474121094,D2,Downtrend,Medium,0.008747941526884295,0.19337840303571754
MU,2022-12-13,55.2400016784668,D2,Downtrend,Medium,-0.0019872953692261497,0.14325327587629713
MU,2022-12-14,54.59000015258789,D2,Downtrend,Medium,-0.011766862891539054,-0.0829940278579964
MU,2022-12-15,52.040000915527344,D2,Downtrend,Medium,-0.04671183788116662,-0.9212658922094062
MU,2022-12-16,52.06999969482422,D2,Downtrend,Medium,0.0005764561638952337,-0.9410147610072654
MU,2022-12-19,51.720001220703125,D2,Downtrend,Medium,-0.006721691495532811,-1.0784696774483904
MU,2022-12-20,50.68000030517578,D2,Downtrend,Medium,-0.020108292555705454,-1.4618883003861989
MU,2022-12-21,51.189998626708984,D2,Downtrend,Medium,0.010063108099096052,-1.2982907813623257
MU,2022-12-22,49.43000030517578,D2,Downtrend,Medium,-0.03438168331215585,-1.8634490461420228
MU,2022-12-23,50.20000076293945,D2,Downtrend,Medium,0.015577593627549513,-1.608037727304456
MU,2022-12-27,50.02000045776367,D2,Downtrend,Medium,-0.0035856633952218164,-1.6670578522491808
MU,2022-12-28,49.119998931884766,D2,Downtrend,Medium,-0.017992833219561022,-1.9130167949737462
MU,2022-12-29,50.650001525878906,D2,Downtrend,Medium,0.03114826195570175,-1.3688505853885322
MU,2022-12-30,49.97999954223633,D2,Downtrend,Medium,-0.013228074303220927,-1.5289360453248821
MU,2023-01-03,50.369998931884766,D2,Downtrend,Medium,0.007803109108051487,-1.3601751751247355
MU,2023-01-04,54.20000076293945,D2,Downtrend,Medium,0.07603736176834142,-0.16869167135661475
MU,2023-01-05,54.709999084472656,D2,Downtrend,Medium,0.009409562995466247,-0.026346755570643202
MU,2023-01-06,56.77000045776367,D2,Downtrend,Medium,0.03765310560708213,0.6087526003612265
MU,2023-01-09,56.36000061035156,D2,Downtrend,Medium,-0.007222121615396926,0.46103451142441365
MU,2023-01-10,57.209999084472656,D2,Downtrend,Medium,0.015081590931796063,0.714673164374211
MU,2023-01-11,58.060001373291016,D2,Downtrend,Medium,0.014857582632771926,0.9511977950289655
MU,2023-01-12,57.27000045776367,D2,Downtrend,Medium,-0.013606629294548478,0.6818698440750791
MU,2023-01-13,56.93000030517578,D2,Downtrend,Medium,-0.005936793257730777,0.5539595749207689
MU,2023-01-17,56.849998474121094,D2,Downtrend,Medium,-0.0014052666542391234,0.5096322946028904
MU,2023-01-18,56.5099983215332,D2,Downtrend,Medium,-0.005980653680099257,0.38806455724246375
MU,2023-01-19,56.36000061035156,D2,Downtrend,Medium,-0.0026543570277276496,0.338993163861209
MU,2023-01-20,58.459999084472656,D2,Downtrend,Medium,0.037260440940012796,0.9814627442920001
MU,2023-01-23,61.81999969482422,D1,Downtrend,Medium,0.05747520805630657,1.9358083746124313
MU,2023-01-24,61.2599983215332,D1,Downtrend,Medium,-0.009058579360327945,1.6936440679361826
MU,2023-01-25,61.540000915527344,D1,Downtrend,Medium,0.004570724806822524,1.7006754751846977
MU,2023-01-26,62.79999923706055,D1,Downtrend,Medium,0.020474460558795426,1.9592578738758626
MU,2023-01-27,63.869998931884766,D1,Downtrend,Medium,0.017038211908015022,2.1298078717848345
MU,2023-01-30,61.709999084472656,D1,Downtrend,Medium,-0.033818692399160355,1.4877983493455607
MU,2023-01-31,60.29999923706055,D2,Downtrend,Medium,-0.02284880681138901,1.077578126635705
MU,2023-02-01,62.599998474121094,D1,Downtrend,Medium,0.03814260806237235,1.6133737600629414
MU,2023-02-02,63.16999816894531,D1,Downtrend,Medium,0.009105426656837112,1.6876015926904413
MU,2023-02-03,62.40999984741211,D1,Downtrend,Medium,-0.012031001164518385,1.4446390783448226
MU,2023-02-06,59.97999954223633,D2,Downtrend,Medium,-0.03893607292288026,0.8280665933085155
MU,2023-02-07,62.130001068115234,D1,Downtrend,Medium,0.035845307473951094,1.3126102095228904
MU,2023-02-08,60.25,D2,Downtrend,Medium,-0.030259150745130747,0.8565992791872055
MU,2023-02-09,60.18000030517578,D2,Downtrend,Medium,-0.0011618206609829151,0.8584493892379691
MU,2023-02-10,59.81999969482422,D2,Downtrend,Medium,-0.005982063950248917,0.7846597506767907
MU,2023-02-13,60.119998931884766,D2,Downtrend,Medium,0.0050150324070714625,0.884908174631221
MU,2023-02-14,62.06999969482422,D1,Downtrend,Medium,0.032435143007051304,1.3439349101153832
MU,2023-02-15,61.84000015258789,D1,Downtrend,Medium,-0.003705486440585659,1.2594474669576488
MU,2023-02-16,60.04999923706055,D2,Downtrend,Medium,-0.028945680968799903,0.811386768533337
MU,2023-02-17,59.0099983215332,D2,Downtrend,Medium,-0.01731891638202543,0.5484645714774786
MU,2023-02-21,57.599998474121094,D2,Downtrend,Medium,-0.02389425330482664,0.20937218455186046
MU,2023-02-22,56.97999954223633,D2,Downtrend,Medium,-0.010763870630366768,0.06619654351975687
MU,2023-02-23,58.75,D2,Downtrend,Medium,0.03106353934684858,0.4973773719367284
MU,2023-02-24,58.18000030517578,D2,Downtrend,Medium,-0.009702122465093055,0.34796760680054106
MU,2023-02-27,57.900001525878906,D2,Downtrend,Medium,-0.004812629388590173,0.2684561935590195
MU,2023-02-28,57.81999969482422,D2,Downtrend,Medium,-0.0013817241614221265,0.2481666583622738
MU,2023-03-01,57.34000015258789,D2,Downtrend,Medium,-0.008301617861808719,0.12340310960975631
MU,2023-03-02,56.43000030517578,D2,Downtrend,Medium,-0.01587024494228295,-0.10656656471571557
MU,2023-03-03,56.779998779296875,D2,Downtrend,Medium,0.006202347549677301,-0.032086518331565575
MU,2023-03-06,56.83000183105469,D2,Downtrend,Medium,0.0008806455236494148,-0.032880642337255614
MU,2023-03-07,55.560001373291016,D2,Downtrend,Medium,-0.022347359085772234,-0.3559052405020826
MU,2023-03-08,56.88999938964844,D2,Downtrend,Medium,0.02393804865881055,-0.03236882977550173
MU,2023-03-09,55.599998474121094,D2,Downtrend,Medium,-0.022675354708512563,-0.35708669009578736
MU,2023-03-10,54.93000030517578,D2,Downtrend,Medium,-0.012050327110299519,-0.5219579163155775
MU,2023-03-13,53.900001525878906,D2,Downtrend,Medium,-0.018751115484698544,-0.7703431269513642
MU,2023-03-14,54.27000045776367,D2,Downtrend,Medium,0.00686454399648051,-0.676577921846707
MU,2023-03-15,54.130001068115234,D2,Downtrend,Medium,-0.002579682853649401,-0.7261941057848633
MU,2023-03-16,56.56999969482422,D2,Downtrend,Medium,0.04507664102275877,-0.13624739127622396
MU,2023-03-17,56.65999984741211,D2,Downtrend,Medium,0.0015909519723069643,-0.13649482028814808
MU,2023-03-20,57.63999938964844,D2,Downtrend,Medium,0.017296144455974494,0.08832026343755887
MU,2023-03-21,58.630001068115234,D2,Downtrend,Medium,0.01717560182078337,0.3241794160632005
MU,2023-03-22,58.16999816894531,D2,Downtrend,Medium,-0.007845862029500883,0.16744194011855915
MU,2023-03-23,61.34000015258789,D1,Downtrend,Medium,0.054495480203314184,1.0376686815810512
MU,2023-03-24,61.15999984741211,D1,Downtrend,Medium,-0.0029344686131075326,0.9670447288813839
MU,2023-03-27,59.790000915527344,D2,Downtrend,Medium,-0.022400244200503128,0.5334918515887156
MU,2023-03-28,59.279998779296875,D2,Downtrend,Medium,-0.00852989008899685,0.34101594985380274
MU,2023-03-29,63.540000915527344,D1,Downtrend,Medium,0.07186238569421577,1.7777474452481843
MU,2023-03-30,63.09000015258789,D1,Downtrend,Medium,-0.0070821648796906,1.6281513987322866
MU,2023-03-31,60.34000015258789,D2,Downtrend,Medium,-0.04358852422489967,0.5813063053612536
MU,2023-04-03,59.61000061035156,D2,Downtrend,Medium,-0.012098103089000722,0.27888863045893725
MU,2023-04-04,57.27000045776367,D2,Downtrend,Medium,-0.039255160688281165,-0.6326587855369423
MU,2023-04-05,57.02000045776367,D2,Downtrend,Medium,-0.004365287201008039,-0.7368037313659558
MU,2023-04-06,58.560001373291016,D2,Downtrend,Medium,0.027008083184216547,-0.1456374913395388
MU,2023-04-10,63.27000045776367,D1,Downtrend,High,0.08043031034867543,1.6267732012002316
MU,2023-04-11,63.56999969482422,D1,Downtrend,High,0.004741571596175609,1.6666148325374341
MU,2023-04-12,61.959999084472656,D1,Downtrend,High,-0.02532642155231357,1.0282370516366288
MU,2023-04-13,63.0,D1,Downtrend,High,0.016785037619343246,1.3653316197045393
MU,2023-04-14,62.630001068115234,D1,Downtrend,High,-0.005872998918805772,1.1871588361776362
MU,2023-04-17,62.540000915527344,D1,Downtrend,High,-0.0014370134289157788,1.1161715742052711
MU,2023-04-18,61.93000030517578,D1,Downtrend,High,-0.009753767211732045,0.8652277498869326
MU,2023-04-19,60.650001525878906,D2,Downtrend,High,-0.020668476876947506,0.40429062256613196
MU,2023-04-20,61.459999084472656,D1,Downtrend,High,0.013355276804867477,0.7011775775639828
MU,2023-04-21,61.130001068115234,D1,Downtrend,High,-0.0053693137206829444,0.5830853533122138
MU,2023-04-24,59.5099983215332,D2,Downtrend,High,-0.026500944189039255,0.0054809529225019965
MU,2023-04-25,58.13999938964844,D2,Downtrend,High,-0.023021323651912118,-0.48112900015915294
MU,2023-04-26,61.02000045776367,D1,Downtrend,High,0.04953562260662836,0.6252370609458894
MU,2023-04-27,61.900001525878906,D1,Downtrend,Medium,0.014421518543323186,0.9458505000746096
MU,2023-04-28,64.36000061035156,D1,Downtrend,High,0.03974150280827038,1.8391042884765822
MU,2023-05-01,62.349998474121094,D1,Downtrend,Medium,-0.031230610894481314,1.0993417923185556
MU,2023-05-02,61.900001525878906,D1,Downtrend,Medium,-0.007217272802804708,0.9362225140424947
MU,2023-05-03,60.90999984741211,D1,Downtrend,Medium,-0.01599356468598634,0.5550383934543853
MU,2023-05-04,60.5099983215332,D2,Downtrend,Medium,-0.006567091231012401,0.417524975905448
MU,2023-05-05,61.22999954223633,D1,Downtrend,Medium,0.011898880196248518,0.6826198889817755
MU,2023-05-08,60.869998931884766,D1,Downtrend,Medium,-0.0058794808597578685,0.5409792650545653
MU,2023-05-09,60.93000030517578,D1,Downtrend,Medium,0.0009857298232938128,0.5552813681088015
MU,2023-05-10,59.9900016784668,D2,Downtrend,Medium,-0.01542751718366786,0.20178185422682746
MU,2023-05-11,61.61000061035156,D1,Downtrend,Medium,0.02700448218967555,0.8176509495668306
MU,2023-05-12,60.91999816894531,D1,Downtrend,Medium,-0.01119952011963321,0.5650437822545817
MU,2023-05-15,64.63999938964844,D1,Downtrend,Medium,0.06106371195853777,1.8885091969438095
MU,2023-05-16,63.72999954223633,D1,Downtrend,Medium,-0.014077968069378444,1.495428950729638
MU,2023-05-17,64.91999816894531,D1,Downtrend,Medium,0.018672503299177468,1.833751138988965
MU,2023-05-18,67.56999969482422,D1,Downtrend,Medium,0.040819494772360354,2.5665217416277804
MU,2023-05-19,68.16999816894531,D1,Downtrend,Medium,0.008879657789417683,2.559773562739707
MU,2023-05-22,66.2300033569336,D1,Downtrend,Medium,-0.02845819076016165,1.8546398510808417
MU,2023-05-23,66.01000213623047,D1,Downtrend,Medium,-0.003321775774605795,1.7085155818793718
MU,2023-05-24,66.52999877929688,D1,Downtrend,Medium,0.007877543194033665,1.779114189165383
MU,2023-05-25,69.61000061035156,D1,Downtrend,Medium,0.04629493292600406,2.4948837125118395
MU,2023-05-26,73.93000030517578,D1,Downtrend,Medium,0.062060043915324936,3.3005230948876005
MU,2023-05-30,71.69000244140625,D1,Downtrend,Medium,-0.030298902401231453,2.5397212510473652
MU,2023-05-31,68.19999694824219,D1,Downtrend,High,-0.04868189948823787,1.6264951396519265
MU,2023-06-01,69.08999633789062,D1,Downtrend,Medium,0.013049845006941396,1.7663529616868499
MU,2023-06-02,69.16999816894531,D1,Downtrend,Medium,0.0011579365363318939,1.7110026088729082
MU,2023-06-05,67.7699966430664,D1,Downtrend,High,-0.02024001102991868,1.3413826576788104
MU,2023-06-06,67.54000091552734,D1,Downtrend,High,-0.0033937692036553058,1.2517326066014611
MU,2023-06-07,67.05999755859375,D1,Downtrend,High,-0.0071069492216018215,1.1127995384419258
MU,2023-06-08,65.31999969482422,D1,Downtrend,High,-0.02594688230116926,0.6683660636313752
MU,2023-06-09,65.43000030517578,D1,Downtrend,High,0.0016840264982469488,0.6729001871249433
MU,2023-06-12,67.44999694824219,D1,Downtrend,High,0.030872636919529572,1.1611004336413933
MU,2023-06-13,67.87000274658203,D1,Downtrend,Medium,0.0062269209391090374,1.2355209047378135
MU,2023-06-14,69.12000274658203,D1,Downtrend,Medium,0.018417562242738494,1.5134184896722136
MU,2023-06-15,68.81999969482422,D1,Downtrend,Medium,-0.0043403217568975805,1.3851850908422263
MU,2023-06-16,67.66000366210938,D1,Downtrend,Medium,-0.01685550767013566,1.0467743288336313
MU,2023-06-20,66.9000015258789,D1,Downtrend,Medium,-0.011232664722069519,0.8186503446150651
MU,2023-06-21,65.80000305175781,D1,Downtrend,Medium,-0.016442428236650763,0.5081257006940005
MU,2023-06-22,66.25,D1,Downtrend,Medium,0.006838859078596382,0.6031715222900857
MU,2023-06-23,65.27999877929688,D1,Downtrend,Medium,-0.014641527859669767,0.3215644120562956
MU,2023-06-26,65.44999694824219,D1,Downtrend,Medium,0.0026041386661181942,0.3586122681034452
MU,2023-06-27,66.79000091552734,D1,Downtrend,Medium,0.02047370557320005,0.7015962361306032
MU,2023-06-28,67.06999969482422,D1,Downtrend,Medium,0.0041922260137561285,0.75012823928054
MU,2023-06-29,64.33000183105469,D1,Downtrend,Medium,-0.040852808651212436,-0.012527627707760844
MU,2023-06-30,63.11000061035156,D1,Downtrend,Medium,-0.018964731633416165,-0.38630750984676765
MU,2023-07-03,63.900001525878906,D1,Downtrend,Medium,0.012517840403851288,-0.202786289945664
MU,2023-07-05,62.060001373291016,D1,Downtrend,Medium,-0.028794993875590258,-0.7801170689303061
MU,2023-07-06,61.22999954223633,D1,Downtrend,Medium,-0.013374183253110572,-1.0126939653247529
MU,2023-07-07,60.650001525878906,D2,Downtrend,Medium,-0.009472448484297957,-1.1591190677419811
MU,2023-07-10,62.47999954223633,D1,Downtrend,Medium,0.030173091019240594,-0.6207732197846658
MU,2023-07-11,63.599998474121094,D1,Downtrend,Medium,0.017925719271615126,-0.2917296307796335
MU,2023-07-12,63.790000915527344,D1,Downtrend,Medium,0.002987459842213047,-0.24160777430600797
MU,2023-07-13,64.52999877929688,D1,Downtrend,Medium,0.011600530696800782,-0.03122084738776975
MU,2023-07-14,64.08000183105469,D1,Downtrend,Medium,-0.0069734535371873685,-0.1773205253911455
MU,2023-07-17,65.16000366210938,D1,Downtrend,Medium,0.016853960677187363,0.12608395841377237
MU,2023-07-18,64.94000244140625,D1,Downtrend,Medium,-0.003376323025455208,0.041882810408449954
MU,2023-07-19,64.95999908447266,D1,Downtrend,Medium,0.0003079248893538278,0.028748778804550606
MU,2023-07-20,64.69000244140625,D1,Downtrend,Medium,-0.004156352322531753,-0.08381455729367711
MU,2023-07-21,65.6500015258789,D1,Downtrend,Medium,0.014839991470740665,0.18932473050767853
MU,2023-07-24,65.4800033569336,D1,Downtrend,Medium,-0.0025894617668561493,0.11005537915417019
MU,2023-07-25,65.68000030517578,D1,Downtrend,Medium,0.0030543209833389096,0.15779311256024112
MU,2023-07-26,67.37999725341797,D1,Downtrend,Medium,0.02588302284322963,0.7163351709708992
MU,2023-07-27,71.06999969482422,D1,Downtrend,Medium,0.054764063398935026,1.8746085133336208
MU,2023-07-28,71.19999694824219,D1,Downtrend,Medium,0.0018291438578328378,1.832989316960762
MU,2023-07-31,71.38999938964844,D1,Downtrend,Medium,0.0026685737296361367,1.8210759582618572
MU,2023-08-01,70.76000213623047,D1,Downtrend,Medium,-0.008824726975825148,1.5683328019482035
MU,2023-08-02,68.16999816894531,D1,Downtrend,Medium,-0.03660265530092499,0.7040837223862032
MU,2023-08-03,69.18000030517578,D1,Downtrend,Medium,0.014815933157682926,1.0071201959880702
MU,2023-08-04,69.91000366210938,D1,Downtrend,Medium,0.010552231189842498,1.2181998727060754
MU,2023-08-07,69.37999725341797,D1,Downtrend,Medium,-0.00758126707091944,1.0178255655238257
MU,2023-08-08,67.6500015258789,D1,Downtrend,Medium,-0.024935079216277023,0.38621490321485025
MU,2023-08-09,66.69999694824219,D1,Downtrend,Medium,-0.014042935051129302,0.01128720519037893
MU,2023-08-10,65.44000244140625,D1,Downtrend,Medium,-0.018890473230660954,-0.4640030452370671
MU,2023-08-11,64.37000274658203,D1,Downtrend,Medium,-0.01635085047226692,-0.8708889547668835
MU,2023-08-14,68.27999877929688,D1,Downtrend,Medium,0.0607425177237928,0.5741140212358705
MU,2023-08-15,65.33000183105469,D1,Downtrend,Medium,-0.04320440833306893,-0.5178139051928597
MU,2023-08-16,64.22000122070312,D1,Downtrend,Medium,-0.01699067165529944,-0.9048448240450833
MU,2023-08-17,63.560001373291016,D1,Downtrend,Medium,-0.01027716964912384,-1.122219393396148
MU,2023-08-18,63.59000015258789,D1,Downtrend,Medium,0.00047197574966517664,-1.0855292729196875
MU,2023-08-21,63.959999084472656,D1,Downtrend,Medium,0.0058185081144350725,-0.927765769931721
MU,2023-08-22,63.40999984741211,D1,Downtrend,Medium,-0.008599112647487028,-1.0903603920819396
MU,2023-08-23,65.19000244140625,D1,Downtrend,Medium,0.028071323107987434,-0.41890771092779994
MU,2023-08-24,63.689998626708984,D1,Downtrend,Medium,-0.02300972171377802,-0.9792679252375339
MU,2023-08-25,63.720001220703125,D1,Downtrend,Medium,0.0004710722977085968,-0.9357886781725511
MU,2023-08-28,65.30999755859375,D1,Downtrend,Medium,0.024952861070787646,-0.2786106914280433
MU,2023-08-29,66.68000030517578,D1,Downtrend,Medium,0.020976922336475523,0.29630397731907854
MU,2023-08-30,68.08999633789062,D1,Downtrend,Medium,0.02114571125167486,0.8706738893083535
MU,2023-08-31,69.94000244140625,D1,Downtrend,Medium,0.027170013262082238,1.5820239939784877
MU,2023-09-01,70.38999938964844,D1,Downtrend,Medium,0.006434042501202164,1.6993099253070203
MU,2023-09-05,70.29000091552734,D1,Downtrend,Medium,-0.001420634678053423,1.5927570563763425
MU,2023-09-06,70.41000366210938,D1,Downtrend,Medium,0.001707252027585593,1.5733176227811991
MU,2023-09-07,69.87000274658203,D1,Downtrend,Medium,-0.007669377750905371,1.3366170327874969
MU,2023-09-08,70.18000030517578,D1,Downtrend,Medium,0.004436776104304929,1.4165197649504464
MU,2023-09-11,70.02999877929688,D1,Downtrend,Medium,-0.0021373828045971877,1.347151780188837
MU,2023-09-12,70.30999755859375,D1,Downtrend,Medium,0.0039982690872137905,1.4245113279526718
MU,2023-09-13,70.8499984741211,D1,Downtrend,Medium,0.007680286364358357,1.568088861190909
MU,2023-09-14,71.79000091552734,D1,Downtrend,Medium,0.013267501223018341,1.8168425677552167
MU,2023-09-15,69.87999725341797,D1,Downtrend,Medium,-0.02660542746554362,1.1283181832206066
MU,2023-09-18,70.5,D1,Downtrend,Medium,0.00887239225745251,1.2951201314798089
MU,2023-09-19,70.70999908447266,D1,Downtrend,Medium,0.0029787104180518664,1.317116344901427
MU,2023-09-20,69.68000030517578,D1,Downtrend,Medium,-0.014566522311312724,0.9489898414288356
MU,2023-09-21,67.9000015258789,D1,Downtrend,Medium,-0.025545332541634047,0.3605889076498647
MU,2023-09-22,68.87999725341797,D1,Downtrend,Medium,0.014432926443536997,0.6682350863337808
MU,2023-09-25,68.58000183105469,D1,Downtrend,Medium,-0.004355334412391998,0.5492965741207071
MU,2023-09-26,67.94000244140625,D1,Downtrend,Medium,-0.00933215766346962,0.3181046715600842
MU,2023-09-27,68.20999908447266,D1,Downtrend,Medium,0.0039740452364460666,0.38655182313523395
MU,2023-09-28,65.19999694824219,D1,Downtrend,Medium,-0.04412845882761007,-0.6464725689453542
MU,2023-09-29,68.02999877929688,D1,Downtrend,Medium,0.043404938090736866,0.28697334423984555
MU,2023-10-02,67.95999908447266,D1,Downtrend,Medium,-0.001028953345292738,0.23019150484574447
MU,2023-10-03,67.83000183105469,D1,Downtrend,Medium,-0.0019128495463395234,0.15354302330669314
MU,2023-10-04,68.11000061035156,D1,Downtrend,Medium,0.004127948868323461,0.23557636508942706
MU,2023-10-05,69.05000305175781,D1,Downtrend,Medium,0.013801239656183295,0.5739589703285076
MU,2023-10-06,69.95999908447266,D1,Downtrend,Medium,0.013178797863813818,0.9008145774734966
MU,2023-10-09,69.4800033569336,D1,Downtrend,Medium,-0.006861002484569778,0.6849911951026608
MU,2023-10-10,69.06999969482422,D1,Downtrend,Medium,-0.005901031121186007,0.49839025218566707
MU,2023-10-11,70.20999908447266,D1,Downtrend,Medium,0.016504986168891733,0.9268613602433102
MU,2023-10-12,69.75,D1,Downtrend,Medium,-0.006551760297264897,0.7139599851974818
MU,2023-10-13,69.20999908447266,D1,Downtrend,Medium,-0.007741948609711002,0.469211098603895
MU,2023-10-16,69.08000183105469,D1,Downtrend,Medium,-0.001878301620251488,0.39460538304922793
MU,2023-10-17,69.0,D1,Downtrend,Medium,-0.0011581040667940634,0.34001210987751795
MU,2023-10-18,69.13999938964844,D1,Downtrend,Medium,0.0020289766615715354,0.3779179793294924
MU,2023-10-19,67.52999877929688,D1,Downtrend,Medium,-0.023286095235236726,-0.307548070525825
MU,2023-10-20,67.22000122070312,D1,Downtrend,Medium,-0.0045905162771717745,-0.4166358113317084
MU,2023-10-23,66.87999725341797,D1,Downtrend,Medium,-0.005058077374453185,-0.5383479127819103
MU,2023-10-24,68.06999969482422,D1,Downtrend,Medium,0.017793099435951865,0.0036172922889649074
MU,2023-10-25,66.5,D1,Downtrend,Medium,-0.02306448805439898,-0.666095304519693
MU,2023-10-26,64.52999877929688,D1,Downtrend,Medium,-0.029624078506813922,-1.4899099127781883
MU,2023-10-27,65.6500015258789,D1,Downtrend,Medium,0.017356311293490467,-0.967972555547484
MU,2023-10-30,66.06999969482422,D1,Downtrend,Medium,0.006397534793350257,-0.7584780755681744
MU,2023-10-31,66.87000274658203,D1,Downtrend,Medium,0.012108416156394908,-0.3920303706294701
MU,2023-11-01,69.4000015258789,D1,Downtrend,Medium,0.03783458464754119,0.6998254010427298
MU,2023-11-02,70.44000244140625,D1,Downtrend,Medium,0.014985603640650158,1.116066386482502
MU,2023-11-03,72.58000183105469,D1,Downtrend,Medium,0.03038045592670935,1.9419044206287743
MU,2023-11-06,72.91999816894531,D1,Downtrend,Medium,0.00468443550996378,1.9946995234840341
MU,2023-11-07,72.80000305175781,D1,Downtrend,Medium,-0.0016455721365966625,1.855950935688768
MU,2023-11-08,72.27999877929688,D1,Downtrend,Medium,-0.007142915531078153,1.5830924318406225
MU,2023-11-09,73.56999969482422,D1,Downtrend,Medium,0.017847273620829718,2.00978770920857
MU,2023-11-10,75.36000061035156,D1,Downtrend,Medium,0.02433058207085015,2.566774938169724
MU,2023-11-13,74.77999877929688,D1,Downtrend,Medium,-0.00769641489327455,2.2463131624334696
MU,2023-11-14,77.16999816894531,D1,Downtrend,Medium,0.03196040958361346,2.9210932546029653
MU,2023-11-15,77.13999938964844,D1,Downtrend,Medium,-0.0003887362966006336,2.7387443743852375
MU,2023-11-16,76.66999816894531,D1,Downtrend,Medium,-0.006092834125251412,2.421057843692116
MU,2023-11-17,77.55999755859375,D1,Downtrend,Medium,0.011608183264688376,2.5739294330194475
MU,2023-11-20,78.62000274658203,U1,Uptrend,Medium,0.01366690589678643,2.7431459077700127
MU,2023-11-21,76.70999908447266,D1,Downtrend,Medium,-0.02429411848618146,2.0401232618182115
MU,2023-11-22,77.0999984741211,D1,Downtrend,Medium,0.00508407501372754,2.0505250257084007
MU,2023-11-24,76.87000274658203,D1,Downtrend,Medium,-0.00298308342530329,1.8838492623510983
MU,2023-11-27,77.51000213623047,D1,Downtrend,Medium,0.008325736526357819,1.9667084762272686
MU,2023-11-28,76.12000274658203,D1,Downtrend,Medium,-0.01793316154482094,1.512915677361301
MU,2023-11-29,76.69000244140625,D1,Downtrend,Medium,0.007488172283990346,1.6055357293625447
MU,2023-11-30,76.12000274658203,D1,Downtrend,Medium,-0.007432516321272953,1.3998942865911639
MU,2023-12-01,75.93000030517578,D1,Downtrend,Medium,-0.0024960908375004642,1.3031943989482422
MU,2023-12-04,74.29000091552734,D1,Downtrend,Medium,-0.021598832912643195,0.8463691722558191
MU,2023-12-05,73.69000244140625,D1,Downtrend,Medium,-0.008076436488449246,0.6703700681581709
MU,2023-12-06,73.12999725341797,D1,Downtrend,Medium,-0.007599473055161843,0.5103181423624805
MU,2023-12-07,73.6500015258789,D1,Downtrend,Medium,0.007110683604417023,0.6320134133743036
MU,2023-12-08,74.95999908447266,D1,Downtrend,Medium,0.01778679608218936,0.9524619599193143
MU,2023-12-11,77.79000091552734,U1,Uptrend,Medium,0.03775349340473633,1.6149148258711974
MU,2023-12-12,78.16000366210938,U1,Uptrend,Medium,0.004756430675246115,1.6378042829249675
MU,2023-12-13,79.79000091552734,U1,Uptrend,Medium,0.020854620995983453,1.9382907071359425
MU,2023-12-14,82.19000244140625,U1,Uptrend,Medium,0.030078976041368444,2.347501343433242
MU,2023-12-15,81.41000366210938,U1,Uptrend,Medium,-0.009490190487011385,2.054496392452096
MU,2023-12-18,81.55999755859375,U1,Uptrend,Medium,0.0018424504328353741,1.9795969152371091
MU,2023-12-19,82.16999816894531,U1,Uptrend,Medium,0.007479164156587004,2.000715350494288
MU,2023-12-20,78.69000244140625,U1,Uptrend,Medium,-0.042351172022470185,1.2323568215766194
MU,2023-12-21,85.4800033569336,U1,Uptrend,Medium,0.08628797439145175,2.4597417989682735
MU,2023-12-22,86.48999786376953,U1,Uptrend,Medium,0.011815564660410338,2.4979917538315233
MU,2023-12-26,87.05999755859375,U1,Uptrend,Medium,0.006590353901060553,2.434553493783929
MU,2023-12-27,86.66000366210938,U1,Uptrend,Medium,-0.004594462528156762,2.2253865207907864
MU,2023-12-28,86.0,U1,Uptrend,Medium,-0.007616012395784688,2.004076191631711
MU,2023-12-29,85.33999633789062,U1,Uptrend,Medium,-0.007674461187318293,1.8067887980966897
MU,2024-01-02,82.33999633789062,U1,Uptrend,Medium,-0.03515350514103566,1.2568863153947298
MU,2024-01-03,82.26000213623047,U1,Uptrend,Medium,-0.0009715108722120336,1.2009698990624302
MU,2024-01-04,82.70999908447266,U1,Uptrend,Medium,0.005470422277608966,1.2318199018133749
MU,2024-01-05,83.44999694824219,U1,Uptrend,Medium,0.008946897254995312,1.3067114536466795
MU,2024-01-08,84.94999694824219,U1,Uptrend,Medium,0.01797483588801496,1.4929381258268866
MU,2024-01-09,83.33000183105469,U1,Uptrend,Medium,-0.019069984407115603,1.1888699748990008
MU,2024-01-10,82.37999725341797,U1,Uptrend,Medium,-0.011400510701569222,1.0018019853934896
MU,2024-01-11,83.38999938964844,U1,Uptrend,Medium,0.012260283684199402,1.126925264641232
MU,2024-01-12,82.38999938964844,U1,Uptrend,Medium,-0.011991845632800646,0.9338359144315186
MU,2024-01-16,84.61000061035156,U1,Uptrend,Medium,0.026945032614990483,1.251703216391977
MU,2024-01-17,83.27999877929688,U1,Uptrend,Medium,-0.015719203657492575,1.0047344277585246
MU,2024-01-18,84.81999969482422,U1,Uptrend,Medium,0.0184918460386696,1.2222156082088396
MU,2024-01-19,87.51000213623047,U1,Uptrend,Medium,0.031714247242214944,1.6183404775259895
MU,2024-01-22,89.23999786376953,U1,Uptrend,Medium,0.019769119932666834,1.8354698180771143
MU,2024-01-23,87.52999877929688,U1,Uptrend,Medium,-0.01916180104669074,1.5139097165710151
MU,2024-01-24,88.08000183105469,U1,Uptrend,Medium,0.0062835948752224535,1.5834648378642049
MU,2024-01-25,89.19999694824219,U1,Uptrend,Medium,0.012715657287743376,1.7437048741155758
MU,2024-01-26,88.05000305175781,U1,Uptrend,Medium,-0.012892308697629806,1.5198077109209973
MU,2024-01-29,89.06999969482422,U1,Uptrend,Medium,0.011584288560067657,1.676556103067625
MU,2024-01-30,86.16000366210938,U1,Uptrend,Medium,-0.032670888544798604,1.1116191599520733
MU,2024-01-31,85.75,U1,Uptrend,Medium,-0.004758630973569544,1.0076160428179872
MU,2024-02-01,85.61000061035156,U1,Uptrend,Medium,-0.0016326459434220508,0.9508118368435878
MU,2024-02-02,86.4800033569336,U1,Uptrend,Medium,0.010162396219827174,1.0890438566812366
MU,2024-02-05,86.9800033569336,U1,Uptrend,Medium,0.0057816834018418195,1.1550295008174292
MU,2024-02-06,84.5999984741211,U1,Uptrend,Medium,-0.027362667175877764,0.6511360506844391
MU,2024-02-07,85.16999816894531,U1,Uptrend,Medium,0.006737585166725291,0.7424344523000833
MU,2024-02-08,84.87999725341797,U1,Uptrend,Medium,-0.003404965618903577,0.6556568255413681
MU,2024-02-09,85.55999755859375,U1,Uptrend,Medium,0.008011313939438214,0.7730279730213939
MU,2024-02-12,85.69999694824219,U1,Uptrend,Medium,0.0016362715479574241,0.775753883867297
MU,2024-02-13,81.52999877929688,U1,Uptrend,Medium,-0.04865809005178556,-0.14440245452668451
MU,2024-02-14,81.83000183105469,U1,Uptrend,Medium,0.003679664617313838,-0.09884524115375083
MU,2024-02-15,81.62999725341797,U1,Uptrend,Medium,-0.0024441472951405308,-0.1596342772239242
MU,2024-02-16,79.5,U1,Uptrend,Medium,-0.026093315265042216,-0.6405920572990195
MU,2024-02-20,80.70999908447266,U1,Uptrend,Medium,0.015220114270096285,-0.3893109397898415
MU,2024-02-21,81.48999786376953,U1,Uptrend,Medium,0.009664214944179461,-0.23173411361695517
MU,2024-02-22,85.91000366210938,U1,Uptrend,Medium,0.05423985659846209,0.756392172276053
MU,2024-02-23,86.0,U1,Uptrend,Medium,0.0010475652898884746,0.7500710988546431
MU,2024-02-26,89.45999908447266,U1,Uptrend,Medium,0.040232547493868065,1.5088920584429932
MU,2024-02-27,91.8499984741211,U1,Uptrend,Medium,0.026715844110301035,1.9779112013033806
MU,2024-02-28,89.70999908447266,U1,Uptrend,Medium,-0.023298850573757912,1.4408371497373909
MU,2024-02-29,90.61000061035156,U1,Uptrend,Medium,0.010032343496419571,1.6000854787316752
MU,2024-03-01,95.1500015258789,U1,Uptrend,Medium,0.05010485470638737,2.5370532200419573
MU,2024-03-04,95.7699966430664,U1,Uptrend,Medium,0.0065159759037825005,2.5715958484661083
MU,2024-03-05,94.47000122070312,U1,Uptrend,Medium,-0.013574140836700166,2.230248435292657
MU,2024-03-06,95.55999755859375,U1,Uptrend,Medium,0.011538015494930942,2.41608539310065
MU,2024-03-07,98.9800033569336,U2,Uptrend,Medium,0.035789094660062304,3.0143129960769635
MU,2024-03-08,97.62000274658203,U1,Uptrend,Medium,-0.013740155225568484,2.550394958487673
MU,2024-03-11,94.51000213623047,U1,Uptrend,Medium,-0.031858231129382464,1.80708172126894
MU,2024-03-12,97.41999816894531,U1,Uptrend,Medium,0.030790349877680256,2.3017681708631166
MU,2024-03-13,94.16000366210938,U1,Uptrend,Medium,-0.03346329878986931,1.5523390800533194
MU,2024-03-14,91.43000030517578,U1,Uptrend,Medium,-0.028993237582383036,0.9542335589362609
MU,2024-03-15,93.25,U1,Uptrend,Medium,0.019905935565453392,1.286720847516022
MU,2024-03-18,93.77999877929688,U1,Uptrend,Medium,0.005683633021950296,1.346784356896834
MU,2024-03-19,94.0,U1,Uptrend,Medium,0.002345929020759252,1.354602859058343
MU,2024-03-20,96.25,U1,Uptrend,Medium,0.02393617021276606,1.7402044572641908
MU,2024-03-21,109.8499984741211,U2,Uptrend,High,0.1412986854454139,3.8220996655252355
MU,2024-03-22,110.20999908447266,U2,Uptrend,High,0.0032772017783539997,3.413607495491819
MU,2024-03-25,117.12999725341797,U2,Uptrend,High,0.06278920448625858,3.8241150799913974
MU,2024-03-26,118.80000305175781,U2,Uptrend,High,0.014257712264149403,3.5288589883249366
MU,2024-03-27,119.25,U2,Uptrend,High,0.003787853002378494,3.1972237386036624
MU,2024-03-28,117.88999938964844,U2,Uptrend,High,-0.011404617277581242,2.7928486648285267
MU,2024-04-01,124.30000305175781,U2,Uptrend,High,0.05437275167780031,3.1046459583760315
MU,2024-04-02,122.75,U2,Uptrend,High,-0.012469855299298782,2.7203300967853745
MU,2024-04-03,128.00999450683594,U2,Uptrend,High,0.042851279078093274,2.8996274504360695
MU,2024-04-04,124.08999633789062,U2,Uptrend,High,-0.030622594618859855,2.4031944239425824
MU,2024-04-05,123.58000183105469,U2,Uptrend,High,-0.004109876072904806,2.2221494521865366
MU,2024-04-08,122.94999694824219,U2,Uptrend,High,-0.0050979517193548984,2.058553888463837
MU,2024-04-09,122.62999725341797,U2,Uptrend,High,-0.0026026816003820175,1.9338300653357317
MU,2024-04-10,122.19999694824219,U2,Uptrend,High,-0.0035064854832147496,1.8160549227991323
MU,2024-04-11,127.51000213623047,U2,Uptrend,High,0.04345339869556075,2.066705892639612
MU,2024-04-12,122.5199966430664,U2,Uptrend,High,-0.03913422797870236,1.6583803396876924
MU,2024-04-15,121.37000274658203,U2,Uptrend,High,-0.009386173098213657,1.5201755871583535
MU,2024-04-16,121.7699966430664,U2,Uptrend,High,0.003295656978104855,1.4860903376717043
MU,2024-04-17,116.33000183105469,U2,Uptrend,High,-0.04467434476456045,1.0996634554325153
MU,2024-04-18,111.93000030517578,U2,Uptrend,High,-0.037823445857664506,0.7927217136571285
MU,2024-04-19,106.7699966430664,U2,Uptrend,High,-0.04610027381435444,0.4455411192862938
MU,2024-04-22,109.12000274658203,U2,Uptrend,High,0.022009985739455784,0.5750572786161029
MU,2024-04-23,112.45999908447266,U2,Uptrend,Medium,0.03060847006801648,0.7626897468074516
MU,2024-04-24,111.77999877929688,U2,Uptrend,Medium,-0.006046597107519203,0.6953292737208305
MU,2024-04-25,111.58000183105469,U2,Uptrend,Medium,-0.0017892015604425993,0.6580501729601946
MU,2024-04-26,114.83999633789062,U2,Uptrend,High,0.02921665579260302,0.838489412783822
MU,2024-04-29,114.36000061035156,U2,Uptrend,Medium,-0.00417969124734896,0.7799972704984527
MU,2024-04-30,112.95999908447266,U2,Uptrend,Medium,-0.01224205594969352,0.6644184988237251
MU,2024-05-01,109.69999694824219,U2,Uptrend,Medium,-0.028859792516398697,0.4310913215467431
MU,2024-05-02,112.33000183105469,U2,Uptrend,Medium,0.023974521020756034,0.5788234370000573
MU,2024-05-03,114.69999694824219,U2,Uptrend,Medium,0.021098505105982213,0.7091306785129856
MU,2024-05-06,120.12999725341797,U2,Uptrend,Medium,0.04734089319658863,1.0374234300223297
MU,2024-05-07,119.20999908447266,U2,Uptrend,Medium,-0.0076583550318789495,0.9443260537204365
MU,2024-05-08,119.31999969482422,U2,Uptrend,Medium,0.0009227465078127661,0.9211093398589304
MU,2024-05-09,117.80999755859375,U2,Uptrend,Medium,-0.012655063192193117,0.7918233016674897
MU,2024-05-10,121.23999786376953,U2,Uptrend,Medium,0.02911467936725698,1.0008245787615861
MU,2024-05-13,123.0,U2,Uptrend,Medium,0.014516679043561798,1.0958392238333148
MU,2024-05-14,124.80999755859375,U2,Uptrend,Medium,0.014715427305640238,1.2001733388885107
MU,2024-05-15,127.80999755859375,U2,Uptrend,Medium,0.024036536004189868,1.3910695339373782
MU,2024-05-16,127.88999938964844,U2,Uptrend,Medium,0.000625943451864952,1.3695217974677187
MU,2024-05-17,125.29000091552734,U2,Uptrend,Medium,-0.020329959234729245,1.14122312303216
MU,2024-05-20,129.0,U2,Uptrend,Medium,0.029611294256227216,1.397785526731744
MU,2024-05-21,127.5,U2,Uptrend,Medium,-0.011627906976744207,1.2447487382704963
MU,2024-05-22,126.27999877929688,U2,Uptrend,Medium,-0.009568637025122562,1.1141096490718365
MU,2024-05-23,126.2699966430664,U2,Uptrend,Medium,-7.920602096256335e-05,1.0859448602337036
MU,2024-05-24,129.49000549316406,U2,Uptrend,Medium,0.025500981513445486,1.3216417712750854
MU,2024-05-28,132.6699981689453,U2,Uptrend,Medium,0.02455782331362344,1.5400162403200572
MU,2024-05-29,131.5800018310547,U2,Uptrend,Medium,-0.008215846483261346,1.4039315656902067
MU,2024-05-30,126.29000091552734,U2,Uptrend,Medium,-0.04020368476905456,0.9261879208298802
MU,2024-05-31,125.0,U2,Uptrend,Medium,-0.010214592653223553,0.7882090170519352
MU,2024-06-03,128.1699981689453,U2,Uptrend,Medium,0.025359985351562475,1.0380029203926056
MU,2024-06-04,126.63999938964844,U2,Uptrend,Medium,-0.011937261458645931,0.8736682657209796
MU,2024-06-05,133.7100067138672,U2,Uptrend,Medium,0.05582760074457682,1.4889156008867075
MU,2024-06-06,130.07000732421875,U2,Uptrend,Medium,-0.027223088825639286,1.1219079722760297
MU,2024-06-07,130.94000244140625,U2,Uptrend,Medium,0.00668866816482061,1.1877988069814074
MU,2024-06-10,134.82000732421875,U2,Uptrend,Medium,0.029631929207796892,1.5702024824157086
MU,2024-06-11,135.07000732421875,U2,Uptrend,Medium,0.0018543241834929614,1.5959809164208165
MU,2024-06-12,140.75,U2,Uptrend,Medium,0.04205221268809978,2.1982175273568205
MU,2024-06-13,143.13999938964844,U2,Uptrend,Medium,0.016980457475299637,2.450727561409642
MU,2024-06-14,141.36000061035156,U2,Uptrend,Medium,-0.012435369476644031,2.239713847492446
MU,2024-06-17,147.8300018310547,U2,Uptrend,Medium,0.04576967453853653,2.7925318833116326
MU,2024-06-18,153.4499969482422,U2,Uptrend,Medium,0.03801660723518241,3.117573637761248
MU,2024-06-20,144.19000244140625,U2,Uptrend,High,-0.06034535478002834,2.022697540597413
MU,2024-06-21,139.5399932861328,U2,Uptrend,High,-0.032249178698523395,1.485235924749871
MU,2024-06-24,139.00999450683594,U2,Uptrend,High,-0.0037981855009129317,1.3791247622640903
MU,2024-06-25,141.1199951171875,U2,Uptrend,High,0.01517876910820104,1.5261671610590752
MU,2024-06-26,142.36000061035156,U2,Uptrend,High,0.008786887302074664,1.5830707249610927
MU,2024-06-27,132.22999572753906,U2,Uptrend,High,-0.07115766254131295,0.5952285649261676
MU,2024-06-28,131.52999877929688,U2,Uptrend,High,-0.0052937833385742206,0.5215888936771897
MU,2024-07-01,131.52000427246094,U2,Uptrend,High,-7.598651964335623e-05,0.5078359625203573
MU,2024-07-02,132.58999633789062,U2,Uptrend,High,0.008135584174807864,0.5939873636099601
MU,2024-07-03,136.82000732421875,U2,Uptrend,High,0.03190294217633438,0.9670535783117865
MU,2024-07-05,131.60000610351562,U2,Uptrend,High,-0.03815232379233413,0.46007697873270836
MU,2024-07-08,130.69000244140625,U2,Uptrend,High,-0.006914921123890916,0.3610766807235885
MU,2024-07-09,131.13999938964844,U2,Uptrend,High,0.003443239267241882,0.39729524541444106
MU,2024-07-10,136.38999938964844,U2,Uptrend,High,0.04003355211555992,0.8658161640376457
MU,2024-07-11,130.22999572753906,U2,Uptrend,High,-0.04516462856276615,0.27499910635651764
MU,2024-07-12,133.5500030517578,U2,Uptrend,High,0.025493414982249663,0.5681333224328908
MU,2024-07-15,130.8699951171875,U2,Uptrend,High,-0.020067449444622354,0.29637424963563974
MU,2024-07-16,127.48999786376953,U2,Uptrend,High,-0.025827136696928488,-0.04928072096796526
MU,2024-07-17,119.5,U2,Uptrend,High,-0.06267156637893512,-0.8681585593976401
MU,2024-07-18,117.44999694824219,U2,Uptrend,High,-0.017154837253203437,-1.1098540506739383
MU,2024-07-19,114.26000213623047,U2,Uptrend,Medium,-0.027160450360994792,-1.4445548845018639
MU,2024-07-22,115.27999877929688,U2,Uptrend,Medium,0.008926979030249527,-1.3587898442143087
MU,2024-07-23,114.25,U2,Uptrend,Medium,-0.008934757028136397,-1.4808879143846936
MU,2024-07-24,110.27999877929688,U2,Uptrend,Medium,-0.03474836954663563,-1.8614391585320442
MU,2024-07-25,107.44999694824219,U2,Uptrend,Medium,-0.025661968284188763,-2.0955387609818485
MU,2024-07-26,109.41000366210938,U2,Uptrend,Medium,0.01824110534699508,-1.8731741299070004
MU,2024-07-29,107.8499984741211,U2,Uptrend,Medium,-0.014258341429235655,-2.0132267728965645
MU,2024-07-30,102.55999755859375,U2,Uptrend,Medium,-0.04904961511702477,-2.439971574278368
MU,2024-07-31,109.81999969482422,U2,Uptrend,High,0.07078785402742183,-1.7165919417587936
MU,2024-08-01,101.51000213623047,U2,Uptrend,High,-0.07566925497802013,-2.3628310342201573
MU,2024-08-02,92.69999694824219,U1,Uptrend,High,-0.08678952815078167,-2.8990878526057
MU,2024-08-05,90.41999816894531,U1,Uptrend,High,-0.024595456897047008,-2.8408559032747975
MU,2024-08-06,89.0,U1,Uptrend,High,-0.015704470224519484,-2.7319648508373473
MU,2024-08-07,86.80000305175781,U1,Uptrend,High,-0.024719066834181902,-2.6730048494775787
MU,2024-08-08,92.06999969482422,U1,Uptrend,High,0.06071424490531374,-2.180564572631799
MU,2024-08-09,93.08000183105469,U1,Uptrend,High,0.010969937434324173,-2.0057693942187975
MU,2024-08-12,94.63999938964844,U1,Uptrend,High,0.016759749977500293,-1.817986921804593
MU,2024-08-13,97.44000244140625,U1,Uptrend,High,0.02958583125333436,-1.5793807531007626
MU,2024-08-14,100.41000366210938,U2,Uptrend,High,0.030480307330545076,-1.3530318909095678
MU,2024-08-15,106.94999694824219,U2,Uptrend,High,0.06513288564494624,-0.9358982616896071
MU,2024-08-16,107.98999786376953,U2,Uptrend,High,0.009724179010782485,-0.8504291849593426
MU,2024-08-19,108.62999725341797,U2,Uptrend,High,0.005926469138890056,-0.7915582871146196
MU,2024-08-20,107.98999786376953,U2,Uptrend,High,-0.005891553031667773,-0.8070054253133613
MU,2024-08-21,108.33000183105469,U2,Uptrend,High,0.0031484764701457113,-0.7641340603933148
MU,2024-08-22,104.26000213623047,U2,Uptrend,High,-0.03757038332900209,-0.9683036808712627
MU,2024-08-23,102.8499984741211,U2,Uptrend,High,-0.013523917448869827,-1.0161728089535682
MU,2024-08-26,98.91000366210938,U2,Uptrend,High,-0.03830816597438347,-1.2020030832885995
MU,2024-08-27,97.86000061035156,U1,Uptrend,High,-0.010615741713495108,-1.2207459218291383
MU,2024-08-28,94.86000061035156,U1,Uptrend,High,-0.03065603904852887,-1.3392217615297557
MU,2024-08-29,95.56999969482422,U1,Uptrend,High,0.007484704616322446,-1.255846556951189
MU,2024-08-30,96.23999786376953,U1,Uptrend,Medium,0.007010549033009905,-1.1778704253776593
MU,2024-09-03,88.58000183105469,U1,Uptrend,High,-0.0795926454981617,-1.5299689949479491
MU,2024-09-04,89.29000091552734,U1,Uptrend,High,0.00801534285161587,-1.4355856359419756
MU,2024-09-05,89.38999938964844,U1,Uptrend,High,0.0011199291420738167,-1.3785206645034136
MU,2024-09-06,86.37999725341797,U1,Uptrend,High,-0.03367269444884946,-1.4778039301414656
MU,2024-09-09,86.2699966430664,U1,Uptrend,High,-0.0012734500329845133,-1.4329590573298268
MU,2024-09-10,86.8499984741211,U1,Uptrend,High,0.006723100192693732,-1.3595012645869842
MU,2024-09-11,90.6500015258789,U1,Uptrend,High,0.043753634064715774,-1.1278943821245055
MU,2024-09-12,87.20999908447266,U1,Uptrend,High,-0.03794817852732402,-1.2749581626219835
MU,2024-09-13,91.22000122070312,U1,Uptrend,Medium,0.045980990463562854,-1.044070270425342
MU,2024-09-16,87.18000030517578,U1,Uptrend,High,-0.0442885426602081,-1.2349247122931686
MU,2024-09-17,88.7300033569336,U1,Uptrend,High,0.01777934212356036,-1.1170001140288033
MU,2024-09-18,87.3499984741211,U1,Uptrend,High,-0.01555285507272175,-1.1633317487251202
MU,2024-09-19,89.25,U1,Uptrend,High,0.021751591975606166,-1.0287246006457527
MU,2024-09-20,90.9000015258789,U1,Uptrend,High,0.018487412054665642,-0.9100026588274281
MU,2024-09-23,93.56999969482422,U1,Uptrend,High,0.029372916657049553,-0.7215438997420033
MU,2024-09-24,94.0,U1,Uptrend,High,0.004595493283939378,-0.6691452823002697
MU,2024-09-25,95.7699966430664,U1,Uptrend,High,0.018829751521983074,-0.5319954705665612
MU,2024-09-26,109.87999725341797,U2,Uptrend,High,0.14733216147996075,0.4152261500761724
MU,2024-09-27,107.5,U2,Uptrend,High,-0.021659968264550855,0.3022687553674076
MU,2024-09-30,103.70999908447266,U2,Uptrend,High,-0.03525582247002179,0.07414005364778484
MU,2024-10-01,100.30999755859375,U2,Uptrend,High,-0.03278373884768404,-0.13857620124064932
MU,2024-10-02,99.8499984741211,U2,Uptrend,High,-0.004585775054016472,-0.13969171010270867
MU,2024-10-03,101.81999969482422,U2,Uptrend,High,0.01972960691845893,0.06193407299888037
MU,2024-10-04,102.25,U2,Uptrend,High,0.004223141882386372,0.1437360779807064
MU,2024-10-07,102.91000366210938,U2,Uptrend,High,0.006454803541412035,0.2657897955754359
MU,2024-10-08,102.54000091552734,U2,Uptrend,High,-0.0035954011603855918,0.29777606332499745
MU,2024-10-09,101.69999694824219,U2,Uptrend,High,-0.008191963719379691,0.27568344654050225
MU,2024-10-10,105.69000244140625,U2,Uptrend,High,0.03923309353878035,0.7701549493010779
MU,2024-10-11,106.91999816894531,U2,Uptrend,High,0.01163776799249261,0.961531418316301
MU,2024-10-14,108.33999633789062,U2,Uptrend,High,0.01328094082737974,1.1617803628520147
MU,2024-10-15,104.31999969482422,U2,Uptrend,High,-0.03710537916697765,0.7218926785553235
MU,2024-10-16,109.23999786376953,U2,Uptrend,High,0.04716255927279711,1.367321558058189
MU,2024-10-17,112.05000305175781,U2,Uptrend,High,0.025723226317640346,1.7084364735290352
MU,2024-10-18,111.1500015258789,U2,Uptrend,High,-0.008032141913134838,1.5708654971613476
MU,2024-10-21,109.08000183105469,U2,Uptrend,High,-0.018623478780090408,1.3154078795398545
MU,2024-10-22,107.81999969482422,U2,Uptrend,High,-0.01155117450568055,1.1587538389700807
MU,2024-10-23,105.05000305175781,U2,Uptrend,High,-0.02569093536363065,0.8060758860598262
MU,2024-10-24,106.8499984741211,U2,Uptrend,Medium,0.017134653689409474,1.0434199353426508
MU,2024-10-25,107.91000366210938,U2,Uptrend,Medium,0.009920497923497917,1.1506300340887465
MU,2024-10-28,106.38999938964844,U2,Uptrend,Medium,-0.014085851365740032,0.9316684902590949
MU,2024-10-29,108.18000030517578,U2,Uptrend,Medium,0.016824898259201415,1.1143239575431516
MU,2024-10-30,104.08000183105469,U2,Uptrend,Medium,-0.03789978242332226,0.5846100834168334
MU,2024-10-31,99.6500015258789,U2,Uptrend,Medium,-0.042563414942734856,0.006656800115781021
MU,2024-11-01,99.7300033569336,U2,Uptrend,Medium,0.0008028281969860718,0.0005987503690143413
MU,2024-11-04,101.7300033569336,U2,Uptrend,Medium,0.02005414551969875,0.23992882426967613
MU,2024-11-05,105.48999786376953,U2,Uptrend,Medium,0.03696052671544181,0.7012688951939497
MU,2024-11-06,111.83000183105469,U2,Uptrend,Medium,0.0601005222833797,1.4614740354697977
MU,2024-11-07,113.41000366210938,U2,Uptrend,Medium,0.014128604177630733,1.5977803540244258
MU,2024-11-08,111.9000015258789,U2,Uptrend,Medium,-0.013314540935289387,1.3848577176251828
MU,2024-11-11,108.6500015258789,U2,Uptrend,Medium,-0.029043788701364592,0.9843124269521054
MU,2024-11-12,104.0999984741211,U2,Uptrend,Medium,-0.041877616087046876,0.44011232334043415
MU,2024-11-13,99.91999816894531,U2,Uptrend,Medium,-0.040153701887084225,-0.05832389734829547
MU,2024-11-14,99.18000030517578,U2,Uptrend,Medium,-0.007405903496098376,-0.13226635565229788
MU,2024-11-15,96.33999633789062,U1,Uptrend,Medium,-0.02863484531706484,-0.47098877638152187
MU,2024-11-18,97.51000213623047,U1,Uptrend,Medium,0.012144548918564535,-0.31357910960455104
MU,2024-11-19,97.7300033569336,U1,Uptrend,Medium,0.002256191322770773,-0.2834494874498021
MU,2024-11-20,98.37000274658203,U2,Uptrend,Medium,0.006548647985931355,-0.2045491548969345
MU,2024-11-21,102.76000213623047,U2,Uptrend,Medium,0.04462741961040528,0.32884955413490563
MU,2024-11-22,102.63999938964844,U2,Uptrend,Medium,-0.0011677962639874417,0.2996445812345897
MU,2024-11-25,104.4800033569336,U2,Uptrend,Medium,0.017926772975709104,0.5135373153777725
MU,2024-11-26,101.80000305175781,U2,Uptrend,High,-0.025650844363204417,0.15203520008725627
MU,2024-11-27,98.19999694824219,U1,Uptrend,Medium,-0.035363516656136906,-0.333808060528756
MU,2024-11-29,97.94999694824219,U1,Uptrend,Medium,-0.002545824926367013,-0.39196312405279965
MU,2024-12-02,98.55000305175781,U2,Uptrend,Medium,0.006125636776003862,-0.3503016636072703
MU,2024-12-03,99.83999633789062,U2,Uptrend,Medium,0.013089733599047415,-0.21216637441469816
MU,2024-12-04,103.19999694824219,U2,Uptrend,Medium,0.03365385350155914,0.2352312405200226
MU,2024-12-05,100.87000274658203,U2,Uptrend,Medium,-0.022577463862026192,-0.13672645184331414
MU,2024-12-06,101.16999816894531,U2,Uptrend,Medium,0.0029740796490009824,-0.1321704535387211
MU,2024-12-09,102.81999969482422,U2,Uptrend,Medium,0.01630919794150376,0.09995418535413048
MU,2024-12-10,98.0999984741211,U1,Uptrend,Medium,-0.04590547787115706,-0.7274880203961914
MU,2024-12-11,102.05999755859375,U2,Uptrend,Medium,0.04036696377235227,-0.0973351861979227
MU,2024-12-12,98.23999786376953,U1,Uptrend,Medium,-0.03742896126007755,-0.8623072376966516
MU,2024-12-13,102.5,U2,Uptrend,Medium,0.04336321487036132,-0.10237144589226109
MU,2024-12-16,108.26000213623047,U2,Uptrend,Medium,0.05619514279249227,1.0448908618916553
MU,2024-12-17,108.5999984741211,U2,Uptrend,Medium,0.0031405535856428024,1.0929887464579766
MU,2024-12-18,103.9000015258789,U2,Uptrend,High,-0.043278057221724286,0.041996037710595464
MU,2024-12-19,87.08999633789062,U1,Uptrend,High,-0.1617902304246004,-3.4075828874062624
MU,2024-12-20,90.12000274658203,U1,Uptrend,High,0.0347916699518005,-2.5896029692343476
MU,2024-12-23,89.72000122070312,U1,Uptrend,High,-0.004438543205593448,-2.482705586662587
MU,2024-12-24,89.27999877929688,U1,Uptrend,High,-0.004904173377393128,-2.3929881188943005
MU,2024-12-26,89.81999969482422,U1,Uptrend,High,0.006048397434035069,-2.1746580101066324
MU,2024-12-27,88.62999725341797,U1,Uptrend,High,-0.013248746887658092,-2.2460431021273997
MU,2024-12-30,85.30999755859375,U1,Uptrend,High,-0.03745909734524089,-2.5824336809402264
MU,2024-12-31,84.16000366210938,U1,Uptrend,High,-0.013480177346090305,-2.5559120422490786
MU,2025-01-02,87.33000183105469,U1,Uptrend,High,0.03766632641405776,-1.9871611821527966
MU,2025-01-03,89.87000274658203,U1,Uptrend,High,0.029085089456898583,-1.567466464648878
MU,2025-01-06,99.26000213623047,U2,Uptrend,High,0.10448424505033804,-0.27321962211234246
MU,2025-01-07,101.91000366210938,U2,Uptrend,High,0.026697576756465224,0.09913807571189763
MU,2025-01-08,99.41000366210938,U2,Uptrend,High,-0.024531448436494463,-0.22867847895490676
MU,2025-01-10,99.33999633789062,U2,Uptrend,High,-0.0007042281625569968,-0.219451469831231
MU,2025-01-13,95.05999755859375,U1,Uptrend,High,-0.043084346054725775,-0.7918353322428383
MU,2025-01-14,97.36000061035156,U1,Uptrend,High,0.024195277833245488,-0.4494398983723924
MU,2025-01-15,103.19000244140625,U2,Uptrend,High,0.05988087299205325,0.3981350763922422
MU,2025-01-16,102.5999984741211,U2,Uptrend,High,-0.005717646606512861,0.34064951643617425
MU,2025-01-17,105.75,U2,Uptrend,High,0.030701769714679195,0.8167414652735687
MU,2025-01-21,109.37999725341797,U2,Uptrend,High,0.03432621516234491,1.3422018845020705
MU,2025-01-22,109.2300033569336,U2,Uptrend,High,-0.001371310113830626,1.2964081225986557
MU,2025-01-23,104.83999633789062,U2,Uptrend,High,-0.040190486900358646,0.6657809130840879
MU,2025-01-24,103.19000244140625,U2,Uptrend,High,-0.015738210169014,0.44044813156560275
MU,2025-01-27,91.11000061035156,U1,Uptrend,High,-0.11706562210727733,-1.2917501737171304
MU,2025-01-28,88.25,U1,Uptrend,High,-0.031390633203734364,-1.6428907202725305
MU,2025-01-29,89.01000213623047,U1,Uptrend,High,0.008611922223574764,-1.4737177962414858
MU,2025-01-30,92.5,U1,Uptrend,High,0.03920905269082087,-0.9523788361489117
MU,2025-01-31,91.23999786376953,U1,Uptrend,High,-0.013621644716005021,-1.0987978621557721
MU,2025-02-03,89.91999816894531,U1,Uptrend,High,-0.014467335880422816,-1.2404711612611228
MU,2025-02-04,90.66000366210938,U1,Uptrend,High,0.00822959862358652,-1.1004548989382066
MU,2025-02-05,93.5999984741211,U1,Uptrend,High,0.03242879652828057,-0.6708084845962151
MU,2025-02-06,94.54000091552734,U1,Uptrend,High,0.010042761289853486,-0.5130089945921924
MU,2025-02-07,92.30000305175781,U1,Uptrend,High,-0.023693651809576277,-0.81864728918983
MU,2025-02-10,95.93000030517578,U1,Uptrend,High,0.03932824629899989,-0.24317173402959183
MU,2025-02-11,94.08000183105469,U1,Uptrend,High,-0.019284879268589794,-0.5073162844815726
MU,2025-02-12,91.68000030517578,U1,Uptrend,High,-0.025510219804084855,-0.8559402733228021
MU,2025-02-13,95.66000366210938,U1,Uptrend,High,0.043411903836009236,-0.22928903938438558
MU,2025-02-14,99.5199966430664,U2,Uptrend,High,0.040351169069481774,0.36134918308271224
MU,2025-02-18,106.79000091552734,U2,Uptrend,High,0.07305068848158403,1.4385064298622408
MU,2025-02-19,104.36000061035156,U2,Uptrend,High,-0.02275494226372332,1.041742304084962
MU,2025-02-20,103.18000030517578,U2,Uptrend,High,-0.01130701703980952,0.8464827864126017
MU,2025-02-21,98.83999633789062,U2,Uptrend,High,-0.04206245352247251,0.20646643388366825
MU,2025-02-24,95.41000366210938,U1,Uptrend,High,-0.03470247675906024,-0.2936164002519302
MU,2025-02-25,93.22000122070312,U1,Uptrend,High,-0.022953593515854576,-0.600951335920133
MU,2025-02-26,97.70999908447266,U1,Uptrend,High,0.04816560614646659,0.09436313793828352
MU,2025-02-27,91.81999969482422,U1,Uptrend,High,-0.06028041597417666,-0.7871002638947592
MU,2025-02-28,93.62999725341797,U1,Uptrend,High,0.01971245441744185,-0.4994456168698885
MU,2025-03-03,90.54000091552734,U1,Uptrend,High,-0.033002204726411244,-0.9421152063892022
MU,2025-03-04,91.19999694824219,U1,Uptrend,High,0.007289551867031729,-0.8175247954257002
MU,2025-03-05,94.33999633789062,U1,Uptrend,High,0.03442981902105169,-0.32570470842725874
MU,2025-03-06,89.2699966430664,U1,Uptrend,High,-0.05374178388416906,-1.058116026967037
MU,2025-03-07,92.95999908447266,U1,Uptrend,High,0.041335303911348875,-0.4831399571540946
MU,2025-03-10,87.08000183105469,U1,Uptrend,High,-0.06325298312529914,-1.3226522829267156
MU,2025-03-11,89.05000305175781,U1,Uptrend,High,0.022622889059248807,-0.9968249799715452
MU,2025-03-12,95.63999938964844,U1,Uptrend,High,0.07400332523358122,2.489026612438729e-05
MU,2025-03-13,94.87999725341797,U1,Uptrend,High,-0.007946488300717536,-0.10570123264473184
MU,2025-03-14,100.79000091552734,U2,Uptrend,High,0.062289247820319416,0.7892765034504688
MU,2025-03-17,103.11000061035156,U2,Uptrend,High,0.023018153326227475,1.1760093590501972
MU,2025-03-18,101.72000122070312,U2,Uptrend,High,-0.013480742715744842,1.0072116016302093
MU,2025-03-19,102.05999755859375,U2,Uptrend,High,0.003342472805843988,1.0722814239869707
MU,2025-03-20,103.0,U2,Uptrend,High,0.009210292611133708,1.1830424838806912
MU,2025-03-21,94.72000122070312,U1,Uptrend,High,-0.0803883376630764,-0.15199156407196754
MU,2025-03-24,96.94000244140625,U1,Uptrend,High,0.023437512585440023,0.1867766333375782
MU,2025-03-25,94.18000030517578,U1,Uptrend,High,-0.028471240630499328,-0.2757541892262712
MU,2025-03-26,92.12999725341797,U1,Uptrend,High,-0.021766861808399818,-0.6201262615939482
MU,2025-03-27,91.16000366210938,U1,Uptrend,High,-0.01052853164252765,-0.7918723848606531
MU,2025-03-28,88.44000244140625,U1,Uptrend,High,-0.02983766028339563,-1.2671282501393042
MU,2025-03-31,86.88999938964844,U1,Uptrend,High,-0.017526040354699512,-1.5558959222857813
MU,2025-04-01,88.70999908447266,U1,Uptrend,High,0.020946020343062033,-1.2573839827251467
MU,2025-04-02,88.5999984741211,U1,Uptrend,High,-0.0012400023840245522,-1.2671401022502458
MU,2025-04-03,74.33999633789062,D1,Downtrend,High,-0.16094810814692773,-3.278263923507641
MU,2025-04-04,64.72000122070312,D1,Downtrend,High,-0.12940537518272988,-4.001009547111361
MU,2025-04-07,68.37000274658203,D1,Downtrend,High,0.05639680866865171,-3.1507210978047486
MU,2025-04-08,65.54000091552734,D1,Downtrend,High,-0.0413924486963132,-3.130699559037137
MU,2025-04-09,77.87000274658203,U1,Uptrend,High,0.18812941194411148,-1.6960837626859144
MU,2025-04-10,70.05000305175781,D1,Downtrend,High,-0.10042377576733119,-2.367873705270558
MU,2025-04-11,69.55000305175781,D1,Downtrend,High,-0.007137758432794961,-2.2745256044217657
MU,2025-04-14,71.0199966430664,D1,Downtrend,High,0.02113578039981756,-2.0202493422444587
MU,2025-04-15,71.04000091552734,D1,Downtrend,High,0.0002816709857291766,-1.9276196272786312
MU,2025-04-16,69.33000183105469,D1,Downtrend,High,-0.024070932748241236,-2.0037209504433457
MU,2025-04-17,68.80000305175781,D1,Downtrend,High,-0.0076445804889546665,-1.9727769765655498
MU,2025-04-21,66.73999786376953,D1,Downtrend,High,-0.029941934543789905,-2.058625314259967
MU,2025-04-22,70.20999908447266,D1,Downtrend,High,0.051992827865924296,-1.6762941255763397
MU,2025-04-23,72.93000030517578,D1,Downtrend,High,0.03874093798848466,-1.3836154932553293
MU,2025-04-24,77.41999816894531,D1,Downtrend,High,0.06156585554615557,-0.9658913422963334
MU,2025-04-25,79.77999877929688,U1,Uptrend,High,0.030483087912267726,-0.7435033252906197
MU,2025-04-28,78.55999755859375,U1,Uptrend,High,-0.015292068681000304,-0.8251075248826828
MU,2025-04-29,76.87999725341797,D1,Downtrend,High,-0.021384933266103467,-0.9426126464712824
MU,2025-04-30,76.94999694824219,D1,Downtrend,High,0.0009105059485561284,-0.9117491552661379
MU,2025-05-01,77.7699966430664,U1,Uptrend,High,0.01065626676211262,-0.8194424278434247
MU,2025-05-02,80.72000122070312,U1,Uptrend,High,0.0379324251636024,-0.551631396559752
MU,2025-05-05,80.41999816894531,U1,Uptrend,High,-0.003716588791141784,-0.5574359618813638
MU,2025-05-06,80.51000213623047,U1,Uptrend,High,0.001119173953424868,-0.5328126830696052
MU,2025-05-07,82.62000274658203,U1,Uptrend,High,0.026207931367101978,-0.3370862075467061
MU,2025-05-08,85.1500015258789,U1,Uptrend,High,0.03062210960046885,-0.11005110149914203
MU,2025-05-09,85.86000061035156,U1,Uptrend,Medium,0.008338215757481393,-0.04138219286254128
MU,2025-05-12,92.29000091552734,U1,Uptrend,Medium,0.07488935778554562,0.5136834283120558
MU,2025-05-13,96.93000030517578,U1,Uptrend,High,0.05027629584591087,0.9180873781528216
MU,2025-05-14,95.31999969482422,U1,Uptrend,High,-0.016609930932452444,0.8137703293560666
MU,2025-05-15,95.44999694824219,U1,Uptrend,Medium,0.0013637982987217967,0.852167216710049
MU,2025-05-16,98.0,U1,Uptrend,Medium,0.02671559071018681,1.0989484567110102
MU,2025-05-19,98.6500015258789,U2,Uptrend,Medium,0.0066326686314173156,1.1582719215186
MU,2025-05-20,98.0999984741211,U1,Uptrend,Medium,-0.005575296941212171,1.1001346240432026
MU,2025-05-21,95.83999633789062,U1,Uptrend,Medium,-0.023037738750084302,0.8902996611269947
MU,2025-05-22,94.83000183105469,U1,Uptrend,Medium,-0.010538340415572778,0.8073876761539129
MU,2025-05-23,93.37000274658203,U1,Uptrend,Medium,-0.01539596178721725,0.6727313657435844
MU,2025-05-27,96.37999725341797,U1,Uptrend,Medium,0.03223727555203615,0.9358659424331452
MU,2025-05-28,96.18000030517578,U1,Uptrend,Medium,-0.0020750877146875624,0.9044351749865865
MU,2025-05-29,96.80000305175781,U1,Uptrend,Medium,0.006446275157151016,0.9457037838547119
MU,2025-05-30,94.45999908447266,U1,Uptrend,Medium,-0.02417359394125207,0.7383018221622
MU,2025-06-02,98.18000030517578,U1,Uptrend,Medium,0.03938176219307854,1.0451230708482087
MU,2025-06-03,102.25,U2,Uptrend,Medium,0.041454468141916,1.3700155813694117
MU,2025-06-04,103.25,U2,Uptrend,Medium,0.009779951100244544,1.4085617678024245
MU,2025-06-05,106.29000091552734,U2,Uptrend,Medium,0.029443108140700724,1.6063228037675625
MU,2025-06-06,108.55999755859375,U2,Uptrend,Medium,0.02135663395911025,1.7381279070940923
MU,2025-06-09,110.94999694824219,U2,Uptrend,Medium,0.022015470186045993,1.8592397821135902
MU,2025-06-10,114.13999938964844,U2,Uptrend,Medium,0.028751712745826996,2.037460623029167
MU,2025-06-11,116.02999877929688,U2,Uptrend,Medium,0.016558606971745382,2.10763583763319
MU,2025-06-12,116.18000030517578,U2,Uptrend,Medium,0.0012927822757649032,2.0428182296131214
MU,2025-06-13,115.5999984741211,U2,Uptrend,Medium,-0.0049922691472815695,1.9361859958763172
MU,2025-06-16,119.83999633789062,U2,Uptrend,Medium,0.03667818269667822,2.1478084303829608
MU,2025-06-17,120.33999633789062,U2,Uptrend,Medium,0.0041722297670157005,2.0745733869962346
MU,2025-06-18,121.81999969482422,U2,Uptrend,Medium,0.012298515888084616,2.0694298351667135
MU,2025-06-20,123.5999984741211,U2,Uptrend,Medium,0.014611712229157803,2.072402905102159
MU,2025-06-23,122.08000183105469,U2,Uptrend,Medium,-0.012297707619993714,1.8874744030711343
MU,2025-06-24,127.91000366210938,U2,Uptrend,Medium,0.047755584400488216,2.1128272051550483
MU,2025-06-25,127.25,U2,Uptrend,Medium,-0.005159906521876589,1.968965728017236
MU,2025-06-26,126.0,U2,Uptrend,Medium,-0.00982318271119842,1.811197888535732
MU,2025-06-27,124.76000213623047,U2,Uptrend,Medium,-0.009841252887059726,1.6708682467639389
MU,2025-06-30,123.25,U2,Uptrend,Medium,-0.01210325513285615,1.5299682843033116
MU,2025-07-01,120.88999938964844,U2,Uptrend,Medium,-0.019148077974454836,1.3579570363486322
MU,2025-07-02,121.73999786376953,U2,Uptrend,Medium,0.007031172788589446,1.3582907468882448
MU,2025-07-03,122.29000091552734,U2,Uptrend,Medium,0.0045178500197879945,1.3417189322754188
MU,2025-07-07,119.91999816894531,U2,Uptrend,Medium,-0.019380184224703112,1.184633037981455
MU,2025-07-08,124.41999816894531,U2,Uptrend,Medium,0.03752501725075352,1.3673537024548943
MU,2025-07-09,122.23999786376953,U2,Uptrend,Medium,-0.017521301537198553,1.216453450539263
MU,2025-07-10,123.11000061035156,U2,Uptrend,Medium,0.0071171691900027145,1.2238277456397928
MU,2025-07-11,124.52999877929688,U2,Uptrend,Medium,0.011534385199458042,1.2585449154366215
MU,2025-07-14,118.61000061035156,U2,Uptrend,Medium,-0.047538731446045035,0.9190637139149788
MU,2025-07-15,120.11000061035156,U2,Uptrend,Medium,0.012646488426618196,0.9705386973104647
MU,2025-07-16,116.43000030517578,U2,Uptrend,Medium,-0.03063858368558381,0.7462898535043276
MU,2025-07-17,113.26000213623047,U2,Uptrend,Medium,-0.027226643997564248,0.5456052705919654
MU,2025-07-18,114.38999938964844,U2,Uptrend,Medium,0.00997701953120922,0.5853988592744935
MU,2025-07-21,113.2300033569336,U2,Uptrend,Medium,-0.010140711940766156,0.4911837058637817
MU,2025-07-22,109.22000122070312,U2,Uptrend,Medium,-0.0354146605788731,0.22074745258389575
MU,2025-07-23,109.83000183105469,U2,Uptrend,Medium,0.005585063207597996,0.23271263990128893
MU,2025-07-24,111.7300033569336,U2,Uptrend,Medium,0.01729947641084051,0.3270444530031358
MU,2025-07-25,111.26000213623047,U2,Uptrend,Medium,-0.004206580207481547,0.26761875045634365
MU,2025-07-28,111.25,U2,Uptrend,Medium,-8.989876000742303e-05,0.23694378682287917
MU,2025-07-29,111.95999908447266,U2,Uptrend,Medium,0.006382014242450884,0.25670686532274595
MU,2025-07-30,114.73999786376953,U2,Uptrend,Medium,0.02483028583449154,0.43312127852463933
MU,2025-07-31,109.13999938964844,U2,Uptrend,Medium,-0.04880598377533485,-0.02748445330529561
MU,2025-08-01,104.87999725341797,U2,Uptrend,Medium,-0.0390324551956569,-0.4137671901989361
MU,2025-08-04,107.7699966430664,U2,Uptrend,Medium,0.027555296198811252,-0.21961915675269467
MU,2025-08-05,109.05999755859375,U2,Uptrend,Medium,0.01196994484281011,-0.1488108657476193
MU,2025-08-06,108.77999877929688,U2,Uptrend,Medium,-0.0025673829595167508,-0.21796055566176342
MU,2025-08-07,111.87000274658203,U2,Uptrend,Medium,0.028405993766873028,0.043490085108285705
MU,2025-08-08,118.88999938964844,U2,Uptrend,Medium,0.0627513763360561,0.6967914752686151
MU,2025-08-11,123.72000122070312,U2,Uptrend,Medium,0.040625804153845646,1.137430015165595
MU,2025-08-12,127.75,U2,Uptrend,Medium,0.03257354299655879,1.4914846457182156
MU,2025-08-13,124.2699966430664,U2,Uptrend,Medium,-0.0272407307783451,1.1099579808929851
MU,2025-08-14,125.29000091552734,U2,Uptrend,Medium,0.008207968938718446,1.1759270631891263
MU,2025-08-15,120.87000274658203,U2,Uptrend,Medium,-0.03527813980882122,0.7020902626691
MU,2025-08-18,123.55000305175781,U2,Uptrend,Medium,0.022172584134003248,0.9528876156789032
MU,2025-08-19,122.05000305175781,U2,Uptrend,Medium,-0.012140833370692938,0.7721430137470184
MU,2025-08-20,117.20999908447266,U2,Uptrend,High,-0.03965591025206816,0.21080969577094696
MU,2025-08-21,115.79000091552734,U2,Uptrend,High,-0.012114991724570534,0.01123588901991057
MU,2025-08-22,117.68000030517578,U2,Uptrend,High,0.016322647678595814,0.20442944325958404
MU,2025-08-25,116.41999816894531,U2,Uptrend,High,-0.01070702016453895,0.005106638086497884
MU,2025-08-26,116.5,U2,Uptrend,High,0.0006871828922261347,-0.035710969927346105
MU,2025-08-27,117.75,U2,Uptrend,High,0.010729613733905685,0.103397571548881
MU,2025-08-28,122.0,U2,Uptrend,Medium,0.03609341825902335,0.7341058946226318
MU,2025-08-29,119.01000213623047,U2,Uptrend,Medium,-0.02450817921122561,0.22457633294074694
MU,2025-09-02,118.4800033569336,U2,Uptrend,Medium,-0.004453396939613441,0.10531924075606176
MU,2025-09-03,118.72000122070312,U2,Uptrend,Medium,0.002025640251262617,0.12021236487930906
MU,2025-09-04,124.20999908447266,U2,Uptrend,Medium,0.04624324298618809,1.0549897292461239
MU,2025-09-05,131.3699951171875,U2,Uptrend,High,0.057644280536911285,2.1879405678062307
MU,2025-09-08,131.4600067138672,U2,Uptrend,Medium,0.0006851762200295042,2.0806055908863765
MU,2025-09-09,135.24000549316406,U2,Uptrend,Medium,0.028753982855974858,2.506298024899508
MU,2025-09-10,140.0,U2,Uptrend,Medium,0.0351966453230923,2.943553391508669
MU,2025-09-11,150.57000732421875,U2,Uptrend,High,0.07550005231584822,3.803402699180345
MU,2025-09-12,157.22999572753906,U2,Uptrend,High,0.044231839538796835,3.9103024637254387
