ticker,date,price,sax_symbol,trend,volatility,daily_return,zscore
NVDA,2020-01-03,5.901750087738037,D2,Downtrend,Unknown,-0.016005955704448183,0.0
NVDA,2020-01-06,5.926499843597412,D2,Downtrend,Unknown,0.004193629938820553,0.0
NVDA,2020-01-07,5.9982500076293945,D2,Downtrend,Unknown,0.012106667666497373,0.0
NVDA,2020-01-08,6.009500026702881,D2,Downtrend,Unknown,0.0018755502120080259,0.0
NVDA,2020-01-09,6.075500011444092,D2,Downtrend,Unknown,0.010982608278216732,0.0
NVDA,2020-01-10,6.107999801635742,D2,Downtrend,Unknown,0.005349319419049037,0.0
NVDA,2020-01-13,6.299499988555908,D2,Downtrend,Unknown,0.031352356440627505,0.0
NVDA,2020-01-14,6.182000160217285,D2,Downtrend,Unknown,-0.018652246773883774,0.0
NVDA,2020-01-15,6.139249801635742,D2,Downtrend,Unknown,-0.006915295612033856,0.0
NVDA,2020-01-16,6.223249912261963,D2,Downtrend,Unknown,0.01368247152996438,0.0
NVDA,2020-01-17,6.23199987411499,D2,Downtrend,Unknown,0.00140601164606724,0.0
NVDA,2020-01-21,6.198500156402588,D2,Downtrend,Unknown,-0.005375436198506001,0.0
NVDA,2020-01-22,6.252749919891357,D2,Downtrend,Unknown,0.008752079070730279,0.0
NVDA,2020-01-23,6.321499824523926,D2,Downtrend,Unknown,0.0109951470174523,0.0
NVDA,2020-01-24,6.26200008392334,D2,Downtrend,Unknown,-0.009412282251398563,0.0
NVDA,2020-01-27,6.005000114440918,D2,Downtrend,Unknown,-0.041041195470793324,0.0
NVDA,2020-01-28,6.199250221252441,D2,Downtrend,Unknown,0.03234806046787364,0.0
NVDA,2020-01-29,6.138500213623047,D2,Downtrend,Unknown,-0.00979957340988269,0.0
NVDA,2020-01-30,6.145249843597412,D2,Downtrend,Unknown,0.0010995568525657973,0.0
NVDA,2020-01-31,5.910749912261963,D2,Downtrend,Medium,-0.03815954392477128,0.0
NVDA,2020-02-03,6.0082502365112305,D2,Downtrend,Medium,0.016495423710450208,0.0
NVDA,2020-02-04,6.178249835968018,D2,Downtrend,Medium,0.02829436071482605,0.0
NVDA,2020-02-05,6.269000053405762,D2,Downtrend,Medium,0.014688661003869008,0.0
NVDA,2020-02-06,6.356249809265137,D2,Downtrend,Medium,0.013917651159051303,0.0
NVDA,2020-02-07,6.289750099182129,D2,Downtrend,Medium,-0.010462098262103425,0.0
NVDA,2020-02-10,6.574250221252441,D2,Downtrend,Medium,0.04523234112390351,0.0
NVDA,2020-02-11,6.697249889373779,D2,Downtrend,Medium,0.018709307370705197,0.0
NVDA,2020-02-12,6.813499927520752,D2,Downtrend,Medium,0.0173578767504885,0.0
NVDA,2020-02-13,6.769499778747559,D2,Downtrend,Medium,-0.006457789570888495,0.0
NVDA,2020-02-14,7.244750022888184,D2,Downtrend,Medium,0.07020463249480335,0.0
NVDA,2020-02-18,7.414249897003174,D2,Downtrend,Medium,0.02339623500872956,0.0
NVDA,2020-02-19,7.867499828338623,D2,Downtrend,Medium,0.06113227064529503,0.0
NVDA,2020-02-20,7.71750020980835,D2,Downtrend,Medium,-0.019065728859627873,0.0
NVDA,2020-02-21,7.351749897003174,D2,Downtrend,High,-0.04739232949295358,0.0
NVDA,2020-02-24,6.831999778747559,D2,Downtrend,High,-0.07069747006321359,0.0
NVDA,2020-02-25,6.551249980926514,D2,Downtrend,High,-0.04109335581280005,0.0
NVDA,2020-02-26,6.691249847412109,D2,Downtrend,High,0.021369947245669874,0.0
NVDA,2020-02-27,6.315000057220459,D2,Downtrend,High,-0.056230121243666886,0.0
NVDA,2020-02-28,6.7517499923706055,D2,Downtrend,High,0.06916071752854136,0.0
NVDA,2020-03-02,6.910749912261963,D2,Downtrend,High,0.023549438304295345,0.0
NVDA,2020-03-03,6.647250175476074,D2,Downtrend,High,-0.038128964313750235,0.0
NVDA,2020-03-04,7.112750053405762,D2,Downtrend,High,0.07002893913141284,0.0
NVDA,2020-03-05,6.832250118255615,D2,Downtrend,High,-0.039436214269308656,0.0
NVDA,2020-03-06,6.651000022888184,D2,Downtrend,High,-0.026528609496179856,0.0
NVDA,2020-03-09,6.136000156402588,D2,Downtrend,High,-0.07743194477722437,0.0
NVDA,2020-03-10,6.5269999504089355,D2,Downtrend,High,0.0637222594589344,0.0
NVDA,2020-03-11,6.161749839782715,D2,Downtrend,High,-0.05595987642122424,0.0
NVDA,2020-03-12,5.407750129699707,D2,Downtrend,High,-0.12236778994416242,0.0
NVDA,2020-03-13,6.020999908447266,D2,Downtrend,High,0.11340201822187601,0.0
NVDA,2020-03-16,4.909999847412109,D2,Downtrend,High,-0.1845208566564599,0.0
NVDA,2020-03-17,5.4317498207092285,D2,Downtrend,High,0.10626272698809047,0.0
NVDA,2020-03-18,5.070499897003174,D2,Downtrend,High,-0.0665070991172576,0.0
NVDA,2020-03-19,5.324250221252441,D2,Downtrend,High,0.05004443928679336,0.0
NVDA,2020-03-20,5.143750190734863,D2,Downtrend,High,-0.033901492795565535,0.0
NVDA,2020-03-23,5.317249774932861,D2,Downtrend,High,0.03373017307693371,0.0
NVDA,2020-03-24,6.229499816894531,D2,Downtrend,High,0.17156426359022947,0.0
NVDA,2020-03-25,6.140500068664551,D2,Downtrend,High,-0.014286820907934095,0.0
NVDA,2020-03-26,6.431000232696533,D2,Downtrend,High,0.04730887725487176,0.0
NVDA,2020-03-27,6.3182501792907715,D2,Downtrend,High,-0.01753227325860096,0.032720932104485186
NVDA,2020-03-30,6.639750003814697,D2,Downtrend,High,0.050884313757897814,0.5625903958604703
NVDA,2020-03-31,6.590000152587891,D2,Downtrend,High,-0.0074927295753942635,0.459300549183063
NVDA,2020-04-01,6.076749801635742,D2,Downtrend,High,-0.07788320774933444,-0.4231063505649874
NVDA,2020-04-02,6.386750221252441,D2,Downtrend,High,0.051014181879473375,0.09709675290947033
NVDA,2020-04-03,6.097750186920166,D2,Downtrend,High,-0.045249935306786226,-0.40228139016431896
NVDA,2020-04-06,6.710000038146973,D2,Downtrend,High,0.10040585994160578,0.6312472062942971
NVDA,2020-04-07,6.475749969482422,D2,Downtrend,High,-0.034910591256753665,0.2188343724573616
NVDA,2020-04-08,6.673749923706055,D2,Downtrend,High,0.030575602078018127,0.5469494216143291
NVDA,2020-04-09,6.573750019073486,D2,Downtrend,High,-0.01498406529698626,0.36422453857099385
NVDA,2020-04-13,6.746250152587891,D2,Downtrend,High,0.026240750410937652,0.6409497597911029
NVDA,2020-04-14,7.098750114440918,D2,Downtrend,High,0.0522512438584577,1.2038882940040536
NVDA,2020-04-15,7.020999908447266,D2,Downtrend,High,-0.01095266134745132,1.0411271838176421
NVDA,2020-04-16,7.367499828338623,D2,Downtrend,High,0.04935193340117672,1.5565056685100653
NVDA,2020-04-17,7.308000087738037,D2,Downtrend,High,-0.008075974480749037,1.406378466236674
NVDA,2020-04-20,7.176249980926514,D2,Downtrend,High,-0.018028202686065198,1.1576286785932328
NVDA,2020-04-21,6.737750053405762,D2,Downtrend,High,-0.06110432728600934,0.44528643113891103
NVDA,2020-04-22,7.153749942779541,D2,Downtrend,High,0.06174166243574164,1.0716725671744765
NVDA,2020-04-23,7.100249767303467,D2,Downtrend,High,-0.007478619731470126,0.957077071744693
NVDA,2020-04-24,7.239749908447266,D2,Downtrend,High,0.01964721604389119,1.1379995652347998
NVDA,2020-04-27,7.427000045776367,D2,Downtrend,High,0.0258641720635433,1.3777947585360055
NVDA,2020-04-28,7.283999919891357,D2,Downtrend,High,-0.01925408980794774,1.1190646404749836
NVDA,2020-04-29,7.46150016784668,D2,Downtrend,High,0.024368513166865835,1.3413711029083808
NVDA,2020-04-30,7.307000160217285,D2,Downtrend,High,-0.020706292857188502,1.0706019261860644
NVDA,2020-05-01,7.069499969482422,D2,Downtrend,High,-0.03250310462943806,0.6904163066557579
NVDA,2020-05-04,7.282249927520752,D2,Downtrend,High,0.03009406025273753,0.9808276850277836
NVDA,2020-05-05,7.343500137329102,D2,Downtrend,High,0.008410890922168957,1.0387133365981467
NVDA,2020-05-06,7.44474983215332,D2,Downtrend,High,0.013787661596074363,1.1542171604662168
NVDA,2020-05-07,7.6217498779296875,D2,Downtrend,High,0.023775150242378418,1.3689362565947576
NVDA,2020-05-08,7.8125,D2,Downtrend,High,0.02502707713128549,1.5855463313019857
NVDA,2020-05-11,8.065500259399414,D2,Downtrend,High,0.03238403320312511,1.8552752257967169
NVDA,2020-05-12,7.802499771118164,D2,Downtrend,High,-0.0326080813120988,1.4610788007931153
NVDA,2020-05-13,7.78000020980835,D2,Downtrend,High,-0.002883634984918393,1.408561872332694
NVDA,2020-05-14,8.030500411987305,D2,Downtrend,Medium,0.032197968563438595,1.7298972269186115
NVDA,2020-05-15,8.490750312805176,D2,Downtrend,High,0.0573127298680971,2.254826482077823
NVDA,2020-05-18,8.750249862670898,D2,Downtrend,High,0.03056261700151075,2.4379640452210114
NVDA,2020-05-19,8.805500030517578,D2,Downtrend,Medium,0.006314124592302184,2.34574813353829
NVDA,2020-05-20,8.970000267028809,D2,Downtrend,Medium,0.018681532671752432,2.3691522782011716
NVDA,2020-05-21,8.775250434875488,D2,Downtrend,Medium,-0.021711240396409592,2.0373528690850238
NVDA,2020-05-22,9.026249885559082,D2,Downtrend,Medium,0.02860310968289248,2.1710733097548194
NVDA,2020-05-26,8.71774959564209,D2,Downtrend,Medium,-0.03417812422970423,1.7699620979348023
NVDA,2020-05-27,8.525250434875488,D2,Downtrend,Medium,-0.022081290435645218,1.5188326272097135
NVDA,2020-05-28,8.487000465393066,D2,Downtrend,Medium,-0.004486668136568395,1.426741053495052
NVDA,2020-05-29,8.875499725341797,D2,Downtrend,Medium,0.04577580283315541,1.7276372487481564
NVDA,2020-06-01,8.806249618530273,D2,Downtrend,Medium,-0.007802389606727966,1.5958200889891803
NVDA,2020-06-02,8.825249671936035,D2,Downtrend,Medium,0.0021575647101554907,1.5489509088800293
NVDA,2020-06-03,8.769499778747559,D2,Downtrend,Medium,-0.006317089630422434,1.442248556531913
NVDA,2020-06-04,8.766500473022461,D2,Downtrend,Medium,-0.00034201559960878036,1.386509920758015
NVDA,2020-06-05,8.920000076293945,D2,Downtrend,Medium,0.017509792390230983,1.4638313500290825
NVDA,2020-06-08,8.805000305175781,D2,Downtrend,Medium,-0.012892350911945738,1.3237757524405243
NVDA,2020-06-09,9.045999526977539,D2,Downtrend,Medium,0.02737072270856067,1.4781274125185329
NVDA,2020-06-10,9.36674976348877,D2,Downtrend,Medium,0.035457688844076296,1.7158434027239373
NVDA,2020-06-11,8.796250343322754,D2,Downtrend,Medium,-0.06090687106746462,1.1817678776293548
NVDA,2020-06-12,8.932499885559082,D2,Downtrend,Medium,0.015489502562845425,1.280156076873809
NVDA,2020-06-15,9.173749923706055,D2,Downtrend,Medium,0.02700812104537431,1.4688432150986117
NVDA,2020-06-16,9.068499565124512,D2,Downtrend,Medium,-0.011472991901552043,1.3515128133887464
NVDA,2020-06-17,9.236000061035156,D2,Downtrend,Medium,0.01847058542681257,1.4895809542447063
NVDA,2020-06-18,9.218000411987305,D2,Downtrend,Medium,-0.0019488576146494685,1.4247920215782686
NVDA,2020-06-19,9.261249542236328,D2,Downtrend,Medium,0.004691812574968202,1.424102560422917
NVDA,2020-06-22,9.526749610900879,D2,Downtrend,Medium,0.02866784524633803,1.6275523148282904
NVDA,2020-06-23,9.449999809265137,D2,Downtrend,Medium,-0.008056242136134428,1.501840002391726
NVDA,2020-06-24,9.23550033569336,D2,Downtrend,Medium,-0.02269835744985671,1.2469685946241302
NVDA,2020-06-25,9.489999771118164,D2,Downtrend,Medium,0.0275566483865759,1.4495742129953681
NVDA,2020-06-26,9.154999732971191,D2,Downtrend,Medium,-0.03530032099331659,1.091010096269785
NVDA,2020-06-29,9.199999809265137,D2,Downtrend,Medium,0.00491535528197562,1.1061718480817098
NVDA,2020-06-30,9.497750282287598,D2,Downtrend,Medium,0.03236418252124329,1.3858047572786834
NVDA,2020-07-01,9.529999732971191,D2,Downtrend,Medium,0.003395483111799269,1.3767202119701594
NVDA,2020-07-02,9.612250328063965,D2,Downtrend,Medium,0.008630702769928611,1.4268699432059522
NVDA,2020-07-06,9.839249610900879,D2,Downtrend,Medium,0.023615623302502442,1.6194646238617803
NVDA,2020-07-07,9.871749877929688,D2,Downtrend,Medium,0.003303124558686088,1.6101147069867232
NVDA,2020-07-08,10.215999603271484,D2,Downtrend,Medium,0.03487220904081423,1.913678217027959
NVDA,2020-07-09,10.508999824523926,D2,Downtrend,Medium,0.028680523945851855,2.1230991483719697
NVDA,2020-07-10,10.479249954223633,D2,Downtrend,Medium,-0.0028308945472497182,2.002303297497798
NVDA,2020-07-13,10.052249908447266,D2,Downtrend,Medium,-0.0407471954234917,1.4999207224607256
NVDA,2020-07-14,10.376999855041504,D2,Downtrend,Medium,0.03230619508587229,1.7637251182564342
NVDA,2020-07-15,10.227250099182129,D2,Downtrend,Medium,-0.014430929743785348,1.5562826953417666
NVDA,2020-07-16,10.134750366210938,D2,Downtrend,Medium,-0.009044438346001549,1.4297531892647646
NVDA,2020-07-17,10.201499938964844,D2,Downtrend,Medium,0.006586207882973483,1.4559381140135643
NVDA,2020-07-20,10.510749816894531,D2,Downtrend,Medium,0.03031415770033008,1.726154355810662
NVDA,2020-07-21,10.328499794006348,D2,Downtrend,Medium,-0.017339393103548373,1.489666974055991
NVDA,2020-07-22,10.438750267028809,D2,Downtrend,Medium,0.010674393689434014,1.5551597590601567
NVDA,2020-07-23,10.12975025177002,D2,Downtrend,Medium,-0.029601246064366316,1.1953314574853378
NVDA,2020-07-24,10.194499969482422,D2,Downtrend,Medium,0.006392034956744119,1.2307668750920584
NVDA,2020-07-27,10.421500205993652,D2,Downtrend,Medium,0.02226693189374296,1.4436256787547337
NVDA,2020-07-28,10.215499877929688,D2,Downtrend,Medium,-0.01976685928053712,1.1970826276958302
NVDA,2020-07-29,10.465499877929688,D2,Downtrend,Medium,0.02447261543609014,1.4578132803982964
NVDA,2020-07-30,10.61400032043457,D2,Downtrend,Medium,0.014189522166834001,1.602756440432651
NVDA,2020-07-31,10.614749908447266,D2,Downtrend,Medium,7.062257302292707e-05,1.574545690062448
NVDA,2020-08-03,11.010250091552734,D2,Downtrend,Medium,0.037259491416818724,1.9996091851270317
NVDA,2020-08-04,11.227749824523926,D2,Downtrend,Medium,0.019754295421323897,2.1786096866318823
NVDA,2020-08-05,11.286749839782715,D2,Downtrend,Medium,0.005254838786122651,2.1499734441793468
NVDA,2020-08-06,11.33549976348877,D2,Downtrend,Medium,0.004319217170404954,2.130742956457271
NVDA,2020-08-07,11.19950008392334,D2,Downtrend,Medium,-0.011997678302943404,1.9150073641543184
NVDA,2020-08-10,11.164999961853027,D2,Downtrend,Medium,-0.003080505541478318,1.8164964335742284
NVDA,2020-08-11,10.850000381469727,D2,Downtrend,Medium,-0.02821312865737091,1.3876339382101603
NVDA,2020-08-12,11.440250396728516,D2,Downtrend,Medium,0.05440092115267148,2.002382259587705
NVDA,2020-08-13,11.442999839782715,D2,Downtrend,Medium,0.00024033067099527017,1.9119167642054546
NVDA,2020-08-14,11.564000129699707,D2,Downtrend,Medium,0.010574175619256998,1.9511046655260147
NVDA,2020-08-17,12.336999893188477,D2,Downtrend,Medium,0.06684536101858751,2.623516044095258
NVDA,2020-08-18,12.260749816894531,D2,Downtrend,Medium,-0.00618060119592323,2.377516497287894
NVDA,2020-08-19,12.138500213623047,D2,Downtrend,Medium,-0.00997080970553954,2.1349417544405274
NVDA,2020-08-20,12.140999794006348,D2,Downtrend,Medium,0.00020592168219391027,2.0405486750602866
NVDA,2020-08-21,12.683500289916992,D2,Downtrend,Medium,0.04468334610947444,2.4274277273707683
NVDA,2020-08-24,12.720250129699707,D2,Downtrend,Medium,0.0028974525125315953,2.316909074465234
NVDA,2020-08-25,12.75,D2,Downtrend,Medium,0.0023387802910284083,2.216878824095781
NVDA,2020-08-26,12.77299976348877,D2,Downtrend,Medium,0.0018039030187271266,2.123088501935548
NVDA,2020-08-27,12.628250122070312,D2,Downtrend,Medium,-0.011332470374909032,1.9098488100941944
NVDA,2020-08-28,13.147749900817871,D2,Downtrend,Medium,0.04113790697252906,2.230385907242917
NVDA,2020-08-31,13.374500274658203,D2,Downtrend,Medium,0.01724632545879401,2.282598809346687
NVDA,2020-09-01,13.821000099182129,D2,Downtrend,Medium,0.03338441178022533,2.4783163874872254
NVDA,2020-09-02,14.346500396728516,D2,Downtrend,Medium,0.03802187206246277,2.6739758094866506
NVDA,2020-09-03,13.01550006866455,D2,Downtrend,High,-0.09277526164969663,1.6237030110521822
NVDA,2020-09-04,12.6225004196167,D2,Downtrend,High,-0.03019474065341654,1.2963523422798768
NVDA,2020-09-08,11.913000106811523,D2,Downtrend,High,-0.056209173239759824,0.7517117045604214
NVDA,2020-09-09,12.71500015258789,D2,Downtrend,High,0.06732141682075587,1.2994134244995341
NVDA,2020-09-10,12.311750411987305,D2,Downtrend,High,-0.031714489639114385,0.9704821228898904
NVDA,2020-09-11,12.16450023651123,D2,Downtrend,High,-0.01196013325064682,0.832183309002397
NVDA,2020-09-14,12.872249603271484,D2,Downtrend,High,0.05818154079490867,1.320054403566752
NVDA,2020-09-15,12.991000175476074,D2,Downtrend,High,0.009225316154094054,1.363730760062882
NVDA,2020-09-16,12.51449966430664,D2,Downtrend,High,-0.036679278326002485,0.9726122231112942
NVDA,2020-09-17,12.463500022888184,D2,Downtrend,High,-0.004075244139717049,0.9039064766169561
NVDA,2020-09-18,12.189249992370605,D2,Downtrend,High,-0.02200425482520485,0.668540943152842
NVDA,2020-09-21,12.517250061035156,D2,Downtrend,High,0.02690896231268125,0.894017903137857
NVDA,2020-09-22,12.637749671936035,D2,Downtrend,High,0.009626684001143415,0.9612066762536179
NVDA,2020-09-23,12.123749732971191,D2,Downtrend,High,-0.04067179302548263,0.5240304749619894
NVDA,2020-09-24,12.347999572753906,D2,Downtrend,High,0.01849673943473573,0.6825355864283374
NVDA,2020-09-25,12.873749732971191,D2,Downtrend,High,0.04257775983223744,1.0923081202929597
NVDA,2020-09-28,13.03499984741211,D2,Downtrend,High,0.012525497060731139,1.195807444749819
NVDA,2020-09-29,13.225749969482422,D2,Downtrend,High,0.014633688093842467,1.3194999107442906
NVDA,2020-09-30,13.530500411987305,D2,Downtrend,High,0.023042205032461238,1.5330465655297834
NVDA,2020-10-01,13.614500045776367,D2,Downtrend,High,0.006208169042635214,1.5485512783449424
NVDA,2020-10-02,13.062250137329102,D2,Downtrend,High,-0.040563363075428516,1.0369740759953683
NVDA,2020-10-05,13.642499923706055,D2,Downtrend,High,0.044421885990280074,1.4830347208496704
NVDA,2020-10-06,13.736499786376953,D2,Downtrend,High,0.0068902227008671435,1.5146811300912857
NVDA,2020-10-07,13.96399974822998,D2,Downtrend,Medium,0.016561712619007185,1.6470084151016298
NVDA,2020-10-08,13.838749885559082,D2,Downtrend,Medium,-0.008969483309162474,1.490784863076004
NVDA,2020-10-09,13.762749671936035,D2,Downtrend,Medium,-0.0054918409720197126,1.3851659151293763
NVDA,2020-10-12,14.22599983215332,D2,Downtrend,Medium,0.03365970981524935,1.725108869656116
NVDA,2020-10-13,14.248250007629395,D2,Downtrend,Medium,0.0015640500308304883,1.680844842969796
NVDA,2020-10-14,14.095250129699707,D2,Downtrend,Medium,-0.010738152253628508,1.5034426929358928
NVDA,2020-10-15,13.970000267028809,D2,Downtrend,Medium,-0.008885962399985181,1.3554283209615596
NVDA,2020-10-16,13.81149959564209,D2,Downtrend,Medium,-0.01134578871560965,1.1911099756117305
NVDA,2020-10-19,13.497750282287598,D2,Downtrend,Medium,-0.02271652771531696,0.8895893431966547
NVDA,2020-10-20,13.645500183105469,D2,Downtrend,Medium,0.010946261245605937,0.9995650087807781
NVDA,2020-10-21,13.524749755859375,D2,Downtrend,Medium,-0.008849102314006374,0.8667474064472347
NVDA,2020-10-22,13.361000061035156,D2,Downtrend,Medium,-0.012107410324045165,0.6845642958632715
NVDA,2020-10-23,13.590250015258789,D2,Downtrend,Medium,0.017158143340796572,0.8939659685730296
NVDA,2020-10-26,13.141249656677246,D2,Downtrend,Medium,-0.033038417842013,0.3990335762757007
NVDA,2020-10-27,13.396750450134277,D2,Downtrend,Medium,0.019442655769591033,0.6520969954451409
NVDA,2020-10-28,12.626999855041504,D2,Downtrend,Medium,-0.057458008041424535,-0.24156418666676405
NVDA,2020-10-29,13.02400016784668,D2,Downtrend,Medium,0.031440589004732455,0.18669507661705412
NVDA,2020-10-30,12.534000396728516,D2,Downtrend,Medium,-0.03762283206413519,-0.42775527339857794
NVDA,2020-11-02,12.580750465393066,D2,Downtrend,Medium,0.0037298601551627453,-0.4135837531218621
NVDA,2020-11-03,13.019499778747559,D2,Downtrend,Medium,0.03487465350826224,0.10461521371324993
NVDA,2020-11-04,13.794249534606934,D2,Downtrend,Medium,0.059506875765230394,1.123402899196792
NVDA,2020-11-05,14.15999984741211,D2,Downtrend,Medium,0.026514694539023997,1.601140231783447
NVDA,2020-11-06,14.562000274658203,D2,Downtrend,Medium,0.028389860987150017,2.112134522553099
NVDA,2020-11-09,13.630749702453613,D2,Downtrend,High,-0.06395073167422038,0.7579561295787498
NVDA,2020-11-10,12.770000457763672,D2,Downtrend,High,-0.06314760842061395,-0.5371378435949554
NVDA,2020-11-11,13.418000221252441,D2,Downtrend,High,0.0507439107486336,0.41157532050312573
NVDA,2020-11-12,13.45674991607666,D2,Downtrend,High,0.0028878889689420983,0.4454644412307262
NVDA,2020-11-13,13.29699993133545,D2,Downtrend,High,-0.011871364611625856,0.17181933835337454
NVDA,2020-11-16,13.515250205993652,D2,Downtrend,High,0.01641349746448295,0.49731641178845837
NVDA,2020-11-17,13.422249794006348,D2,Downtrend,High,-0.006881146154886664,0.33224849067795653
NVDA,2020-11-18,13.428750038146973,D2,Downtrend,High,0.0004842887176430555,0.3258145704596126
NVDA,2020-11-19,13.440250396728516,D2,Downtrend,High,0.000856398290896232,0.32760789055181366
NVDA,2020-11-20,13.087750434875488,D2,Downtrend,High,-0.02622718710202221,-0.2535655061336315
NVDA,2020-11-23,13.140000343322754,D2,Downtrend,High,0.003992275731972583,-0.1686663524132343
NVDA,2020-11-24,12.95775032043457,D2,Downtrend,High,-0.013869864393176834,-0.45215628225529303
NVDA,2020-11-25,13.234749794006348,D2,Downtrend,High,0.021377126948876723,0.012062649342720817
NVDA,2020-11-27,13.261249542236328,D2,Downtrend,High,0.0020022855469457035,0.08732622556483843
NVDA,2020-11-30,13.40149974822998,D2,Downtrend,High,0.01057594199905254,0.3121487048829635
NVDA,2020-12-01,13.390000343322754,D2,Downtrend,High,-0.0008580685089925044,0.27351531598850065
NVDA,2020-12-02,13.544500350952148,D2,Downtrend,High,0.011538461812395706,0.5103292398842889
NVDA,2020-12-03,13.395999908447266,D2,Downtrend,Medium,-0.010963892255681729,0.22958885910793156
NVDA,2020-12-04,13.558250427246094,D2,Downtrend,Medium,0.012111863235868991,0.4928792391317715
NVDA,2020-12-07,13.606749534606934,D2,Downtrend,Medium,0.0035770918689759235,0.5565015839016859
NVDA,2020-12-08,13.350000381469727,D2,Downtrend,Medium,-0.018869249594416382,0.057313558299965685
NVDA,2020-12-09,12.930749893188477,D2,Downtrend,Medium,-0.03140453006002786,-0.7356737998670437
NVDA,2020-12-10,12.972249984741211,D2,Downtrend,Medium,0.003209411046964483,-0.6825766853299896
NVDA,2020-12-11,13.013250350952148,D2,Downtrend,Medium,0.0031606210379204747,-0.6343658712928493
NVDA,2020-12-14,13.30875015258789,D2,Downtrend,Medium,0.022707609065103496,-0.09375012855953553
NVDA,2020-12-15,13.36050033569336,D2,Downtrend,Medium,0.0038884329867299172,-0.016515332077251116
NVDA,2020-12-16,13.242500305175781,D2,Downtrend,Medium,-0.008832006852492968,-0.29331164332785253
NVDA,2020-12-17,13.3412504196167,D2,Downtrend,Medium,0.007457059631127416,-0.1326053236086619
NVDA,2020-12-18,13.272000312805176,D2,Downtrend,Medium,-0.005190675883701257,-0.345733805871498
NVDA,2020-12-21,13.332249641418457,D2,Downtrend,Medium,0.004539581614924293,-0.22094382783487934
NVDA,2020-12-22,13.278249740600586,D2,Downtrend,Medium,-0.0040503217589110685,-0.36677642047999154
NVDA,2020-12-23,13.009249687194824,D2,Downtrend,Medium,-0.020258698146281007,-1.0195289096464026
NVDA,2020-12-24,12.993749618530273,D2,Downtrend,Medium,-0.001191465229528732,-1.0268896285875526
NVDA,2020-12-28,12.899999618530273,D2,Downtrend,Medium,-0.007215007426825015,-1.214095252686785
NVDA,2020-12-29,12.943249702453613,D2,Downtrend,Medium,0.003352719783124014,-1.099388924504744
NVDA,2020-12-30,13.145750045776367,D2,Downtrend,Medium,0.0156452473666151,-0.5912698136824851
NVDA,2020-12-31,13.055000305175781,D2,Downtrend,Medium,-0.006903352055575018,-0.7831801947701071
NVDA,2021-01-04,13.113499641418457,D2,Downtrend,Medium,0.004480990798558793,-0.6165360493745119
NVDA,2021-01-05,13.404749870300293,D2,Downtrend,Medium,0.022209954386389175,0.11499912690684971
NVDA,2021-01-06,12.614500045776367,D2,Downtrend,Medium,-0.05895297056417381,-1.760137911538147
NVDA,2021-01-07,13.343999862670898,D2,Downtrend,Medium,0.05783025995856139,0.0495164056467166
NVDA,2021-01-08,13.276749610900879,D2,Downtrend,Medium,-0.005039737144943213,-0.08382532503649168
NVDA,2021-01-11,13.621500015258789,D2,Downtrend,Medium,0.02596647631848481,0.8827277685111032
NVDA,2021-01-12,13.484749794006348,D2,Downtrend,Medium,-0.010039292375968456,0.5438381987276124
NVDA,2021-01-13,13.531749725341797,D2,Downtrend,Medium,0.003485413674960469,0.6999948083935281
NVDA,2021-01-14,13.200249671936035,D2,Downtrend,Medium,-0.024497944473872435,-0.23688376887514534
NVDA,2021-01-15,12.85949993133545,D2,Downtrend,Medium,-0.025813886030127575,-1.175757311252513
NVDA,2021-01-19,13.025250434875488,D2,Downtrend,Medium,0.012889342853538599,-0.6770750265190145
NVDA,2021-01-20,13.365750312805176,D2,Downtrend,Medium,0.026141522547465934,0.2996639568775196
NVDA,2021-01-21,13.867500305175781,D2,Downtrend,Medium,0.03753997947200172,1.6957176113680401
NVDA,2021-01-22,13.712499618530273,D2,Downtrend,Medium,-0.011177262176634395,1.2174236548056927
NVDA,2021-01-25,13.653249740600586,D2,Downtrend,Medium,-0.0043208663320304375,1.0318970838525638
NVDA,2021-01-26,13.435250282287598,D2,Downtrend,Medium,-0.01596685495796102,0.40336102895250536
NVDA,2021-01-27,12.917750358581543,D2,Downtrend,Medium,-0.03851807095758408,-1.05608257825661
NVDA,2021-01-28,13.050999641418457,D2,Downtrend,Medium,0.010315208077108728,-0.7300237289361415
NVDA,2021-01-29,12.989749908447266,D2,Downtrend,Medium,-0.004693106631986299,-0.9596461070269403
NVDA,2021-02-01,13.237000465393066,D2,Downtrend,Medium,0.019034281544174636,-0.22373411022474912
NVDA,2021-02-02,13.556750297546387,D2,Downtrend,Medium,0.024155761948432053,0.7725746724844781
NVDA,2021-02-03,13.530500411987305,D2,Downtrend,Medium,-0.0019362963086981821,0.7676363826375244
NVDA,2021-02-04,13.664250373840332,D2,Downtrend,Medium,0.009885071341081408,1.4672500247866582
NVDA,2021-02-05,13.590999603271484,D2,Downtrend,Medium,-0.005360760273324883,1.1931996423911624
NVDA,2021-02-08,14.438750267028809,D2,Downtrend,Medium,0.062375887609713576,3.8709142467376814
NVDA,2021-02-09,14.263250350952148,D2,Downtrend,Medium,-0.012154785755760122,2.9703212016170295
NVDA,2021-02-10,14.764249801635742,D2,Downtrend,Medium,0.03512519505416578,3.8679964311515995
NVDA,2021-02-11,15.250749588012695,D2,Downtrend,Medium,0.0329512025950045,4.240691924797141
NVDA,2021-02-12,14.961250305175781,D2,Downtrend,Medium,-0.018982626471322095,3.205812891792139
NVDA,2021-02-16,15.330249786376953,D2,Downtrend,Medium,0.0246636794167876,3.470431584063425
NVDA,2021-02-17,14.906000137329102,D2,Downtrend,Medium,-0.027674020642824537,2.502474038230827
NVDA,2021-02-18,14.829000473022461,D2,Downtrend,Medium,-0.0051656825169221765,2.227660458791956
NVDA,2021-02-19,14.92650032043457,D2,Downtrend,Medium,0.006574943981523473,2.2425908686675116
NVDA,2021-02-22,14.35575008392334,D2,Downtrend,Medium,-0.03823737810328298,1.2912066882927304
NVDA,2021-02-23,14.142000198364258,D2,Downtrend,Medium,-0.01488949614680568,0.925162172676885
NVDA,2021-02-24,14.49899959564209,D2,Downtrend,Medium,0.025243911205652836,1.428285350550056
NVDA,2021-02-25,13.307499885559082,D2,Downtrend,High,-0.08217806354316559,-0.40902123686743014
NVDA,2021-02-26,13.714500427246094,D2,Downtrend,High,0.030584297966342877,0.21043812224873162
NVDA,2021-03-01,13.841750144958496,D2,Downtrend,High,0.009278479984557109,0.3948018817131456
NVDA,2021-03-02,13.40625,D2,Downtrend,High,-0.03146279483430181,-0.2726052686869493
NVDA,2021-03-03,12.804750442504883,D2,Downtrend,High,-0.04486709985977566,-1.1705781852358794
NVDA,2021-03-04,12.37024974822998,D2,Downtrend,High,-0.03393277332704536,-1.7537180763285232
NVDA,2021-03-05,12.46150016784668,D2,Downtrend,High,0.007376602855553083,-1.5567155592261646
NVDA,2021-03-08,11.593250274658203,D2,Downtrend,High,-0.06967458825132034,-2.6078493406626193
NVDA,2021-03-09,12.52025032043457,D2,Downtrend,High,0.07996032379312168,-1.3209288341870609
NVDA,2021-03-10,12.468250274658203,D2,Downtrend,High,-0.004153275249736521,-1.3634669274739744
NVDA,2021-03-11,12.993499755859375,D2,Downtrend,High,0.04212696004897687,-0.6619144788374107
NVDA,2021-03-12,12.855999946594238,D2,Downtrend,High,-0.010582199703596529,-0.8307163717680905
NVDA,2021-03-15,13.19124984741211,D2,Downtrend,High,0.026077310377298435,-0.3817777023431764
NVDA,2021-03-16,13.291250228881836,D2,Downtrend,High,0.007580811721896508,-0.2503909217253264
NVDA,2021-03-17,13.3412504196167,D2,Downtrend,High,0.0037618876985863192,-0.18409992327034277
NVDA,2021-03-18,12.72249984741211,D2,Downtrend,High,-0.04637875407051739,-0.9846266890088009
NVDA,2021-03-19,12.845749855041504,D2,Downtrend,High,0.009687562122821625,-0.8074747566769678
NVDA,2021-03-22,13.186249732971191,D2,Downtrend,High,0.026506812118566536,-0.3596980570767346
NVDA,2021-03-23,13.07075023651123,D2,Downtrend,High,-0.008759086078217071,-0.512464290784888
NVDA,2021-03-24,12.642999649047852,D2,Downtrend,High,-0.032725786945918434,-1.057729144144887
NVDA,2021-03-25,12.535249710083008,D2,Downtrend,High,-0.008522497979580268,-1.1808784336654976
NVDA,2021-03-26,12.839249610900879,D2,Downtrend,High,0.024251603107143582,-0.7850890367465698
NVDA,2021-03-29,12.948249816894531,D2,Downtrend,High,0.00848960876195659,-0.6390111226403024
NVDA,2021-03-30,12.871749877929688,D2,Downtrend,High,-0.0059081296736357425,-0.7316159431129557
NVDA,2021-03-31,13.348250389099121,D2,Downtrend,High,0.03701909341685217,-0.12582352483167783
NVDA,2021-04-01,13.811750411987305,D2,Downtrend,High,0.034723653615810424,0.4597844990752901
NVDA,2021-04-05,13.987500190734863,D2,Downtrend,High,0.012724656434207171,0.6598526456801219
NVDA,2021-04-06,13.861499786376953,D2,Downtrend,Medium,-0.009008071681126495,0.48534542463261876
NVDA,2021-04-07,14.143500328063965,D2,Downtrend,Medium,0.020344157993939627,0.8254450126890914
NVDA,2021-04-08,14.317000389099121,D2,Downtrend,Medium,0.012267123202231112,1.0236506224107045
NVDA,2021-04-09,14.399999618530273,D2,Downtrend,Medium,0.00579724992494568,1.098062552504022
NVDA,2021-04-12,15.208999633789062,D2,Downtrend,Medium,0.056180558103470224,2.0057630965715463
NVDA,2021-04-13,15.679499626159668,D2,Downtrend,Medium,0.03093563046219816,2.4008761840659743
NVDA,2021-04-14,15.277000427246094,D2,Downtrend,Medium,-0.02567041095125544,1.8459439776731499
NVDA,2021-04-15,16.137250900268555,D2,Downtrend,Medium,0.05631016881352102,2.600042694133824
NVDA,2021-04-16,15.912500381469727,D2,Downtrend,Medium,-0.013927435359828766,2.218293160500572
NVDA,2021-04-19,15.361749649047852,D2,Downtrend,Medium,-0.03461119995090334,1.5972332834373508
NVDA,2021-04-20,15.171250343322754,D2,Downtrend,Medium,-0.012400885971794562,1.3614815458175322
NVDA,2021-04-21,15.36050033569336,D2,Downtrend,Medium,0.012474251501221723,1.4895838031407356
NVDA,2021-04-22,14.850250244140625,D2,Downtrend,Medium,-0.03321832495046151,0.9706858728079134
NVDA,2021-04-23,15.265250205993652,D2,Downtrend,Medium,0.027945654452306012,1.317232259657473
NVDA,2021-04-26,15.477999687194824,D2,Downtrend,Medium,0.013936848615664355,1.4600098991275812
NVDA,2021-04-27,15.381750106811523,D2,Downtrend,Medium,-0.006218476697795072,1.3214123133329236
NVDA,2021-04-28,15.276749610900879,D2,Downtrend,Medium,-0.0068263035858414645,1.1830437816805617
NVDA,2021-04-29,15.324749946594238,D2,Downtrend,Medium,0.003142051608878038,1.1869194809052026
NVDA,2021-04-30,15.009499549865723,D2,Downtrend,Medium,-0.020571324023370252,0.8747905371849366
NVDA,2021-05-03,14.836750030517578,D2,Downtrend,Medium,-0.011509345716306019,0.6992726091066965
NVDA,2021-05-04,14.351249694824219,D2,Downtrend,Medium,-0.03272282236303359,0.25215698224795263
NVDA,2021-05-05,14.458499908447266,D2,Downtrend,Medium,0.00747323166300462,0.3482302164451428
NVDA,2021-05-06,14.52299976348877,D2,Downtrend,Medium,0.004461033679145299,0.40185377239786246
NVDA,2021-05-07,14.812250137329102,D2,Downtrend,Medium,0.019916709946351085,0.660505551292984
NVDA,2021-05-10,14.26574993133545,D2,Downtrend,Medium,-0.03689515103558705,0.18657739100735354
NVDA,2021-05-11,14.306249618530273,D2,Downtrend,Medium,0.00283894554368036,0.2343901302596053
NVDA,2021-05-12,13.758500099182129,D2,Downtrend,Medium,-0.03828742919728367,-0.24328984055587952
NVDA,2021-05-13,13.665249824523926,D2,Downtrend,Medium,-0.006777648289128968,-0.3116520925428216
NVDA,2021-05-14,14.243000030517578,D2,Downtrend,Medium,0.04227878841679211,0.23318897730063018
NVDA,2021-05-17,14.165499687194824,D2,Downtrend,Medium,-0.005441293488499532,0.1740117115229161
NVDA,2021-05-18,14.01574993133545,D2,Downtrend,Medium,-0.010571441824586247,0.039238289470567754
NVDA,2021-05-19,14.065750122070312,D2,Downtrend,Medium,0.003567428855381971,0.0872748750675872
NVDA,2021-05-20,14.612500190734863,D2,Downtrend,Medium,0.038871021020532304,0.5971123781498129
NVDA,2021-05-21,14.99174976348877,D2,Downtrend,Medium,0.025953777095200525,0.9220673460058603
NVDA,2021-05-24,15.612000465393066,D2,Downtrend,Medium,0.041372802487329885,1.4449374669475918
NVDA,2021-05-25,15.647749900817871,D2,Downtrend,Medium,0.002289868969966413,1.4248928686366362
NVDA,2021-05-26,15.699999809265137,D2,Downtrend,Medium,0.003339132385068,1.4167127294273472
NVDA,2021-05-27,15.48799991607666,D2,Downtrend,Medium,-0.013503178074140365,1.188130400895802
NVDA,2021-05-28,16.24449920654297,D2,Downtrend,Medium,0.04884422098175878,1.7895240438589097
NVDA,2021-06-01,16.26449966430664,D2,Downtrend,Medium,0.0012312141796047005,1.7409675309216763
NVDA,2021-06-02,16.778249740600586,D2,Downtrend,Medium,0.03158720445741103,2.1340894223571496
NVDA,2021-06-03,16.969749450683594,D2,Downtrend,Medium,0.011413568938577034,2.193480868187653
NVDA,2021-06-04,17.578250885009766,D2,Downtrend,Medium,0.03585800934153793,2.557590979478859
NVDA,2021-06-07,17.618999481201172,D2,Downtrend,Medium,0.0023181257599500515,2.429604337080217
NVDA,2021-06-08,17.457000732421875,D2,Downtrend,Medium,-0.009194548700233729,2.1811528787107983
NVDA,2021-06-09,17.35824966430664,D2,Downtrend,Medium,-0.005656817550097837,2.0007868820091663
NVDA,2021-06-10,17.424999237060547,D2,Downtrend,Medium,0.0038454091884139174,1.9532242219417788
NVDA,2021-06-11,17.82525062561035,D2,Downtrend,Medium,0.022969951568119873,2.1312700449236823
NVDA,2021-06-14,18.018749237060547,D2,Downtrend,Medium,0.010855309443570382,2.1632264906672036
NVDA,2021-06-15,17.78849983215332,D2,Downtrend,Medium,-0.012778323394037505,1.9167734157144982
NVDA,2021-06-16,17.81024932861328,D2,Downtrend,Medium,0.0012226717635090978,1.8494817013298646
NVDA,2021-06-17,18.657249450683594,D2,Downtrend,Medium,0.04755689302504895,2.300798075518055
NVDA,2021-06-18,18.638750076293945,D2,Downtrend,Medium,-0.0009915381384886235,2.185388377531621
NVDA,2021-06-21,18.427249908447266,D2,Downtrend,Medium,-0.011347336435165833,1.9720516728133861
NVDA,2021-06-22,18.886749267578125,D2,Downtrend,Medium,0.024935861911777657,2.1710271578263627
NVDA,2021-06-23,19.057249069213867,D2,Downtrend,Medium,0.00902748266629616,2.175846719529834
NVDA,2021-06-24,19.20549964904785,D2,Downtrend,Medium,0.007779222452073409,2.16974023611317
NVDA,2021-06-25,19.0310001373291,D2,Downtrend,Medium,-0.009085913665745293,1.9714302444303438
NVDA,2021-06-28,19.985000610351562,D2,Downtrend,Medium,0.050128761816947254,2.400532640449637
NVDA,2021-06-29,20.026750564575195,D2,Downtrend,Medium,0.002089064445762734,2.2831350595113076
NVDA,2021-06-30,20.002500534057617,D2,Downtrend,Medium,-0.0012108819371062784,2.1496378473849354
NVDA,2021-07-01,20.211999893188477,D2,Downtrend,Medium,0.0104736584695575,2.1433479408556853
NVDA,2021-07-02,20.48699951171875,D2,Downtrend,Medium,0.013605759943772222,2.1640904603309594
NVDA,2021-07-06,20.69849967956543,D2,Downtrend,Medium,0.010323628295383136,2.14858057062986
NVDA,2021-07-07,20.371749877929688,D2,Downtrend,Medium,-0.015786158740690004,1.8860152121192706
NVDA,2021-07-08,19.90275001525879,D2,Downtrend,Medium,-0.02302207053793659,1.5879502828056449
NVDA,2021-07-09,20.050249099731445,D2,Downtrend,Medium,0.007410990157620034,1.5904686675560737
NVDA,2021-07-12,20.512500762939453,D2,Downtrend,Medium,0.0230546593665113,1.7288939235470642
NVDA,2021-07-13,20.25,D2,Downtrend,Medium,-0.012797111672201433,1.5442034330185401
NVDA,2021-07-14,19.84149932861328,D2,Downtrend,Medium,-0.020172872661072483,1.3114492691155024
NVDA,2021-07-15,18.966249465942383,D2,Downtrend,Medium,-0.04411208287111179,0.8914216438113489
NVDA,2021-07-16,18.160999298095703,D2,Downtrend,Medium,-0.042457006024974264,0.5133109536925937
NVDA,2021-07-19,18.77975082397461,D2,Downtrend,Medium,0.034070345784539935,0.7624068577560116
NVDA,2021-07-20,18.61199951171875,D2,Downtrend,Medium,-0.008932563260727888,0.6636400312992506
NVDA,2021-07-21,19.40999984741211,D2,Downtrend,Medium,0.042875583313384036,0.9882791673192559
NVDA,2021-07-22,19.5939998626709,D2,Downtrend,Medium,0.009479650525773708,1.035335945785127
NVDA,2021-07-23,19.558000564575195,D2,Downtrend,Medium,-0.0018372613222421563,0.9859468782850488
NVDA,2021-07-26,19.29400062561035,D2,Downtrend,Medium,-0.01349830920053341,0.8399740246335057
NVDA,2021-07-27,19.20800018310547,D2,Downtrend,Medium,-0.004457367042412508,0.7742393046058585
NVDA,2021-07-28,19.503000259399414,D2,Downtrend,Medium,0.015358187915544441,0.8760393695854223
NVDA,2021-07-29,19.66200065612793,D2,Downtrend,Medium,0.008152612142426019,0.9175836810825734
NVDA,2021-07-30,19.499000549316406,D2,Downtrend,Medium,-0.008290107891982146,0.8156144805314567
NVDA,2021-08-02,19.75,D2,Downtrend,Medium,0.012872426463539588,0.9016998291515311
NVDA,2021-08-03,19.815000534057617,D2,Downtrend,Medium,0.003291166281398361,0.9021397657008252
NVDA,2021-08-04,20.27400016784668,D2,Downtrend,Medium,0.023164250386980445,1.0874588241145304
NVDA,2021-08-05,20.636999130249023,D2,Downtrend,Medium,0.01790465420721654,1.2277930873674063
NVDA,2021-08-06,20.365999221801758,D2,Downtrend,Medium,-0.01313174976346454,1.0745806391886783
NVDA,2021-08-09,20.295000076293945,D2,Downtrend,Medium,-0.0034861606707619064,1.0214763442423427
NVDA,2021-08-10,19.93600082397461,D2,Downtrend,Medium,-0.01768904907463753,0.8139083182536655
NVDA,2021-08-11,19.698999404907227,D2,Downtrend,Medium,-0.011888112423348751,0.6655467835579157
NVDA,2021-08-12,19.905000686645508,D2,Downtrend,Medium,0.010457449005605968,0.7650145717056651
NVDA,2021-08-13,20.187999725341797,D2,Downtrend,Medium,0.014217484498061594,0.9241772492652648
NVDA,2021-08-16,19.950000762939453,D2,Downtrend,Medium,-0.011789130455732377,0.7605023712825066
NVDA,2021-08-17,19.45800018310547,D2,Downtrend,Medium,-0.02466168225657217,0.40888235226589525
NVDA,2021-08-18,19.040000915527344,D2,Downtrend,Medium,-0.021482128874736883,0.08077087396229708
NVDA,2021-08-19,19.79800033569336,D2,Downtrend,Medium,0.03981089200199861,0.6142470727797458
NVDA,2021-08-20,20.81599998474121,D2,Downtrend,Medium,0.05141931668788402,1.3879774913067426
NVDA,2021-08-23,21.95800018310547,D1,Downtrend,Medium,0.05486165445817548,2.284531966989837
NVDA,2021-08-24,21.792999267578125,D1,Downtrend,Medium,-0.007514387200629358,2.101669523152522
NVDA,2021-08-25,22.21299934387207,D1,Downtrend,Medium,0.01927224752945267,2.386606987966998
NVDA,2021-08-26,22.06800079345703,D1,Downtrend,Medium,-0.006527643933642802,2.190565165977848
NVDA,2021-08-27,22.63599967956543,D1,Downtrend,Medium,0.02573857466403595,2.541248649488195
NVDA,2021-08-30,22.687999725341797,D1,Downtrend,Medium,0.002297227713044636,2.4390316305158284
NVDA,2021-08-31,22.385000228881836,D1,Downtrend,Medium,-0.01335505554160954,2.098136942591637
NVDA,2021-09-01,22.44099998474121,D1,Downtrend,Medium,0.0025016642969304392,2.057632250449716
NVDA,2021-09-02,22.395999908447266,D1,Downtrend,Medium,-0.002005261633819533,1.9544428524084885
NVDA,2021-09-03,22.843000411987305,D1,Downtrend,Medium,0.019958943801006157,2.209885878075251
NVDA,2021-09-07,22.66200065612793,D1,Downtrend,Medium,-0.007923641929472258,1.9864890461312208
NVDA,2021-09-08,22.339000701904297,D1,Downtrend,Medium,-0.014252931995052731,1.678574404739503
NVDA,2021-09-09,22.177000045776367,D1,Downtrend,Medium,-0.007251920454710348,1.5118331547601458
NVDA,2021-09-10,22.47800064086914,D1,Downtrend,Medium,0.01357264708804018,1.6923614671277423
NVDA,2021-09-13,22.152000427246094,D1,Downtrend,Medium,-0.014503078758273502,1.3908057003093852
NVDA,2021-09-14,22.242000579833984,D1,Downtrend,Medium,0.004062845379742441,1.4108142444926732
NVDA,2021-09-15,22.340999603271484,D1,Downtrend,Medium,0.004450994553397258,1.4401293615021513
NVDA,2021-09-16,22.242000579833984,D1,Downtrend,Medium,-0.004431270990354563,1.3178250440974884
NVDA,2021-09-17,21.899999618530273,D1,Downtrend,Medium,-0.015376357898928883,1.0201365887348015
NVDA,2021-09-20,21.113000869750977,D2,Downtrend,Medium,-0.03593601655195433,0.3914022270335682
NVDA,2021-09-21,21.246000289916992,D1,Downtrend,Medium,0.006299408643352322,0.47148594574167985
NVDA,2021-09-22,21.94099998474121,D1,Downtrend,Medium,0.03271202510309923,0.986927075216901
NVDA,2021-09-23,22.48200035095215,D1,Downtrend,Medium,0.024657051482939396,1.3591724793300124
NVDA,2021-09-24,22.08099937438965,D1,Downtrend,Medium,-0.01783653457444756,1.016545539472853
NVDA,2021-09-27,21.65999984741211,D1,Downtrend,Medium,-0.019066144599679258,0.6735838724889273
NVDA,2021-09-28,20.698999404907227,D2,Downtrend,Medium,-0.04436751843374098,-0.06424525311282828
NVDA,2021-09-29,20.517000198364258,D2,Downtrend,Medium,-0.008792657218967825,-0.20113980856383232
NVDA,2021-09-30,20.715999603271484,D2,Downtrend,Medium,0.009699244674330698,-0.053338657641327406
NVDA,2021-10-01,20.742000579833984,D2,Downtrend,Medium,0.0012551157105831212,-0.04431500454391929
NVDA,2021-10-04,19.73200035095215,D2,Downtrend,Medium,-0.04869348185554434,-0.8142187911947708
NVDA,2021-10-05,20.451000213623047,D2,Downtrend,Medium,0.03643826524847005,-0.2623186086132075
NVDA,2021-10-06,20.700000762939453,D2,Downtrend,Medium,0.012175470476526673,-0.07737192951766085
NVDA,2021-10-07,21.075000762939453,D2,Downtrend,Medium,0.01811594136128658,0.19547524600469068
NVDA,2021-10-08,20.83099937438965,D2,Downtrend,Medium,-0.011577764162119641,-0.016842161000983853
NVDA,2021-10-11,20.69499969482422,D2,Downtrend,Medium,-0.006528716031388937,-0.163058698609863
NVDA,2021-10-12,20.67099952697754,D2,Downtrend,Medium,-0.0011597085383230343,-0.2138809042912476
NVDA,2021-10-13,20.93899917602539,D2,Downtrend,Medium,0.012965006781509913,-0.022532222045953714
NVDA,2021-10-14,21.746000289916992,D1,Downtrend,Medium,0.03854057718363135,0.6509853104200402
NVDA,2021-10-15,21.86199951171875,D1,Downtrend,Medium,0.0053342784997361115,0.7259460216973757
NVDA,2021-10-18,22.222000122070312,D1,Downtrend,Medium,0.016466957203918664,1.0114978663660588
NVDA,2021-10-19,22.290000915527344,D1,Downtrend,Medium,0.003060066289419794,1.0410512748640028
NVDA,2021-10-20,22.10300064086914,D1,Downtrend,Medium,-0.008389424269962142,0.8460424567613657
NVDA,2021-10-21,22.691999435424805,D1,Downtrend,Medium,0.02664791102917441,1.3465386844271827
NVDA,2021-10-22,22.72599983215332,D1,Downtrend,Medium,0.0014983429214896482,1.334845121270963
NVDA,2021-10-25,23.166000366210938,D1,Downtrend,Medium,0.019361107863562266,1.6854695151872674
NVDA,2021-10-26,24.716999053955078,D1,Downtrend,Medium,0.06695150924742155,2.877235810469095
NVDA,2021-10-27,24.451000213623047,D1,Downtrend,Medium,-0.010761777340015266,2.479479171801281
NVDA,2021-10-28,24.94099998474121,D1,Downtrend,Medium,0.0200400706243975,2.672375772164234
NVDA,2021-10-29,25.566999435424805,D1,Downtrend,Medium,0.02509921218341593,2.888140227783041
NVDA,2021-11-01,25.82699966430664,D1,Downtrend,Medium,0.010169368116056177,2.821747993878791
NVDA,2021-11-02,26.400999069213867,D1,Downtrend,Medium,0.02222478074758727,2.932872840862591
NVDA,2021-11-03,26.597999572753906,D1,Downtrend,Medium,0.0074618579025580445,2.814737413733279
NVDA,2021-11-04,29.801000595092773,D1,Downtrend,High,0.12042262853556518,4.024832369834289
NVDA,2021-11-05,29.75200080871582,D1,Downtrend,High,-0.001644232925018696,3.513721144814591
NVDA,2021-11-08,30.804000854492188,D1,Downtrend,Medium,0.03535896804184624,3.5141545098047415
NVDA,2021-11-09,30.656999588012695,D1,Downtrend,Medium,-0.004772148500250872,3.1127237692638032
NVDA,2021-11-10,29.458999633789062,D1,Downtrend,High,-0.039077534342012665,2.474789033152911
NVDA,2021-11-11,30.389999389648438,D1,Downtrend,High,0.03160323729362258,2.6283130355637914
NVDA,2021-11-12,30.389999389648438,D1,Downtrend,High,0.0,2.45636034934475
NVDA,2021-11-15,30.024999618530273,D1,Downtrend,High,-0.012010522489266373,2.1951673992393474
NVDA,2021-11-16,30.202999114990234,D1,Downtrend,High,0.005928376310456507,2.1246694486214053
NVDA,2021-11-17,29.26099967956543,D1,Downtrend,High,-0.031188936960809155,1.7442148743792871
NVDA,2021-11-18,31.674999237060547,D1,Downtrend,High,0.08249887508733833,2.327514631805576
NVDA,2021-11-19,32.98500061035156,D1,Downtrend,High,0.04135758184196825,2.515699567426362
NVDA,2021-11-22,31.95599937438965,D1,Downtrend,High,-0.031196035074166018,2.1034000516520157
NVDA,2021-11-23,31.746000289916992,D1,Downtrend,High,-0.006571507340839222,1.9427439512735032
NVDA,2021-11-24,32.67399978637695,D1,Downtrend,High,0.029232013103543952,2.063167682573621
NVDA,2021-11-26,31.503000259399414,D1,Downtrend,High,-0.035838879066950824,1.6927313580096952
NVDA,2021-11-29,33.375999450683594,D1,Downtrend,High,0.05945462895158182,2.034301173086137
NVDA,2021-11-30,32.67599868774414,D1,Downtrend,High,-0.020973177566525725,1.7826383401703965
NVDA,2021-12-01,31.434999465942383,D1,Downtrend,High,-0.037978922500912615,1.4405682179541304
NVDA,2021-12-02,32.125999450683594,D1,Downtrend,High,0.021981867233363817,1.5331832720387526
NVDA,2021-12-03,30.69300079345703,D1,Downtrend,High,-0.04460557435501267,1.1734033482141997
NVDA,2021-12-06,30.03700065612793,D1,Downtrend,High,-0.021372955409069805,0.9957638792250917
NVDA,2021-12-07,32.426998138427734,D1,Downtrend,High,0.07956844658563522,1.4621597741765069
NVDA,2021-12-08,31.826000213623047,D1,Downtrend,High,-0.01853387483599578,1.2849991798887839
NVDA,2021-12-09,30.489999771118164,D1,Downtrend,High,-0.04197827039330604,0.9662806184352338
NVDA,2021-12-10,30.197999954223633,D1,Downtrend,High,-0.009576904528911467,0.8745435829566693
NVDA,2021-12-13,28.160999298095703,D1,Downtrend,High,-0.06745482016079762,0.4197276053483816
NVDA,2021-12-14,28.336999893188477,D1,Downtrend,High,0.0062497993494383675,0.4354619996799258
NVDA,2021-12-15,30.458999633789062,D1,Downtrend,High,0.07488441784942323,0.8651660645370424
NVDA,2021-12-16,28.386999130249023,D1,Downtrend,High,-0.06802588819238531,0.39415495577073495
NVDA,2021-12-17,27.801000595092773,D1,Downtrend,High,-0.020643201222767305,0.24804089197568804
NVDA,2021-12-20,27.7189998626709,D1,Downtrend,High,-0.0029495604714439017,0.21105454175221997
NVDA,2021-12-21,29.075000762939453,D1,Downtrend,High,0.04891954641172602,0.4894450223313936
NVDA,2021-12-22,29.399999618530273,D1,Downtrend,High,0.011177948308262131,0.5375143871518004
NVDA,2021-12-23,29.639999389648438,D1,Downtrend,High,0.008163257626945475,0.5668456320500235
NVDA,2021-12-27,30.94499969482422,D1,Downtrend,High,0.044028351283689426,0.8406929469434917
NVDA,2021-12-28,30.32200050354004,D1,Downtrend,High,-0.02013246719754791,0.6686225121534315
NVDA,2021-12-29,30.000999450683594,D1,Downtrend,High,-0.010586407477269466,0.5667784911019258
NVDA,2021-12-30,29.586000442504883,D1,Downtrend,High,-0.013832839431262789,0.43897568347632065
NVDA,2021-12-31,29.410999298095703,D1,Downtrend,High,-0.005914998370572744,0.3683183160343214
NVDA,2022-01-03,30.121000289916992,D1,Downtrend,High,0.024140661955245335,0.5266803989303699
NVDA,2022-01-04,29.290000915527344,D1,Downtrend,High,-0.027588704438471945,0.27731121882992227
NVDA,2022-01-05,27.604000091552734,D1,Downtrend,High,-0.05756233428728985,-0.22602788278935987
NVDA,2022-01-06,28.17799949645996,D1,Downtrend,High,0.020794066186185844,-0.10224652834032338
NVDA,2022-01-07,27.246999740600586,D1,Downtrend,High,-0.03303995217887412,-0.42999104385018366
NVDA,2022-01-10,27.399999618530273,D1,Downtrend,High,0.0056152926702495165,-0.42835641659332313
NVDA,2022-01-11,27.816999435424805,D1,Downtrend,High,0.015218971631390854,-0.3397568197505139
NVDA,2022-01-12,27.999000549316406,D1,Downtrend,High,0.006542801796940889,-0.3247302687574718
NVDA,2022-01-13,26.575000762939453,D1,Downtrend,High,-0.05085895062106849,-0.8919663596629704
NVDA,2022-01-14,26.941999435424805,D1,Downtrend,Medium,0.013809921428004523,-0.8290826341697628
NVDA,2022-01-18,25.902999877929688,D1,Downtrend,Medium,-0.03856430774506603,-1.308199405761536
NVDA,2022-01-19,25.066999435424805,D1,Downtrend,Medium,-0.03227427118266657,-1.7242188425766938
NVDA,2022-01-20,24.149999618530273,D1,Downtrend,Medium,-0.036581953865552075,-2.152787068601474
NVDA,2022-01-21,23.374000549316406,D1,Downtrend,Medium,-0.03213246714167417,-2.4242575602056293
NVDA,2022-01-24,23.371999740600586,D1,Downtrend,Medium,-8.559975480448845e-05,-2.377852285638236
NVDA,2022-01-25,22.323999404907227,D1,Downtrend,Medium,-0.04483999432332819,-2.683346488884397
NVDA,2022-01-26,22.77199935913086,D1,Downtrend,Medium,0.02006808664065618,-2.401222687975757
NVDA,2022-01-27,21.944000244140625,D1,Downtrend,Medium,-0.036360404808207236,-2.569319726557552
NVDA,2022-01-28,22.84000015258789,D1,Downtrend,Medium,0.040831202081603735,-2.1469770077690438
NVDA,2022-01-31,24.486000061035156,D1,Downtrend,High,0.07206654542253865,-1.5307254432425779
NVDA,2022-02-01,24.63800048828125,D1,Downtrend,High,0.0062076462822513445,-1.4236512066841576
NVDA,2022-02-02,25.242000579833984,D1,Downtrend,High,0.02451498009507791,-1.17812067424567
NVDA,2022-02-03,23.947999954223633,D1,Downtrend,High,-0.05126379034489592,-1.5506738297182454
NVDA,2022-02-04,24.319000244140625,D1,Downtrend,High,0.015491911250465895,-1.3748114620603493
NVDA,2022-02-07,24.72800064086914,D1,Downtrend,High,0.016818141889984206,-1.2004505137671424
NVDA,2022-02-08,25.107999801635742,D1,Downtrend,High,0.01536716074564315,-1.0423433617576532
NVDA,2022-02-09,26.704999923706055,D1,Downtrend,High,0.06360523079047775,-0.5081009298071186
NVDA,2022-02-10,25.823999404907227,D1,Downtrend,High,-0.032990096285930415,-0.7683320093300905
NVDA,2022-02-11,23.948999404907227,D1,Downtrend,High,-0.07260687899658569,-1.3235116488617888
NVDA,2022-02-14,24.267000198364258,D1,Downtrend,High,0.01327824967050062,-1.1825698885853484
NVDA,2022-02-15,26.4950008392334,D1,Downtrend,High,0.09181195131894881,-0.4577670744737823
NVDA,2022-02-16,26.51099967956543,D1,Downtrend,High,0.0006038437375075478,-0.4273068285483451
NVDA,2022-02-17,24.506999969482422,D1,Downtrend,High,-0.07559125398155708,-1.0448075690317804
NVDA,2022-02-18,23.642000198364258,D1,Downtrend,High,-0.03529602857123737,-1.2846654602363259
NVDA,2022-02-22,23.389999389648438,D1,Downtrend,High,-0.010659030818097048,-1.3287222832374423
NVDA,2022-02-23,22.386999130249023,D1,Downtrend,High,-0.04288158553109267,-1.599388661020361
NVDA,2022-02-24,23.74799919128418,D1,Downtrend,High,0.060794216014248725,-1.1277573791727669
NVDA,2022-02-25,24.156999588012695,D1,Downtrend,High,0.017222520239878802,-0.9644934937960633
NVDA,2022-02-28,24.385000228881836,D1,Downtrend,High,0.009438284752146142,-0.857886602107367
NVDA,2022-03-01,23.476999282836914,D1,Downtrend,High,-0.037236044187913375,-1.1462271725154698
NVDA,2022-03-02,24.219999313354492,D1,Downtrend,High,0.031647998177550596,-0.8529455702508444
NVDA,2022-03-03,23.714000701904297,D1,Downtrend,High,-0.020891768199646332,-1.002004591974947
NVDA,2022-03-04,22.93600082397461,D1,Downtrend,High,-0.03280761806957411,-1.2607579739775843
NVDA,2022-03-07,21.351999282836914,D1,Downtrend,High,-0.06906180171924159,-1.8008376383099605
NVDA,2022-03-08,21.513999938964844,D1,Downtrend,High,0.007587142261574975,-1.6812512518908838
NVDA,2022-03-09,23.013999938964844,D1,Downtrend,High,0.06972204165917528,-1.0866767258461703
NVDA,2022-03-10,22.658000946044922,D1,Downtrend,High,-0.015468801332409132,-1.1801616356541773
NVDA,2022-03-11,22.100000381469727,D1,Downtrend,High,-0.024627087177900298,-1.3409229667638654
NVDA,2022-03-14,21.329999923706055,D1,Downtrend,High,-0.03484164907116005,-1.581855603418227
NVDA,2022-03-15,22.972999572753906,D1,Downtrend,High,0.07702764439402698,-0.931805407162015
NVDA,2022-03-16,24.496000289916992,D1,Downtrend,High,0.06629524857386815,-0.33831150397524906
NVDA,2022-03-17,24.766000747680664,D1,Downtrend,High,0.01102222626421212,-0.21853684185070005
NVDA,2022-03-18,26.452999114990234,D1,Downtrend,High,0.06811751257285881,0.44979141827861874
NVDA,2022-03-21,26.733999252319336,D1,Downtrend,High,0.01062261923903618,0.5874182059090161
NVDA,2022-03-22,26.52400016784668,D1,Downtrend,High,-0.007855131680473804,0.5377229273565063
NVDA,2022-03-23,25.634000778198242,D1,Downtrend,High,-0.03355449344052286,0.22331847224322457
NVDA,2022-03-24,28.149999618530273,D1,Downtrend,High,0.09815084512566186,1.347786464910728
NVDA,2022-03-25,27.691999435424805,D1,Downtrend,High,-0.01626998896312526,1.1986518279210165
NVDA,2022-03-28,28.2189998626709,D1,Downtrend,High,0.019030782825018022,1.4738651063005028
NVDA,2022-03-29,28.6560001373291,D1,Downtrend,High,0.015486029865866557,1.699084485440549
NVDA,2022-03-30,27.690000534057617,D1,Downtrend,High,-0.033710203749375056,1.3158363531354067
NVDA,2022-03-31,27.285999298095703,D1,Downtrend,High,-0.014590149085226933,1.168523344316145
NVDA,2022-04-01,26.711999893188477,D1,Downtrend,High,-0.021036407669602464,0.8992244975907796
NVDA,2022-04-04,27.360000610351562,D1,Downtrend,High,0.02425878705279283,1.2418666396058275
NVDA,2022-04-05,25.930999755859375,D1,Downtrend,High,-0.052229562230036275,0.5376181886318019
NVDA,2022-04-06,24.406999588012695,D1,Downtrend,High,-0.058771361775294295,-0.21595034153331455
NVDA,2022-04-07,24.20800018310547,D1,Downtrend,High,-0.008153374370726163,-0.29353353597144255
NVDA,2022-04-08,23.118999481201172,D1,Downtrend,High,-0.044985157537478004,-0.8407733435804569
NVDA,2022-04-11,21.91699981689453,D1,Downtrend,High,-0.051991854806866855,-1.431963307739662
NVDA,2022-04-12,21.503999710083008,D1,Downtrend,High,-0.018843824896743633,-1.5896532313169636
NVDA,2022-04-13,22.202999114990234,D1,Downtrend,High,0.0325055531217977,-1.1792616416816257
NVDA,2022-04-14,21.257999420166016,D1,Downtrend,High,-0.0425618039225254,-1.6056647990998805
NVDA,2022-04-18,21.783000946044922,D1,Downtrend,High,0.024696657267798905,-1.2972579941403537
NVDA,2022-04-19,22.197999954223633,D1,Downtrend,High,0.019051507604789464,-1.0692777693381554
NVDA,2022-04-20,21.48200035095215,D1,Downtrend,High,-0.03225514031660548,-1.3913864321113192
NVDA,2022-04-21,20.183000564575195,D2,Downtrend,High,-0.060469219120898976,-1.963279113068897
NVDA,2022-04-22,19.514999389648438,D2,Downtrend,High,-0.0330972182649204,-2.1742269447379123
NVDA,2022-04-25,19.902000427246094,D2,Downtrend,High,0.01983095309769456,-1.9328819435746882
NVDA,2022-04-26,18.788000106811523,D2,Downtrend,High,-0.05597428884131117,-2.30099402302229
NVDA,2022-04-27,18.415000915527344,D2,Downtrend,High,-0.01985305456480968,-2.305620712345324
NVDA,2022-04-28,19.781999588012695,D2,Downtrend,High,0.07423288647966952,-1.668127625062993
NVDA,2022-04-29,18.547000885009766,D2,Downtrend,High,-0.062430428102490776,-2.0472658844462237
NVDA,2022-05-02,19.533000946044922,D2,Downtrend,High,0.053162237234380516,-1.5990426994254097
NVDA,2022-05-03,19.601999282836914,D2,Downtrend,High,0.003532398169773465,-1.5128376451234269
NVDA,2022-05-04,20.333999633789062,D2,Downtrend,High,0.03734314752235868,-1.1993180948705737
NVDA,2022-05-05,18.8439998626709,D2,Downtrend,High,-0.07327627608698428,-1.6726182181213152
NVDA,2022-05-06,18.674999237060547,D2,Downtrend,High,-0.00896840516036801,-1.6640176846688144
NVDA,2022-05-09,16.950000762939453,D2,Downtrend,High,-0.09236939997822502,-2.149237716377415
NVDA,2022-05-10,17.594999313354492,D2,Downtrend,High,0.03805301011108542,-1.836397233729992
NVDA,2022-05-11,16.6299991607666,D2,Downtrend,High,-0.054845137268943356,-2.041279564972799
NVDA,2022-05-12,16.174999237060547,D2,Downtrend,High,-0.02736018921633432,-2.0749216233231764
NVDA,2022-05-13,17.70599937438965,D2,Downtrend,High,0.09465225406757583,-1.5354899736505447
NVDA,2022-05-16,17.263999938964844,D2,Downtrend,High,-0.024963258276407885,-1.6032140387539497
NVDA,2022-05-17,18.177000045776367,D2,Downtrend,High,0.05288462175853481,-1.280344746391708
NVDA,2022-05-18,16.937999725341797,D2,Downtrend,High,-0.06816308066866439,-1.5858390536592146
NVDA,2022-05-19,17.124000549316406,D2,Downtrend,High,0.01098127447105357,-1.4767993921598683
NVDA,2022-05-20,16.694000244140625,D2,Downtrend,High,-0.02511097240025184,-1.537172107997756
NVDA,2022-05-23,16.898000717163086,D2,Downtrend,High,0.012219987422970258,-1.4237970000998628
NVDA,2022-05-24,16.15399932861328,D2,Downtrend,High,-0.044028959461111405,-1.5649221558024013
NVDA,2022-05-25,16.975000381469727,D2,Downtrend,High,0.05082339278064851,-1.2935338142995112
NVDA,2022-05-26,17.85099983215332,D2,Downtrend,High,0.05160526839456536,-1.022620269949966
NVDA,2022-05-27,18.81100082397461,D2,Downtrend,High,0.053778555870698685,-0.7409260552567013
NVDA,2022-05-31,18.672000885009766,D2,Downtrend,High,-0.007389289930160858,-0.7562785309836351
NVDA,2022-06-01,18.31999969482422,D2,Downtrend,High,-0.01885181948915504,-0.8318769128401725
NVDA,2022-06-02,19.591999053955078,D2,Downtrend,High,0.06943228058514794,-0.4843621859196257
NVDA,2022-06-03,18.719999313354492,D2,Downtrend,High,-0.04450795134274743,-0.6948079073345733
NVDA,2022-06-06,18.785999298095703,D2,Downtrend,High,0.0035256403398544744,-0.6584919873262093
NVDA,2022-06-07,18.926000595092773,D2,Downtrend,High,0.007452427458104927,-0.6059241926700196
NVDA,2022-06-08,18.648000717163086,D2,Downtrend,High,-0.014688780999075335,-0.6647535421447528
NVDA,2022-06-09,18.04800033569336,D2,Downtrend,High,-0.03217505139398147,-0.7975873577555256
NVDA,2022-06-10,16.974000930786133,D2,Downtrend,High,-0.059507944643772404,-1.04252567224115
NVDA,2022-06-13,15.647000312805176,D2,Downtrend,High,-0.07817842260006869,-1.3388104043880247
NVDA,2022-06-14,15.836000442504883,D2,Downtrend,High,0.012079000825802488,-1.2503431844505533
NVDA,2022-06-15,16.527000427246094,D2,Downtrend,High,0.0436347540687434,-1.039646067125731
NVDA,2022-06-16,15.60099983215332,D2,Downtrend,High,-0.056029561998811706,-1.2462311816131395
NVDA,2022-06-17,15.880000114440918,D2,Downtrend,High,0.017883487294999112,-1.1362235808957881
NVDA,2022-06-21,16.56599998474121,D2,Downtrend,High,0.043198983964519044,-0.9322268493875844
NVDA,2022-06-22,16.360000610351562,D2,Downtrend,High,-0.012435070299371742,-0.968415243708134
NVDA,2022-06-23,16.225000381469727,D2,Downtrend,High,-0.008251847423307312,-0.9931330039001685
NVDA,2022-06-24,17.125999450683594,D2,Downtrend,High,0.05553152838399211,-0.7106632244265881
NVDA,2022-06-27,16.868999481201172,D2,Downtrend,High,-0.015006421681986182,-0.7799323099517415
NVDA,2022-06-28,15.982000350952148,D2,Downtrend,High,-0.052581608721815165,-1.0775261827478944
NVDA,2022-06-29,15.541999816894531,D2,Downtrend,High,-0.02753100515552198,-1.2373224775723446
NVDA,2022-06-30,15.159000396728516,D2,Downtrend,High,-0.024642866084047088,-1.4176906810186138
NVDA,2022-07-01,14.52299976348877,D2,Downtrend,High,-0.04195531476976555,-1.7001367787448138
NVDA,2022-07-05,14.96399974822998,D2,Downtrend,High,0.03036562638043261,-1.502021443215684
NVDA,2022-07-06,15.130000114440918,D2,Downtrend,High,0.01109331522346313,-1.4271077073700458
NVDA,2022-07-07,15.857999801635742,D2,Downtrend,High,0.04811630414331458,-1.0640881899618597
NVDA,2022-07-08,15.838000297546387,D2,Downtrend,High,-0.0012611618324835927,-1.0493649122144206
NVDA,2022-07-11,15.152000427246094,D2,Downtrend,High,-0.043313540687744956,-1.3670702144323632
NVDA,2022-07-12,15.081999778747559,D2,Downtrend,High,-0.004619894833995719,-1.384476506038771
NVDA,2022-07-13,15.163999557495117,D2,Downtrend,High,0.00543693011208668,-1.3096758232122219
NVDA,2022-07-14,15.371999740600586,D2,Downtrend,High,0.013716709916590686,-1.1793394805194652
NVDA,2022-07-15,15.76200008392334,D2,Downtrend,High,0.025370826821749404,-0.9514969422901669
NVDA,2022-07-18,16.10099983215332,D2,Downtrend,High,0.021507406828131348,-0.7301803978883177
NVDA,2022-07-19,16.992000579833984,D2,Downtrend,High,0.05533822476672268,-0.13434261052668434
NVDA,2022-07-20,17.80699920654297,D2,Downtrend,High,0.04796366518938444,0.4261734616731979
NVDA,2022-07-21,18.049999237060547,D2,Downtrend,High,0.013646321185227572,0.6251411447995056
NVDA,2022-07-22,17.319000244140625,D2,Downtrend,High,-0.04049856087633641,0.14255687531089065
NVDA,2022-07-25,17.02400016784668,D2,Downtrend,High,-0.01703332017642012,-0.04608316453056777
NVDA,2022-07-26,16.533000946044922,D2,Downtrend,High,-0.028841589342151863,-0.3616453782169912
NVDA,2022-07-27,17.790000915527344,D2,Downtrend,High,0.07602975246808574,0.555577202918997
NVDA,2022-07-28,17.983999252319336,D2,Downtrend,High,0.010904908758192722,0.7327349711005222
NVDA,2022-07-29,18.163000106811523,D2,Downtrend,High,0.009953339742777345,0.9069514252993327
NVDA,2022-08-01,18.44099998474121,D2,Downtrend,High,0.015305834735167556,1.1985791034423012
NVDA,2022-08-02,18.525999069213867,D2,Downtrend,High,0.0046092448643233475,1.2784912643142707
NVDA,2022-08-03,18.89299964904785,D2,Downtrend,High,0.019810029054997624,1.5638996653301651
NVDA,2022-08-04,19.21500015258789,D2,Downtrend,Medium,0.017043376357457785,1.7439592876886985
NVDA,2022-08-05,18.98900032043457,D2,Downtrend,Medium,-0.01176163571993949,1.5214629220632523
NVDA,2022-08-08,17.792999267578125,D2,Downtrend,High,-0.0629838871280336,0.589819436260489
NVDA,2022-08-09,17.086000442504883,D2,Downtrend,High,-0.03973466274241433,0.0384609451799373
NVDA,2022-08-10,18.097000122070312,D2,Downtrend,High,0.05917123103019262,0.8055993062489658
NVDA,2022-08-11,17.941999435424805,D2,Downtrend,High,-0.008564993402220056,0.6760606382346648
NVDA,2022-08-12,18.708999633789062,D2,Downtrend,High,0.042748869830521175,1.2440472624636103
NVDA,2022-08-15,19.031999588012695,D2,Downtrend,High,0.017264416085629897,1.4356378192453425
NVDA,2022-08-16,18.878999710083008,D2,Downtrend,High,-0.008039085815557456,1.281850149759503
NVDA,2022-08-17,18.334999084472656,D2,Downtrend,High,-0.028815119125183752,0.8591339922936174
NVDA,2022-08-18,18.773000717163086,D2,Downtrend,High,0.02388882762810507,1.1423095770834157
NVDA,2022-08-19,17.849000930786133,D2,Downtrend,High,-0.0492196106684315,0.4585633561841019
NVDA,2022-08-22,17.034000396728516,D2,Downtrend,High,-0.04566084887428612,-0.1302467073057901
NVDA,2022-08-23,17.180999755859375,D2,Downtrend,High,0.008629761401149905,-0.016134490406105276
NVDA,2022-08-24,17.222000122070312,D2,Downtrend,High,0.0023863783710813546,0.03304091133424002
NVDA,2022-08-25,17.913000106811523,D2,Downtrend,High,0.04012309719215956,0.5520636664123358
NVDA,2022-08-26,16.260000228881836,D2,Downtrend,High,-0.09227934282773353,-0.6430422636201093
NVDA,2022-08-29,15.800999641418457,D2,Downtrend,High,-0.028228818019822577,-0.9559501520202827
NVDA,2022-08-30,15.468000411987305,D2,Downtrend,High,-0.02107456724182666,-1.1685271509066784
NVDA,2022-08-31,15.093999862670898,D2,Downtrend,High,-0.024178984959592142,-1.4028427067077642
NVDA,2022-09-01,13.937000274658203,D2,Downtrend,High,-0.0766529480945658,-2.1647361541083647
NVDA,2022-09-02,13.647000312805176,D2,Downtrend,High,-0.02080791821324257,-2.2479040198633986
NVDA,2022-09-06,13.46500015258789,D2,Downtrend,High,-0.013336275814877174,-2.2369680119989357
NVDA,2022-09-07,13.71399974822998,D2,Downtrend,High,0.018492357431888706,-1.9600207359322281
NVDA,2022-09-08,13.989999771118164,D2,Downtrend,High,0.020125421318007986,-1.71893421035127
NVDA,2022-09-09,14.38700008392334,D2,Downtrend,High,0.02837743526091896,-1.422170752852248
NVDA,2022-09-12,14.505000114440918,D2,Downtrend,High,0.008201850964707713,-1.3051990405763274
NVDA,2022-09-13,13.130999565124512,D2,Downtrend,High,-0.09472599369016732,-2.0738787083603327
NVDA,2022-09-14,13.128000259399414,D2,Downtrend,High,-0.00022841412112017956,-1.9799737664206882
NVDA,2022-09-15,12.928999900817871,D2,Downtrend,High,-0.015158466990359942,-1.9901131312285778
NVDA,2022-09-16,13.197999954223633,D2,Downtrend,High,0.020805944424885148,-1.7579901695461282
NVDA,2022-09-19,13.381999969482422,D2,Downtrend,High,0.013941507493330896,-1.5936832810804684
NVDA,2022-09-20,13.175999641418457,D2,Downtrend,High,-0.015393837134490163,-1.633540060494489
NVDA,2022-09-21,13.26099967956543,D2,Downtrend,High,0.0064511263251538775,-1.5263580247051345
NVDA,2022-09-22,12.560999870300293,D2,Downtrend,High,-0.05278635292811318,-1.8079193903224267
NVDA,2022-09-23,12.515999794006348,D2,Downtrend,High,-0.0035825234263671124,-1.7578175914775998
NVDA,2022-09-26,12.227999687194824,D2,Downtrend,High,-0.0230105554131953,-1.8242349722344973
NVDA,2022-09-27,12.413000106811523,D2,Downtrend,High,0.015129246348479342,-1.6839489303262427
NVDA,2022-09-28,12.736000061035156,D2,Downtrend,High,0.02602110299236915,-1.4888528212359728
NVDA,2022-09-29,12.220000267028809,D2,Downtrend,High,-0.04051505900859809,-1.6652496518670867
NVDA,2022-09-30,12.138999938964844,D2,Downtrend,High,-0.006628504606707275,-1.634816653597051
NVDA,2022-10-03,12.51200008392334,D2,Downtrend,High,0.030727419625500296,-1.420964602158151
NVDA,2022-10-04,13.166999816894531,D2,Downtrend,High,0.05234972255257575,-1.1123078300560632
NVDA,2022-10-05,13.208999633789062,D2,Downtrend,High,0.0031897788014427775,-1.0710372288247856
NVDA,2022-10-06,13.130000114440918,D2,Downtrend,High,-0.0059807344642558435,-1.0796928745989731
NVDA,2022-10-07,12.076000213623047,D2,Downtrend,High,-0.08027417301075557,-1.4711317085709064
NVDA,2022-10-10,11.670000076293945,D2,Downtrend,High,-0.03362041488464773,-1.5755039879400137
NVDA,2022-10-11,11.586000442504883,D2,Downtrend,High,-0.007197912017129826,-1.5467228249482405
NVDA,2022-10-12,11.5,D2,Downtrend,High,-0.007422789506323357,-1.5180769920124253
NVDA,2022-10-13,11.960000038146973,D2,Downtrend,High,0.04000000331712816,-1.2925299560812618
NVDA,2022-10-14,11.22700023651123,D2,Downtrend,High,-0.06128760863694027,-1.5151289267987043
NVDA,2022-10-17,11.887999534606934,D2,Downtrend,High,0.058875860351910614,-1.2196115409140784
NVDA,2022-10-18,11.967000007629395,D2,Downtrend,High,0.0066453967122461766,-1.1497531670421537
NVDA,2022-10-19,12.050999641418457,D2,Downtrend,High,0.007019272477271743,-1.0820441537040715
NVDA,2022-10-20,12.194000244140625,D2,Downtrend,High,0.011866285534577914,-0.9950446305675212
NVDA,2022-10-21,12.465999603271484,D2,Downtrend,High,0.022305999154097034,-0.8637642682712076
NVDA,2022-10-24,12.598999977111816,D2,Downtrend,High,0.010669050062012575,-0.785934583173204
NVDA,2022-10-25,13.26099967956543,D2,Downtrend,High,0.052543829165508926,-0.5103094184019615
NVDA,2022-10-26,12.895999908447266,D2,Downtrend,High,-0.027524302838240144,-0.625104301459591
NVDA,2022-10-27,13.175999641418457,D2,Downtrend,High,0.021712138256746005,-0.48991558778750344
NVDA,2022-10-28,13.833999633789062,D2,Downtrend,High,0.04993928432588879,-0.19647788740657407
NVDA,2022-10-31,13.496999740600586,D2,Downtrend,High,-0.024360264718047753,-0.30810738251633407
NVDA,2022-11-01,13.543000221252441,D2,Downtrend,High,0.0034082004546152067,-0.2633057368694167
NVDA,2022-11-02,13.218999862670898,D2,Downtrend,High,-0.023923824358586643,-0.38167342842770824
NVDA,2022-11-03,13.420999526977539,D2,Downtrend,High,0.015281009638033805,-0.2649312664134936
NVDA,2022-11-04,14.156000137329102,D2,Downtrend,High,0.05476496805428965,0.1009447291426934
NVDA,2022-11-07,14.300999641418457,D2,Downtrend,High,0.010242971367808495,0.21242730715174046
NVDA,2022-11-08,14.60200023651123,D2,Downtrend,High,0.021047521336971187,0.4189578956580878
NVDA,2022-11-09,13.776000022888184,D2,Downtrend,High,-0.056567607193820924,0.03755769259459024
NVDA,2022-11-10,15.75,D2,Downtrend,High,0.14329268102730164,1.2061004672523543
NVDA,2022-11-11,16.32699966430664,D2,Downtrend,High,0.03663489932105657,1.6556989511408473
NVDA,2022-11-14,16.295000076293945,D2,Downtrend,High,-0.001959918458420251,1.711542251925035
NVDA,2022-11-15,16.666000366210938,D2,Downtrend,High,0.022767737844734626,1.9670439336379695
NVDA,2022-11-16,15.90999984741211,D2,Downtrend,High,-0.045361844604993706,1.5375682454539055
NVDA,2022-11-17,15.677000045776367,D2,Downtrend,High,-0.014644865108131455,1.449563547195143
NVDA,2022-11-18,15.409000396728516,D2,Downtrend,High,-0.017095085045946368,1.3836716567234664
NVDA,2022-11-21,15.317000389099121,D2,Downtrend,High,-0.00597053704073669,1.3547158028351476
NVDA,2022-11-22,16.038000106811523,D2,Downtrend,High,0.047071861291165584,1.8757189492203774
NVDA,2022-11-23,16.518999099731445,D2,Downtrend,High,0.029991207738902403,2.165559864495677
NVDA,2022-11-25,16.270000457763672,D2,Downtrend,High,-0.01507347027894812,1.929706738940055
NVDA,2022-11-28,15.82699966430664,D2,Downtrend,High,-0.027228075045667377,1.562844155592969
NVDA,2022-11-29,15.638999938964844,D2,Downtrend,High,-0.011878418482928144,1.3868045009320284
NVDA,2022-11-30,16.92300033569336,D2,Downtrend,High,0.08210246190547044,2.1298850686471114
NVDA,2022-12-01,17.135000228881836,D2,Downtrend,High,0.01252732310956306,2.1408750638488687
NVDA,2022-12-02,16.875999450683594,D2,Downtrend,High,-0.015115306375174997,1.8886598131753296
NVDA,2022-12-05,16.610000610351562,D2,Downtrend,High,-0.015761960712866507,1.6660064665667205
NVDA,2022-12-06,15.987000465393066,D2,Downtrend,High,-0.037507532935925014,1.2669790509253982
NVDA,2022-12-07,16.1200008392334,D2,Downtrend,High,0.008319282540101058,1.298124102436695
NVDA,2022-12-08,17.16900062561035,D2,Downtrend,High,0.06507442504741445,1.8131809719568441
NVDA,2022-12-09,17.000999450683594,D2,Downtrend,High,-0.009785145832900577,1.6457479296448672
NVDA,2022-12-12,17.53499984741211,D2,Downtrend,High,0.031409941414182185,1.8457114975142042
NVDA,2022-12-13,18.07200050354004,D2,Downtrend,High,0.030624503039683892,2.0181576337438742
NVDA,2022-12-14,17.673999786376953,D2,Downtrend,High,-0.022023058105001936,1.731874233469027
NVDA,2022-12-15,16.95199966430664,D2,Downtrend,High,-0.040850974923448136,1.3204849631254796
NVDA,2022-12-16,16.570999145507812,D2,Downtrend,High,-0.02247525521139815,1.0939136706206516
NVDA,2022-12-19,16.253999710083008,D2,Downtrend,High,-0.019129771997528522,0.906567631900387
NVDA,2022-12-20,16.084999084472656,D2,Downtrend,High,-0.010397479305079171,0.7950598453773656
NVDA,2022-12-21,16.500999450683594,D2,Downtrend,High,0.02586262915069204,0.9687390172054422
NVDA,2022-12-22,15.33899974822998,D2,Downtrend,High,-0.07041995885924801,0.37195101247066154
NVDA,2022-12-23,15.206000328063965,D2,Downtrend,High,-0.008670670992178775,0.2838718134933392
NVDA,2022-12-27,14.121000289916992,D2,Downtrend,High,-0.07135341409565232,-0.2852546284999489
NVDA,2022-12-28,14.03600025177002,D2,Downtrend,High,-0.006019406302800401,-0.3451612111078582
NVDA,2022-12-29,14.602999687194824,D2,Downtrend,High,0.040396083303952945,-0.06450448970332796
NVDA,2022-12-30,14.61400032043457,D2,Downtrend,High,0.0007533132558643629,-0.07134556626687033
NVDA,2023-01-03,14.3149995803833,D2,Downtrend,High,-0.020459883228083786,-0.23944154423550837
NVDA,2023-01-04,14.74899959564209,D2,Downtrend,High,0.03031785036539758,-0.03517705552323365
NVDA,2023-01-05,14.265000343322754,D2,Downtrend,High,-0.032815734326980706,-0.3252310360212265
NVDA,2023-01-06,14.859000205993652,D2,Downtrend,High,0.04164036791972059,-0.030194297182422013
NVDA,2023-01-09,15.628000259399414,D2,Downtrend,High,0.051753149118038966,0.37678297172719816
NVDA,2023-01-10,15.909000396728516,D2,Downtrend,High,0.017980556223762267,0.5149450310247567
NVDA,2023-01-11,16.000999450683594,D2,Downtrend,High,0.0057828305777147815,0.5461230870924902
NVDA,2023-01-12,16.51099967956543,D2,Downtrend,High,0.03187302333542963,0.8417865411422019
NVDA,2023-01-13,16.89900016784668,D2,Downtrend,High,0.02349951522084104,1.069223176004649
NVDA,2023-01-17,17.70199966430664,D2,Downtrend,High,0.04751757432299497,1.5695113938301695
NVDA,2023-01-18,17.37700080871582,D2,Downtrend,High,-0.018359443099873696,1.3258206131055805
NVDA,2023-01-19,16.764999389648438,D2,Downtrend,High,-0.0352190476253198,0.8791896815842107
NVDA,2023-01-20,17.839000701904297,D2,Downtrend,High,0.06406211460520561,1.6131792747656104
NVDA,2023-01-23,19.19300079345703,D2,Downtrend,High,0.07590111767909713,2.4565170020588147
NVDA,2023-01-24,19.264999389648438,D2,Downtrend,High,0.0037512943893562856,2.3933744986850094
NVDA,2023-01-25,19.322999954223633,D2,Downtrend,High,0.003010670460044773,2.319631114933848
NVDA,2023-01-26,19.802000045776367,D2,Downtrend,High,0.024789116218366214,2.482969643686586
NVDA,2023-01-27,20.364999771118164,D2,Downtrend,High,0.028431457632577928,2.6673794721525717
NVDA,2023-01-30,19.16200065612793,D2,Downtrend,High,-0.059071894353583065,1.8363551509921776
NVDA,2023-01-31,19.53700065612793,D2,Downtrend,High,0.019569981586451846,1.9987215219229866
NVDA,2023-02-01,20.94300079345703,D2,Downtrend,High,0.07196601781799594,2.6983786454520637
NVDA,2023-02-02,21.708999633789062,D1,Downtrend,High,0.036575409984768825,2.9013162610699426
NVDA,2023-02-03,21.100000381469727,D2,Downtrend,High,-0.02805284732565272,2.399853962493192
NVDA,2023-02-06,21.089000701904297,D2,Downtrend,High,-0.0005213118183206022,2.2559599835113393
NVDA,2023-02-07,22.17300033569336,D1,Downtrend,High,0.05140118534356053,2.6430264056636497
NVDA,2023-02-08,22.204999923706055,D1,Downtrend,High,0.0014431780782135917,2.4717589056078184
NVDA,2023-02-09,22.336999893188477,D1,Downtrend,High,0.005944605716548423,2.366559007452384
NVDA,2023-02-10,21.264999389648438,D1,Downtrend,High,-0.04799214346895975,1.7890492566513396
NVDA,2023-02-13,21.788000106811523,D1,Downtrend,High,0.02459443838111164,1.9209922718686374
NVDA,2023-02-14,22.97100067138672,D1,Downtrend,High,0.05429596836679651,2.27888633595616
NVDA,2023-02-15,22.763999938964844,D1,Downtrend,High,-0.009011393773529441,2.0732819948508303
NVDA,2023-02-16,22.00200080871582,D1,Downtrend,High,-0.03347386805008379,1.6929785463666502
NVDA,2023-02-17,21.38800048828125,D1,Downtrend,High,-0.027906567487777867,1.3991562224774357
NVDA,2023-02-21,20.655000686645508,D2,Downtrend,High,-0.03427154408554278,1.0782836741081459
NVDA,2023-02-22,20.753999710083008,D2,Downtrend,High,0.0047929808833899745,1.0807057836618046
NVDA,2023-02-23,23.663999557495117,D1,Downtrend,High,0.14021392926965937,2.072896421563658
NVDA,2023-02-24,23.285999298095703,D1,Downtrend,High,-0.015973642092115825,1.8420842344748172
NVDA,2023-02-27,23.500999450683594,D1,Downtrend,High,0.009233022376904154,1.8307194017204569
NVDA,2023-02-28,23.215999603271484,D1,Downtrend,High,-0.01212713731644377,1.6561774993462375
NVDA,2023-03-01,22.697999954223633,D1,Downtrend,High,-0.02231218374826549,1.4225640613575992
NVDA,2023-03-02,23.31399917602539,D1,Downtrend,High,0.027138920743857486,1.5652331556943524
NVDA,2023-03-03,23.889999389648438,D1,Downtrend,High,0.024706195160861366,1.6807314631351469
NVDA,2023-03-06,23.554000854492188,D1,Downtrend,High,-0.014064401161175355,1.5101954377424223
NVDA,2023-03-07,23.288000106811523,D1,Downtrend,High,-0.011293229941015892,1.3727108770258138
NVDA,2023-03-08,24.180999755859375,D1,Downtrend,High,0.038345913987979374,1.5888969522844791
NVDA,2023-03-09,23.43600082397461,D1,Downtrend,High,-0.030809269236448444,1.3077911754331808
NVDA,2023-03-10,22.96500015258789,D1,Downtrend,High,-0.0200973141673938,1.1244507486411064
NVDA,2023-03-13,22.965999603271484,D1,Downtrend,High,4.352060426526805e-05,1.0897753232112375
NVDA,2023-03-14,24.062999725341797,D1,Downtrend,High,0.047766269312050635,1.3708550095265732
NVDA,2023-03-15,24.22800064086914,D1,Downtrend,High,0.00685703849938446,1.368206229705836
NVDA,2023-03-16,25.541000366210938,D1,Downtrend,High,0.05419348235970234,1.6818511181900313
NVDA,2023-03-17,25.725000381469727,D1,Downtrend,High,0.007204103700738651,1.6635458319680179
NVDA,2023-03-20,25.899999618530273,D1,Downtrend,High,0.006802691330049626,1.6445636878116805
NVDA,2023-03-21,26.198999404907227,D1,Downtrend,High,0.01154439346643965,1.6575931429869428
NVDA,2023-03-22,26.468000411987305,D1,Downtrend,High,0.01026760613726685,1.6668962908058766
NVDA,2023-03-23,27.19099998474121,D1,Downtrend,Medium,0.027315987664351837,1.7924909785823218
NVDA,2023-03-24,26.77899932861328,D1,Downtrend,Medium,-0.01515209651572702,1.6297387153184588
NVDA,2023-03-27,26.5310001373291,D1,Downtrend,Medium,-0.009260958120238416,1.5205716589372773
NVDA,2023-03-28,26.40999984741211,D1,Downtrend,Medium,-0.004560713478220735,1.4466698844493906
NVDA,2023-03-29,26.983999252319336,D1,Downtrend,Medium,0.02173416918680804,1.5634682756002691
NVDA,2023-03-30,27.382999420166016,D1,Downtrend,Medium,0.014786546801893508,1.6349949588189918
NVDA,2023-03-31,27.777000427246094,D1,Downtrend,Medium,0.01438852629087517,1.7011366532156524
NVDA,2023-04-03,27.96500015258789,D1,Downtrend,Medium,0.0067681795172307435,1.7188732494425403
NVDA,2023-04-04,27.452999114990234,D1,Downtrend,Medium,-0.018308637039298414,1.537175040203051
NVDA,2023-04-05,26.881000518798828,D1,Downtrend,Medium,-0.02083555948825555,1.3365229178184848
NVDA,2023-04-06,27.03700065612793,D1,Downtrend,Medium,0.005803360526703827,1.3545579266628551
NVDA,2023-04-10,27.57900047302246,D1,Downtrend,Medium,0.020046595544675805,1.491873249362873
NVDA,2023-04-11,27.16900062561035,D1,Downtrend,Medium,-0.014866378055041096,1.3329862982547074
NVDA,2023-04-12,26.4950008392334,D1,Downtrend,Medium,-0.024807676795502775,1.0897115997068425
NVDA,2023-04-13,26.46299934387207,D1,Downtrend,Medium,-0.0012078314530166168,1.0516168814623876
NVDA,2023-04-14,26.757999420166016,D1,Downtrend,Medium,0.011147643260712048,1.1275136799935204
NVDA,2023-04-17,27.00200080871582,D1,Downtrend,Medium,0.009118820309335751,1.1973931581038861
NVDA,2023-04-18,27.66699981689453,D1,Downtrend,Medium,0.0246277678787441,1.4105360110547007
NVDA,2023-04-19,27.930999755859375,D1,Downtrend,Medium,0.009542051567283938,1.4653213084472834
NVDA,2023-04-20,27.104000091552734,D1,Downtrend,Medium,-0.029608666769371683,1.1266848257066253
NVDA,2023-04-21,27.118999481201172,D1,Downtrend,Medium,0.0005534013281349726,1.1037824011264576
NVDA,2023-04-24,27.04199981689453,D1,Downtrend,Medium,-0.0028393254094796205,1.0447932473030632
NVDA,2023-04-25,26.240999221801758,D1,Downtrend,Medium,-0.02962061239983982,0.7038477691678002
NVDA,2023-04-26,26.95599937438965,D1,Downtrend,Medium,0.0272474438394803,0.9688497603009079
NVDA,2023-04-27,27.22599983215332,D1,Downtrend,Medium,0.010016340110921451,1.0583893807615181
NVDA,2023-04-28,27.749000549316406,D1,Downtrend,Medium,0.01920960553835882,1.2444875918239378
NVDA,2023-05-01,28.90999984741211,D1,Downtrend,Medium,0.041839319438995215,1.6768911978086887
NVDA,2023-05-02,28.209999084472656,D1,Downtrend,Medium,-0.02421310157848766,1.3393621427992382
NVDA,2023-05-03,27.802000045776367,D1,Downtrend,Medium,-0.014462922791119825,1.1328955771780373
NVDA,2023-05-04,27.562000274658203,D1,Downtrend,Medium,-0.0086324642372132,0.9957147973385714
NVDA,2023-05-05,28.68000030517578,D1,Downtrend,Medium,0.040563094818104384,1.4361067207138132
NVDA,2023-05-08,29.150999069213867,D1,Downtrend,Medium,0.016422550872605246,1.5826519575091722
NVDA,2023-05-09,28.570999145507812,D1,Downtrend,Medium,-0.019896399513750773,1.297389920416336
NVDA,2023-05-10,28.885000228881836,D1,Downtrend,Medium,0.010990203099823903,1.395747919450983
NVDA,2023-05-11,28.577999114990234,D1,Downtrend,Medium,-0.010628392295619071,1.2178143584746541
NVDA,2023-05-12,28.34000015258789,D1,Downtrend,Medium,-0.008328048490893303,1.0771467197858189
NVDA,2023-05-15,28.952999114990234,D1,Downtrend,Medium,0.02163016792878758,1.3167824877701417
NVDA,2023-05-16,29.21299934387207,D1,Downtrend,Medium,0.008980079329578672,1.407778978541867
NVDA,2023-05-17,30.17799949645996,D1,Downtrend,Medium,0.0330332445918573,1.838371566610393
NVDA,2023-05-18,31.67799949645996,D1,Downtrend,Medium,0.04970508400253504,2.4942541792859667
NVDA,2023-05-19,31.263999938964844,D1,Downtrend,Medium,-0.013068993120647687,2.175763749871212
NVDA,2023-05-22,31.176000595092773,D1,Downtrend,Medium,-0.0028147180157327423,2.0413311455577943
NVDA,2023-05-23,30.687999725341797,D1,Downtrend,Medium,-0.0156530940606856,1.747303664403074
NVDA,2023-05-24,30.538000106811523,D1,Downtrend,Medium,-0.004887891679900003,1.6255042390182237
NVDA,2023-05-25,37.97999954223633,D1,Downtrend,High,0.24369635894280006,4.257927669728329
NVDA,2023-05-26,38.94599914550781,D1,Downtrend,High,0.025434429039348228,3.96239856085502
NVDA,2023-05-30,40.111000061035156,D1,Downtrend,High,0.029913237330867704,3.7668392384359692
NVDA,2023-05-31,37.83399963378906,D1,Downtrend,High,-0.05676748083521432,2.8245664424579107
NVDA,2023-06-01,39.77000045776367,D1,Downtrend,High,0.05117092675143953,3.0737849908133943
NVDA,2023-06-02,39.32699966430664,D1,Downtrend,High,-0.011139069357756326,2.725162948484882
NVDA,2023-06-05,39.17100143432617,D1,Downtrend,High,-0.003966695433469725,2.5098899643751933
NVDA,2023-06-06,38.65399932861328,D1,Downtrend,High,-0.013198593009670523,2.256553041233856
NVDA,2023-06-07,37.474998474121094,D1,Downtrend,High,-0.030501393774781893,1.8951216865730605
NVDA,2023-06-08,38.5099983215332,D1,Downtrend,High,0.027618409327670568,2.031587993728832
NVDA,2023-06-09,38.77000045776367,D1,Downtrend,High,0.0067515488850355965,1.9905387745711902
NVDA,2023-06-12,39.481998443603516,D1,Downtrend,High,0.018364662817466293,2.036961973715129
NVDA,2023-06-13,41.02199935913086,D1,Downtrend,High,0.0390051409815817,2.230267841822195
NVDA,2023-06-14,42.99700164794922,D1,Downtrend,High,0.04814495440673228,2.461721303561645
NVDA,2023-06-15,42.65299987792969,D1,Downtrend,High,-0.008000599037955025,2.249483524838647
NVDA,2023-06-16,42.69200134277344,D1,Downtrend,High,0.0009143897253502953,2.130321864798628
NVDA,2023-06-20,43.80799865722656,D1,Downtrend,High,0.026140665214844372,2.1979985062971763
NVDA,2023-06-21,43.04499816894531,D1,Downtrend,High,-0.01741692183318644,1.9582692117096279
NVDA,2023-06-22,43.025001525878906,D1,Downtrend,High,-0.00046455207148399236,1.862278566025062
NVDA,2023-06-23,42.20899963378906,D1,Downtrend,High,-0.018965760909945173,1.6529817775232754
NVDA,2023-06-26,40.63199996948242,D1,Downtrend,Medium,-0.03736169248238297,1.3416516819429094
NVDA,2023-06-27,41.875999450683594,D1,Downtrend,Medium,0.030616250298668657,1.4861589453993225
NVDA,2023-06-28,41.117000579833984,D1,Downtrend,Medium,-0.018124913573548618,1.3145325155929883
NVDA,2023-06-29,40.821998596191406,D1,Downtrend,Medium,-0.0071746960985102914,1.2235154304647076
NVDA,2023-06-30,42.301998138427734,D1,Downtrend,Medium,0.03625495059358541,1.4053001510628491
NVDA,2023-07-03,42.41299819946289,D1,Downtrend,Medium,0.002623990967800749,1.371870023020826
NVDA,2023-07-05,42.31700134277344,D1,Downtrend,Medium,-0.0022633829430778185,1.309513810281358
NVDA,2023-07-06,42.10300064086914,D1,Downtrend,Medium,-0.005057085689292196,1.232558501467545
NVDA,2023-07-07,42.50299835205078,D1,Downtrend,Medium,0.009500456145478786,1.2504917219229557
NVDA,2023-07-10,42.18000030517578,D1,Downtrend,Medium,-0.007599417909287642,1.1617415003938176
NVDA,2023-07-11,42.404998779296875,D1,Downtrend,Medium,0.005334245436064755,1.1581099238342318
NVDA,2023-07-12,43.902000427246094,D1,Downtrend,Medium,0.035302480628300215,1.3430979559002767
NVDA,2023-07-13,45.97700119018555,D1,Downtrend,Medium,0.047264378450775135,1.6010449680439678
NVDA,2023-07-14,45.46900177001953,D1,Downtrend,Medium,-0.011048989864838266,1.468511370103908
NVDA,2023-07-17,46.46099853515625,D1,Downtrend,Medium,0.021816990180567375,1.5587075623775273
NVDA,2023-07-18,47.49399948120117,D1,Downtrend,Medium,0.02223372244708144,1.6503606268840032
NVDA,2023-07-19,47.07699966430664,D1,Downtrend,Medium,-0.008780052668750038,1.532780046541801
NVDA,2023-07-20,45.52000045776367,D1,Downtrend,Medium,-0.03307345875152434,1.260515746663345
NVDA,2023-07-21,44.308998107910156,D1,Downtrend,Medium,-0.026603742040318346,1.0482910899045763
NVDA,2023-07-24,44.61199951171875,D1,Downtrend,Medium,0.00683837181492275,1.062731623982244
NVDA,2023-07-25,45.67900085449219,D1,Downtrend,Medium,0.023917362020349664,1.192072575998124
NVDA,2023-07-26,45.45199966430664,D1,Downtrend,Medium,-0.004969486765015851,1.1236843007764736
NVDA,2023-07-27,45.900001525878906,D1,Downtrend,Medium,0.00985659299659103,1.1582634448186093
NVDA,2023-07-28,46.75,D1,Downtrend,Medium,0.018518484659349133,1.2566127230794026
NVDA,2023-07-31,46.729000091552734,D1,Downtrend,Medium,-0.00044919590261527365,1.220877257207689
NVDA,2023-08-01,46.50699996948242,D1,Downtrend,Medium,-0.00475079975251691,1.1566661521457768
NVDA,2023-08-02,44.26900100708008,D1,Downtrend,Medium,-0.04812176583892536,0.760300501863094
NVDA,2023-08-03,44.51499938964844,D1,Downtrend,Medium,0.00555689934202519,0.7768025798205879
NVDA,2023-08-04,44.68000030517578,D1,Downtrend,Medium,0.0037066363650386513,0.7821130570110105
NVDA,2023-08-07,45.41699981689453,D1,Downtrend,Medium,0.0164950650556146,0.8917184729048784
NVDA,2023-08-08,44.66400146484375,D1,Downtrend,Medium,-0.01657965860991717,0.7315427531638599
NVDA,2023-08-09,42.55400085449219,D1,Downtrend,Medium,-0.04724163848177376,0.2952077395674972
NVDA,2023-08-10,42.38800048828125,D1,Downtrend,Medium,-0.0039009344098702714,0.2283779430309919
NVDA,2023-08-11,40.85499954223633,D1,Downtrend,Medium,-0.03616591791039403,-0.14988906966662965
NVDA,2023-08-14,43.75299835205078,D1,Downtrend,Medium,0.07093376189659417,0.48530044886788953
NVDA,2023-08-15,43.939998626708984,D1,Downtrend,Medium,0.004273999078955315,0.5064324922613402
NVDA,2023-08-16,43.486000061035156,D1,Downtrend,Medium,-0.01033223895910329,0.3628675297738497
NVDA,2023-08-17,43.34400177001953,D1,Downtrend,Medium,-0.0032653794512330636,0.29237770699044635
NVDA,2023-08-18,43.29899978637695,D1,Downtrend,Medium,-0.0010382517027697213,0.2432501841808361
NVDA,2023-08-21,46.96699905395508,D1,Downtrend,High,0.08471325632635462,1.562270376927271
NVDA,2023-08-22,45.667999267578125,D1,Downtrend,High,-0.027657713129269346,1.0437669869608155
NVDA,2023-08-23,47.11600112915039,D1,Downtrend,High,0.031707144713919444,1.5500643376115861
NVDA,2023-08-24,47.16299819946289,D1,Downtrend,High,0.0009974757871253903,1.510029960011682
NVDA,2023-08-25,46.018001556396484,D1,Downtrend,High,-0.02427743542138605,1.0490327940490007
NVDA,2023-08-28,46.834999084472656,D1,Downtrend,High,0.017753868061282763,1.3270492444308866
NVDA,2023-08-29,48.784000396728516,D1,Downtrend,High,0.0416142062635807,2.0086233936278024
NVDA,2023-08-30,49.263999938964844,D1,Downtrend,High,0.009839282107510838,2.102735715800541
NVDA,2023-08-31,49.35499954223633,D1,Downtrend,High,0.0018471825954902155,2.0626076726819638
NVDA,2023-09-01,48.50899887084961,D1,Downtrend,High,-0.017141134216053233,1.719335036007464
NVDA,2023-09-05,48.54800033569336,D1,Downtrend,High,0.0008040047362674052,1.7012259107914662
NVDA,2023-09-06,47.06100082397461,D1,Downtrend,High,-0.030629469832673673,1.0835084722368762
NVDA,2023-09-07,46.24100112915039,D1,Downtrend,High,-0.017424187341261943,0.7184628303652414
NVDA,2023-09-08,45.571998596191406,D1,Downtrend,High,-0.014467734621282813,0.40450986347243045
NVDA,2023-09-11,45.178001403808594,D1,Downtrend,High,-0.008645598273491983,0.21591681430090615
NVDA,2023-09-12,44.869998931884766,D1,Downtrend,Medium,-0.006817532036684226,0.06382628552438913
NVDA,2023-09-13,45.48500061035156,D1,Downtrend,Medium,0.01370630026981745,0.31894587818966885
NVDA,2023-09-14,45.58100128173828,D1,Downtrend,Medium,0.002110600639738669,0.3489188653037068
NVDA,2023-09-15,43.900001525878906,D1,Downtrend,Medium,-0.036879395111771185,-0.412751778488012
NVDA,2023-09-18,43.965999603271484,D1,Downtrend,Medium,0.0015033730090801,-0.39179144915394587
NVDA,2023-09-19,43.52000045776367,D1,Downtrend,Medium,-0.010144182994411555,-0.6087780782173587
NVDA,2023-09-20,42.23899841308594,D1,Downtrend,Medium,-0.029434789319934707,-1.2295036339703824
NVDA,2023-09-21,41.016998291015625,D1,Downtrend,Medium,-0.028930613129589,-1.7724017912087489
NVDA,2023-09-22,41.61000061035156,D1,Downtrend,Medium,0.014457477242205474,-1.5126139387589204
NVDA,2023-09-25,42.22200012207031,D1,Downtrend,Medium,0.014707990933470416,-1.2617229770310665
NVDA,2023-09-26,41.9109992980957,D1,Downtrend,Medium,-0.007365847735196329,-1.3995196915469148
NVDA,2023-09-27,42.46799850463867,D1,Downtrend,Medium,0.013290048337460503,-1.1390285193350562
NVDA,2023-09-28,43.0890007019043,D1,Downtrend,Medium,0.01462282704935558,-0.858844998023959
NVDA,2023-09-29,43.499000549316406,D1,Downtrend,Medium,0.009515185795292425,-0.6837246415790257
NVDA,2023-10-02,44.78200149536133,D1,Downtrend,Medium,0.029494952294141452,-0.08952488045599172
NVDA,2023-10-03,43.516998291015625,D1,Downtrend,Medium,-0.028248027379409013,-0.7203715332768441
NVDA,2023-10-04,44.04100036621094,D1,Downtrend,Medium,0.012041319387221971,-0.48308027433073897
NVDA,2023-10-05,44.6879997253418,D1,Downtrend,Medium,0.014690841573781643,-0.16961173625770584
NVDA,2023-10-06,45.762001037597656,D1,Downtrend,Medium,0.024033327042087604,0.36549920899374744
NVDA,2023-10-09,45.27299880981445,D1,Downtrend,Medium,-0.010685770217553237,0.1242683543014439
NVDA,2023-10-10,45.79800033569336,D1,Downtrend,Medium,0.011596349693652197,0.39181286028203643
NVDA,2023-10-11,46.805999755859375,D1,Downtrend,Medium,0.022009681924483937,0.9055388458164306
NVDA,2023-10-12,46.94499969482422,D1,Downtrend,Medium,0.002969703450195871,0.977458810354734
NVDA,2023-10-13,45.46099853515625,D1,Downtrend,Medium,-0.031611485127596706,0.23289959730051943
NVDA,2023-10-16,46.095001220703125,D1,Downtrend,Medium,0.013946079188220661,0.5355340762602242
NVDA,2023-10-17,43.9379997253418,D1,Downtrend,Medium,-0.04679469439719919,-0.5392259850837835
NVDA,2023-10-18,42.19599914550781,D1,Downtrend,Medium,-0.03964678844561198,-1.3608360130029418
NVDA,2023-10-19,42.10100173950195,D1,Downtrend,Medium,-0.0022513368075079976,-1.3586866311416244
NVDA,2023-10-20,41.387001037597656,D1,Downtrend,Medium,-0.01695923309193792,-1.6330653711784422
NVDA,2023-10-23,42.974998474121094,D1,Downtrend,Medium,0.03836947342671282,-0.8500645674511738
NVDA,2023-10-24,43.66299819946289,D1,Downtrend,Medium,0.01600930191437011,-0.5015130689946357
NVDA,2023-10-25,41.77899932861328,D1,Downtrend,Medium,-0.0431486372567238,-1.3510314099066987
NVDA,2023-10-26,40.32600021362305,D1,Downtrend,Medium,-0.03477821724646035,-1.9417353245820181
NVDA,2023-10-27,40.5,D1,Downtrend,Medium,0.004314828781808444,-1.7807156847270253
NVDA,2023-10-30,41.1609992980957,D1,Downtrend,Medium,0.01632097032335067,-1.4343837755787678
NVDA,2023-10-31,40.779998779296875,D1,Downtrend,Medium,-0.009256347642085938,-1.5372977866201847
NVDA,2023-11-01,42.32500076293945,D1,Downtrend,Medium,0.03788626851129151,-0.8528290755341915
NVDA,2023-11-02,43.50600051879883,D1,Downtrend,Medium,0.027903124266296153,-0.3576748758696862
NVDA,2023-11-03,45.005001068115234,D1,Downtrend,Medium,0.0344550299140618,0.2663706728534839
NVDA,2023-11-06,45.750999450683594,D1,Downtrend,Medium,0.016575899674778016,0.5619236542871869
NVDA,2023-11-07,45.95500183105469,D1,Downtrend,Medium,0.004458971013103108,0.6334925894791209
NVDA,2023-11-08,46.57400131225586,D1,Downtrend,Medium,0.013469686792241031,0.8791258955942512
NVDA,2023-11-09,46.95000076293945,D1,Downtrend,Medium,0.008073161851881672,1.0100885596206797
NVDA,2023-11-10,48.334999084472656,D1,Downtrend,Medium,0.029499431289178313,1.5423766761535287
NVDA,2023-11-13,48.619998931884766,D1,Downtrend,Medium,0.005896345356581678,1.5941779175926585
NVDA,2023-11-14,49.65599822998047,D1,Downtrend,Medium,0.021308089692620324,1.9523400475883972
NVDA,2023-11-15,48.88800048828125,D1,Downtrend,Medium,-0.015466363965582874,1.58652029511182
NVDA,2023-11-16,49.47999954223633,D1,Downtrend,Medium,0.012109291606168027,1.7677513271926024
NVDA,2023-11-17,49.29800033569336,D1,Downtrend,Medium,-0.0036782378380503244,1.654145765966544
NVDA,2023-11-20,50.409000396728516,D1,Downtrend,Medium,0.02253641229806136,1.9813382824699324
NVDA,2023-11-21,49.944000244140625,D1,Downtrend,Medium,-0.00922454619072488,1.749970588925122
NVDA,2023-11-22,48.715999603271484,D1,Downtrend,Medium,-0.024587550754171072,1.309649307772107
NVDA,2023-11-24,47.7760009765625,D1,Downtrend,Medium,-0.019295480629855755,0.9917220685383368
NVDA,2023-11-27,48.242000579833984,D1,Downtrend,Medium,0.009753842802793233,1.1791202667962994
NVDA,2023-11-28,47.82099914550781,D1,Downtrend,Medium,-0.008726865164504716,1.0338279324566433
NVDA,2023-11-29,48.13999938964844,D1,Downtrend,Medium,0.006670714745419248,1.1577145633600603
NVDA,2023-11-30,46.77000045776367,D1,Downtrend,Medium,-0.028458640408278835,0.6530969864510997
NVDA,2023-12-01,46.76499938964844,D1,Downtrend,Medium,-0.00010692897298025805,0.6468295299724448
NVDA,2023-12-04,45.5099983215332,D1,Downtrend,Medium,-0.0268363323959121,0.18279426732638038
NVDA,2023-12-05,46.566001892089844,D1,Downtrend,Medium,0.023203770808688295,0.5635207233905517
NVDA,2023-12-06,45.50299835205078,D1,Downtrend,Medium,-0.022827889379518185,0.16724846178688768
NVDA,2023-12-07,46.59600067138672,D1,Downtrend,Medium,0.02402044610070564,0.5623343351747506
NVDA,2023-12-08,47.50600051879883,D1,Downtrend,Medium,0.019529569797841262,0.8798277227342142
NVDA,2023-12-11,46.62699890136719,D1,Downtrend,Medium,-0.01850295979102279,0.5412525472263527
NVDA,2023-12-12,47.65700149536133,D1,Downtrend,Medium,0.022090261399258404,0.8904455347094222
NVDA,2023-12-13,48.0880012512207,D1,Downtrend,Medium,0.009043786691055766,1.013662103638967
NVDA,2023-12-14,48.349998474121094,D1,Downtrend,Medium,0.0054482868092535774,1.0721240833601653
NVDA,2023-12-15,48.88999938964844,D1,Downtrend,Medium,0.011168581852518011,1.230683447004201
NVDA,2023-12-18,50.07699966430664,D1,Downtrend,Medium,0.024278999580219507,1.6043971800526429
NVDA,2023-12-19,49.604000091552734,D1,Downtrend,Medium,-0.009445445532373697,1.3835984165129969
NVDA,2023-12-20,48.111000061035156,D1,Downtrend,Medium,-0.030098379722643065,0.8151773134889363
NVDA,2023-12-21,48.9900016784668,D1,Downtrend,Medium,0.018270283642337848,1.1005609340861313
NVDA,2023-12-22,48.83000183105469,D1,Downtrend,Medium,-0.003265969420908066,1.0077498730775245
NVDA,2023-12-26,49.27899932861328,D1,Downtrend,Medium,0.009195115312755187,1.1335997080376021
NVDA,2023-12-27,49.41699981689453,D1,Downtrend,Medium,0.0028003914479066694,1.1453239214611945
NVDA,2023-12-28,49.52199935913086,D1,Downtrend,Medium,0.002124765619632596,1.1439297011504
NVDA,2023-12-29,49.52199935913086,D1,Downtrend,Medium,0.0,1.1058395010450148
NVDA,2024-01-02,48.167999267578125,D1,Downtrend,Medium,-0.02734138583003487,0.5972394366619016
NVDA,2024-01-03,47.569000244140625,D1,Downtrend,Medium,-0.012435621834944843,0.370222674990709
NVDA,2024-01-04,47.99800109863281,D1,Downtrend,Medium,0.009018496337749538,0.5082207527242251
NVDA,2024-01-05,49.09700012207031,D1,Downtrend,Medium,0.022896766496153242,0.8789505033281306
NVDA,2024-01-08,52.25299835205078,U1,Uptrend,Medium,0.06428087708278873,1.913049666290999
NVDA,2024-01-09,53.13999938964844,U1,Uptrend,Medium,0.016975122300572076,2.1000779321672796
NVDA,2024-01-10,54.349998474121094,U1,Uptrend,Medium,0.022770024433014235,2.3394418017514034
NVDA,2024-01-11,54.821998596191406,U1,Uptrend,Medium,0.008684455111715561,2.3278605289314704
NVDA,2024-01-12,54.709999084472656,U1,Uptrend,Medium,-0.0020429665934603713,2.1647560131020187
NVDA,2024-01-16,56.38199996948242,U1,Uptrend,Medium,0.030561157247109172,2.4910199781402644
NVDA,2024-01-17,56.053001403808594,U1,Uptrend,Medium,-0.0058351701935351885,2.273054168014714
NVDA,2024-01-18,57.106998443603516,U1,Uptrend,Medium,0.018803578994849524,2.4262030781814583
NVDA,2024-01-19,59.49100112915039,U1,Uptrend,Medium,0.04174624390215875,2.82260881308261
NVDA,2024-01-22,59.65399932861328,U1,Uptrend,Medium,0.0027398799208140368,2.653097653677493
NVDA,2024-01-23,59.87300109863281,U1,Uptrend,Medium,0.0036712001288148333,2.5413034456923236
NVDA,2024-01-24,61.36199951171875,U1,Uptrend,Medium,0.024869279738174654,2.713704784135724
NVDA,2024-01-25,61.617000579833984,U1,Uptrend,Medium,0.004155683813180433,2.6158470209512257
NVDA,2024-01-26,61.03099822998047,U1,Uptrend,Medium,-0.009510400446939404,2.3663121941199043
NVDA,2024-01-29,62.46500015258789,U1,Uptrend,Medium,0.023496288184632563,2.5311778547689703
NVDA,2024-01-30,62.77399826049805,U1,Uptrend,Medium,0.004946739888823215,2.448827260873446
NVDA,2024-01-31,61.527000427246094,U1,Uptrend,Medium,-0.019864878258625374,2.092242928992072
NVDA,2024-02-01,63.027000427246094,U1,Uptrend,Medium,0.02437954052016078,2.251374581396928
NVDA,2024-02-02,66.16000366210938,U1,Uptrend,Medium,0.049708905923260494,2.6366401669515622
NVDA,2024-02-05,69.33200073242188,U1,Uptrend,Medium,0.04794433033154655,2.9244677009501405
NVDA,2024-02-06,68.2229995727539,U1,Uptrend,Medium,-0.015995516470785565,2.5417079998718215
NVDA,2024-02-07,70.0989990234375,U1,Uptrend,Medium,0.027498049960160476,2.6259639749343724
NVDA,2024-02-08,69.64099884033203,U1,Uptrend,Medium,-0.006533619445155514,2.386184941322322
NVDA,2024-02-09,72.13300323486328,U1,Uptrend,Medium,0.03578358202823506,2.5429401377227143
NVDA,2024-02-12,72.24800109863281,U1,Uptrend,Medium,0.0015942475512229493,2.3865667094672425
NVDA,2024-02-13,72.12799835205078,U1,Uptrend,Medium,-0.0016609836224839025,2.227268103647186
NVDA,2024-02-14,73.9000015258789,U1,Uptrend,Medium,0.024567480233946393,2.2925968857836674
NVDA,2024-02-15,72.65799713134766,U1,Uptrend,Medium,-0.016806554382767014,2.0297795631213513
NVDA,2024-02-16,72.61299896240234,U1,Uptrend,Medium,-0.000619314744720656,1.9225131918411718
NVDA,2024-02-20,69.4520034790039,U1,Uptrend,Medium,-0.04353208831155897,1.5081498367494943
NVDA,2024-02-21,67.47200012207031,U1,Uptrend,Medium,-0.028508945138381314,1.246126476125901
NVDA,2024-02-22,78.53800201416016,U1,Uptrend,High,0.1640088017558281,2.2980083479472393
NVDA,2024-02-23,78.81700134277344,U1,Uptrend,High,0.0035524118446885744,2.191914449772832
NVDA,2024-02-26,79.09200286865234,U1,Uptrend,High,0.0034891142925232987,2.098846547019834
NVDA,2024-02-27,78.70099639892578,U1,Uptrend,High,-0.004943691593901178,1.9577918871689952
NVDA,2024-02-28,77.66300201416016,U1,Uptrend,High,-0.013189088223281908,1.7781288313554033
NVDA,2024-02-29,79.11199951171875,U1,Uptrend,High,0.018657500482590184,1.8276689289378496
NVDA,2024-03-01,82.27899932861328,U1,Uptrend,High,0.040031851507247085,2.0147876527502833
NVDA,2024-03-04,85.23699951171875,U1,Uptrend,High,0.03595085267495213,2.1564910298558475
NVDA,2024-03-05,85.96399688720703,U1,Uptrend,High,0.008529129129989377,2.1071597160121525
NVDA,2024-03-06,88.69999694824219,U1,Uptrend,High,0.03182727839685073,2.2098290631236837
NVDA,2024-03-07,92.66899871826172,U1,Uptrend,High,0.04474635745856337,2.3780610607527146
NVDA,2024-03-08,87.52799987792969,U1,Uptrend,High,-0.055477008616031664,1.8849586574156187
NVDA,2024-03-11,85.77400207519531,U1,Uptrend,High,-0.020039276633540992,1.679175781371318
NVDA,2024-03-12,91.91300201416016,U1,Uptrend,High,0.07157180253269502,2.04192526056129
NVDA,2024-03-13,90.88800048828125,U1,Uptrend,High,-0.011151866476094341,1.8773258305243563
NVDA,2024-03-14,87.94400024414062,U1,Uptrend,High,-0.03239151734359269,1.5979926704460252
NVDA,2024-03-15,87.83699798583984,U1,Uptrend,High,-0.0012167090194183938,1.5305795049690696
NVDA,2024-03-18,88.45500183105469,U1,Uptrend,High,0.007035803356058246,1.5173266737824858
NVDA,2024-03-19,89.39800262451172,U1,Uptrend,High,0.010660796720779242,1.5288716904295685
NVDA,2024-03-20,90.37200164794922,U1,Uptrend,High,0.010895087080731392,1.5411268982846749
NVDA,2024-03-21,91.43499755859375,U1,Uptrend,Medium,0.011762447342767768,1.5592722681136573
NVDA,2024-03-22,94.28900146484375,U1,Uptrend,Medium,0.031213473860718155,1.6937269939707336
NVDA,2024-03-25,95.00199890136719,U1,Uptrend,Medium,0.007561830387919466,1.6791025712645502
NVDA,2024-03-26,92.56099700927734,U1,Uptrend,Medium,-0.02569421612511691,1.4606365689065632
NVDA,2024-03-27,90.25,U1,Uptrend,High,-0.024967287345075917,1.2614767445883344
NVDA,2024-03-28,90.35600280761719,U1,Uptrend,High,0.0011745463447887516,1.233939896250028
NVDA,2024-04-01,90.36299896240234,U1,Uptrend,Medium,7.742877692429317e-05,1.2028154318275701
NVDA,2024-04-02,89.4520034790039,U1,Uptrend,Medium,-0.010081510063399746,1.1090183621569327
NVDA,2024-04-03,88.96399688720703,U1,Uptrend,Medium,-0.005455513267642154,1.0460868053039072
NVDA,2024-04-04,85.90499877929688,U1,Uptrend,Medium,-0.03438467486784014,0.791445661231058
NVDA,2024-04-05,88.00800323486328,U1,Uptrend,Medium,0.024480583033000824,0.9241026102435713
NVDA,2024-04-08,87.13300323486328,U1,Uptrend,Medium,-0.009942277609286565,0.8295966687755307
NVDA,2024-04-09,85.35399627685547,U1,Uptrend,Medium,-0.020417142666511512,0.6634536283281679
NVDA,2024-04-10,87.03900146484375,U1,Uptrend,Medium,0.01974137429397893,0.7745563724510818
NVDA,2024-04-11,90.61599731445312,U1,Uptrend,Medium,0.041096471574920024,1.0423968524658098
NVDA,2024-04-12,88.18599700927734,U1,Uptrend,Medium,-0.026816460417505072,0.8126445193589046
NVDA,2024-04-15,86.0009994506836,U1,Uptrend,Medium,-0.024777148670937943,0.5985230877924079
NVDA,2024-04-16,87.41500091552734,U1,Uptrend,Medium,0.01644168642080257,0.6990409195238407
NVDA,2024-04-17,84.03500366210938,U1,Uptrend,Medium,-0.03866610098973966,0.36430211868167767
NVDA,2024-04-18,84.6709976196289,U1,Uptrend,Medium,0.007568202889319364,0.39723176344726524
NVDA,2024-04-19,76.19999694824219,U1,Uptrend,High,-0.10004607137666377,-0.45882678176261504
NVDA,2024-04-22,79.51799774169922,U1,Uptrend,High,0.043543319243316114,-0.16349086278687033
NVDA,2024-04-23,82.4229965209961,U1,Uptrend,High,0.036532594655278805,0.10226786789354375
NVDA,2024-04-24,79.677001953125,U1,Uptrend,High,-0.0333158788660588,-0.22974350449157924
NVDA,2024-04-25,82.63200378417969,U1,Uptrend,High,0.03708726180225952,0.06323877259223368
NVDA,2024-04-26,87.73500061035156,U1,Uptrend,High,0.06175569503917644,0.6298608885691286
NVDA,2024-04-29,87.75700378417969,U1,Uptrend,High,0.0002507912882550034,0.6107683928429222
NVDA,2024-04-30,86.4020004272461,U1,Uptrend,High,-0.015440401318462804,0.4123017836526476
NVDA,2024-05-01,83.04100036621094,U1,Uptrend,High,-0.03889956302418307,-0.06194180966497394
NVDA,2024-05-02,85.81700134277344,U1,Uptrend,High,0.03342928149131552,0.28527759325158036
NVDA,2024-05-03,88.78900146484375,U1,Uptrend,High,0.034631833734197315,0.6793983472173547
NVDA,2024-05-06,92.13999938964844,U1,Uptrend,High,0.0377411376355159,1.1423923331043946
NVDA,2024-05-07,90.55400085449219,U1,Uptrend,High,-0.017212921051250052,0.8804873883867589
NVDA,2024-05-08,90.41200256347656,U1,Uptrend,High,-0.0015681062092860465,0.8344781702000325
NVDA,2024-05-09,88.74700164794922,U1,Uptrend,High,-0.018415706635392604,0.5486204645047728
NVDA,2024-05-10,89.87799835205078,U1,Uptrend,High,0.012744055383280717,0.7072776843340975
NVDA,2024-05-13,90.39900207519531,U1,Uptrend,High,0.005796788231795746,0.7726803526603963
NVDA,2024-05-14,91.35600280761719,U1,Uptrend,High,0.010586408151119109,0.9205254521090244
NVDA,2024-05-15,94.62999725341797,U1,Uptrend,High,0.035837759371930344,1.530116590311081
NVDA,2024-05-16,94.35900115966797,U1,Uptrend,High,-0.0028637440728680463,1.5567494136121973
NVDA,2024-05-17,92.47899627685547,U1,Uptrend,Medium,-0.019923959131691982,1.1245237835654476
NVDA,2024-05-20,94.77999877929688,U1,Uptrend,Medium,0.02488135247005574,1.583569990784499
NVDA,2024-05-21,95.38600158691406,U1,Uptrend,Medium,0.006393783661343022,1.6686761512887274
NVDA,2024-05-22,94.94999694824219,U1,Uptrend,Medium,-0.004570949944626812,1.5366075000163377
NVDA,2024-05-23,103.79900360107422,U1,Uptrend,High,0.0931964922300701,3.2667487230529533
NVDA,2024-05-24,106.46900177001953,U1,Uptrend,Medium,0.02572277263090883,3.459395297879069
NVDA,2024-05-28,113.9010009765625,U1,Uptrend,High,0.0698043475846295,4.1248115610899045
NVDA,2024-05-29,114.82499694824219,U1,Uptrend,High,0.008112272620587557,3.689622716536503
NVDA,2024-05-30,110.5,U1,Uptrend,High,-0.03766598792240072,2.786452627874339
NVDA,2024-05-31,109.63300323486328,U1,Uptrend,High,-0.007846124571373014,2.4764211051355964
NVDA,2024-06-03,115.0,U1,Uptrend,High,0.048954207280440754,2.8993609647804757
NVDA,2024-06-04,116.43699645996094,U1,Uptrend,High,0.012495621390964606,2.808065682297353
NVDA,2024-06-05,122.44000244140625,U2,Uptrend,High,0.05155582988186724,3.129538490922163
NVDA,2024-06-06,120.99800109863281,U1,Uptrend,High,-0.011777207726400563,2.734353614153045
NVDA,2024-06-07,120.88800048828125,U1,Uptrend,High,-0.0009091109716919954,2.524749686965973
NVDA,2024-06-10,121.79000091552734,U1,Uptrend,High,0.0074614554265337585,2.4273468536617018
NVDA,2024-06-11,120.91000366210938,U1,Uptrend,High,-0.007225529573879674,2.209250033756293
NVDA,2024-06-12,125.19999694824219,U2,Uptrend,High,0.03548087963111368,2.3931594223363275
NVDA,2024-06-13,129.61000061035156,U2,Uptrend,High,0.035223672281178064,2.539842385718015
NVDA,2024-06-14,131.8800048828125,U2,Uptrend,High,0.017514113585149094,2.512552269152965
NVDA,2024-06-17,130.97999572753906,U2,Uptrend,High,-0.00682445497384665,2.2932139738655635
NVDA,2024-06-18,135.5800018310547,U2,Uptrend,High,0.03511991337275977,2.424973551673977
NVDA,2024-06-20,130.77999877929688,U2,Uptrend,High,-0.03540347386732645,2.0065489348661654
NVDA,2024-06-21,126.56999969482422,U2,Uptrend,High,-0.032191459885065554,1.6715404071543865
NVDA,2024-06-24,118.11000061035156,U1,Uptrend,High,-0.06684047645469504,1.1233022944191098
NVDA,2024-06-25,126.08999633789062,U2,Uptrend,High,0.06756409860554746,1.5366580407609556
NVDA,2024-06-26,126.4000015258789,U2,Uptrend,High,0.0024586025615984664,1.494134611755542
NVDA,2024-06-27,123.98999786376953,U2,Uptrend,High,-0.019066484438419518,1.306735715113331
NVDA,2024-06-28,123.54000091552734,U2,Uptrend,High,-0.003629300395154522,1.2367099141068547
NVDA,2024-07-01,124.30000305175781,U2,Uptrend,High,0.006151870896861533,1.2355430298249346
NVDA,2024-07-02,122.66999816894531,U2,Uptrend,High,-0.013113474197854802,1.1058568905562278
NVDA,2024-07-03,128.27999877929688,U2,Uptrend,High,0.0457324585806651,1.3679870377050356
NVDA,2024-07-05,125.83000183105469,U2,Uptrend,High,-0.019098822665701398,1.1907331685980467
NVDA,2024-07-08,128.1999969482422,U2,Uptrend,High,0.01883489694587759,1.2755219252562813
NVDA,2024-07-09,131.3800048828125,U2,Uptrend,High,0.024805054682287997,1.3961814084273798
NVDA,2024-07-10,134.91000366210938,U2,Uptrend,High,0.026868615071566904,1.5257835855802608
NVDA,2024-07-11,127.4000015258789,U2,Uptrend,High,-0.055666755113577326,1.0870221478147242
NVDA,2024-07-12,129.24000549316406,U2,Uptrend,High,0.014442731124389985,1.1461320273444655
NVDA,2024-07-15,128.44000244140625,U2,Uptrend,High,-0.006190057395193516,1.0682652526352312
NVDA,2024-07-16,126.36000061035156,U2,Uptrend,High,-0.01619434593209057,0.925743903017633
NVDA,2024-07-17,117.98999786376953,U1,Uptrend,High,-0.0662393376555298,0.44766204288478395
NVDA,2024-07-18,121.08999633789062,U1,Uptrend,High,0.026273400544513326,0.5941607047460202
NVDA,2024-07-19,117.93000030517578,U1,Uptrend,High,-0.02609626004031884,0.3895801745560935
NVDA,2024-07-22,123.54000091552734,U2,Uptrend,High,0.04757059777693695,0.6895423838593736
NVDA,2024-07-23,122.58999633789062,U2,Uptrend,High,-0.007689854060194623,0.6077216260335537
NVDA,2024-07-24,114.25,U1,Uptrend,High,-0.06803162237564131,0.07490808054126592
NVDA,2024-07-25,112.27999877929688,U1,Uptrend,High,-0.01724289908711707,-0.07434331796666821
NVDA,2024-07-26,113.05999755859375,U1,Uptrend,High,0.006946907621811382,-0.05444687826327273
NVDA,2024-07-29,111.58999633789062,U1,Uptrend,High,-0.01300195694716244,-0.18772180435524732
NVDA,2024-07-30,103.7300033569336,U1,Uptrend,High,-0.07043635844522522,-0.7592334537967365
NVDA,2024-07-31,117.0199966430664,U1,Uptrend,High,0.12812101471164627,0.13414517236061507
NVDA,2024-08-01,109.20999908447266,U1,Uptrend,High,-0.06674070913209607,-0.45367008829547434
NVDA,2024-08-02,107.2699966430664,U1,Uptrend,High,-0.01776396353511256,-0.6316837744337255
NVDA,2024-08-05,100.44999694824219,U1,Uptrend,High,-0.0635778867181035,-1.1781110529311674
NVDA,2024-08-06,104.25,U1,Uptrend,High,0.037829797582928704,-0.9359768021396604
NVDA,2024-08-07,98.91000366210938,U1,Uptrend,High,-0.05122298645458634,-1.3978330336492375
NVDA,2024-08-08,104.97000122070312,U1,Uptrend,High,0.061267792278074884,-0.9588628538131481
NVDA,2024-08-09,104.75,U1,Uptrend,High,-0.0020958485104765057,-1.0259045307452732
NVDA,2024-08-12,109.0199966430664,U1,Uptrend,High,0.04076369110325917,-0.7003063548286189
NVDA,2024-08-13,116.13999938964844,U1,Uptrend,High,0.06530914479747296,-0.1101271943162703
NVDA,2024-08-14,118.08000183105469,U1,Uptrend,High,0.016703999066657094,0.028983198032584742
NVDA,2024-08-15,122.86000061035156,U2,Uptrend,High,0.04048101884463007,0.45885227159334946
NVDA,2024-08-16,124.58000183105469,U2,Uptrend,High,0.01399968429235221,0.6072641645200288
NVDA,2024-08-19,130.0,U2,Uptrend,High,0.04350616543011032,1.1589615794696515
NVDA,2024-08-20,127.25,U2,Uptrend,High,-0.02115384615384619,0.8339819995739776
NVDA,2024-08-21,128.5,U2,Uptrend,High,0.00982318271119853,0.941966092668779
NVDA,2024-08-22,123.73999786376953,U2,Uptrend,High,-0.03704281818078181,0.39266725848488365
NVDA,2024-08-23,129.3699951171875,U2,Uptrend,High,0.045498604740694004,0.9912341076912466
NVDA,2024-08-26,126.45999908447266,U2,Uptrend,High,-0.02249359312473398,0.6417577034552323
NVDA,2024-08-27,128.3000030517578,U2,Uptrend,High,0.014550086830667164,0.8198017307633292
NVDA,2024-08-28,125.61000061035156,U2,Uptrend,High,-0.020966503331422914,0.49630657179352206
NVDA,2024-08-29,117.58999633789062,U1,Uptrend,High,-0.06384845341526102,-0.41574507309756764
NVDA,2024-08-30,119.37000274658203,U1,Uptrend,High,0.015137396582415308,-0.2078328442369463
NVDA,2024-09-03,108.0,U1,Uptrend,High,-0.0952500836472302,-1.4468223968109266
NVDA,2024-09-04,106.20999908447266,U1,Uptrend,High,-0.016574082551179092,-1.5836382083308431
NVDA,2024-09-05,107.20999908447266,U1,Uptrend,High,0.009415309374070091,-1.4228324240791692
NVDA,2024-09-06,102.83000183105469,U1,Uptrend,High,-0.040854372640810266,-1.8065628980298682
NVDA,2024-09-09,106.47000122070312,U1,Uptrend,High,0.03539822352263311,-1.375685216511057
NVDA,2024-09-10,108.0999984741211,U1,Uptrend,High,0.015309450875642616,-1.1679479241813253
NVDA,2024-09-11,116.91000366210938,U1,Uptrend,High,0.08149866153881002,-0.24508616996661786
NVDA,2024-09-12,119.13999938964844,U1,Uptrend,High,0.019074464611122055,0.0064891918148278945
NVDA,2024-09-13,119.0999984741211,U1,Uptrend,High,-0.0003357471523608435,0.031953367719237014
NVDA,2024-09-16,116.77999877929688,U1,Uptrend,High,-0.019479426738433836,-0.1956909619612912
NVDA,2024-09-17,115.58999633789062,U1,Uptrend,High,-0.010190122057247453,-0.3075551083946508
NVDA,2024-09-18,113.37000274658203,U1,Uptrend,High,-0.019205758816871588,-0.5415921784432766
NVDA,2024-09-19,117.87000274658203,U1,Uptrend,High,0.03969303952526948,-0.03323909672913463
NVDA,2024-09-20,116.0,U1,Uptrend,High,-0.015864958878490043,-0.2219884958954393
NVDA,2024-09-23,116.26000213623047,U1,Uptrend,High,0.0022413977261246387,-0.1794203893133283
NVDA,2024-09-24,120.87000274658203,U1,Uptrend,High,0.03965250753177929,0.34044192535164436
NVDA,2024-09-25,123.51000213623047,U2,Uptrend,High,0.021841642505655345,0.6376762382945939
NVDA,2024-09-26,124.04000091552734,U2,Uptrend,High,0.004291140556473172,0.6933133107414464
NVDA,2024-09-27,121.4000015258789,U1,Uptrend,High,-0.02128345187167735,0.41547744896936617
NVDA,2024-09-30,121.44000244140625,U1,Uptrend,High,0.00032949682886806997,0.4306900704638393
NVDA,2024-10-01,117.0,U1,Uptrend,Medium,-0.03656128419091986,-0.052841939468913454
NVDA,2024-10-02,118.8499984741211,U1,Uptrend,Medium,0.015811952770265814,0.1879745795987395
NVDA,2024-10-03,122.8499984741211,U2,Uptrend,Medium,0.03365586917420926,0.7055571327669728
NVDA,2024-10-04,124.91999816894531,U2,Uptrend,Medium,0.01684981457496937,0.9679014998332752
NVDA,2024-10-07,127.72000122070312,U2,Uptrend,Medium,0.022414369939159018,1.3194120553582325
NVDA,2024-10-08,132.88999938964844,U2,Uptrend,Medium,0.04047915846799466,1.9160709839548158
NVDA,2024-10-09,132.64999389648438,U2,Uptrend,Medium,-0.0018060463109819125,1.8390830660263038
NVDA,2024-10-10,134.80999755859375,U2,Uptrend,Medium,0.016283481051608373,1.99076447941378
NVDA,2024-10-11,134.8000030517578,U2,Uptrend,Medium,-7.41377272972521e-05,1.9039669882095154
NVDA,2024-10-14,138.07000732421875,U2,Uptrend,Medium,0.02425819138301799,2.1402942010229924
NVDA,2024-10-15,131.60000610351562,U2,Uptrend,Medium,-0.04686029461496399,1.4150265563535533
NVDA,2024-10-16,135.72000122070312,U2,Uptrend,Medium,0.031306952326026094,1.7781062390602365
NVDA,2024-10-17,136.92999267578125,U2,Uptrend,Medium,0.008915351047709352,1.812565314140229
NVDA,2024-10-18,138.0,U2,Uptrend,Medium,0.007814265547740673,1.8281493912522486
NVDA,2024-10-21,143.7100067138672,U2,Uptrend,Medium,0.041376860245414315,2.2367578793289002
NVDA,2024-10-22,143.58999633789062,U2,Uptrend,Medium,-0.0008350871224681589,2.1017592990698644
NVDA,2024-10-23,139.55999755859375,U2,Uptrend,Medium,-0.028066013525159694,1.6764665385773267
NVDA,2024-10-24,140.41000366210938,U2,Uptrend,Medium,0.006090614204537825,1.677111971327193
NVDA,2024-10-25,141.5399932861328,U2,Uptrend,Medium,0.008047785731440493,1.7011793985185206
NVDA,2024-10-28,140.52000427246094,U2,Uptrend,Medium,-0.007206366130100728,1.5538442623760045
NVDA,2024-10-29,141.25,U2,Uptrend,Medium,0.005194959474407845,1.5722356919295757
NVDA,2024-10-30,139.33999633789062,U2,Uptrend,Medium,-0.013522149820243357,1.3665062457101353
NVDA,2024-10-31,132.75999450683594,U2,Uptrend,Medium,-0.047222635309237426,0.7751661727151965
NVDA,2024-11-01,135.39999389648438,U2,Uptrend,Medium,0.019885503908427138,0.9837686811226592
NVDA,2024-11-04,136.0500030517578,U2,Uptrend,Medium,0.004800658674847469,1.015859973950405
NVDA,2024-11-05,139.91000366210938,U2,Uptrend,Medium,0.02837192593728277,1.3332961353140826
NVDA,2024-11-06,145.61000061035156,U2,Uptrend,Medium,0.040740453141635324,1.7824594131298233
NVDA,2024-11-07,148.8800048828125,U2,Uptrend,Medium,0.02245727806300457,1.9747699907825464
NVDA,2024-11-08,147.6300048828125,U2,Uptrend,Medium,-0.008396023367838512,1.7782097978945108
NVDA,2024-11-11,145.25999450683594,U2,Uptrend,Medium,-0.016053717385282607,1.5131499618751003
NVDA,2024-11-12,148.2899932861328,U2,Uptrend,Medium,0.020859141497174383,1.7010074428336395
NVDA,2024-11-13,146.27000427246094,U2,Uptrend,Medium,-0.013621883506152788,1.4789833457862624
NVDA,2024-11-14,146.75999450683594,U2,Uptrend,Medium,0.003349902372753677,1.466129742019711
NVDA,2024-11-15,141.97999572753906,U2,Uptrend,Medium,-0.032570175512470656,1.0522671427433485
NVDA,2024-11-18,140.14999389648438,U2,Uptrend,Medium,-0.012889152599824594,0.8874968612161119
NVDA,2024-11-19,147.00999450683594,U2,Uptrend,Medium,0.04894756267644507,1.3761030674923136
NVDA,2024-11-20,145.88999938964844,U2,Uptrend,Medium,-0.007618496422264864,1.2499237973350237
NVDA,2024-11-21,146.6699981689453,U2,Uptrend,Medium,0.0053464855888691876,1.2656928108784176
NVDA,2024-11-22,141.9499969482422,U2,Uptrend,Medium,-0.032181095518023284,0.8811331252961282
NVDA,2024-11-25,136.02000427246094,U2,Uptrend,Medium,-0.04177522228438968,0.41630471826932397
NVDA,2024-11-26,136.9199981689453,U2,Uptrend,Medium,0.006616628938502345,0.4586001828870416
NVDA,2024-11-27,135.33999633789062,U2,Uptrend,Medium,-0.011539598686709951,0.3086055504757879
NVDA,2024-11-29,138.25,U2,Uptrend,Medium,0.021501431512117364,0.5153274038659441
NVDA,2024-12-02,138.6300048828125,U2,Uptrend,Medium,0.0027486790800181904,0.5229688025900878
NVDA,2024-12-03,140.25999450683594,U2,Uptrend,Medium,0.011757841496155885,0.6420153761962856
NVDA,2024-12-04,145.13999938964844,U2,Uptrend,Medium,0.03479256433718647,1.0648778139681305
NVDA,2024-12-05,145.05999755859375,U2,Uptrend,Medium,-0.0005512045706980162,1.0264938133813812
NVDA,2024-12-06,142.44000244140625,U2,Uptrend,Medium,-0.018061458439837752,0.7509607744808829
NVDA,2024-12-09,138.80999755859375,U2,Uptrend,Medium,-0.02548444833329544,0.37744198216801417
NVDA,2024-12-10,135.07000732421875,U2,Uptrend,Medium,-0.026943233917976928,-0.01893812602862648
NVDA,2024-12-11,139.30999755859375,U2,Uptrend,Medium,0.03139105652224794,0.3806453143257482
NVDA,2024-12-12,137.33999633789062,U2,Uptrend,Medium,-0.014141133122011151,0.14063570880152573
NVDA,2024-12-13,134.25,U2,Uptrend,Medium,-0.02249888175538073,-0.23487783925245467
NVDA,2024-12-16,132.0,U2,Uptrend,Medium,-0.016759776536312887,-0.5436578787359362
NVDA,2024-12-17,130.38999938964844,U2,Uptrend,Medium,-0.01219697432084521,-0.7988483436041591
NVDA,2024-12-18,128.91000366210938,U2,Uptrend,Medium,-0.011350530979882478,-1.025270230911048
NVDA,2024-12-19,130.67999267578125,U2,Uptrend,Medium,0.013730424043049805,-0.8315416613064283
NVDA,2024-12-20,134.6999969482422,U2,Uptrend,Medium,0.030762201544000778,-0.34064252224981834
NVDA,2024-12-23,139.6699981689453,U2,Uptrend,Medium,0.03689681761917796,0.2915397740031761
NVDA,2024-12-24,140.22000122070312,U2,Uptrend,Medium,0.003937875413247527,0.3389006079100697
NVDA,2024-12-26,139.92999267578125,U2,Uptrend,Medium,-0.0020682394979116836,0.2630929264872224
NVDA,2024-12-27,137.00999450683594,U2,Uptrend,Medium,-0.02086756465221129,-0.2665490303815382
NVDA,2024-12-30,137.49000549316406,U2,Uptrend,Medium,0.0035034742396415908,-0.24156684079745444
NVDA,2024-12-31,134.2899932861328,U2,Uptrend,Medium,-0.0232745078127905,-0.9038676257663183
NVDA,2025-01-02,138.30999755859375,U2,Uptrend,Medium,0.029935248145373627,-0.16718119160378941
NVDA,2025-01-03,144.47000122070312,U2,Uptrend,Medium,0.04453766011744564,1.0417588890299694
NVDA,2025-01-06,149.42999267578125,U2,Uptrend,Medium,0.03433232791007512,1.9550690779849897
NVDA,2025-01-07,140.13999938964844,U2,Uptrend,Medium,-0.06216953584605567,0.0883345978450967
NVDA,2025-01-08,140.11000061035156,U2,Uptrend,Medium,-0.0002140629329779875,0.06509613612091339
NVDA,2025-01-10,135.91000366210938,U2,Uptrend,Medium,-0.029976425165555876,-0.7743523636780019
NVDA,2025-01-13,133.22999572753906,U2,Uptrend,Medium,-0.019718989495675188,-1.3309585196442966
NVDA,2025-01-14,131.75999450683594,U2,Uptrend,Medium,-0.011033560518228458,-1.5900180575687972
NVDA,2025-01-15,136.24000549316406,U2,Uptrend,Medium,0.034001299127981444,-0.691093545127675
NVDA,2025-01-16,133.57000732421875,U2,Uptrend,Medium,-0.019597754413473556,-1.1955477681942288
NVDA,2025-01-17,137.7100067138672,U2,Uptrend,Medium,0.030994977634457133,-0.36042403640291604
NVDA,2025-01-21,140.8300018310547,U2,Uptrend,Medium,0.02265627016975036,0.26852778348592127
NVDA,2025-01-22,147.07000732421875,U2,Uptrend,Medium,0.044308779464831805,1.459243126093345
NVDA,2025-01-23,147.22000122070312,U2,Uptrend,Medium,0.0010198809343477944,1.4402325939463223
NVDA,2025-01-24,142.6199951171875,U2,Uptrend,Medium,-0.031245795852287594,0.552457970670105
NVDA,2025-01-27,118.41999816894531,U1,Uptrend,High,-0.16968165598629859,-3.553845366236285
NVDA,2025-01-28,128.99000549316406,U2,Uptrend,High,0.08925863441695814,-1.6849015871638968
NVDA,2025-01-29,123.69999694824219,U2,Uptrend,High,-0.04101099557827548,-2.390446472092417
NVDA,2025-01-30,124.6500015258789,U2,Uptrend,High,0.007679907850233869,-2.1471640112495898
NVDA,2025-01-31,120.06999969482422,U1,Uptrend,High,-0.03674289430396693,-2.6372489996298563
NVDA,2025-02-03,116.66000366210938,U1,Uptrend,High,-0.028400066972448235,-2.856907634023695
NVDA,2025-02-04,118.6500015258789,U1,Uptrend,High,0.01705809875965114,-2.415524509927277
NVDA,2025-02-05,124.83000183105469,U2,Uptrend,High,0.05208596903243912,-1.5726026876128476
NVDA,2025-02-06,128.67999267578125,U2,Uptrend,High,0.030841871250928632,-1.0607817330997023
NVDA,2025-02-07,129.83999633789062,U2,Uptrend,High,0.009014638857122836,-0.8857275998373981
NVDA,2025-02-10,133.57000732421875,U2,Uptrend,High,0.0287277502428549,-0.39368168072182175
NVDA,2025-02-11,132.8000030517578,U2,Uptrend,High,-0.005764799208192617,-0.4668634108822264
NVDA,2025-02-12,131.13999938964844,U2,Uptrend,High,-0.012500027288872895,-0.6560760131137722
NVDA,2025-02-13,135.2899932861328,U2,Uptrend,High,0.031645523225554806,-0.08938035882935928
NVDA,2025-02-14,138.85000610351562,U2,Uptrend,High,0.026313940380302325,0.3930747378580714
NVDA,2025-02-18,139.39999389648438,U2,Uptrend,High,0.003961021021192668,0.4686738534360756
NVDA,2025-02-19,139.22999572753906,U2,Uptrend,High,-0.0012194991132606914,0.4714586539669923
NVDA,2025-02-20,140.11000061035156,U2,Uptrend,High,0.006320512172783399,0.6125386743380445
NVDA,2025-02-21,134.42999267578125,U2,Uptrend,High,-0.04053963250179782,-0.1459692539437384
NVDA,2025-02-24,130.27999877929688,U2,Uptrend,High,-0.030871041602251292,-0.7048976240569754
NVDA,2025-02-25,126.62999725341797,U2,Uptrend,High,-0.028016591649361766,-1.1837224756936335
NVDA,2025-02-26,131.27999877929688,U2,Uptrend,Medium,0.03672116897051736,-0.5210249872983004
NVDA,2025-02-27,120.1500015258789,U1,Uptrend,High,-0.08478060143898469,-1.9665682591091815
NVDA,2025-02-28,124.91999816894531,U2,Uptrend,High,0.039700346088127114,-1.2790316159977995
NVDA,2025-03-03,114.05999755859375,U1,Uptrend,High,-0.08693564496906403,-2.5233235386727206
NVDA,2025-03-04,115.98999786376953,U1,Uptrend,High,0.01692092185241645,-2.150222956112972
NVDA,2025-03-05,117.30000305175781,U1,Uptrend,High,0.01129412201151081,-1.905351270981991
NVDA,2025-03-06,110.56999969482422,U1,Uptrend,High,-0.05737428117511667,-2.5331152604624183
NVDA,2025-03-07,112.69000244140625,U1,Uptrend,High,0.019173399226130927,-2.164852508396467
NVDA,2025-03-10,106.9800033569336,U1,Uptrend,High,-0.05066997036797116,-2.5886126492119517
NVDA,2025-03-11,108.76000213623047,U1,Uptrend,High,0.01663861210919948,-2.253035502015476
NVDA,2025-03-12,115.73999786376953,U1,Uptrend,High,0.06417796607613213,-1.4928476201977143
NVDA,2025-03-13,115.58000183105469,U1,Uptrend,High,-0.0013823745953681632,-1.451016582912922
NVDA,2025-03-14,121.66999816894531,U1,Uptrend,High,0.052690744431657555,-0.8332059451581817
NVDA,2025-03-17,119.52999877929688,U1,Uptrend,High,-0.01758855446580132,-1.0117446805437313
NVDA,2025-03-18,115.43000030517578,U1,Uptrend,High,-0.03430099988281132,-1.3596877492072514
NVDA,2025-03-19,117.5199966430664,U1,Uptrend,High,0.018106179783115905,-1.1314454941565686
NVDA,2025-03-20,118.52999877929688,U1,Uptrend,High,0.008594300247455555,-1.009147349359105
NVDA,2025-03-21,117.69999694824219,U1,Uptrend,High,-0.0070024621581255,-1.0518579755773108
NVDA,2025-03-24,121.41000366210938,U1,Uptrend,High,0.03152087349244903,-0.6852707408728432
NVDA,2025-03-25,120.69000244140625,U1,Uptrend,High,-0.005930328630142645,-0.725403369717152
NVDA,2025-03-26,113.76000213623047,U1,Uptrend,High,-0.057419837310387245,-1.3212343630766383
NVDA,2025-03-27,111.43000030517578,U1,Uptrend,High,-0.020481731604263254,-1.4773499124559468
NVDA,2025-03-28,109.66999816894531,U1,Uptrend,High,-0.015794688426907566,-1.5721142557441148
NVDA,2025-03-31,108.37999725341797,U1,Uptrend,High,-0.011762568952906505,-1.6172836202012841
NVDA,2025-04-01,110.1500015258789,U1,Uptrend,High,0.016331466297440977,-1.4082298998955953
NVDA,2025-04-02,110.41999816894531,U1,Uptrend,High,0.002451172395153911,-1.3437188349056652
NVDA,2025-04-03,101.80000305175781,U1,Uptrend,High,-0.07806552490608354,-2.035557621233888
NVDA,2025-04-04,94.30999755859375,U1,Uptrend,High,-0.07357569026158028,-2.5193898745292653
NVDA,2025-04-07,97.63999938964844,U1,Uptrend,High,0.03530910738265902,-2.1254596017045926
NVDA,2025-04-08,96.30000305175781,U1,Uptrend,High,-0.013723846233787307,-2.1150008841904993
NVDA,2025-04-09,114.33000183105469,U1,Uptrend,High,0.18722739572091607,-0.6513251363922191
NVDA,2025-04-10,107.56999969482422,U1,Uptrend,High,-0.05912710599112658,-1.1524072149326412
NVDA,2025-04-11,110.93000030517578,U1,Uptrend,High,0.031235480337304722,-0.8557152536754229
NVDA,2025-04-14,110.70999908447266,U1,Uptrend,High,-0.0019832436680599086,-0.8442942941579382
NVDA,2025-04-15,112.19999694824219,U1,Uptrend,High,0.013458566309197062,-0.6986229868437588
NVDA,2025-04-16,104.48999786376953,U1,Uptrend,High,-0.06871657124936714,-1.2845226853102898
NVDA,2025-04-17,101.48999786376953,U1,Uptrend,High,-0.02871088201103511,-1.502018998644479
NVDA,2025-04-21,96.91000366210938,U1,Uptrend,High,-0.0451275425959502,-1.848061151792348
NVDA,2025-04-22,98.88999938964844,U1,Uptrend,High,0.020431283177354986,-1.6396285986069683
NVDA,2025-04-23,102.70999908447266,U1,Uptrend,High,0.0386287766043214,-1.2696068449063962
NVDA,2025-04-24,106.43000030517578,U1,Uptrend,High,0.036218491421109444,-0.9219484816371949
NVDA,2025-04-25,111.01000213623047,U1,Uptrend,High,0.0430329965040126,-0.5143541926714459
NVDA,2025-04-28,108.7300033569336,U1,Uptrend,High,-0.02053867881651672,-0.6855450704916558
NVDA,2025-04-29,109.0199966430664,U1,Uptrend,High,0.0026670953479219772,-0.6433275941739801
NVDA,2025-04-30,108.91999816894531,U1,Uptrend,High,-0.0009172489194665401,-0.6386107917713468
NVDA,2025-05-01,111.61000061035156,U1,Uptrend,High,0.02469704816955476,-0.40083597428278656
NVDA,2025-05-02,114.5,U1,Uptrend,High,0.02589373151011709,-0.14284658978218984
NVDA,2025-05-05,113.81999969482422,U1,Uptrend,High,-0.005938867294111638,-0.18122416249234713
NVDA,2025-05-06,113.54000091552734,U1,Uptrend,High,-0.00246001388198569,-0.18414704830024464
NVDA,2025-05-07,117.05999755859375,U1,Uptrend,High,0.031002260125796877,0.14780415391898305
NVDA,2025-05-08,117.37000274658203,U1,Uptrend,High,0.002648258965092687,0.20210530861984793
NVDA,2025-05-09,116.6500015258789,U1,Uptrend,Medium,-0.00613445687871117,0.1617871212610521
NVDA,2025-05-12,123.0,U2,Uptrend,High,0.05443633425681815,0.7848530248430489
NVDA,2025-05-13,129.92999267578125,U2,Uptrend,High,0.05634140386814024,1.4934597223456607
NVDA,2025-05-14,135.33999633789062,U2,Uptrend,High,0.041637835504302334,2.055616487602021
NVDA,2025-05-15,134.8300018310547,U2,Uptrend,Medium,-0.0037682467905694184,2.0463400740459123
NVDA,2025-05-16,135.39999389648438,U2,Uptrend,Medium,0.004227486892300902,2.1519836229153158
NVDA,2025-05-19,135.57000732421875,U2,Uptrend,Medium,0.001255638370739831,2.1584337614890625
NVDA,2025-05-20,134.3800048828125,U2,Uptrend,Medium,-0.008777770724466616,2.0048266679225577
NVDA,2025-05-21,131.8000030517578,U2,Uptrend,Medium,-0.01919929853630087,1.7150136364661934
NVDA,2025-05-22,132.8300018310547,U2,Uptrend,Medium,0.007814861573959053,1.8063537585318363
NVDA,2025-05-23,131.2899932861328,U2,Uptrend,Medium,-0.011593830638356839,1.603727586281755
NVDA,2025-05-27,135.5,U2,Uptrend,Medium,0.032066470631100685,1.9441137195141698
NVDA,2025-05-28,134.80999755859375,U2,Uptrend,Medium,-0.005092268940267486,1.794567347928245
NVDA,2025-05-29,139.19000244140625,U2,Uptrend,Medium,0.0324902081606282,2.07856912869858
NVDA,2025-05-30,135.1300048828125,U2,Uptrend,Medium,-0.0291687440719951,1.6543213484849084
NVDA,2025-06-02,137.3800048828125,U2,Uptrend,Medium,0.01665063212238649,1.7635606848515917
NVDA,2025-06-03,141.22000122070312,U2,Uptrend,Medium,0.027951639259047978,1.9772655461376774
NVDA,2025-06-04,141.9199981689453,U2,Uptrend,Medium,0.004956783332328518,1.9324523656133645
NVDA,2025-06-05,139.99000549316406,U2,Uptrend,Medium,-0.01359915939037526,1.7020813522944567
NVDA,2025-06-06,141.72000122070312,U2,Uptrend,Medium,0.012357994568573227,1.754163789117182
NVDA,2025-06-09,142.6300048828125,U2,Uptrend,Medium,0.006421137837080648,1.7419119429966874
NVDA,2025-06-10,143.9600067138672,U2,Uptrend,Medium,0.009324838992661011,1.7634583273731816
NVDA,2025-06-11,142.8300018310547,U2,Uptrend,Medium,-0.007849436163604007,1.6176116634834905
NVDA,2025-06-12,145.0,U2,Uptrend,Medium,0.01519287363387467,1.69216508458729
NVDA,2025-06-13,141.97000122070312,U2,Uptrend,Medium,-0.02089654330549573,1.4331462047881303
NVDA,2025-06-16,144.69000244140625,U2,Uptrend,Medium,0.019158985682296903,1.5523997772296316
NVDA,2025-06-17,144.1199951171875,U2,Uptrend,Medium,-0.003939507323248437,1.4594441393699962
NVDA,2025-06-18,145.47999572753906,U2,Uptrend,Medium,0.009436585181991752,1.4914708802559613
NVDA,2025-06-20,143.85000610351562,U2,Uptrend,Medium,-0.011204218256069765,1.3433896052890588
NVDA,2025-06-23,144.1699981689453,U2,Uptrend,Medium,0.0022244841977929752,1.314884930048529
NVDA,2025-06-24,147.89999389648438,U2,Uptrend,Medium,0.02587220486170838,1.4828477165182914
NVDA,2025-06-25,154.30999755859375,U2,Uptrend,Medium,0.04334012120781927,1.7833898768959242
NVDA,2025-06-26,155.02000427246094,U2,Uptrend,Medium,0.00460117118203951,1.7448593157990109
NVDA,2025-06-27,157.75,U2,Uptrend,Medium,0.01761060284026872,1.8143297620692476
NVDA,2025-06-30,157.99000549316406,U2,Uptrend,Medium,0.0015214294336867162,1.7466626382104702
NVDA,2025-07-01,153.3000030517578,U2,Uptrend,Medium,-0.029685437548827576,1.4373419479459004
NVDA,2025-07-02,157.25,U2,Uptrend,Medium,0.025766450551919284,1.6075178123068317
NVDA,2025-07-03,159.33999633789062,U2,Uptrend,Medium,0.013290914708366408,1.6679977769817655
NVDA,2025-07-07,158.24000549316406,U2,Uptrend,Medium,-0.006903419543163314,1.5625286814508443
NVDA,2025-07-08,160.0,U2,Uptrend,Medium,0.011122310703610028,1.5936920018627951
NVDA,2025-07-09,162.8800048828125,U2,Uptrend,Medium,0.018000030517578036,1.684125075552092
NVDA,2025-07-10,164.10000610351562,U2,Uptrend,Medium,0.007490184087241891,1.6797027871871935
NVDA,2025-07-11,164.9199981689453,U2,Uptrend,Medium,0.004996904539494196,1.6556471052961856
NVDA,2025-07-14,164.07000732421875,U2,Uptrend,Medium,-0.005153958611228138,1.5494570055718027
NVDA,2025-07-15,170.6999969482422,U2,Uptrend,Medium,0.04040951623121414,1.827238045448434
NVDA,2025-07-16,171.3699951171875,U2,Uptrend,Medium,0.003925003989006859,1.8009214928366604
NVDA,2025-07-17,173.0,U2,Uptrend,Medium,0.009511611888054494,1.8368811446556381
NVDA,2025-07-18,172.41000366210938,U2,Uptrend,Medium,-0.003410383456015187,1.7605241492061652
NVDA,2025-07-21,171.3800048828125,U2,Uptrend,Medium,-0.005974124223762978,1.660818710105111
NVDA,2025-07-22,167.02999877929688,U2,Uptrend,Medium,-0.025382226511722283,1.39000935837906
NVDA,2025-07-23,170.77999877929688,U2,Uptrend,Medium,0.022451056860480545,1.546012383690303
NVDA,2025-07-24,173.74000549316406,U2,Uptrend,Medium,0.01733227974601692,1.6593038517218277
NVDA,2025-07-25,173.5,U2,Uptrend,Medium,-0.001381406041071509,1.6025340656334293
NVDA,2025-07-28,176.75,U2,Uptrend,Medium,0.018731988472622474,1.736006182862308
NVDA,2025-07-29,175.50999450683594,U2,Uptrend,Medium,-0.007015589777448761,1.6222860549360723
NVDA,2025-07-30,179.27000427246094,U2,Uptrend,Medium,0.021423337036675427,1.778182931880422
NVDA,2025-07-31,177.8699951171875,U2,Uptrend,Medium,-0.007809500317440987,1.6535840437606657
NVDA,2025-08-01,173.72000122070312,U2,Uptrend,Medium,-0.023331613034284993,1.3856411628708587
NVDA,2025-08-04,180.0,U2,Uptrend,Medium,0.036150119359707134,1.7053735158076573
NVDA,2025-08-05,178.25999450683594,U2,Uptrend,Medium,-0.009666697184244843,1.564333049843543
NVDA,2025-08-06,179.4199981689453,U2,Uptrend,Medium,0.006507369560503795,1.5997357594210226
NVDA,2025-08-07,180.77000427246094,U2,Uptrend,Medium,0.0075242788835858665,1.6340552206526
NVDA,2025-08-08,182.6999969482422,U2,Uptrend,Medium,0.010676509543432466,1.6888070084631925
NVDA,2025-08-11,182.05999755859375,U2,Uptrend,Medium,-0.0035030071173440813,1.5869396962696163
NVDA,2025-08-12,183.16000366210938,U2,Uptrend,Medium,0.006041997793400977,1.5915688203303444
NVDA,2025-08-13,181.58999633789062,U2,Uptrend,Medium,-0.008571780371412707,1.4451986078702987
NVDA,2025-08-14,182.02000427246094,U2,Uptrend,Medium,0.0023680155473442266,1.4205956264896822
NVDA,2025-08-15,180.4499969482422,U2,Uptrend,Medium,-0.00862546581346435,1.2854155397720815
NVDA,2025-08-18,182.00999450683594,U2,Uptrend,Medium,0.008645040648247893,1.3386037076860466
NVDA,2025-08-19,175.63999938964844,U2,Uptrend,Medium,-0.0349980512578294,0.926714957731001
NVDA,2025-08-20,175.39999389648438,U2,Uptrend,Medium,-0.0013664626167051441,0.8858745836605604
NVDA,2025-08-21,174.97999572753906,U2,Uptrend,Medium,-0.002394516439910399,0.8323584458730638
NVDA,2025-08-22,177.99000549316406,U2,Uptrend,Medium,0.017202022168933517,0.9951558341415281
NVDA,2025-08-25,179.80999755859375,U2,Uptrend,Medium,0.010225248661501984,1.0797747833510254
NVDA,2025-08-26,181.77000427246094,U2,Uptrend,Medium,0.010900432347920486,1.1778781472673403
NVDA,2025-08-27,181.60000610351562,U2,Uptrend,Medium,-0.0009352377452249705,1.1362906017037597
NVDA,2025-08-28,180.1699981689453,U2,Uptrend,Medium,-0.007874492767115715,1.0093002644197724
NVDA,2025-08-29,174.17999267578125,U2,Uptrend,Medium,-0.033246409247044806,0.5734897411287151
NVDA,2025-09-02,170.77999877929688,U2,Uptrend,Medium,-0.019520002522982804,0.30863986523153203
NVDA,2025-09-03,170.6199951171875,U2,Uptrend,Medium,-0.0009368993046788843,0.2698123929099261
NVDA,2025-09-04,171.66000366210938,U2,Uptrend,Medium,0.006095466971544283,0.3196932477863389
NVDA,2025-09-05,167.02000427246094,U2,Uptrend,Medium,-0.027030171796929903,-0.06393402735781328
NVDA,2025-09-08,168.30999755859375,U2,Uptrend,Medium,0.007723585517507514,0.0038418361816832656
NVDA,2025-09-09,170.75999450683594,U2,Uptrend,Medium,0.014556455253879275,0.1725889600469448
NVDA,2025-09-10,177.3300018310547,U2,Uptrend,Medium,0.0384750968351415,0.6994889159728054
NVDA,2025-09-11,177.1699981689453,U2,Uptrend,Medium,-0.00090229324117308,0.6627381342719605
NVDA,2025-09-12,177.82000732421875,U2,Uptrend,Medium,0.003668844397986648,0.7011246279643264
