ticker,date,price,sax_symbol,trend,volatility,daily_return,zscore
TSM,2020-01-03,58.060001373291016,D2,Downtrend,Unknown,-0.0329780065297145,0.0
TSM,2020-01-06,57.38999938964844,D2,Downtrend,Unknown,-0.011539820320272898,0.0
TSM,2020-01-07,58.31999969482422,D2,Downtrend,Unknown,0.016204919237959192,0.0
TSM,2020-01-08,58.75,D2,Downtrend,Unknown,0.007373119125958061,0.0
TSM,2020-01-09,59.22999954223633,D2,Downtrend,Unknown,0.008170204974235373,0.0
TSM,2020-01-10,58.86000061035156,D2,Downtrend,Unknown,-0.006246816389402832,0.0
TSM,2020-01-13,60.060001373291016,D2,Downtrend,Unknown,0.02038737258742751,0.0
TSM,2020-01-14,60.31999969482422,D2,Downtrend,Unknown,0.004328976283520802,0.0
TSM,2020-01-15,58.38999938964844,D2,Downtrend,Unknown,-0.03199602644131616,0.0
TSM,2020-01-16,58.75,D2,Downtrend,Unknown,0.006165449805012102,0.0
TSM,2020-01-17,58.58000183105469,D2,Downtrend,Unknown,-0.0028935858543882587,0.0
TSM,2020-01-21,58.2400016784668,D2,Downtrend,Unknown,-0.005804031102089269,0.0
TSM,2020-01-22,58.349998474121094,D2,Downtrend,Unknown,0.0018886811896325906,0.0
TSM,2020-01-23,57.47999954223633,D2,Downtrend,Unknown,-0.014910007791527513,0.0
TSM,2020-01-24,57.72999954223633,D2,Downtrend,Unknown,0.004349338935124791,0.0
TSM,2020-01-27,55.2599983215332,D2,Downtrend,Unknown,-0.042785401702558956,0.0
TSM,2020-01-28,57.09000015258789,D2,Downtrend,Unknown,0.03311621220845362,0.0
TSM,2020-01-29,57.189998626708984,D2,Downtrend,Unknown,0.001751593516444494,0.0
TSM,2020-01-30,55.79999923706055,D2,Downtrend,Unknown,-0.024304938328837067,0.0
TSM,2020-01-31,53.939998626708984,D2,Downtrend,Medium,-0.03333334472729188,0.0
TSM,2020-02-03,54.77000045776367,D2,Downtrend,Medium,0.015387501894442046,0.0
TSM,2020-02-04,57.52000045776367,D2,Downtrend,Medium,0.05020996854145876,0.0
TSM,2020-02-05,57.91999816894531,D2,Downtrend,Medium,0.006954063073684402,0.0
TSM,2020-02-06,58.02000045776367,D2,Downtrend,Medium,0.0017265589084907162,0.0
TSM,2020-02-07,56.20000076293945,D2,Downtrend,Medium,-0.031368488115561255,0.0
TSM,2020-02-10,57.02000045776367,D2,Downtrend,Medium,0.01459074170271113,0.0
TSM,2020-02-11,58.65999984741211,D2,Downtrend,Medium,0.028761827016526187,0.0
TSM,2020-02-12,59.630001068115234,D2,Downtrend,Medium,0.01653599084940871,0.0
TSM,2020-02-13,59.33000183105469,D2,Downtrend,Medium,-0.005031011767346105,0.0
TSM,2020-02-14,58.189998626708984,D2,Downtrend,Medium,-0.019214616031732468,0.0
TSM,2020-02-18,56.18000030517578,D2,Downtrend,Medium,-0.03454198949938836,0.0
TSM,2020-02-19,57.63999938964844,D2,Downtrend,Medium,0.025987879610925413,0.0
TSM,2020-02-20,56.47999954223633,D2,Downtrend,Medium,-0.020124910820530584,0.0
TSM,2020-02-21,55.59000015258789,D2,Downtrend,Medium,-0.015757779689479,0.0
TSM,2020-02-24,54.119998931884766,D2,Downtrend,Medium,-0.0264436268513788,0.0
TSM,2020-02-25,53.86000061035156,D2,Downtrend,Medium,-0.0048041080314956686,0.0
TSM,2020-02-26,55.029998779296875,D2,Downtrend,Medium,0.021722951275281677,0.0
TSM,2020-02-27,53.290000915527344,D2,Downtrend,Medium,-0.03161907872736758,0.0
TSM,2020-02-28,53.84000015258789,D2,Downtrend,Medium,0.010320871225586448,0.0
TSM,2020-03-02,55.97999954223633,D2,Downtrend,Medium,0.0397473882537791,0.0
TSM,2020-03-03,54.880001068115234,D2,Downtrend,Medium,-0.01964984785845092,0.0
TSM,2020-03-04,57.08000183105469,D2,Downtrend,Medium,0.04008747667859702,0.0
TSM,2020-03-05,55.72999954223633,D2,Downtrend,Medium,-0.023651055457462933,0.0
TSM,2020-03-06,55.06999969482422,D2,Downtrend,Medium,-0.01184281092469619,0.0
TSM,2020-03-09,51.83000183105469,D2,Downtrend,Medium,-0.05883417253902845,0.0
TSM,2020-03-10,54.5099983215332,D2,Downtrend,Medium,0.051707435766918275,0.0
TSM,2020-03-11,52.2400016784668,D2,Downtrend,Medium,-0.041643674792954166,0.0
TSM,2020-03-12,48.689998626708984,D2,Downtrend,High,-0.0679556458211431,0.0
TSM,2020-03-13,52.22999954223633,D2,Downtrend,High,0.07270488838308298,0.0
TSM,2020-03-16,44.900001525878906,D2,Downtrend,High,-0.1403407635573487,0.0
TSM,2020-03-17,48.540000915527344,D2,Downtrend,High,0.08106902596763743,0.0
TSM,2020-03-18,44.369998931884766,D2,Downtrend,High,-0.08590856829400362,0.0
TSM,2020-03-19,43.88999938964844,D2,Downtrend,High,-0.010818110295048866,0.0
TSM,2020-03-20,44.529998779296875,D2,Downtrend,High,0.014581895615140672,0.0
TSM,2020-03-23,45.2599983215332,D2,Downtrend,High,0.01639343279245109,0.0
TSM,2020-03-24,48.869998931884766,D2,Downtrend,High,0.07976139514424241,0.0
TSM,2020-03-25,49.0,D2,Downtrend,High,0.0026601405966149017,0.0
TSM,2020-03-26,49.869998931884766,D2,Downtrend,High,0.01775508024254613,0.0
TSM,2020-03-27,46.90999984741211,D2,Downtrend,High,-0.0593543041481831,-1.8010663357554475
TSM,2020-03-30,47.81999969482422,D2,Downtrend,High,0.01939884566983885,-1.5365255371006876
TSM,2020-03-31,47.790000915527344,D2,Downtrend,High,-0.0006273270491075067,-1.4833589363378472
TSM,2020-04-01,46.5099983215332,D2,Downtrend,High,-0.026783899758793694,-1.6872514445808013
TSM,2020-04-02,48.130001068115234,D2,Downtrend,High,0.03483127940325037,-1.2921356866993068
TSM,2020-04-03,47.060001373291016,D2,Downtrend,High,-0.02223144963803181,-1.4628277896571549
TSM,2020-04-06,49.970001220703125,D2,Downtrend,High,0.06183594905425749,-0.8211667301872893
TSM,2020-04-07,49.720001220703125,D2,Downtrend,High,-0.005003001678863694,-0.8448706091521847
TSM,2020-04-08,50.27000045776367,D2,Downtrend,High,0.011061931286347804,-0.7015694457026733
TSM,2020-04-09,48.33000183105469,D2,Downtrend,High,-0.03859157766149124,-1.0846710889282807
TSM,2020-04-13,48.75,D2,Downtrend,High,0.008690216284565455,-0.9611510356634009
TSM,2020-04-14,50.630001068115234,D2,Downtrend,High,0.03856412447415858,-0.5287552478400936
TSM,2020-04-15,49.65999984741211,D2,Downtrend,High,-0.019158625325686462,-0.7151172036592328
TSM,2020-04-16,52.400001525878906,D2,Downtrend,High,0.05517522526955032,-0.08796759480180609
TSM,2020-04-17,53.689998626708984,D2,Downtrend,High,0.02461826456613725,0.22144462190753814
TSM,2020-04-20,52.59000015258789,D2,Downtrend,High,-0.02048795869355602,-0.009941101807451929
TSM,2020-04-21,51.369998931884766,D2,Downtrend,High,-0.02319834982246316,-0.2685226095968678
TSM,2020-04-22,52.95000076293945,D2,Downtrend,High,0.030757287597956262,0.10736118103517005
TSM,2020-04-23,52.63999938964844,D2,Downtrend,High,-0.0058546056435184735,0.05298341684802471
TSM,2020-04-24,52.72999954223633,D2,Downtrend,High,0.0017097293622991838,0.09262905779721299
TSM,2020-04-27,53.5099983215332,D2,Downtrend,Medium,0.014792315305675263,0.28859935228091754
TSM,2020-04-28,52.7599983215332,D2,Downtrend,Medium,-0.01401607220193446,0.11423150988045648
TSM,2020-04-29,54.47999954223633,D2,Downtrend,Medium,0.032600479064100574,0.5272100813208903
TSM,2020-04-30,53.130001068115234,D2,Downtrend,Medium,-0.024779707882972568,0.22452513029509263
TSM,2020-05-01,51.099998474121094,D2,Downtrend,Medium,-0.038208216698350506,-0.24433383028188954
TSM,2020-05-04,52.150001525878906,D2,Downtrend,Medium,0.020548005540343972,0.039448690232404535
TSM,2020-05-05,51.709999084472656,D2,Downtrend,Medium,-0.008437246951716881,-0.05281465612272713
TSM,2020-05-06,52.130001068115234,D2,Downtrend,Medium,0.008122258578200148,0.07551727672097285
TSM,2020-05-07,52.33000183105469,D2,Downtrend,Medium,0.003836576996768537,0.15840343870183035
TSM,2020-05-08,52.90999984741211,D2,Downtrend,Medium,0.01108347020949707,0.35468527818119644
TSM,2020-05-11,52.400001525878906,D2,Downtrend,Medium,-0.009638977943753457,0.25626222771636803
TSM,2020-05-12,51.099998474121094,D2,Downtrend,Medium,-0.024809217822556295,-0.08431860023544493
TSM,2020-05-13,50.91999816894531,D2,Downtrend,Medium,-0.0035225109696811474,-0.1135549814545693
TSM,2020-05-14,52.099998474121094,D2,Downtrend,Medium,0.023173612482481065,0.27748390957539093
TSM,2020-05-15,49.79999923706055,D2,Downtrend,Medium,-0.04414585996970799,-0.41046485352404305
TSM,2020-05-18,51.869998931884766,D2,Downtrend,Medium,0.041566259569011166,0.2703433020747168
TSM,2020-05-19,50.810001373291016,D2,Downtrend,Medium,-0.02043565799925562,-0.05435106137199963
TSM,2020-05-20,51.84000015258789,D2,Downtrend,Medium,0.020271575505965478,0.2938483922675453
TSM,2020-05-21,50.75,D2,Downtrend,Medium,-0.02102623744945098,-0.040612985843337654
TSM,2020-05-22,49.79999923706055,D2,Downtrend,Medium,-0.018719226855949844,-0.3390626750888184
TSM,2020-05-26,50.81999969482422,D2,Downtrend,Medium,0.020481937216669577,0.019064528267588997
TSM,2020-05-27,51.7400016784668,D2,Downtrend,Medium,0.018103148153624904,0.36276090107063613
TSM,2020-05-28,50.279998779296875,D2,Downtrend,Medium,-0.02821806826066542,-0.11861204892215184
TSM,2020-05-29,50.33000183105469,D2,Downtrend,Medium,0.0009944919047690792,-0.06421935015716866
TSM,2020-06-01,51.029998779296875,D2,Downtrend,Medium,0.013908144700488956,0.2310572545911907
TSM,2020-06-02,52.0099983215332,D2,Downtrend,Medium,0.01920438106367195,0.6404429675891976
TSM,2020-06-03,53.060001373291016,D2,Downtrend,Medium,0.02018848463071543,1.0367388464245584
TSM,2020-06-04,54.279998779296875,D2,Downtrend,Medium,0.022992788813231524,1.5163877469027092
TSM,2020-06-05,55.20000076293945,D2,Downtrend,Medium,0.016949189468174364,1.8107983124751483
TSM,2020-06-08,55.56999969482422,D2,Downtrend,Medium,0.006702879108168025,1.8574507045447948
TSM,2020-06-09,56.61000061035156,D2,Downtrend,Medium,0.01871515064313045,2.1339676534390457
TSM,2020-06-10,57.54999923706055,D2,Downtrend,Medium,0.016604815696417807,2.3626044711488148
TSM,2020-06-11,55.040000915527344,D2,Downtrend,Medium,-0.04361421989241032,1.423516058457026
TSM,2020-06-12,56.0,D2,Downtrend,Medium,0.01744184354113676,1.725715072301364
TSM,2020-06-15,56.02000045776367,D2,Downtrend,Medium,0.0003571510314941406,1.7193983619163409
TSM,2020-06-16,55.79999923706055,D2,Downtrend,Medium,-0.003927190626658361,1.623693360111728
TSM,2020-06-17,56.599998474121094,D2,Downtrend,Medium,0.014336904085998858,1.8930531169999463
TSM,2020-06-18,56.150001525878906,D2,Downtrend,Medium,-0.007950476331689993,1.6492369570201175
TSM,2020-06-19,55.310001373291016,D2,Downtrend,Medium,-0.014959931073211918,1.28221871333798
TSM,2020-06-22,56.0,D2,Downtrend,Medium,0.01247511498060061,1.4854311355093215
TSM,2020-06-23,56.7599983215332,D2,Downtrend,Medium,0.013571398598807294,1.721477700578705
TSM,2020-06-24,56.58000183105469,D2,Downtrend,Medium,-0.0031711856201769306,1.6009879981872401
TSM,2020-06-25,57.040000915527344,D2,Downtrend,Medium,0.008130064856593622,1.7177933934832739
TSM,2020-06-26,56.33000183105469,D2,Downtrend,Medium,-0.0124473890791853,1.4270369226837858
TSM,2020-06-29,56.38999938964844,D2,Downtrend,Medium,0.0010651084083699303,1.411412485394355
TSM,2020-06-30,56.77000045776367,D2,Downtrend,Medium,0.0067388024867578444,1.536652704543272
TSM,2020-07-01,56.81999969482422,D2,Downtrend,Medium,0.0008807334271161427,1.5003597120081478
TSM,2020-07-02,58.619998931884766,D2,Downtrend,Medium,0.03167897301527978,2.1135312175582075
TSM,2020-07-06,61.880001068115234,D2,Downtrend,Medium,0.055612456424956935,3.072247765316271
TSM,2020-07-07,60.709999084472656,D2,Downtrend,Medium,-0.01890759475512427,2.5041921708281647
TSM,2020-07-08,62.59000015258789,D2,Downtrend,Medium,0.030966909841315893,2.9276437981553536
TSM,2020-07-09,64.77999877929688,D2,Downtrend,Medium,0.03498959292810344,3.2700926078953554
TSM,2020-07-10,63.849998474121094,D2,Downtrend,Medium,-0.014356287784818567,2.7593528401247696
TSM,2020-07-13,65.06999969482422,D2,Downtrend,Medium,0.01910730226873225,2.8398309754432196
TSM,2020-07-14,66.95999908447266,D2,Downtrend,Medium,0.029045633909827284,3.021826757723532
TSM,2020-07-15,66.05999755859375,D2,Downtrend,Medium,-0.013440883186744412,2.586532023805822
TSM,2020-07-16,66.58999633789062,D2,Downtrend,Medium,0.008022991203213037,2.5177852191455017
TSM,2020-07-17,66.4000015258789,D2,Downtrend,Medium,-0.0028532035209560824,2.3161627438150436
TSM,2020-07-20,66.88999938964844,D2,Downtrend,Medium,0.007379485730562241,2.2691799740755054
TSM,2020-07-21,67.80999755859375,D2,Downtrend,Medium,0.01375389710479924,2.299968401619315
TSM,2020-07-22,68.52999877929688,D2,Downtrend,Medium,0.010617921348264003,2.28546596229281
TSM,2020-07-23,67.37000274658203,D2,Downtrend,Medium,-0.0169268357416823,1.9635230946801436
TSM,2020-07-24,73.9000015258789,D2,Downtrend,Medium,0.09692739369270953,2.858382689161567
TSM,2020-07-27,83.25,D2,Downtrend,High,0.12652230420924737,3.777287325133597
TSM,2020-07-28,76.91999816894531,D2,Downtrend,High,-0.07603605803068691,2.639237010153729
TSM,2020-07-29,82.66999816894531,D2,Downtrend,High,0.07475299189907458,3.0868639582919815
TSM,2020-07-30,79.93000030517578,D2,Downtrend,High,-0.0331437997394175,2.5425550634616894
TSM,2020-07-31,78.88999938964844,D2,Downtrend,High,-0.013011396366277794,2.269360674046865
TSM,2020-08-03,78.94999694824219,D2,Downtrend,High,0.0007605217271888787,2.1464472425094048
TSM,2020-08-04,80.19000244140625,D2,Downtrend,High,0.015706213313434025,2.152612631135029
TSM,2020-08-05,81.62999725341797,D2,Downtrend,High,0.017957286047770138,2.173192083776943
TSM,2020-08-06,80.5199966430664,D2,Downtrend,High,-0.013597949867688919,1.9569363129251238
TSM,2020-08-07,80.02999877929688,D2,Downtrend,High,-0.006085418333307002,1.8213399159612815
TSM,2020-08-10,79.87000274658203,D2,Downtrend,High,-0.001999200739163709,1.7270338450118343
TSM,2020-08-11,77.94000244140625,D2,Downtrend,High,-0.024164269923708903,1.484682596178991
TSM,2020-08-12,79.38999938964844,D2,Downtrend,High,0.018604014662846113,1.5599222166372877
TSM,2020-08-13,78.30000305175781,D2,Downtrend,High,-0.013729642855152213,1.4051745453923317
TSM,2020-08-14,78.41000366210938,D2,Downtrend,High,0.0014048608692753817,1.3654760048887873
TSM,2020-08-17,80.19000244140625,D2,Downtrend,High,0.022701169444748315,1.4767348476029079
TSM,2020-08-18,79.41000366210938,D2,Downtrend,High,-0.009726883097014638,1.3580669621549732
TSM,2020-08-19,78.54000091552734,D2,Downtrend,High,-0.010955833099868695,1.2360892360584967
TSM,2020-08-20,76.80999755859375,D2,Downtrend,High,-0.022027035100168568,1.0409819924734247
TSM,2020-08-21,78.33999633789062,D2,Downtrend,High,0.019919266084206466,1.1476680913122523
TSM,2020-08-24,78.9000015258789,D2,Downtrend,Medium,0.007148394360052102,1.1642708651456022
TSM,2020-08-25,80.04000091552734,D2,Downtrend,Medium,0.014448661186331258,1.2335363775777877
TSM,2020-08-26,81.75,D2,Downtrend,Medium,0.021364306158333957,1.351941430668944
TSM,2020-08-27,80.5999984741211,D2,Downtrend,Medium,-0.01406729695264719,1.2034511185367498
TSM,2020-08-28,80.44000244140625,D2,Downtrend,Medium,-0.0019850624782110637,1.1505571788699307
TSM,2020-08-31,79.25,D2,Downtrend,Medium,-0.01479366490911116,1.00308636204297
TSM,2020-09-01,81.55000305175781,D2,Downtrend,Medium,0.029022120526912554,1.186195550599629
TSM,2020-09-02,82.16999816894531,D2,Downtrend,Medium,0.007602637571871185,1.205636480389693
TSM,2020-09-03,81.18000030517578,D2,Downtrend,Medium,-0.012048167041869062,1.073766575877619
TSM,2020-09-04,78.91000366210938,D2,Downtrend,Medium,-0.02796251089594637,0.8252028638768713
TSM,2020-09-08,77.31999969482422,D2,Downtrend,Medium,-0.020149586788685392,0.642900402364072
TSM,2020-09-09,79.4000015258789,D2,Downtrend,Medium,0.026901213648012012,0.8226895633750579
TSM,2020-09-10,78.9000015258789,D2,Downtrend,Medium,-0.0062972290981258006,0.7455256669915833
TSM,2020-09-11,78.81999969482422,D2,Downtrend,Medium,-0.0010139648860265638,0.7109935682843233
TSM,2020-09-14,80.5,D2,Downtrend,Medium,0.02131439116569922,0.8596450058259205
TSM,2020-09-15,85.8499984741211,D2,Downtrend,Medium,0.06645960837417508,1.3928027080530259
TSM,2020-09-16,83.12999725341797,D2,Downtrend,Medium,-0.031683183098984546,1.0714066851346513
TSM,2020-09-17,81.91000366210938,D2,Downtrend,Medium,-0.014675732366374317,0.911339545318147
TSM,2020-09-18,80.2300033569336,D2,Downtrend,Medium,-0.020510319009458544,0.6980594925989138
TSM,2020-09-21,80.58999633789062,D2,Downtrend,Medium,0.004487011914426464,0.7160731758945693
TSM,2020-09-22,80.4800033569336,D2,Downtrend,Medium,-0.0013648465809064092,0.6807711766537067
TSM,2020-09-23,77.91999816894531,D2,Downtrend,Medium,-0.03180920826549305,0.3335096248941268
TSM,2020-09-24,78.37999725341797,D2,Downtrend,Medium,0.005903479148899438,0.36507032447830157
TSM,2020-09-25,78.87999725341797,D2,Downtrend,Medium,0.006379178585365297,0.40702852057683037
TSM,2020-09-28,79.7699966430664,D2,Downtrend,Medium,0.011282954115593213,0.513860099291101
TSM,2020-09-29,80.51000213623047,D2,Downtrend,Medium,0.009276739680399437,0.6052616750171905
TSM,2020-09-30,81.06999969482422,D2,Downtrend,Medium,0.0069556271734558806,0.6784488197460868
TSM,2020-10-01,82.62000274658203,D2,Downtrend,Medium,0.01911931735034611,0.9294863378743069
TSM,2020-10-02,80.80000305175781,D2,Downtrend,Medium,-0.022028560086189475,0.58070978611114
TSM,2020-10-05,84.54000091552734,D2,Downtrend,Medium,0.04628710052614493,1.2734535873605053
TSM,2020-10-06,83.12000274658203,D2,Downtrend,Medium,-0.01679676074718972,0.9849742925162789
TSM,2020-10-07,86.91999816894531,D2,Downtrend,Medium,0.04571697902788552,1.7384479009921254
TSM,2020-10-08,87.80000305175781,D2,Downtrend,Medium,0.010124308575134133,1.9084751125891717
TSM,2020-10-09,88.77999877929688,D1,Downtrend,Medium,0.011161682158044473,2.0993964649624024
TSM,2020-10-12,90.91000366210938,D1,Downtrend,Medium,0.023991945394227887,2.5354818785335147
TSM,2020-10-13,89.63999938964844,D1,Downtrend,Medium,-0.013969906735250337,2.238309614223309
TSM,2020-10-14,88.5999984741211,D1,Downtrend,Medium,-0.01160197370156879,1.9969961901785804
TSM,2020-10-15,88.1500015258789,D2,Downtrend,Medium,-0.005078972415260563,1.898230012362002
TSM,2020-10-16,86.69999694824219,D2,Downtrend,Medium,-0.01644928590512873,1.5839087070853544
TSM,2020-10-19,87.55999755859375,D2,Downtrend,Medium,0.009919269211335235,1.7850250368948746
TSM,2020-10-20,88.26000213623047,D2,Downtrend,Medium,0.00799457054767827,1.906227430411589
TSM,2020-10-21,87.63999938964844,D2,Downtrend,Medium,-0.007024730699927373,1.664538769711006
TSM,2020-10-22,88.20999908447266,D2,Downtrend,Medium,0.006503876070217629,1.7508541102679236
TSM,2020-10-23,88.30999755859375,D2,Downtrend,Medium,0.0011336410288966814,1.6998453042494668
TSM,2020-10-26,86.7300033569336,D2,Downtrend,Medium,-0.01789145335002218,1.2360460942125293
TSM,2020-10-27,86.70999908447266,D2,Downtrend,Medium,-0.0002306499675620577,1.1888388551570355
TSM,2020-10-28,83.8499984741211,D2,Downtrend,Medium,-0.032983515633131955,0.4247745238568571
TSM,2020-10-29,84.88999938964844,D2,Downtrend,Medium,0.012403111919534693,0.6803189513676877
TSM,2020-10-30,83.87000274658203,D2,Downtrend,Medium,-0.012015510076570757,0.39982169027522496
TSM,2020-11-02,85.70999908447266,D2,Downtrend,Medium,0.021938670294912033,0.8526619483689863
TSM,2020-11-03,87.69000244140625,D2,Downtrend,Medium,0.02310119447069625,1.3188303377800215
TSM,2020-11-04,89.44999694824219,D1,Downtrend,Medium,0.02007064041322093,1.6996458464061714
TSM,2020-11-05,90.43000030517578,D1,Downtrend,Medium,0.010955879154480597,1.8561081867539004
TSM,2020-11-06,91.41000366210938,D1,Downtrend,Medium,0.010837148663345841,1.9961828139405933
TSM,2020-11-09,89.02999877929688,D1,Downtrend,Medium,-0.026036591045439872,1.3708472677930785
TSM,2020-11-10,87.66000366210938,D2,Downtrend,Medium,-0.015388016803006832,1.007242714274343
TSM,2020-11-11,90.87999725341797,D1,Downtrend,Medium,0.03673275675096077,1.7034292896116727
TSM,2020-11-12,89.81999969482422,D1,Downtrend,Medium,-0.0116637058828023,1.402912649330531
TSM,2020-11-13,93.22000122070312,D1,Downtrend,Medium,0.037853501864071326,2.102967804005918
TSM,2020-11-16,99.2699966430664,D1,Downtrend,Medium,0.06490018604526315,3.159891113505195
TSM,2020-11-17,95.70999908447266,D1,Downtrend,Medium,-0.0358617676939591,2.2624963055627627
TSM,2020-11-18,96.93000030517578,D1,Downtrend,Medium,0.012746852286837473,2.3548944019365945
TSM,2020-11-19,96.61000061035156,D1,Downtrend,Medium,-0.003301348331958387,2.158502704403398
TSM,2020-11-20,95.33000183105469,D1,Downtrend,Medium,-0.013249133332059237,1.8261300202007007
TSM,2020-11-23,98.12999725341797,D1,Downtrend,Medium,0.029371607768617025,2.210634431092027
TSM,2020-11-24,96.63999938964844,D1,Downtrend,Medium,-0.01518391832745758,1.856531874479465
TSM,2020-11-25,97.48999786376953,D1,Downtrend,Medium,0.008795514067564625,1.9076002034768396
TSM,2020-11-27,98.73999786376953,D1,Downtrend,Medium,0.012821828160738402,2.010039904006867
TSM,2020-11-30,97.0199966430664,D1,Downtrend,Medium,-0.017419498257192467,1.6521690995515108
TSM,2020-12-01,100.86000061035156,D1,Downtrend,Medium,0.03957951041178043,2.160517648503512
TSM,2020-12-02,99.54000091552734,D1,Downtrend,Medium,-0.013087444842715401,1.874470175986396
TSM,2020-12-03,99.5,D1,Downtrend,Medium,-0.0004018576970005183,1.7907202863947185
TSM,2020-12-04,103.7300033569336,D1,Downtrend,Medium,0.04251259655209649,2.311348364193221
TSM,2020-12-07,106.38999938964844,D1,Downtrend,Medium,0.025643458465549607,2.537817292619558
TSM,2020-12-08,105.63999938964844,D1,Downtrend,Medium,-0.007049534771150445,2.288231855030154
TSM,2020-12-09,104.41999816894531,D1,Downtrend,Medium,-0.011548667434228221,2.005218881025593
TSM,2020-12-10,104.2300033569336,D1,Downtrend,Medium,-0.0018195251421506686,1.8843474786104994
TSM,2020-12-11,104.02999877929688,D1,Downtrend,Medium,-0.0019188772061323744,1.7766850606910578
TSM,2020-12-14,103.55999755859375,D1,Downtrend,Medium,-0.004517939308066765,1.6503158229489352
TSM,2020-12-15,105.08999633789062,D1,Downtrend,Medium,0.014774032593340092,1.7707357896697007
TSM,2020-12-16,105.19999694824219,D1,Downtrend,Medium,0.001046727701825123,1.7149208033489531
TSM,2020-12-17,103.9000015258789,D1,Downtrend,Medium,-0.012357371293488462,1.5063613847607928
TSM,2020-12-18,104.27999877929688,D1,Downtrend,Medium,0.0036573363603207287,1.5085696824017791
TSM,2020-12-21,104.83000183105469,D1,Downtrend,Medium,0.005274290930151082,1.53141622045061
TSM,2020-12-22,103.94000244140625,D1,Downtrend,Medium,-0.008489930116406641,1.377346758556389
TSM,2020-12-23,103.76000213623047,D1,Downtrend,Medium,-0.0017317712232809424,1.315375033771751
TSM,2020-12-24,105.97000122070312,D1,Downtrend,Medium,0.021299142626954204,1.5507798987658434
TSM,2020-12-28,106.1500015258789,D1,Downtrend,Medium,0.001698596801946728,1.521451759108989
TSM,2020-12-29,105.55999755859375,D1,Downtrend,Medium,-0.005558209691983063,1.405804994447767
TSM,2020-12-30,108.9000015258789,D1,Downtrend,Medium,0.03164081133510077,1.7685531083698813
TSM,2020-12-31,109.04000091552734,D1,Downtrend,Medium,0.0012855774810542897,1.7226908578640812
TSM,2021-01-04,111.69999694824219,D1,Downtrend,Medium,0.024394680946266067,1.965251845873866
TSM,2021-01-05,112.7699966430664,D1,Downtrend,Medium,0.00957922761018537,1.9946454935740605
TSM,2021-01-06,115.61000061035156,D1,Downtrend,Medium,0.025184038767635863,2.2065789668672844
TSM,2021-01-07,121.43000030517578,U1,Uptrend,Medium,0.050341663040378126,2.666318834604783
TSM,2021-01-08,118.69000244140625,U1,Uptrend,Medium,-0.022564422769360215,2.2220349560209764
TSM,2021-01-11,122.5999984741211,U1,Uptrend,Medium,0.03294292655057518,2.4624394381243038
TSM,2021-01-12,123.0,U1,Uptrend,Medium,0.003262655227221245,2.3476586959329095
TSM,2021-01-13,119.2300033569336,U1,Uptrend,Medium,-0.03065037921192204,1.88863217697757
TSM,2021-01-14,126.44999694824219,U1,Uptrend,Medium,0.06055517393297749,2.419022253882844
TSM,2021-01-15,125.2300033569336,U1,Uptrend,Medium,-0.009648031797169221,2.178637389071966
TSM,2021-01-19,131.3000030517578,U1,Uptrend,Medium,0.048470809966548956,2.5358477114142746
TSM,2021-01-20,130.63999938964844,U1,Uptrend,Medium,-0.005026684286132177,2.3295939349107146
TSM,2021-01-21,134.16000366210938,U1,Uptrend,Medium,0.02694430717166596,2.448668497642409
TSM,2021-01-22,129.13999938964844,U1,Uptrend,Medium,-0.03741803917286812,1.9585581124180602
TSM,2021-01-25,130.52000427246094,U1,Uptrend,Medium,0.010686114986331097,1.9701413854268268
TSM,2021-01-26,126.6500015258789,U1,Uptrend,Medium,-0.029650648328997775,1.620371731134613
TSM,2021-01-27,121.73999786376953,U1,Uptrend,High,-0.03876828742955918,1.2122020527974906
TSM,2021-01-28,125.83000183105469,U1,Uptrend,High,0.03359622177636301,1.4789244151427636
TSM,2021-01-29,121.5199966430664,U1,Uptrend,High,-0.03425260371350147,1.1156364076280831
TSM,2021-02-01,126.66000366210938,U1,Uptrend,High,0.04229762311581031,1.4656045073807464
TSM,2021-02-02,128.44000244140625,U1,Uptrend,High,0.014053361186104008,1.5482268801904593
TSM,2021-02-03,127.5,U1,Uptrend,High,-0.007318611207867809,1.4264759015365591
TSM,2021-02-04,128.14999389648438,U1,Uptrend,High,0.005097991344975572,1.4271569970847158
TSM,2021-02-05,127.77999877929688,U1,Uptrend,High,-0.0028872035490409287,1.3571673317277329
TSM,2021-02-08,132.5500030517578,U1,Uptrend,High,0.03732981936163382,1.6741114447529641
TSM,2021-02-09,132.67999267578125,U1,Uptrend,Medium,0.0009806836743162517,1.62736784324316
TSM,2021-02-10,133.69000244140625,U1,Uptrend,High,0.007612374294390323,1.65178646838282
TSM,2021-02-11,139.16000366210938,U1,Uptrend,Medium,0.0409155592849999,1.987350012614898
TSM,2021-02-12,138.05999755859375,U1,Uptrend,Medium,-0.007904613930497684,1.8179283175789953
TSM,2021-02-16,140.0500030517578,U1,Uptrend,Medium,0.014414062931729976,1.8833460964073796
TSM,2021-02-17,136.27000427246094,U1,Uptrend,Medium,-0.026990351281177105,1.5453784459235824
TSM,2021-02-18,134.6300048828125,U1,Uptrend,Medium,-0.012034925796064355,1.377822898552825
TSM,2021-02-19,136.66000366210938,U1,Uptrend,Medium,0.015078353306633652,1.4781935193278097
TSM,2021-02-22,133.57000732421875,U1,Uptrend,Medium,-0.022610831663158804,1.2109494139493635
TSM,2021-02-23,129.10000610351562,U1,Uptrend,Medium,-0.03346560586653968,0.852004974511008
TSM,2021-02-24,132.3000030517578,U1,Uptrend,Medium,0.02478696202133679,1.0597796182180643
TSM,2021-02-25,126.0,U1,Uptrend,Medium,-0.047619069587573226,0.5566565275819053
TSM,2021-02-26,125.94000244140625,U1,Uptrend,Medium,-0.000476171099950351,0.5265656250670923
TSM,2021-03-01,129.1300048828125,U1,Uptrend,Medium,0.02532954088904682,0.7512178577398063
TSM,2021-03-02,126.0,U1,Uptrend,Medium,-0.0242391757489131,0.4755432668922383
TSM,2021-03-03,122.88999938964844,U1,Uptrend,Medium,-0.02468254452659968,0.19447854951460233
TSM,2021-03-04,115.58999633789062,D1,Downtrend,Medium,-0.05940274300605719,-0.44018862941870035
TSM,2021-03-05,120.80000305175781,U1,Uptrend,Medium,0.045073162721083415,-0.017680645578985705
TSM,2021-03-08,113.93000030517578,D1,Downtrend,High,-0.0568708822270354,-0.6290854976472164
TSM,2021-03-09,116.37999725341797,D1,Downtrend,High,0.02150440570244494,-0.4402238859022401
TSM,2021-03-10,113.83000183105469,D1,Downtrend,High,-0.021910942451825788,-0.6916831700851568
TSM,2021-03-11,120.58000183105469,U1,Uptrend,High,0.059298953627517914,-0.11041895792134862
TSM,2021-03-12,118.30000305175781,D1,Downtrend,High,-0.018908597982038478,-0.35138375067301403
TSM,2021-03-15,119.08000183105469,U1,Uptrend,High,0.006593396104610516,-0.30636249636003277
TSM,2021-03-16,119.3499984741211,U1,Uptrend,High,0.002267355046311259,-0.31013332990970055
TSM,2021-03-17,118.76000213623047,U1,Uptrend,High,-0.0049434130325402,-0.4041286597507201
TSM,2021-03-18,114.5,D1,Downtrend,High,-0.03587068086563172,-0.8751394874086421
TSM,2021-03-19,113.62999725341797,D1,Downtrend,High,-0.007598277262725217,-1.0034570823523294
TSM,2021-03-22,117.18000030517578,D1,Downtrend,High,0.03124177715010057,-0.6709593698413703
TSM,2021-03-23,114.88999938964844,D1,Downtrend,High,-0.019542591820817745,-0.9751086373888113
TSM,2021-03-24,108.95999908447266,D1,Downtrend,High,-0.05161459079710007,-1.6728500934798776
TSM,2021-03-25,110.44999694824219,D1,Downtrend,High,0.01367472353422472,-1.5324943207251547
TSM,2021-03-26,116.55999755859375,D1,Downtrend,High,0.0553191559906947,-0.8693370271279667
TSM,2021-03-29,114.38999938964844,D1,Downtrend,High,-0.018617005957420996,-1.161343614670762
TSM,2021-03-30,115.06999969482422,D1,Downtrend,High,0.005944578274360124,-1.1107060188864677
TSM,2021-03-31,118.27999877929688,D1,Downtrend,High,0.02789605538355655,-0.7350297462791117
TSM,2021-04-01,124.80000305175781,U1,Uptrend,High,0.055123472605261625,0.06837071290449817
TSM,2021-04-05,124.5,U1,Uptrend,High,-0.002403870548251419,0.010561842816065169
TSM,2021-04-06,122.44000244140625,U1,Uptrend,High,-0.0165461651292671,-0.260993832454395
TSM,2021-04-07,119.88999938964844,U1,Uptrend,High,-0.020826551787910264,-0.5981170593769847
TSM,2021-04-08,123.43000030517578,U1,Uptrend,High,0.02952707426431922,-0.13625923350262478
TSM,2021-04-09,122.80000305175781,U1,Uptrend,Medium,-0.005104085326584462,-0.21835699325574245
TSM,2021-04-12,120.9000015258789,U1,Uptrend,Medium,-0.015472324744797428,-0.4719700907836314
TSM,2021-04-13,121.2699966430664,U1,Uptrend,Medium,0.0030603400539106485,-0.41168156413120016
TSM,2021-04-14,120.83999633789062,U1,Uptrend,Medium,-0.0035458094918680017,-0.45771263100722615
TSM,2021-04-15,118.3499984741211,D1,Downtrend,Medium,-0.02060574262851722,-0.757262931252601
TSM,2021-04-16,118.83999633789062,U1,Uptrend,Medium,0.004140243938208998,-0.6687884038102695
TSM,2021-04-19,115.4000015258789,D1,Downtrend,Medium,-0.028946439902530652,-1.0863981497592712
TSM,2021-04-20,114.94999694824219,D1,Downtrend,Medium,-0.0038995196853252034,-1.1079226424105664
TSM,2021-04-21,117.4000015258789,D1,Downtrend,Medium,0.021313655003748044,-0.7589404241222054
TSM,2021-04-22,115.31999969482422,D1,Downtrend,Medium,-0.017717221499321534,-1.0014425222187118
TSM,2021-04-23,118.63999938964844,U1,Uptrend,Medium,0.0287894528582211,-0.5584334092982824
TSM,2021-04-26,121.5199966430664,U1,Uptrend,Medium,0.0242750949783741,-0.17292438372526575
TSM,2021-04-27,121.2699966430664,U1,Uptrend,Medium,-0.002057274579543522,-0.20505502461400318
TSM,2021-04-28,119.66000366210938,U1,Uptrend,Medium,-0.01327610312133276,-0.40065345571634847
TSM,2021-04-29,119.0999984741211,U1,Uptrend,Medium,-0.004679969671149253,-0.4549633264641485
TSM,2021-04-30,116.73999786376953,D1,Downtrend,Medium,-0.019815286654805142,-0.7404072831844456
TSM,2021-05-03,115.94000244140625,D1,Downtrend,Medium,-0.00685279627379165,-0.8179290453735906
TSM,2021-05-04,115.36000061035156,D1,Downtrend,Medium,-0.005002603233062786,-0.8652083786395804
TSM,2021-05-05,115.37999725341797,D1,Downtrend,Medium,0.00017334121845191675,-0.834068054723246
TSM,2021-05-06,117.0,D1,Downtrend,Medium,0.01404058576135947,-0.5945047343491399
TSM,2021-05-07,116.83000183105469,D1,Downtrend,Medium,-0.0014529758029513395,-0.5918369653482354
TSM,2021-05-10,112.30999755859375,D1,Downtrend,Medium,-0.0386887289362301,-1.2005724105828883
TSM,2021-05-11,112.8499984741211,D1,Downtrend,Medium,0.004808128637395992,-1.11260850714219
TSM,2021-05-12,108.20999908447266,D1,Downtrend,Medium,-0.04111652150985623,-1.8210745347543806
TSM,2021-05-13,108.75,D1,Downtrend,Medium,0.004990305148286689,-1.7244523894356925
TSM,2021-05-14,112.45999908447266,D1,Downtrend,Medium,0.034114934110093476,-1.1076393800397646
TSM,2021-05-17,109.80000305175781,D1,Downtrend,Medium,-0.023652819263468294,-1.5862403716234101
TSM,2021-05-18,110.83999633789062,D1,Downtrend,Medium,0.00947170543923015,-1.3993429353887794
TSM,2021-05-19,112.4000015258789,D1,Downtrend,Medium,0.014074388664112591,-1.0769126064821828
TSM,2021-05-20,113.27999877929688,D1,Downtrend,Medium,0.007829156952594563,-0.8998295920802486
TSM,2021-05-21,111.8499984741211,D1,Downtrend,Medium,-0.01262359040064831,-1.1744733947610562
TSM,2021-05-24,113.62999725341797,D1,Downtrend,Medium,0.015914160067769023,-0.7637060399052428
TSM,2021-05-25,114.27999877929688,D1,Downtrend,Medium,0.0057203339046929536,-0.6006921332404794
TSM,2021-05-26,116.0,D1,Downtrend,Medium,0.015050763380080934,-0.1594802502997644
TSM,2021-05-27,115.7699966430664,D1,Downtrend,Medium,-0.0019827875597723255,-0.1909815868465121
TSM,2021-05-28,117.36000061035156,D1,Downtrend,Medium,0.013734162679362782,0.20369358456438247
TSM,2021-06-01,118.51000213623047,U1,Uptrend,Medium,0.009798922289520506,0.5081689921508836
TSM,2021-06-02,118.94999694824219,U1,Uptrend,Medium,0.00371272301139558,0.599393836091814
TSM,2021-06-03,116.81999969482422,D1,Downtrend,Medium,-0.017906660849640654,0.054204543507893964
TSM,2021-06-04,119.51000213623047,U1,Uptrend,Medium,0.023026899918109134,0.7161548820716325
TSM,2021-06-07,118.22000122070312,D1,Downtrend,Medium,-0.010794083277288036,0.40000346549220267
TSM,2021-06-08,115.91999816894531,D1,Downtrend,Medium,-0.019455278531624876,-0.18085387346801524
TSM,2021-06-09,117.12999725341797,D1,Downtrend,Medium,0.010438225531276935,0.13917185093265697
TSM,2021-06-10,118.23999786376953,D1,Downtrend,Medium,0.009476655309314186,0.4315745225208215
TSM,2021-06-11,118.25,D1,Downtrend,Medium,8.459181673869942e-05,0.4368522805138474
TSM,2021-06-14,120.98999786376953,U1,Uptrend,Medium,0.023171229291919948,1.1094458011631205
TSM,2021-06-15,119.44999694824219,U1,Uptrend,Medium,-0.012728332446631963,0.6896692155137518
TSM,2021-06-16,118.0199966430664,D1,Downtrend,Medium,-0.011971539068313275,0.3179858461062484
TSM,2021-06-17,119.12000274658203,U1,Uptrend,Medium,0.009320506141365481,0.5820826597786307
TSM,2021-06-18,115.79000091552734,D1,Downtrend,Medium,-0.027955018084905414,-0.3133402539179025
TSM,2021-06-21,114.13999938964844,D1,Downtrend,Medium,-0.014249948292880954,-0.7854544610971821
TSM,2021-06-22,114.33000183105469,D1,Downtrend,Medium,0.0016646437920295742,-0.720540678300474
TSM,2021-06-23,116.05000305175781,D1,Downtrend,Medium,0.015044180820050768,-0.26335049277342576
TSM,2021-06-24,117.23999786376953,D1,Downtrend,Medium,0.010254155801107334,0.05029965248137353
TSM,2021-06-25,116.52999877929688,D1,Downtrend,Medium,-0.006055945900797943,-0.1352561101462447
TSM,2021-06-28,119.61000061035156,U1,Uptrend,Medium,0.026430977974075898,0.7541364644854418
TSM,2021-06-29,120.2300033569336,U1,Uptrend,Medium,0.005183536020552326,0.9807496367412738
TSM,2021-06-30,120.16000366210938,U1,Uptrend,Medium,-0.0005822148620956424,0.9859550349095227
TSM,2021-07-01,118.41999816894531,D1,Downtrend,Medium,-0.014480737684204548,0.4804070614374646
TSM,2021-07-02,118.91000366210938,U1,Uptrend,Medium,0.0041378610094637835,0.6689740527242914
TSM,2021-07-06,120.05000305175781,U1,Uptrend,Medium,0.00958707723942065,1.0550695410853572
TSM,2021-07-07,118.25,D1,Downtrend,Medium,-0.014993777642652528,0.5111841421268802
TSM,2021-07-08,117.87000274658203,D1,Downtrend,Medium,-0.00321350742848181,0.4156932929517533
TSM,2021-07-09,120.55999755859375,U1,Uptrend,Medium,0.022821708232205085,1.289363260250899
TSM,2021-07-12,122.62999725341797,U1,Uptrend,Medium,0.01716987173807949,1.8820347884061344
TSM,2021-07-13,123.9000015258789,U1,Uptrend,Medium,0.010356391591825886,2.170620560906574
TSM,2021-07-14,124.38999938964844,U1,Uptrend,Medium,0.003954784969612657,2.1815032411745703
TSM,2021-07-15,117.52999877929688,D1,Downtrend,Medium,-0.055149132920748634,0.17546211473299822
TSM,2021-07-16,115.73999786376953,D1,Downtrend,Medium,-0.015230161951151566,-0.3377783264494118
TSM,2021-07-19,115.3499984741211,D1,Downtrend,Medium,-0.003369616354300331,-0.45150109246137105
TSM,2021-07-20,116.4000015258789,D1,Downtrend,Medium,0.009102757396163952,-0.1351840642998599
TSM,2021-07-21,117.87000274658203,D1,Downtrend,Medium,0.01262887630097076,0.31626377714890036
TSM,2021-07-22,116.55999755859375,D1,Downtrend,Medium,-0.011113982840950332,-0.049337689605682016
TSM,2021-07-23,116.79000091552734,D1,Downtrend,Medium,0.0019732615112484364,0.03447770031387065
TSM,2021-07-26,115.6500015258789,D1,Downtrend,Medium,-0.009761104381469932,-0.2945367933202673
TSM,2021-07-27,113.54000091552734,D1,Downtrend,Medium,-0.018244708884672223,-0.9132711142782327
TSM,2021-07-28,115.06999969482422,D1,Downtrend,Medium,0.013475416302270338,-0.4463948308727376
TSM,2021-07-29,116.1500015258789,D1,Downtrend,Medium,0.00938560731658078,-0.12492113505106808
TSM,2021-07-30,116.63999938964844,D1,Downtrend,Medium,0.004218664290420726,0.016613979704807692
TSM,2021-08-02,116.86000061035156,D1,Downtrend,Medium,0.0018861558800955525,0.08378193862435265
TSM,2021-08-03,118.41000366210938,D1,Downtrend,Medium,0.013263760428395166,0.5427219958471827
TSM,2021-08-04,118.73999786376953,U1,Uptrend,Medium,0.0027868777253128307,0.6168539727106375
TSM,2021-08-05,119.22000122070312,U1,Uptrend,Medium,0.004042474023658871,0.736239777638624
TSM,2021-08-06,118.20999908447266,D1,Downtrend,Medium,-0.008471750762363506,0.39924674470217825
TSM,2021-08-09,118.22000122070312,D1,Downtrend,Medium,8.461328405329205e-05,0.3747034679790986
TSM,2021-08-10,116.36000061035156,D1,Downtrend,Medium,-0.015733383447350424,-0.30429111219448884
TSM,2021-08-11,115.98999786376953,D1,Downtrend,Medium,-0.003179810455837262,-0.5036895687500844
TSM,2021-08-12,115.69999694824219,D1,Downtrend,Low,-0.002500223475027097,-0.6785668937068781
TSM,2021-08-13,115.5,D1,Downtrend,Low,-0.0017285821393033807,-0.8030599817058152
TSM,2021-08-16,114.62999725341797,D1,Downtrend,Low,-0.007532491312398526,-1.1873514920460477
TSM,2021-08-17,111.11000061035156,D1,Downtrend,Medium,-0.03070746512611866,-2.619613815071887
TSM,2021-08-18,110.44999694824219,D1,Downtrend,Medium,-0.005940092327277768,-2.7378195805509016
TSM,2021-08-19,110.5199966430664,D1,Downtrend,Medium,0.0006337681915646876,-2.5626712393644695
TSM,2021-08-20,108.12000274658203,D1,Downtrend,Medium,-0.021715472035665706,-3.1217355536303364
TSM,2021-08-23,110.95999908447266,D1,Downtrend,Medium,0.026267076079781182,-2.045454917524531
TSM,2021-08-24,112.11000061035156,D1,Downtrend,Medium,0.01036410900655671,-1.5988932951556731
TSM,2021-08-25,117.02999877929688,D1,Downtrend,Medium,0.0438854530564603,0.0037341991245139323
TSM,2021-08-26,118.0999984741211,D1,Downtrend,Medium,0.009142952285611017,0.356631917981585
TSM,2021-08-27,118.48999786376953,D1,Downtrend,Medium,0.003302281072712354,0.4736111345846305
TSM,2021-08-30,118.98999786376953,U1,Uptrend,Medium,0.004219765457122104,0.640188309451167
TSM,2021-08-31,119.01000213623047,U1,Uptrend,Medium,0.00016811726044263509,0.6409742642450679
TSM,2021-09-01,120.45999908447266,U1,Uptrend,Medium,0.012183824235062035,1.0776651087724
TSM,2021-09-02,120.79000091552734,U1,Uptrend,Medium,0.002739513810084526,1.1508940913625245
TSM,2021-09-03,123.97000122070312,U1,Uptrend,Medium,0.026326684999362415,2.055378121937129
TSM,2021-09-07,124.69999694824219,U1,Uptrend,Medium,0.005888486894821021,2.156116586824424
TSM,2021-09-08,121.88999938964844,U1,Uptrend,Medium,-0.02253406276954495,1.317379680608837
TSM,2021-09-09,122.68000030517578,U1,Uptrend,Medium,0.006481261132850857,1.5073680135719871
TSM,2021-09-10,122.97000122070312,U1,Uptrend,Medium,0.002363880948858421,1.5353145946973357
TSM,2021-09-13,123.62000274658203,U1,Uptrend,Medium,0.0052858544313771905,1.6596292033473177
TSM,2021-09-14,123.08999633789062,U1,Uptrend,Medium,-0.004287383893510355,1.4557518745192222
TSM,2021-09-15,121.5,U1,Uptrend,Medium,-0.012917348161470166,0.990778936318403
TSM,2021-09-16,120.79000091552734,U1,Uptrend,Medium,-0.005843613863972474,0.771128708648881
TSM,2021-09-17,117.75,D1,Downtrend,Medium,-0.02516765371707652,-0.06351407385109799
TSM,2021-09-20,114.69999694824219,D1,Downtrend,Medium,-0.025902361373739358,-0.8778072770451703
TSM,2021-09-21,114.95999908447266,D1,Downtrend,Medium,0.0022668015967584054,-0.7969034271150721
TSM,2021-09-22,115.87000274658203,D1,Downtrend,Medium,0.00791582871743679,-0.5342865644827921
TSM,2021-09-23,116.19000244140625,D1,Downtrend,Medium,0.0027617130166475157,-0.43072181633187834
TSM,2021-09-24,115.63999938964844,D1,Downtrend,Medium,-0.004733652123255383,-0.5593955359660356
TSM,2021-09-27,116.1500015258789,D1,Downtrend,Medium,0.004410257168127707,-0.41084493753573054
TSM,2021-09-28,111.9000015258789,D1,Downtrend,Medium,-0.03659061510260142,-1.4983974608526947
TSM,2021-09-29,111.62000274658203,D1,Downtrend,Medium,-0.002502223194627229,-1.5105669337081324
TSM,2021-09-30,111.6500015258789,D1,Downtrend,Medium,0.00026875809495341407,-1.4477885467826799
TSM,2021-10-01,111.55999755859375,D1,Downtrend,Medium,-0.0008061259834760692,-1.4188888751267754
TSM,2021-10-04,109.0199966430664,D1,Downtrend,Medium,-0.022768025915322232,-1.9543953790980575
TSM,2021-10-05,109.26000213623047,D1,Downtrend,Medium,0.0022014813846475967,-1.817843391238932
TSM,2021-10-06,109.33999633789062,D1,Downtrend,Medium,0.0007321453422672874,-1.738818127212236
TSM,2021-10-07,110.83000183105469,D1,Downtrend,Medium,0.013627268548277005,-1.3459584944902505
TSM,2021-10-08,110.04000091552734,D1,Downtrend,Medium,-0.007128042068713425,-1.4814864178666385
TSM,2021-10-11,110.26000213623047,D1,Downtrend,Medium,0.0019992840682727664,-1.3832475210421884
TSM,2021-10-12,109.19999694824219,D1,Downtrend,Medium,-0.009613687352178713,-1.575672862556539
TSM,2021-10-13,109.9800033569336,D1,Downtrend,Medium,0.007142916030126845,-1.3484978271930927
TSM,2021-10-14,112.55999755859375,D1,Downtrend,Medium,0.02345875725505242,-0.7374115832034954
TSM,2021-10-15,114.86000061035156,D1,Downtrend,Medium,0.020433574108426278,-0.20765843327132658
TSM,2021-10-18,115.33999633789062,D1,Downtrend,Medium,0.004178963303050898,-0.09300353791571926
TSM,2021-10-19,116.95999908447266,D1,Downtrend,Medium,0.01404545515881761,0.2705319104155725
TSM,2021-10-20,115.58999633789062,D1,Downtrend,Medium,-0.011713429867527325,-0.048930782015631856
TSM,2021-10-21,116.29000091552734,D1,Downtrend,Medium,0.0060559269816955474,0.10600531821494963
TSM,2021-10-22,114.2300033569336,D1,Downtrend,Medium,-0.017714313718942387,-0.3559405157777935
TSM,2021-10-25,113.63999938964844,D1,Downtrend,Medium,-0.005165052525137215,-0.47812425834978906
TSM,2021-10-26,114.18000030517578,D1,Downtrend,Medium,0.0047518560227706175,-0.3450355774525224
TSM,2021-10-27,113.75,D1,Downtrend,Medium,-0.003765986197464488,-0.42583307986673397
TSM,2021-10-28,116.01000213623047,D1,Downtrend,Medium,0.019868150648179927,0.09940921909986165
TSM,2021-10-29,113.69999694824219,D1,Downtrend,Medium,-0.019912120898641472,-0.40952448108001516
TSM,2021-11-01,114.12000274658203,D1,Downtrend,Medium,0.003693982494397341,-0.29819189768354326
TSM,2021-11-02,114.11000061035156,D1,Downtrend,Medium,-8.764577628583847e-05,-0.28555025811545254
TSM,2021-11-03,114.01000213623047,D1,Downtrend,Medium,-0.0008763340074158243,-0.29950814989456664
TSM,2021-11-04,117.79000091552734,D1,Downtrend,Medium,0.03315497507648635,0.5647969164450878
TSM,2021-11-05,117.80000305175781,D1,Downtrend,Medium,8.491498559060062e-05,0.5575740828537689
TSM,2021-11-08,120.91000366210938,U1,Uptrend,Medium,0.026400683614457243,1.234617113993572
TSM,2021-11-09,121.77999877929688,U1,Uptrend,Medium,0.007195394018999046,1.381895323500285
TSM,2021-11-10,118.19999694824219,D1,Downtrend,Medium,-0.02939728910280881,0.5607134964788472
TSM,2021-11-11,118.19000244140625,D1,Downtrend,Medium,-8.455589758016302e-05,0.534661017993928
TSM,2021-11-12,118.69000244140625,U1,Uptrend,Medium,0.004230476264249772,0.622786309881174
TSM,2021-11-15,118.12000274658203,D1,Downtrend,Medium,-0.00480242381918905,0.4666843630368929
TSM,2021-11-16,118.08000183105469,D1,Downtrend,Medium,-0.000338646415486199,0.43429496540899576
TSM,2021-11-17,119.05999755859375,U1,Uptrend,Medium,0.00829942168311626,0.6425063827006189
TSM,2021-11-18,123.38999938964844,U1,Uptrend,Medium,0.03636823383037391,1.6129061698963594
TSM,2021-11-19,124.26000213623047,U1,Uptrend,Medium,0.007050836784873393,1.7462559838031222
TSM,2021-11-22,124.75,U1,Uptrend,Medium,0.0039433273406219715,1.7856958011529245
TSM,2021-11-23,121.36000061035156,U1,Uptrend,Medium,-0.027174343804797108,1.019960668570147
TSM,2021-11-24,120.70999908447266,U1,Uptrend,Medium,-0.005355978268044459,0.8671275203743367
TSM,2021-11-26,117.08999633789062,D1,Downtrend,Medium,-0.029989253367890045,0.08783442857746114
TSM,2021-11-29,119.27999877929688,U1,Uptrend,Medium,0.018703582798708762,0.5776830030747975
TSM,2021-11-30,117.1500015258789,D1,Downtrend,Medium,-0.017857120013549777,0.13518816012746115
TSM,2021-12-01,120.62999725341797,U1,Uptrend,Medium,0.029705468904926313,0.9582294684290426
TSM,2021-12-02,121.69999694824219,U1,Uptrend,Medium,0.00887009632087099,1.2073753399190064
TSM,2021-12-03,119.33000183105469,U1,Uptrend,Medium,-0.019474077046981675,0.6815045105501552
TSM,2021-12-06,119.13999938964844,U1,Uptrend,Medium,-0.0015922436813103902,0.6630416007903848
TSM,2021-12-07,122.31999969482422,U1,Uptrend,Medium,0.02669129025908057,1.4390199054427304
TSM,2021-12-08,121.80000305175781,U1,Uptrend,Medium,-0.004251117105655178,1.329402237537259
TSM,2021-12-09,119.5,U1,Uptrend,Medium,-0.018883440017488762,0.7863206713395194
TSM,2021-12-10,119.12999725341797,U1,Uptrend,Medium,-0.0030962572935734345,0.7069997193536367
TSM,2021-12-13,116.41999816894531,D1,Downtrend,Medium,-0.022748251044678924,0.04558001091519963
TSM,2021-12-14,116.29000091552734,D1,Downtrend,Medium,-0.001116623049841614,0.00703071201291249
TSM,2021-12-15,120.4000015258789,U1,Uptrend,Medium,0.03534268275857233,0.9909351277731857
TSM,2021-12-16,116.56999969482422,D1,Downtrend,Medium,-0.03181064603418182,0.05047572346649036
TSM,2021-12-17,116.31999969482422,D1,Downtrend,Medium,-0.002144634131032719,-0.011262457163288017
TSM,2021-12-20,114.94000244140625,D1,Downtrend,Medium,-0.011863800352806986,-0.34601280629823045
TSM,2021-12-21,117.44000244140625,D1,Downtrend,Medium,0.021750478048531807,0.2602001064745901
TSM,2021-12-22,121.30000305175781,U1,Uptrend,Medium,0.032867851925304725,1.1640869356673977
TSM,2021-12-23,120.68000030517578,U1,Uptrend,Medium,-0.0051113168259153685,0.9799478858089261
TSM,2021-12-27,122.69999694824219,U1,Uptrend,Medium,0.016738454076551612,1.4237072524673622
TSM,2021-12-28,122.05999755859375,U1,Uptrend,Medium,-0.005215969075520022,1.22665078540313
TSM,2021-12-29,121.41000366210938,U1,Uptrend,Medium,-0.005325199979398287,1.0428421396652094
TSM,2021-12-30,120.41999816894531,U1,Uptrend,Medium,-0.008154233286404522,0.7713817227831563
TSM,2021-12-31,120.30999755859375,U1,Uptrend,Medium,-0.000913474605748088,0.7202875683704658
TSM,2022-01-03,128.8000030517578,U1,Uptrend,Medium,0.07056774719847558,2.7899092026423444
TSM,2022-01-04,133.39999389648438,U1,Uptrend,Medium,0.03571421378676587,3.550388123604941
TSM,2022-01-05,127.05999755859375,U1,Uptrend,Medium,-0.04752621160395498,1.98649507077495
TSM,2022-01-06,128.47000122070312,U1,Uptrend,Medium,0.011097148506233445,2.2382515680367483
TSM,2022-01-07,123.5,U1,Uptrend,Medium,-0.03868608370420257,1.0527294163377723
TSM,2022-01-10,125.01000213623047,U1,Uptrend,Medium,0.012226737945185917,1.374382247915147
TSM,2022-01-11,129.1699981689453,U1,Uptrend,Medium,0.03327730550857422,2.244757181018607
TSM,2022-01-12,132.22999572753906,U1,Uptrend,Medium,0.023689692668350748,2.7264857969285803
TSM,2022-01-13,139.19000244140625,U1,Uptrend,Medium,0.05263561172767739,3.6737448230810403
TSM,2022-01-14,140.66000366210938,U1,Uptrend,Medium,0.010561112112358328,3.4749015425091425
TSM,2022-01-18,133.8300018310547,U1,Uptrend,High,-0.04855681539339063,2.1571496430544306
TSM,2022-01-19,131.00999450683594,U1,Uptrend,High,-0.0210715630698316,1.6186349695634825
TSM,2022-01-20,128.3300018310547,U1,Uptrend,High,-0.020456398657748287,1.1377802552035023
TSM,2022-01-21,124.52999877929688,U1,Uptrend,High,-0.029611182089442245,0.48445446079140925
TSM,2022-01-24,125.95999908447266,U1,Uptrend,High,0.011483179307743896,0.6976304791307323
TSM,2022-01-25,122.4800033569336,U1,Uptrend,High,-0.02762778463665494,0.09057497564010705
TSM,2022-01-26,123.08000183105469,U1,Uptrend,High,0.004898746388604991,0.16925304267004102
TSM,2022-01-27,116.37999725341797,D1,Downtrend,High,-0.054436175479047,-1.0098229754456605
TSM,2022-01-28,117.61000061035156,D1,Downtrend,High,0.010568855352825368,-0.8139576809326255
TSM,2022-01-31,122.62999725341797,U1,Uptrend,High,0.04268341652082741,0.051307627134439635
TSM,2022-02-01,123.05000305175781,U1,Uptrend,High,0.0034249841616802446,0.11195635362183984
TSM,2022-02-02,124.1500015258789,U1,Uptrend,High,0.008939442883706405,0.29407763447252633
TSM,2022-02-03,119.83999633789062,U1,Uptrend,High,-0.03471611063242608,-0.48895523468529506
TSM,2022-02-04,121.0199966430664,U1,Uptrend,High,0.009846464796684051,-0.27135036721690253
TSM,2022-02-07,122.30999755859375,U1,Uptrend,Medium,0.010659403002067913,-0.04898373589824537
TSM,2022-02-08,123.70999908447266,U1,Uptrend,Medium,0.011446337616090707,0.19169074489008078
TSM,2022-02-09,125.5199966430664,U1,Uptrend,Medium,0.014630972209108473,0.5053589941529975
TSM,2022-02-10,124.70999908447266,U1,Uptrend,Medium,-0.0064531355979644545,0.3373443805399221
TSM,2022-02-11,121.01000213623047,U1,Uptrend,Medium,-0.02966880743649103,-0.3607526327081344
TSM,2022-02-14,119.7699966430664,U1,Uptrend,Medium,-0.010247132231004263,-0.5954060130566817
TSM,2022-02-15,124.5199966430664,U1,Uptrend,Medium,0.03965934819348593,0.28921889758212205
TSM,2022-02-16,123.5999984741211,U1,Uptrend,Medium,-0.007388356840246857,0.11937695522202887
TSM,2022-02-17,119.76000213623047,U1,Uptrend,Medium,-0.03106793191987478,-0.5818759950724074
TSM,2022-02-18,119.30999755859375,U1,Uptrend,Medium,-0.003757553186453877,-0.6574643917401333
TSM,2022-02-22,116.91000366210938,D1,Downtrend,Medium,-0.020115614329014875,-1.0825403000390965
TSM,2022-02-23,115.9000015258789,D1,Downtrend,Medium,-0.008639142114386988,-1.2597105747838597
TSM,2022-02-24,111.87999725341797,D1,Downtrend,Medium,-0.034685109745777876,-1.9182587781954556
TSM,2022-02-25,111.2300033569336,D1,Downtrend,Medium,-0.005809741798724621,-1.964615621867388
TSM,2022-02-28,107.01000213623047,D1,Downtrend,Medium,-0.03793941466639428,-2.511950199316803
TSM,2022-03-01,108.05000305175781,D1,Downtrend,Medium,0.009718726238350683,-2.205386766364002
TSM,2022-03-02,109.61000061035156,D1,Downtrend,Medium,0.014437737293227837,-1.8780896186353115
TSM,2022-03-03,108.79000091552734,D1,Downtrend,Medium,-0.007481066419652738,-1.9162508330909838
TSM,2022-03-04,105.05999755859375,D1,Downtrend,Medium,-0.03428627011254326,-2.3110459457741968
TSM,2022-03-07,99.29000091552734,D1,Downtrend,Medium,-0.05492096684895109,-2.8483919947026894
TSM,2022-03-08,100.0,D1,Downtrend,Medium,0.007150761183663423,-2.5566810776618176
TSM,2022-03-09,104.94999694824219,D1,Downtrend,Medium,0.04949996948242186,-1.8605747214479857
TSM,2022-03-10,103.95999908447266,D1,Downtrend,Medium,-0.009433043283057607,-1.896428058463683
TSM,2022-03-11,101.41000366210938,D1,Downtrend,Medium,-0.02452862105444309,-2.084627096055746
TSM,2022-03-14,99.30000305175781,D1,Downtrend,Medium,-0.020806631832712807,-2.185198320766773
TSM,2022-03-15,102.08999633789062,D1,Downtrend,Medium,0.02809660826171978,-1.809296428741321
TSM,2022-03-16,105.69000244140625,D1,Downtrend,Medium,0.03526306428301318,-1.3936359074715277
TSM,2022-03-17,106.48999786376953,D1,Downtrend,Medium,0.007569262975528845,-1.2810206204012207
TSM,2022-03-18,106.72000122070312,D1,Downtrend,Medium,0.002159858780613755,-1.2239086729213002
TSM,2022-03-21,106.91999816894531,D1,Downtrend,Medium,0.0018740343511483015,-1.1666348348124933
TSM,2022-03-22,107.04000091552734,D1,Downtrend,Medium,0.001122360163085867,-1.1203917898256823
TSM,2022-03-23,105.3499984741211,D1,Downtrend,Medium,-0.01578851295731909,-1.2421446519831922
TSM,2022-03-24,107.91999816894531,D1,Downtrend,Medium,0.02439487168531418,-0.9647630320002718
TSM,2022-03-25,106.7300033569336,D1,Downtrend,Medium,-0.01102663854894459,-1.0463078943340614
TSM,2022-03-28,106.33000183105469,D1,Downtrend,Medium,-0.003747788937485508,-1.052399176212536
TSM,2022-03-29,109.25,D1,Downtrend,Medium,0.02746165822121238,-0.756851063491257
TSM,2022-03-30,106.7300033569336,D1,Downtrend,Medium,-0.023066330828983128,-0.9605445436779252
TSM,2022-03-31,104.26000213623047,D1,Downtrend,Medium,-0.02314251984461002,-1.1576393873218302
TSM,2022-04-01,102.79000091552734,D1,Downtrend,Medium,-0.014099378386568273,-1.2524414265311354
TSM,2022-04-04,104.79000091552734,D1,Downtrend,Medium,0.01945714546343469,-1.0293453722056165
TSM,2022-04-05,102.5,D1,Downtrend,Medium,-0.021853238815918608,-1.2033185931098496
TSM,2022-04-06,101.18000030517578,D1,Downtrend,Medium,-0.012878045803163096,-1.2807147940120793
TSM,2022-04-07,100.5199966430664,D1,Downtrend,Medium,-0.006523064440785653,-1.2985892794976075
TSM,2022-04-08,99.29000091552734,D1,Downtrend,Medium,-0.012236328776518146,-1.372699366270887
TSM,2022-04-11,97.56999969482422,D1,Downtrend,Medium,-0.017323005386679857,-1.5154207604454697
TSM,2022-04-12,97.44000244140625,D1,Downtrend,Medium,-0.0013323486094554138,-1.524770211115015
TSM,2022-04-13,101.5,D1,Downtrend,Medium,0.041666640567205926,-1.0927264071168457
TSM,2022-04-14,98.36000061035156,D1,Downtrend,Medium,-0.03093595457781717,-1.3898600179567628
TSM,2022-04-18,98.7699966430664,D1,Downtrend,Medium,0.004168320762207189,-1.311659405769641
TSM,2022-04-19,99.44999694824219,D1,Downtrend,Medium,0.006884684907231042,-1.2007287012156072
TSM,2022-04-20,99.01000213623047,D1,Downtrend,Medium,-0.004424281805063379,-1.214375947122487
TSM,2022-04-21,97.66000366210938,D1,Downtrend,Medium,-0.013634970659465284,-1.3190304658460426
TSM,2022-04-22,95.68000030517578,D1,Downtrend,Medium,-0.02027445507563308,-1.4867572584568116
TSM,2022-04-25,96.23999786376953,D1,Downtrend,Medium,0.005852817274327071,-1.3728101650434288
TSM,2022-04-26,92.7699966430664,D1,Downtrend,Medium,-0.036055707582360985,-1.6772842838392874
TSM,2022-04-27,90.26000213623047,D1,Downtrend,Medium,-0.027056102162999585,-1.8684612667891194
TSM,2022-04-28,95.22000122070312,D1,Downtrend,Medium,0.054952348405514995,-1.3036827007520488
TSM,2022-04-29,92.93000030517578,D1,Downtrend,Medium,-0.024049578724742116,-1.5054399558622713
TSM,2022-05-02,93.76000213623047,D1,Downtrend,Medium,0.00893147345667722,-1.3699764968512556
TSM,2022-05-03,93.62999725341797,D1,Downtrend,Medium,-0.001386570817517807,-1.3426906935024654
TSM,2022-05-04,95.98999786376953,D1,Downtrend,Medium,0.025205603755001915,-1.057923395834764
TSM,2022-05-05,92.1500015258789,D1,Downtrend,Medium,-0.04000412984007362,-1.4489953889512497
TSM,2022-05-06,91.62999725341797,D1,Downtrend,Medium,-0.005643019683671979,-1.4856714383923737
TSM,2022-05-09,87.30000305175781,D2,Downtrend,Medium,-0.04725520387919291,-1.9448660095707604
TSM,2022-05-10,88.81999969482422,D1,Downtrend,Medium,0.01741118659715557,-1.7205667204414679
TSM,2022-05-11,87.83000183105469,D2,Downtrend,Medium,-0.011146114244213634,-1.785105262350176
TSM,2022-05-12,87.69000244140625,D2,Downtrend,Medium,-0.0015939814041873168,-1.7871578984900598
TSM,2022-05-13,90.95999908447266,D1,Downtrend,Medium,0.037290415691930034,-1.3805414276358805
TSM,2022-05-16,90.41000366210938,D1,Downtrend,Medium,-0.00604656363125633,-1.4333348536129566
TSM,2022-05-17,93.31999969482422,D1,Downtrend,Medium,0.03218665982572477,-1.0313771259074407
TSM,2022-05-18,90.52999877929688,D1,Downtrend,Medium,-0.029897138069558737,-1.3996913463928184
TSM,2022-05-19,90.20999908447266,D1,Downtrend,Medium,-0.003534736541909722,-1.4231537106794567
TSM,2022-05-20,90.77999877929688,D1,Downtrend,Medium,0.006318586637945378,-1.304024601155071
TSM,2022-05-23,91.5,D1,Downtrend,Medium,0.007931275946076788,-1.1649203044395329
TSM,2022-05-24,88.72000122070312,D1,Downtrend,Medium,-0.030382500320184413,-1.529063195275822
TSM,2022-05-25,90.41000366210938,D1,Downtrend,Medium,0.019048719771792344,-1.2340617899124535
TSM,2022-05-26,91.0,D1,Downtrend,Medium,0.006525786019162538,-1.1131518492527903
TSM,2022-05-27,93.7699966430664,D1,Downtrend,Medium,0.030439523550180203,-0.6619296786243033
TSM,2022-05-31,95.30000305175781,D1,Downtrend,Medium,0.016316588071505933,-0.40057105797331505
TSM,2022-06-01,94.75,D1,Downtrend,Medium,-0.005771280526183253,-0.47483043764685506
TSM,2022-06-02,96.33999633789062,D1,Downtrend,Medium,0.016780963988291653,-0.2144295418514808
TSM,2022-06-03,93.7699966430664,D1,Downtrend,Medium,-0.026676352423873118,-0.5958210254176741
TSM,2022-06-06,93.11000061035156,D1,Downtrend,Medium,-0.007038456396954995,-0.6756449825260281
TSM,2022-06-07,93.83999633789062,D1,Downtrend,Medium,0.007840143086175644,-0.5392243823225132
TSM,2022-06-08,93.47000122070312,D1,Downtrend,Medium,-0.003942829620914079,-0.5818129071820735
TSM,2022-06-09,90.8499984741211,D1,Downtrend,Medium,-0.028030413099018103,-0.9683700386421766
TSM,2022-06-10,88.68000030517578,D1,Downtrend,Medium,-0.02388550583810345,-1.273135625860214
TSM,2022-06-13,85.55000305175781,D2,Downtrend,Medium,-0.03529541320079688,-1.7112690129761936
TSM,2022-06-14,87.19000244140625,D2,Downtrend,Medium,0.019170068160678344,-1.4078834981376216
TSM,2022-06-15,89.12999725341797,D1,Downtrend,Medium,0.022250197931986904,-1.0674249869225594
TSM,2022-06-16,84.5199966430664,D2,Downtrend,Medium,-0.051722211964667975,-1.7644981830806015
TSM,2022-06-17,85.0,D2,Downtrend,Medium,0.005679169143376628,-1.6311138667456782
TSM,2022-06-21,86.94999694824219,D2,Downtrend,Medium,0.02294114056755525,-1.2873029383210113
TSM,2022-06-22,84.91000366210938,D2,Downtrend,Medium,-0.023461683240163178,-1.5928544985398538
TSM,2022-06-23,84.12000274658203,D2,Downtrend,Medium,-0.00930397928930815,-1.6863887125273247
TSM,2022-06-24,85.91999816894531,D2,Downtrend,Medium,0.021397947736472522,-1.3728116107602468
TSM,2022-06-27,85.86000061035156,D2,Downtrend,Medium,-0.0006982956223506864,-1.369165773466406
TSM,2022-06-28,84.33999633789062,D2,Downtrend,Medium,-0.017703287463961215,-1.6189579343016562
TSM,2022-06-29,83.6500015258789,D2,Downtrend,Medium,-0.008181110291342608,-1.701741614782172
TSM,2022-06-30,81.75,D2,Downtrend,Medium,-0.022713705812558826,-2.022930822715994
TSM,2022-07-01,77.0,D2,Downtrend,Medium,-0.05810397553516822,-2.7725134542633154
TSM,2022-07-05,76.11000061035156,D2,Downtrend,Medium,-0.01155843363179787,-2.746729957955647
TSM,2022-07-06,75.55999755859375,D2,Downtrend,Medium,-0.007226422905625474,-2.661930526414219
TSM,2022-07-07,80.6500015258789,D2,Downtrend,Medium,0.06736373917082328,-1.7092737792206605
TSM,2022-07-08,81.51000213623047,D2,Downtrend,Medium,0.010663367564545112,-1.503697192627791
TSM,2022-07-11,79.11000061035156,D2,Downtrend,Medium,-0.02944425791901839,-1.8331363812661248
TSM,2022-07-12,79.0999984741211,D2,Downtrend,Medium,-0.00012643327206796062,-1.7820557420894099
TSM,2022-07-13,81.29000091552734,D2,Downtrend,Medium,0.02768650421811003,-1.3657143600849795
TSM,2022-07-14,83.66999816894531,D2,Downtrend,Medium,0.02927785984270259,-0.9310900548631084
TSM,2022-07-15,85.62999725341797,D2,Downtrend,Medium,0.023425351109904957,-0.5661495247805728
TSM,2022-07-18,83.58000183105469,D2,Downtrend,Medium,-0.023940155180624534,-0.9047307998928203
TSM,2022-07-19,86.1500015258789,D2,Downtrend,Medium,0.030748978685345207,-0.41186289100255835
TSM,2022-07-20,86.55999755859375,D2,Downtrend,Medium,0.00475909489788795,-0.3121016094229144
TSM,2022-07-21,87.79000091552734,D2,Downtrend,Medium,0.014209835855193864,-0.05428193188947507
TSM,2022-07-22,86.31999969482422,D2,Downtrend,Medium,-0.016744517660018943,-0.3188429904329906
TSM,2022-07-25,86.30000305175781,D2,Downtrend,Medium,-0.0002316571262407363,-0.3101950958849468
TSM,2022-07-26,84.41999816894531,D2,Downtrend,Medium,-0.021784528578579265,-0.6492275637053021
TSM,2022-07-27,87.62999725341797,D2,Downtrend,Medium,0.03802415486966315,3.258578828464613e-05
TSM,2022-07-28,88.61000061035156,D1,Downtrend,Medium,0.011183423344171883,0.21444102529239395
TSM,2022-07-29,88.4800033569336,D1,Downtrend,Medium,-0.0014670720293706863,0.20818688649415695
TSM,2022-08-01,86.30999755859375,D2,Downtrend,Medium,-0.024525381057976636,-0.20642935579341848
TSM,2022-08-02,86.05000305175781,D2,Downtrend,Medium,-0.0030123336136052004,-0.24158376337653703
TSM,2022-08-03,86.51000213623047,D2,Downtrend,Medium,0.00534571839812692,-0.12748806197957496
TSM,2022-08-04,88.41999816894531,D2,Downtrend,Medium,0.0220783260380355,0.2743206478647287
TSM,2022-08-05,89.7699966430664,D1,Downtrend,Medium,0.015268021964235157,0.5568315081470249
TSM,2022-08-08,87.94000244140625,D2,Downtrend,Medium,-0.02038536560201043,0.16834046219664994
TSM,2022-08-09,85.20999908447266,D2,Downtrend,Medium,-0.031043930874945946,-0.4013055768224403
TSM,2022-08-10,88.66999816894531,D1,Downtrend,Medium,0.0406055524192952,0.3411935337592458
TSM,2022-08-11,89.5199966430664,D1,Downtrend,Medium,0.00958608877493794,0.5262779148129363
TSM,2022-08-12,90.86000061035156,D1,Downtrend,Medium,0.014968766951902523,0.8287302601588651
TSM,2022-08-15,91.56999969482422,D1,Downtrend,Medium,0.007814209549892537,0.9746574159235805
TSM,2022-08-16,89.94999694824219,D1,Downtrend,Medium,-0.017691413694234215,0.628331427281127
TSM,2022-08-17,89.19999694824219,D1,Downtrend,Medium,-0.00833796581929347,0.47468891879539754
TSM,2022-08-18,89.2699966430664,D1,Downtrend,Medium,0.000784749968823828,0.5007894452754609
TSM,2022-08-19,87.19999694824219,D2,Downtrend,Medium,-0.023188078555674507,0.0575282435145719
TSM,2022-08-22,85.23999786376953,D2,Downtrend,Medium,-0.02247705450765114,-0.35061544593994987
TSM,2022-08-23,86.02999877929688,D2,Downtrend,Medium,0.009267960292419497,-0.16150470396128783
TSM,2022-08-24,85.55999755859375,D2,Downtrend,Medium,-0.0054632247747541385,-0.239422318739277
TSM,2022-08-25,87.56999969482422,D2,Downtrend,Medium,0.02349231175297728,0.24758704575771612
TSM,2022-08-26,84.73999786376953,D2,Downtrend,Medium,-0.03231702456225949,-0.38052548986588286
TSM,2022-08-29,82.8499984741211,D2,Downtrend,Medium,-0.02230350999874764,-0.8148342485895386
TSM,2022-08-30,82.79000091552734,D2,Downtrend,Medium,-0.000724170907649313,-0.8055754956380278
TSM,2022-08-31,83.3499984741211,D2,Downtrend,Medium,0.0067640723807351755,-0.6367244142472893
TSM,2022-09-01,81.63999938964844,D2,Downtrend,Medium,-0.020515886212086554,-1.066709204666939
TSM,2022-09-02,80.9000015258789,D2,Downtrend,Medium,-0.009064158124716504,-1.2455599960227286
TSM,2022-09-06,80.02999877929688,D2,Downtrend,Medium,-0.010754051052814018,-1.442326739631082
TSM,2022-09-07,79.94999694824219,D2,Downtrend,Medium,-0.0009996480354237391,-1.4111455773128205
TSM,2022-09-08,80.23999786376953,D2,Downtrend,Medium,0.003627278631606279,-1.2873372431310504
TSM,2022-09-09,81.52999877929688,D2,Downtrend,Medium,0.016076781528801876,-0.9043890192524523
TSM,2022-09-12,82.1500015258789,D2,Downtrend,Medium,0.007604596539494413,-0.7086689774591364
TSM,2022-09-13,78.80999755859375,D2,Downtrend,Medium,-0.040657381682859595,-1.5673933830571751
TSM,2022-09-14,79.66000366210938,D2,Downtrend,Medium,0.010785511100716239,-1.2954673598328887
TSM,2022-09-15,77.9800033569336,D2,Downtrend,Medium,-0.02108963379291029,-1.6663387382357961
TSM,2022-09-16,77.88999938964844,D2,Downtrend,Medium,-0.0011541929137035556,-1.6215390194257921
TSM,2022-09-19,78.2300033569336,D2,Downtrend,Medium,0.004365181280645114,-1.4814317594387025
TSM,2022-09-20,78.1500015258789,D2,Downtrend,Medium,-0.0010226489533646799,-1.4447811040971619
TSM,2022-09-21,77.13999938964844,D2,Downtrend,Medium,-0.012923891446067537,-1.6214233387157786
TSM,2022-09-22,75.62999725341797,D2,Downtrend,Medium,-0.019574826914415255,-1.8880756187182095
TSM,2022-09-23,73.87000274658203,D2,Downtrend,Medium,-0.02327111689477679,-2.1658761841251084
TSM,2022-09-26,73.01000213623047,D2,Downtrend,Medium,-0.011642081743273747,-2.226667813072402
TSM,2022-09-27,73.02999877929688,D2,Downtrend,Medium,0.00027388909027958874,-2.1535871987468984
TSM,2022-09-28,72.12999725341797,D2,Downtrend,Medium,-0.012323723687833965,-2.266752896647239
TSM,2022-09-29,69.27999877929688,D2,Downtrend,Medium,-0.03951197258621886,-2.6981194247779947
TSM,2022-09-30,68.55999755859375,D2,Downtrend,Medium,-0.010392627502734397,-2.6317718045483156
TSM,2022-10-03,69.25,D2,Downtrend,Medium,0.010064213331054228,-2.349949432189764
TSM,2022-10-04,72.80999755859375,D2,Downtrend,Medium,0.05140790698330333,-1.6783588005754304
TSM,2022-10-05,74.4800033569336,D2,Downtrend,Medium,0.022936490239488183,-1.3639356067185704
TSM,2022-10-06,74.3499984741211,D2,Downtrend,Medium,-0.0017455004961461906,-1.3454307154698388
TSM,2022-10-07,69.75,D2,Downtrend,Medium,-0.06186951672530583,-1.994448992213543
TSM,2022-10-10,67.44000244140625,D2,Downtrend,Medium,-0.03311824456765233,-2.2190943353158223
TSM,2022-10-11,63.45000076293945,D2,Downtrend,Medium,-0.05916372381411794,-2.6103387068853188
TSM,2022-10-12,64.11000061035156,D2,Downtrend,Medium,0.010401888723027497,-2.351134296900943
TSM,2022-10-13,66.62000274658203,D2,Downtrend,Medium,0.03915149137941509,-1.9078070989508653
TSM,2022-10-14,63.91999816894531,D2,Downtrend,Medium,-0.0405284369006611,-2.140765811641188
TSM,2022-10-17,64.88999938964844,D2,Downtrend,Medium,0.015175238555848125,-1.915667241706769
TSM,2022-10-18,63.709999084472656,D2,Downtrend,Medium,-0.018184625000382093,-1.9584752898734759
TSM,2022-10-19,63.65999984741211,D2,Downtrend,Medium,-0.0007847941889663756,-1.8687832449032968
TSM,2022-10-20,63.58000183105469,D2,Downtrend,Medium,-0.0012566449347969355,-1.793835677515102
TSM,2022-10-21,63.75,D2,Downtrend,Medium,0.002673767915216896,-1.7005989326886402
TSM,2022-10-24,61.290000915527344,D2,Downtrend,High,-0.03858822093290437,-1.8900434997476903
TSM,2022-10-25,61.13999938964844,D2,Downtrend,High,-0.002447406161498411,-1.8190575351978633
TSM,2022-10-26,60.84000015258789,D2,Downtrend,High,-0.004906758914874021,-1.7690750854733281
TSM,2022-10-27,60.95000076293945,D2,Downtrend,Medium,0.0018080310663326493,-1.6833509564831555
TSM,2022-10-28,62.0099983215332,D2,Downtrend,Medium,0.017391264074245516,-1.5141018890813773
TSM,2022-10-31,61.54999923706055,D2,Downtrend,Medium,-0.00741814379815775,-1.5083720409622112
TSM,2022-11-01,61.58000183105469,D2,Downtrend,Medium,0.0004874507614303081,-1.4521460475634989
TSM,2022-11-02,60.52000045776367,D2,Downtrend,Medium,-0.0172134027569395,-1.5025738320032043
TSM,2022-11-03,60.279998779296875,D2,Downtrend,Medium,-0.003965658900387692,-1.4752730271477115
TSM,2022-11-04,62.47999954223633,D2,Downtrend,Medium,0.03649636376062837,-1.2128882353654662
TSM,2022-11-07,62.7599983215332,D2,Downtrend,Medium,0.004481414554230234,-1.1521942079645047
TSM,2022-11-08,65.0199966430664,D2,Downtrend,Medium,0.036010171796926116,-0.8904855889422395
TSM,2022-11-09,65.0,D2,Downtrend,Medium,-0.0003075460488898285,-0.8665866236338023
TSM,2022-11-10,70.83999633789062,D2,Downtrend,Medium,0.08984609750600958,-0.1990070757864586
TSM,2022-11-11,73.83000183105469,D2,Downtrend,Medium,0.04220787193300257,0.17190710177849758
TSM,2022-11-14,72.80000305175781,D2,Downtrend,Medium,-0.013950951561044533,0.08227893374363651
TSM,2022-11-15,80.45999908447266,D2,Downtrend,High,0.10521972131332058,1.017909537699125
TSM,2022-11-16,79.44999694824219,D2,Downtrend,High,-0.012552847970705217,0.9255371042175852
TSM,2022-11-17,81.4800033569336,D2,Downtrend,High,0.025550742437584484,1.198086313663552
TSM,2022-11-18,82.2699966430664,D2,Downtrend,High,0.009695548031240842,1.3319114506382521
TSM,2022-11-21,79.93000030517578,D2,Downtrend,High,-0.02844288845717169,1.060255325222631
TSM,2022-11-22,82.54000091552734,D2,Downtrend,High,0.03265357938679436,1.3978534170921597
TSM,2022-11-23,81.97000122070312,D2,Downtrend,High,-0.00690573889631485,1.3295327484553991
TSM,2022-11-25,81.4000015258789,D2,Downtrend,High,-0.006953759745464749,1.267686434900562
TSM,2022-11-28,79.22000122070312,D2,Downtrend,High,-0.026781330028387118,0.9960648123094412
TSM,2022-11-29,79.33000183105469,D2,Downtrend,High,0.001388545931034546,1.017796698170505
TSM,2022-11-30,82.9800033569336,D2,Downtrend,High,0.04601035474135173,1.4773239276470804
TSM,2022-12-01,82.68000030517578,D2,Downtrend,High,-0.0036153656257083,1.4216936357774927
TSM,2022-12-02,81.5,D2,Downtrend,High,-0.014271895268751167,1.2626159700617456
TSM,2022-12-05,81.62000274658203,D2,Downtrend,High,0.0014724263384298109,1.2775368689166149
TSM,2022-12-06,79.55999755859375,D2,Downtrend,High,-0.025238974744760667,1.0250931329340796
TSM,2022-12-07,79.23999786376953,D2,Downtrend,High,-0.004022117956810511,0.9818613692728556
TSM,2022-12-08,80.80000305175781,D2,Downtrend,High,0.01968709275674474,1.1778855610557748
TSM,2022-12-09,80.69000244140625,D2,Downtrend,High,-0.001361393641050923,1.1511703722588507
TSM,2022-12-12,80.43000030517578,D2,Downtrend,High,-0.0032222348291446323,1.1066043852887346
TSM,2022-12-13,80.51000213623047,D2,Downtrend,High,0.0009946764982113887,1.106688569215219
TSM,2022-12-14,80.0199966430664,D2,Downtrend,Medium,-0.00608626854008687,1.0366833388091459
TSM,2022-12-15,77.61000061035156,D2,Downtrend,Medium,-0.030117422317133546,0.7303753879990965
TSM,2022-12-16,76.30000305175781,D2,Downtrend,Medium,-0.016879236545438547,0.5629794256252176
TSM,2022-12-19,76.0999984741211,D2,Downtrend,Medium,-0.0026212918694256127,0.5320260580208752
TSM,2022-12-20,75.62000274658203,D2,Downtrend,Medium,-0.006307434128297595,0.46524928891554135
TSM,2022-12-21,77.13999938964844,D2,Downtrend,Medium,0.020100457390357818,0.6456805771737045
TSM,2022-12-22,75.27999877929688,D2,Downtrend,Medium,-0.024112012251339965,0.4052651336603299
TSM,2022-12-23,74.88999938964844,D2,Downtrend,Medium,-0.0051806508497938,0.34471935155425565
TSM,2022-12-27,74.31999969482422,D2,Downtrend,Medium,-0.007611159026167713,0.26161419338439806
TSM,2022-12-28,73.05999755859375,D2,Downtrend,Medium,-0.016953742483912015,0.09578911459719408
TSM,2022-12-29,76.0,D2,Downtrend,Medium,0.040240932653308414,0.45732232673939316
TSM,2022-12-30,74.48999786376953,D2,Downtrend,Medium,-0.019868449160927226,0.26810603612424166
TSM,2023-01-03,74.02999877929688,D2,Downtrend,Medium,-0.006175313433542051,0.21117269233772668
TSM,2023-01-04,76.31999969482422,D2,Downtrend,Medium,0.030933418253246803,0.4838798932152638
TSM,2023-01-05,75.7300033569336,D2,Downtrend,Medium,-0.007730560013755272,0.39354690327139785
TSM,2023-01-06,78.06999969482422,D2,Downtrend,Medium,0.030899197598891703,0.6615561179586129
TSM,2023-01-09,80.30999755859375,D2,Downtrend,Medium,0.028692172057457332,0.9136195472713916
TSM,2023-01-10,81.2699966430664,D2,Downtrend,Medium,0.011953668455440436,1.00154148583697
TSM,2023-01-11,81.77999877929688,D2,Downtrend,Medium,0.006275404913210103,1.0316412981510419
TSM,2023-01-12,87.0,D2,Downtrend,Medium,0.06382980311347963,1.6265170742976598
TSM,2023-01-13,86.80000305175781,D2,Downtrend,Medium,-0.002298815497036588,1.5433675745295192
TSM,2023-01-17,88.98999786376953,D1,Downtrend,Medium,0.025230354090032048,1.7436710676825085
TSM,2023-01-18,89.47000122070312,D1,Downtrend,Medium,0.0053939023312306045,1.7326115400793334
TSM,2023-01-19,88.4000015258789,D2,Downtrend,Medium,-0.011959312397736066,1.5462313981400628
TSM,2023-01-20,91.02999877929688,D1,Downtrend,Medium,0.029751099638251066,1.802093886621141
TSM,2023-01-23,95.66000366210938,D1,Downtrend,Medium,0.05086240739207293,2.2560136897836927
TSM,2023-01-24,94.55999755859375,D1,Downtrend,Medium,-0.011499122531931638,2.046560315625405
TSM,2023-01-25,92.41000366210938,D1,Downtrend,Medium,-0.022736822673373513,1.7410156364822837
TSM,2023-01-26,93.44999694824219,D1,Downtrend,Medium,0.011254120170100634,1.8074820319039437
TSM,2023-01-27,93.30000305175781,D1,Downtrend,Medium,-0.001605071175844408,1.7422108787420163
TSM,2023-01-30,93.12999725341797,D1,Downtrend,Medium,-0.001822141401705335,1.6817374249706383
TSM,2023-01-31,92.7300033569336,D1,Downtrend,Medium,-0.004295005994641499,1.6075984139318003
TSM,2023-02-01,94.73999786376953,D1,Downtrend,Medium,0.021675773040783053,1.8345995162827933
TSM,2023-02-02,96.6500015258789,D1,Downtrend,Medium,0.02016047820537059,2.0317376006433707
TSM,2023-02-03,94.66000366210938,D1,Downtrend,Medium,-0.02058973442681933,1.7455733942050717
TSM,2023-02-06,91.83000183105469,D1,Downtrend,Medium,-0.02989648976939019,1.3449909286384814
TSM,2023-02-07,94.55000305175781,D1,Downtrend,Medium,0.029619962609902517,1.6928908202633703
TSM,2023-02-08,94.27999877929688,D1,Downtrend,Medium,-0.0028556770359186023,1.602056971355302
TSM,2023-02-09,96.69000244140625,D1,Downtrend,Medium,0.025562194456016485,1.8585005521178022
TSM,2023-02-10,95.37000274658203,D1,Downtrend,Medium,-0.013651873632169242,1.615811479655572
TSM,2023-02-13,96.11000061035156,D1,Downtrend,Medium,0.007759230811137385,1.6453116220459731
TSM,2023-02-14,97.95999908447266,D1,Downtrend,Medium,0.019248761443893203,1.8069951469912788
TSM,2023-02-15,92.76000213623047,D1,Downtrend,Medium,-0.05308286031891585,1.0858403658906137
TSM,2023-02-16,90.81999969482422,D1,Downtrend,Medium,-0.02091421298758811,0.809398096205169
TSM,2023-02-17,90.0999984741211,D1,Downtrend,Medium,-0.007927782681375173,0.6929559319285861
TSM,2023-02-21,87.63999938964844,D2,Downtrend,Medium,-0.02730298697151734,0.3618709197604643
TSM,2023-02-22,86.83000183105469,D2,Downtrend,Medium,-0.009242327296152708,0.24622710118876898
TSM,2023-02-23,90.08000183105469,D1,Downtrend,Medium,0.03742945907479678,0.6489658403130913
TSM,2023-02-24,88.11000061035156,D2,Downtrend,Medium,-0.021869462485112567,0.375374615765978
TSM,2023-02-27,87.30000305175781,D2,Downtrend,Medium,-0.009193026364575752,0.2536504107762272
TSM,2023-02-28,87.06999969482422,D2,Downtrend,Medium,-0.002634631716991298,0.214706653962777
TSM,2023-03-01,88.41999816894531,D2,Downtrend,Medium,0.01550474880961028,0.37896057007780154
TSM,2023-03-02,89.02999877929688,D1,Downtrend,Medium,0.006898898699206235,0.44272985936875137
TSM,2023-03-03,89.79000091552734,D1,Downtrend,Medium,0.008536472499730108,0.5245102887202238
TSM,2023-03-06,89.58000183105469,D1,Downtrend,Medium,-0.0023387802910284083,0.47691252065536893
TSM,2023-03-07,88.8499984741211,D1,Downtrend,Medium,-0.008149177740701119,0.36183071700431707
TSM,2023-03-08,90.83000183105469,D1,Downtrend,Medium,0.022284787742684165,0.6023805883914864
TSM,2023-03-09,88.87999725341797,D1,Downtrend,Medium,-0.021468727714701097,0.327244107944736
TSM,2023-03-10,87.25,D2,Downtrend,Medium,-0.018339303597978973,0.09590339716836357
TSM,2023-03-13,87.73999786376953,D2,Downtrend,Medium,0.0056160213612552745,0.14609506692259502
TSM,2023-03-14,89.29000091552734,D1,Downtrend,Medium,0.017665866075862402,0.33566642700923954
TSM,2023-03-15,86.69999694824219,D2,Downtrend,Medium,-0.029006651816875006,-0.03552186440365182
TSM,2023-03-16,89.30000305175781,D1,Downtrend,Medium,0.029988537428297324,0.2964220450298457
TSM,2023-03-17,89.47000122070312,D1,Downtrend,Medium,0.0019036748391463298,0.2949688481972678
TSM,2023-03-20,90.04000091552734,D1,Downtrend,Medium,0.0063708470665844175,0.3501492341506497
TSM,2023-03-21,92.5,D1,Downtrend,Medium,0.027321180136154588,0.6828025132619674
TSM,2023-03-22,92.62000274658203,D1,Downtrend,Medium,0.0012973269900760087,0.6758455036928106
TSM,2023-03-23,94.58999633789062,D1,Downtrend,Medium,0.0212696343434442,0.9529938019650463
TSM,2023-03-24,92.79000091552734,D1,Downtrend,Medium,-0.019029448060589926,0.6485167525357108
TSM,2023-03-27,90.66000366210938,D1,Downtrend,Medium,-0.02295502998601151,0.2682719491953181
TSM,2023-03-28,90.80999755859375,D1,Downtrend,Medium,0.001654466031607571,0.2633412952408491
TSM,2023-03-29,92.76000213623047,D1,Downtrend,Medium,0.021473456998812424,0.5994802435622039
TSM,2023-03-30,92.47000122070312,D1,Downtrend,Medium,-0.003126357361456722,0.5259869618352013
TSM,2023-03-31,93.0199966430664,D1,Downtrend,Medium,0.005947825403944451,0.6276303360525135
TSM,2023-04-03,92.83999633789062,D1,Downtrend,Medium,-0.001935071077958317,0.577372824012953
TSM,2023-04-04,92.16999816894531,D1,Downtrend,Medium,-0.007216697494330515,0.3839351604607613
TSM,2023-04-05,90.19999694824219,D1,Downtrend,Medium,-0.02137356254572298,-0.21776937305381172
TSM,2023-04-06,90.23999786376953,D1,Downtrend,Medium,0.0004434691450188044,-0.26980009997747856
TSM,2023-04-10,89.0199966430664,D1,Downtrend,Medium,-0.013519517393438929,-0.7541676195610642
TSM,2023-04-11,89.23999786376953,D1,Downtrend,Medium,0.0024713685576200906,-0.7010451986561748
TSM,2023-04-12,86.87000274658203,D2,Downtrend,Medium,-0.026557543410135942,-1.5319270464397998
TSM,2023-04-13,87.05000305175781,D2,Downtrend,Medium,0.0020720651488970177,-1.4390634676543665
TSM,2023-04-14,87.19999694824219,D2,Downtrend,Medium,0.0017230774408496519,-1.3564007462271899
TSM,2023-04-17,87.98999786376953,D2,Downtrend,Medium,0.009059643843752019,-1.081823543376741
TSM,2023-04-18,88.13999938964844,D2,Downtrend,Medium,0.001704756557798115,-1.0054893910464775
TSM,2023-04-19,87.2300033569336,D2,Downtrend,Medium,-0.010324438836128658,-1.2734545922670466
TSM,2023-04-20,89.29000091552734,D1,Downtrend,Medium,0.023615699636792664,-0.5494233302183812
TSM,2023-04-21,85.37000274658203,D2,Downtrend,Medium,-0.043901871752177746,-1.8060241974280256
TSM,2023-04-24,84.63999938964844,D2,Downtrend,Medium,-0.008551052283558902,-1.947890990271883
TSM,2023-04-25,82.29000091552734,D2,Downtrend,Medium,-0.027764632455898886,-2.519930743870594
TSM,2023-04-26,82.25,D2,Downtrend,Medium,-0.00048609691435541613,-2.3676894530850783
TSM,2023-04-27,83.66999816894531,D2,Downtrend,Medium,0.017264415427906465,-1.8546495839502193
TSM,2023-04-28,84.30000305175781,D2,Downtrend,Medium,0.007529639017565204,-1.611265221486246
TSM,2023-05-01,83.9800033569336,D2,Downtrend,Medium,-0.0037959630277563106,-1.65650213514257
TSM,2023-05-02,82.95999908447266,D2,Downtrend,Medium,-0.012145799377093258,-1.8693235805349286
TSM,2023-05-03,82.69999694824219,D2,Downtrend,Medium,-0.0031340662861595314,-1.8499485062999128
TSM,2023-05-04,83.48999786376953,D2,Downtrend,Medium,0.00955261118113171,-1.5740358544948327
TSM,2023-05-05,84.97000122070312,D2,Downtrend,Medium,0.017726714514336273,-1.129731265311117
TSM,2023-05-08,85.54000091552734,D2,Downtrend,Medium,0.006708246282634445,-0.9503947547616033
TSM,2023-05-09,85.05999755859375,D2,Downtrend,Medium,-0.005611449050691553,-1.061128396170049
TSM,2023-05-10,84.9000015258789,D2,Downtrend,Medium,-0.0018809785716796812,-1.0878416794930386
TSM,2023-05-11,83.43000030517578,D2,Downtrend,Medium,-0.017314501699449814,-1.5424729512278246
TSM,2023-05-12,83.43000030517578,D2,Downtrend,Medium,0.0,-1.4908185500667237
TSM,2023-05-15,85.66000366210938,D2,Downtrend,Medium,0.026729034505292404,-0.7521975388475787
TSM,2023-05-16,85.87999725341797,D2,Downtrend,Medium,0.002568218327148042,-0.6593647380258414
TSM,2023-05-17,90.87999725341797,D1,Downtrend,Medium,0.058220775033862804,0.9168508418422178
TSM,2023-05-18,92.6500015258789,D1,Downtrend,Medium,0.019476279995094048,1.4245326525658386
TSM,2023-05-19,92.58000183105469,D1,Downtrend,Medium,-0.0007555282641270589,1.371497514495495
TSM,2023-05-22,91.72000122070312,D1,Downtrend,Medium,-0.009289269748783746,1.0767858411736746
TSM,2023-05-23,90.44000244140625,D1,Downtrend,Medium,-0.013955503295479121,0.6678561815841698
TSM,2023-05-24,90.12999725341797,D1,Downtrend,Medium,-0.0034277441355569094,0.5571112101981867
TSM,2023-05-25,100.94999694824219,D1,Downtrend,High,0.1200488186458244,3.3869655943604107
TSM,2023-05-26,103.20999908447266,D1,Downtrend,High,0.022387342293721746,3.4984276054970778
TSM,2023-05-30,101.9800033569336,D1,Downtrend,High,-0.011917408569419363,2.9137665324076005
TSM,2023-05-31,98.58999633789062,D1,Downtrend,High,-0.03324187985342408,2.0448668879376584
TSM,2023-06-01,98.83999633789062,D1,Downtrend,High,0.0025357542274693223,1.9911648358976588
TSM,2023-06-02,98.94000244140625,D1,Downtrend,High,0.0010117979281762945,1.9214563879112103
TSM,2023-06-05,98.05000305175781,D1,Downtrend,High,-0.008995344326734878,1.6700049080074315
TSM,2023-06-06,99.81999969482422,D1,Downtrend,High,0.0180519794796139,1.9163711735118671
TSM,2023-06-07,100.29000091552734,D1,Downtrend,High,0.004708487498898517,1.9059392690381138
TSM,2023-06-08,99.94000244140625,D1,Downtrend,High,-0.003489864103360496,1.7598403619225906
TSM,2023-06-09,102.80000305175781,D1,Downtrend,High,0.028617175710280218,2.1427246602831995
TSM,2023-06-12,107.05999755859375,D1,Downtrend,High,0.04143963405031337,2.652306512755259
TSM,2023-06-13,106.80000305175781,D1,Downtrend,High,-0.00242849348743579,2.430160794731163
TSM,2023-06-14,107.41000366210938,D1,Downtrend,High,0.005711616038587053,2.358081948624852
TSM,2023-06-15,105.18000030517578,D1,Downtrend,High,-0.020761598369819834,1.935814834896351
TSM,2023-06-16,104.56999969482422,D1,Downtrend,High,-0.005799587455615818,1.7717411975743897
TSM,2023-06-20,103.9800033569336,D1,Downtrend,High,-0.0056421185771489135,1.6324335580112903
TSM,2023-06-21,101.63999938964844,D1,Downtrend,High,-0.022504365183107278,1.2792661689678446
TSM,2023-06-22,103.12999725341797,D1,Downtrend,High,0.014659561911816388,1.424288303317658
TSM,2023-06-23,101.91000366210938,D1,Downtrend,High,-0.011829667640839148,1.2252164837686705
TSM,2023-06-26,100.11000061035156,D1,Downtrend,Medium,-0.017662672819891756,0.9697077971158904
TSM,2023-06-27,102.08000183105469,D1,Downtrend,Medium,0.019678365884451043,1.1862266132299903
TSM,2023-06-28,100.91999816894531,D1,Downtrend,Medium,-0.011363672034697014,1.014159633244038
TSM,2023-06-29,100.63999938964844,D1,Downtrend,Medium,-0.002774462786138243,0.9552862871353052
TSM,2023-06-30,100.91999816894531,D1,Downtrend,Medium,0.002782181846134657,0.9641885463507704
TSM,2023-07-03,103.1500015258789,D1,Downtrend,Medium,0.022096743929785445,1.1982922408363264
TSM,2023-07-05,100.98999786376953,D1,Downtrend,Medium,-0.020940413283149217,0.9082427703029186
TSM,2023-07-06,99.41000366210938,D1,Downtrend,Medium,-0.015645056293510318,0.695037185898406
TSM,2023-07-07,100.2300033569336,D1,Downtrend,Medium,0.008248663762365105,0.769868723838078
TSM,2023-07-10,99.7699966430664,D1,Downtrend,Medium,-0.004589511109054256,0.6899478261972553
TSM,2023-07-11,101.26000213623047,D1,Downtrend,Medium,0.014934404563474724,0.8412091073412064
TSM,2023-07-12,103.9000015258789,D1,Downtrend,Medium,0.026071492533613627,1.1210259452275757
TSM,2023-07-13,105.56999969482422,D1,Downtrend,Medium,0.01607312939768679,1.2751517817978508
TSM,2023-07-14,105.13999938964844,D1,Downtrend,Medium,-0.0040731297377929465,1.1823338023989995
TSM,2023-07-17,104.79000091552734,D1,Downtrend,Medium,-0.003328880313419047,1.1030197486275193
TSM,2023-07-18,103.1500015258789,D1,Downtrend,Medium,-0.015650342354424307,0.8804647149322554
TSM,2023-07-19,103.05999755859375,D1,Downtrend,Medium,-0.0008725542021691401,0.8407843731288124
TSM,2023-07-20,97.86000061035156,D1,Downtrend,Medium,-0.05045601660611121,0.20179400176597564
TSM,2023-07-21,97.25,D1,Downtrend,Medium,-0.006233400843521308,0.10087010435187528
TSM,2023-07-24,98.25,D1,Downtrend,Medium,0.010282776349614497,0.19646386409445318
TSM,2023-07-25,100.31999969482422,D1,Downtrend,Medium,0.02106869918396148,0.4330400021252
TSM,2023-07-26,99.41000366210938,D1,Downtrend,Medium,-0.00907093336805298,0.28917731827039456
TSM,2023-07-27,99.3499984741211,D1,Downtrend,Medium,-0.0006036131755133844,0.25397950443162215
TSM,2023-07-28,100.86000061035156,D1,Downtrend,Medium,0.015198813884469198,0.43306064032946484
TSM,2023-07-31,99.1500015258789,D1,Downtrend,Medium,-0.016954184752375978,0.16017623553450414
TSM,2023-08-01,98.4000015258789,D1,Downtrend,Medium,-0.0075642964040121274,0.014496141481065442
TSM,2023-08-02,95.69999694824219,D1,Downtrend,Medium,-0.02743907048544736,-0.44006703392995566
TSM,2023-08-03,94.9800033569336,D1,Downtrend,Medium,-0.007523444245227995,-0.5989791439573615
TSM,2023-08-04,96.16000366210938,D1,Downtrend,Medium,0.012423670914617269,-0.4552128131934989
TSM,2023-08-07,96.3499984741211,D1,Downtrend,Medium,0.0019758195172219217,-0.4783616590267243
TSM,2023-08-08,94.48999786376953,D1,Downtrend,Medium,-0.019304625218558247,-0.9020531745456256
TSM,2023-08-09,93.9800033569336,D1,Downtrend,Medium,-0.005397338537050489,-1.1135039712249466
TSM,2023-08-10,94.80000305175781,D1,Downtrend,Medium,0.00872525713485972,-1.041127813745815
TSM,2023-08-11,91.98999786376953,D1,Downtrend,Medium,-0.029641403982382908,-1.7798987104249415
TSM,2023-08-14,93.06999969482422,D1,Downtrend,Medium,0.011740426743504173,-1.5611542646101568
TSM,2023-08-15,91.68000030517578,D1,Downtrend,Medium,-0.01493498865591747,-1.8733459525037
TSM,2023-08-16,91.77999877929688,D1,Downtrend,Medium,0.0010907337891385982,-1.8364756500867934
TSM,2023-08-17,91.63999938964844,D1,Downtrend,Medium,-0.0015253801646379905,-1.867781220366973
TSM,2023-08-18,91.0999984741211,D1,Downtrend,Medium,-0.005892633338323017,-2.0073709512141518
TSM,2023-08-21,92.55999755859375,D1,Downtrend,Medium,0.01602633489491656,-1.7065965674977064
TSM,2023-08-22,92.23999786376953,D1,Downtrend,Medium,-0.0034572137344931475,-1.7054046171668238
TSM,2023-08-23,94.22000122070312,D1,Downtrend,Medium,0.021465778434404115,-1.200573795560737
TSM,2023-08-24,92.52999877929688,D1,Downtrend,Medium,-0.017936769470502822,-1.5292768993309964
TSM,2023-08-25,93.0999984741211,D1,Downtrend,Medium,0.006160161054187263,-1.3566381718495704
TSM,2023-08-28,94.0,D1,Downtrend,Medium,0.009667041252735098,-1.124134857625937
TSM,2023-08-29,95.08000183105469,D1,Downtrend,Medium,0.011489381181432945,-0.8644840697919982
TSM,2023-08-30,94.77999877929688,D1,Downtrend,Medium,-0.0031552697305462507,-0.9123631400877982
TSM,2023-08-31,93.56999969482422,D1,Downtrend,Medium,-0.012766396919778877,-1.1419135479363347
TSM,2023-09-01,93.19000244140625,D1,Downtrend,Medium,-0.0040611013642974925,-1.1850149111502026
TSM,2023-09-05,94.5999984741211,D1,Downtrend,Medium,0.015130335827616026,-0.8589352629675767
TSM,2023-09-06,92.26000213623047,D1,Downtrend,Medium,-0.024735691074358246,-1.3091024619118194
TSM,2023-09-07,90.05000305175781,D1,Downtrend,Medium,-0.023954032444193807,-1.7213143270439941
TSM,2023-09-08,89.63999938964844,D1,Downtrend,Medium,-0.004553066609822576,-1.7519078670433605
TSM,2023-09-11,89.5999984741211,D1,Downtrend,Medium,-0.0004462395783100259,-1.7153232616849665
TSM,2023-09-12,90.4800033569336,D1,Downtrend,Medium,0.009821483234362605,-1.4799940884824987
TSM,2023-09-13,91.22000122070312,D1,Downtrend,Medium,0.008178579092778415,-1.281456975402435
TSM,2023-09-14,91.47000122070312,D1,Downtrend,Medium,0.002740627018795294,-1.1903555077108405
TSM,2023-09-15,89.25,D1,Downtrend,Medium,-0.02427026556331402,-1.6085757032719559
TSM,2023-09-18,88.83000183105469,D1,Downtrend,Medium,-0.004705861836922232,-1.636541386084945
TSM,2023-09-19,88.16999816894531,D2,Downtrend,Medium,-0.0074299633964280964,-1.7050477294108335
TSM,2023-09-20,87.29000091552734,D2,Downtrend,Medium,-0.009980688121732473,-1.8037122507292098
TSM,2023-09-21,85.36000061035156,D2,Downtrend,Medium,-0.022110210619008863,-2.09053679680042
TSM,2023-09-22,85.63999938964844,D2,Downtrend,Medium,0.003280210605609124,-1.9359771985081968
TSM,2023-09-25,86.23999786376953,D2,Downtrend,Medium,0.007006054161574626,-1.7395401896903162
TSM,2023-09-26,84.29000091552734,D2,Downtrend,Medium,-0.022611282427471013,-2.0100470061488696
TSM,2023-09-27,85.44000244140625,D2,Downtrend,Medium,0.013643392020263434,-1.7284585095769895
TSM,2023-09-28,86.41000366210938,D2,Downtrend,Medium,0.011353010217530546,-1.4905596177323117
TSM,2023-09-29,86.9000015258789,D2,Downtrend,Medium,0.00567061500987287,-1.3493056241080965
TSM,2023-10-02,87.6500015258789,D2,Downtrend,Medium,0.008630609744887607,-1.1710979709257643
TSM,2023-10-03,85.41000366210938,D2,Downtrend,Medium,-0.025556164572434925,-1.522511896651399
TSM,2023-10-04,86.66999816894531,D2,Downtrend,Medium,0.014752305968989354,-1.2522701680178498
TSM,2023-10-05,87.02999877929688,D2,Downtrend,Medium,0.004153693526678159,-1.1583580878074418
TSM,2023-10-06,89.29000091552734,D1,Downtrend,Medium,0.025968081901985407,-0.7176627033761582
TSM,2023-10-09,88.98999786376953,D1,Downtrend,Medium,-0.0033598728713378767,-0.7573276610954269
TSM,2023-10-10,90.61000061035156,D1,Downtrend,Medium,0.01820432391808824,-0.4009587859628253
TSM,2023-10-11,92.0,D1,Downtrend,Medium,0.015340463307420338,-0.06624868289700193
TSM,2023-10-12,92.41999816894531,D1,Downtrend,Medium,0.004565197488535899,0.07167834544986754
TSM,2023-10-13,90.45999908447266,D1,Downtrend,Medium,-0.021207521351490843,-0.3690381179175046
TSM,2023-10-16,91.22000122070312,D1,Downtrend,Medium,0.008401527127153363,-0.16428889249556736
TSM,2023-10-17,91.0,D1,Downtrend,Medium,-0.002411765158507717,-0.19244048253820634
TSM,2023-10-18,89.5999984741211,D1,Downtrend,Medium,-0.015384632152515398,-0.5159715438687387
TSM,2023-10-19,92.91000366210938,D1,Downtrend,Medium,0.03694202281648806,0.38172674294940223
TSM,2023-10-20,91.30999755859375,D1,Downtrend,Medium,-0.017221031540741838,-0.011669222530901644
TSM,2023-10-23,91.11000061035156,D1,Downtrend,Medium,-0.0021903072345812458,-0.023605130193323734
TSM,2023-10-24,91.63999938964844,D1,Downtrend,Medium,0.0058171306744196905,0.18022394251792379
TSM,2023-10-25,87.63999938964844,D2,Downtrend,Medium,-0.043649061835893455,-1.0548449753258942
TSM,2023-10-26,87.44999694824219,D2,Downtrend,Medium,-0.002167987708004193,-1.0841399210846283
TSM,2023-10-27,85.98999786376953,D2,Downtrend,Medium,-0.016695244544568277,-1.5102574839168386
TSM,2023-10-30,86.05999755859375,D2,Downtrend,Medium,0.00081404461638801,-1.4481161935427787
TSM,2023-10-31,86.30999755859375,D2,Downtrend,Medium,0.0029049501172688785,-1.3345869824672125
TSM,2023-11-01,87.80000305175781,D2,Downtrend,Medium,0.017263417162681982,-0.8035543897349183
TSM,2023-11-02,90.4800033569336,D1,Downtrend,Medium,0.030523920410298055,0.13463783074567895
TSM,2023-11-03,91.79000091552734,D1,Downtrend,Medium,0.01447831023420676,0.6190165447154562
TSM,2023-11-06,92.5999984741211,D1,Downtrend,Medium,0.008824463999506538,0.8996143716512366
TSM,2023-11-07,92.41000366210938,D1,Downtrend,Medium,-0.002051779861150016,0.8395765328663614
TSM,2023-11-08,92.0,D1,Downtrend,Medium,-0.0044367887226638425,0.6915350980608943
TSM,2023-11-09,91.62000274658203,D1,Downtrend,Medium,-0.004130404928456177,0.5582862118912476
TSM,2023-11-10,97.44000244140625,D1,Downtrend,Medium,0.063523242963899,2.454197197003208
TSM,2023-11-13,96.41999816894531,D1,Downtrend,Medium,-0.01046802388038015,2.009514001546636
TSM,2023-11-14,98.91000366210938,D1,Downtrend,Medium,0.025824575196538913,2.6257552051591473
TSM,2023-11-15,98.80000305175781,D1,Downtrend,Medium,-0.001112128260831291,2.4318307096497507
TSM,2023-11-16,98.54000091552734,D1,Downtrend,Medium,-0.0026316004878488286,2.2541832165818474
TSM,2023-11-17,99.58000183105469,D1,Downtrend,Medium,0.010554098902626041,2.3927263723495753
TSM,2023-11-20,99.95999908447266,D1,Downtrend,Medium,0.003815999662890812,2.352192828879998
TSM,2023-11-21,98.41000366210938,D1,Downtrend,Medium,-0.015506156828327233,1.8884096174520777
TSM,2023-11-22,98.6500015258789,D1,Downtrend,Medium,0.0024387547488928796,1.891180202241366
TSM,2023-11-24,97.83000183105469,D1,Downtrend,Medium,-0.008312211679075476,1.6520974964773973
TSM,2023-11-27,97.20999908447266,D1,Downtrend,Medium,-0.006337552233237509,1.4662804567073124
TSM,2023-11-28,97.9800033569336,D1,Downtrend,Medium,0.007921039807765373,1.596555651785278
TSM,2023-11-29,98.87999725341797,D1,Downtrend,Medium,0.00918548546284259,1.750289803326799
TSM,2023-11-30,97.30999755859375,D1,Downtrend,Medium,-0.015877829069922966,1.3548478213577864
TSM,2023-12-01,98.55000305175781,D1,Downtrend,Medium,0.0127428375734715,1.566258600706848
TSM,2023-12-04,97.01000213623047,D1,Downtrend,Medium,-0.015626594295674923,1.1902261267031093
TSM,2023-12-05,96.69000244140625,D1,Downtrend,Medium,-0.0032986257888629744,1.08607340895359
TSM,2023-12-06,97.8499984741211,D1,Downtrend,Medium,0.011997062813374093,1.2896027026738928
TSM,2023-12-07,99.29000091552734,D1,Downtrend,Medium,0.014716427837115242,1.5329815651044336
TSM,2023-12-08,100.3499984741211,D1,Downtrend,Medium,0.010675773479905226,1.6790981057134193
TSM,2023-12-11,100.94999694824219,D1,Downtrend,Medium,0.005979058128992687,1.7198331354968004
TSM,2023-12-12,101.5999984741211,D1,Downtrend,Medium,0.006438846414350774,1.763537309435924
TSM,2023-12-13,102.12000274658203,D1,Downtrend,Low,0.005118152364868234,1.7787743912713214
TSM,2023-12-14,103.44999694824219,D1,Downtrend,Medium,0.013023836328722282,1.9305388327728745
TSM,2023-12-15,102.54000091552734,D1,Downtrend,Medium,-0.008796481967709768,1.6965059360156127
TSM,2023-12-18,102.93000030517578,D1,Downtrend,Medium,0.0038033878112573305,1.6997867772647108
TSM,2023-12-19,103.87000274658203,D1,Downtrend,Medium,0.00913244378334066,1.7919288292727984
TSM,2023-12-20,100.04000091552734,D1,Downtrend,Medium,-0.03687303099816963,1.0802993165432497
TSM,2023-12-21,102.55000305175781,D1,Downtrend,Medium,0.025089985138543547,1.4848389279703214
TSM,2023-12-22,103.1500015258789,D1,Downtrend,Medium,0.005850789432139347,1.5386392188783604
TSM,2023-12-26,104.44999694824219,D1,Downtrend,Medium,0.012602960767161386,1.7054537001349392
TSM,2023-12-27,104.6500015258789,D1,Downtrend,Medium,0.0019148356484475215,1.6737445005772884
TSM,2023-12-28,104.69999694824219,D1,Downtrend,Medium,0.00047773933716488415,1.6307318148641679
TSM,2023-12-29,104.0,D1,Downtrend,Medium,-0.0066857399106536874,1.4595495627150732
TSM,2024-01-02,101.52999877929688,D1,Downtrend,Medium,-0.023750011737529997,0.9892904113186778
TSM,2024-01-03,100.16999816894531,D1,Downtrend,Medium,-0.013395061821165677,0.7172173830543087
TSM,2024-01-04,99.12999725341797,D1,Downtrend,Medium,-0.010382359334511482,0.5036622888076597
TSM,2024-01-05,99.61000061035156,D1,Downtrend,Medium,0.004842160498668369,0.5685514319883846
TSM,2024-01-08,102.23999786376953,D1,Downtrend,Medium,0.026402943854059835,1.0223287104976435
TSM,2024-01-09,101.88999938964844,D1,Downtrend,Medium,-0.0034233028309278435,0.9264698433799551
TSM,2024-01-10,100.80000305175781,D1,Downtrend,Medium,-0.010697775487486738,0.6987664147673159
TSM,2024-01-11,101.22000122070312,D1,Downtrend,Medium,0.004166648375294679,0.7500041578946619
TSM,2024-01-12,101.23999786376953,D1,Downtrend,Medium,0.0001975562420988286,0.7270306944855182
TSM,2024-01-16,101.66999816894531,D1,Downtrend,Medium,0.004247336173933913,0.7808144644345861
TSM,2024-01-17,102.94999694824219,D1,Downtrend,Medium,0.01258973937591601,0.992053426556634
TSM,2024-01-18,113.02999877929688,D1,Downtrend,Medium,0.09791162826476207,2.6986800629899044
TSM,2024-01-19,114.19999694824219,D1,Downtrend,Medium,0.010351218097682802,2.6946625819225174
TSM,2024-01-22,113.02999877929688,D1,Downtrend,Medium,-0.01024516812794296,2.342876283437379
TSM,2024-01-23,114.12999725341797,D1,Downtrend,Medium,0.009731916181552558,2.3991590258814015
TSM,2024-01-24,116.5199966430664,D1,Downtrend,Medium,0.020941027312404215,2.6259785621681844
TSM,2024-01-25,116.55999755859375,D1,Downtrend,Medium,0.00034329657294684957,2.513004227755189
TSM,2024-01-26,117.26000213623047,D1,Downtrend,Medium,0.0060055301329671185,2.5060749300781278
TSM,2024-01-29,116.9800033569336,D1,Downtrend,Medium,-0.0023878455926649167,2.3691204176896106
TSM,2024-01-30,116.05999755859375,D1,Downtrend,Medium,-0.007864641579233722,2.149921601449087
TSM,2024-01-31,112.95999908447266,D1,Downtrend,Medium,-0.026710309661656106,1.629919486710371
TSM,2024-02-01,113.38999938964844,D1,Downtrend,Medium,0.0038066599562756043,1.6372283763228213
TSM,2024-02-02,115.75,D1,Downtrend,Medium,0.020813128345135157,1.910309777898076
TSM,2024-02-05,118.79000091552734,U1,Uptrend,Medium,0.026263506829609984,2.243292140381403
TSM,2024-02-06,119.37999725341797,U1,Uptrend,Medium,0.004966717176054125,2.2174121570163696
TSM,2024-02-07,124.9800033569336,U1,Uptrend,Medium,0.04690908219429768,2.8036253466229653
TSM,2024-02-08,133.72999572753906,U1,Uptrend,Medium,0.07001113886688048,3.500835610187796
TSM,2024-02-09,133.11000061035156,U1,Uptrend,Medium,-0.004636170918981275,3.09151758531601
TSM,2024-02-12,130.4600067138672,U1,Uptrend,Medium,-0.019908300535897427,2.585052035066696
TSM,2024-02-13,127.55000305175781,U1,Uptrend,High,-0.02230571448989549,2.1462425357599
TSM,2024-02-14,129.27000427246094,U1,Uptrend,High,0.013484917127012386,2.187172843685371
TSM,2024-02-15,129.02999877929688,U1,Uptrend,Medium,-0.0018566216850910422,2.046995194619372
TSM,2024-02-16,126.69000244140625,U1,Uptrend,Medium,-0.01813528915778062,1.7418097250436833
TSM,2024-02-20,125.33000183105469,U1,Uptrend,Medium,-0.010734869241008638,1.5508004527010653
TSM,2024-02-21,125.33999633789062,U1,Uptrend,Medium,7.974552533251966e-05,1.4920798117330372
TSM,2024-02-22,129.07000732421875,U1,Uptrend,Medium,0.029759143891091133,1.7515738531134728
TSM,2024-02-23,129.52999877929688,U1,Uptrend,Medium,0.0035638911364019865,1.7174039862967676
TSM,2024-02-26,130.63999938964844,U1,Uptrend,Medium,0.008569448164998938,1.7373156051041736
TSM,2024-02-27,128.58999633789062,U1,Uptrend,Medium,-0.0156920013880546,1.5008067033743797
TSM,2024-02-28,127.37999725341797,U1,Uptrend,Medium,-0.009409745072961884,1.3492179234490633
TSM,2024-02-29,128.6699981689453,U1,Uptrend,Medium,0.010127185926695592,1.4068272423510326
TSM,2024-03-01,133.89999389648438,U1,Uptrend,Medium,0.040646582746290294,1.7726055848276263
TSM,2024-03-04,138.25999450683594,U1,Uptrend,Medium,0.03256161918664602,2.034301288681918
TSM,2024-03-05,134.97000122070312,U1,Uptrend,Medium,-0.02379569952876104,1.6956963961898408
TSM,2024-03-06,141.57000732421875,U1,Uptrend,Medium,0.04889980028023633,2.1120405284514
TSM,2024-03-07,149.1999969482422,U1,Uptrend,Medium,0.05389552326962521,2.52503283124678
TSM,2024-03-08,146.3699951171875,U1,Uptrend,Medium,-0.018967841078685987,2.1840772776414434
TSM,2024-03-11,139.02000427246094,U1,Uptrend,Medium,-0.05021514716074138,1.5863889109891665
TSM,2024-03-12,144.39999389648438,U1,Uptrend,Medium,0.03869939187657745,1.8797889672890062
TSM,2024-03-13,142.13999938964844,U1,Uptrend,Medium,-0.015650932149318897,1.650446666112315
TSM,2024-03-14,139.6199951171875,U1,Uptrend,Medium,-0.017729029712128086,1.423167399828157
TSM,2024-03-15,136.97999572753906,U1,Uptrend,Medium,-0.018908462125590275,1.2008898098583662
TSM,2024-03-18,136.63999938964844,U1,Uptrend,Medium,-0.0024820875200411985,1.138643473375738
TSM,2024-03-19,134.8699951171875,U1,Uptrend,Medium,-0.01295377839847256,0.9859117202619123
TSM,2024-03-20,136.75,U1,Uptrend,Medium,0.013939385711247088,1.0793478299816601
TSM,2024-03-21,139.4499969482422,U1,Uptrend,Medium,0.019744036184586422,1.2240955204677253
TSM,2024-03-22,140.5399932861328,U1,Uptrend,Medium,0.007816395566470957,1.255961377896507
TSM,2024-03-25,140.22999572753906,U1,Uptrend,Medium,-0.0022057604482917936,1.1943176126717736
TSM,2024-03-26,138.83999633789062,U1,Uptrend,Medium,-0.009912282906641035,1.063491741614411
TSM,2024-03-27,136.69000244140625,U1,Uptrend,Medium,-0.015485407326373046,0.8851282528758979
TSM,2024-03-28,136.0500030517578,U1,Uptrend,Medium,-0.004682122892804674,0.8131737893309013
TSM,2024-04-01,141.49000549316406,U1,Uptrend,Medium,0.03998531657023707,1.1669768616675007
TSM,2024-04-02,140.22000122070312,U1,Uptrend,Medium,-0.008975929204570576,1.049034202958889
TSM,2024-04-03,142.0,U1,Uptrend,Medium,0.01269432865355058,1.1528836583923618
TSM,2024-04-04,139.66000366210938,U1,Uptrend,Medium,-0.016478847449933998,0.9508847846796652
TSM,2024-04-05,141.36000061035156,U1,Uptrend,Medium,0.012172396560687027,1.056237198332665
TSM,2024-04-08,142.7899932861328,U1,Uptrend,Medium,0.010115963989862475,1.1470613331594628
TSM,2024-04-09,145.39999389648438,U1,Uptrend,Medium,0.018278596071655162,1.3370175182782982
TSM,2024-04-10,146.22000122070312,U1,Uptrend,Medium,0.005639665465203114,1.3880017723975133
TSM,2024-04-11,147.1999969482422,U1,Uptrend,Medium,0.00670220024181134,1.4588516001686436
TSM,2024-04-12,142.52000427246094,U1,Uptrend,Medium,-0.03179342916309169,1.0292995023865161
TSM,2024-04-15,140.13999938964844,U1,Uptrend,Medium,-0.0166994443689642,0.7802233980926432
TSM,2024-04-16,139.8000030517578,U1,Uptrend,Medium,-0.002426119162062257,0.721905403598607
TSM,2024-04-17,139.02999877929688,U1,Uptrend,Medium,-0.005507898824407498,0.6217264038311645
TSM,2024-04-18,132.27000427246094,U1,Uptrend,Medium,-0.04862256035524459,-0.09254321084979547
TSM,2024-04-19,127.69999694824219,U1,Uptrend,Medium,-0.034550594818195224,-0.6008968778706084
TSM,2024-04-22,129.75,U1,Uptrend,Medium,0.016053274085736202,-0.41715724127661374
TSM,2024-04-23,133.42999267578125,U1,Uptrend,Medium,0.02836217861873802,-0.045627817577203376
TSM,2024-04-24,132.97000122070312,U1,Uptrend,Medium,-0.0034474367108439097,-0.131419365014035
TSM,2024-04-25,136.5800018310547,U1,Uptrend,Medium,0.02714898531406118,0.25765368715641335
TSM,2024-04-26,138.3000030517578,U1,Uptrend,Medium,0.012593360650490437,0.4397619947893406
TSM,2024-04-29,138.5,U1,Uptrend,Medium,0.001446109499848136,0.4408383650872643
TSM,2024-04-30,137.33999633789062,U1,Uptrend,Medium,-0.00837547770476088,0.24815866994492516
TSM,2024-05-01,134.94000244140625,U1,Uptrend,Medium,-0.017474835885242013,-0.15072535928934885
TSM,2024-05-02,136.22999572753906,U1,Uptrend,Medium,0.0095597544300694,0.005748654514124783
TSM,2024-05-03,141.55999755859375,U1,Uptrend,Medium,0.03912502384360872,0.8560068141633631
TSM,2024-05-06,142.8300018310547,U1,Uptrend,Medium,0.008971491200649773,1.0363234256938103
TSM,2024-05-07,141.11000061035156,U1,Uptrend,Medium,-0.012042296426892252,0.7257378867187045
TSM,2024-05-08,143.60000610351562,U1,Uptrend,Medium,0.017645847086626754,1.1031845607015431
TSM,2024-05-09,142.7899932861328,U1,Uptrend,Medium,-0.005640757541464869,0.9390876985580742
TSM,2024-05-10,149.25999450683594,U1,Uptrend,Medium,0.045311306988705224,1.9407387186640537
TSM,2024-05-13,146.41000366210938,U1,Uptrend,Medium,-0.019094137408641187,1.4196903481914005
TSM,2024-05-14,151.9499969482422,U1,Uptrend,Medium,0.03783889862415557,2.236014544115551
TSM,2024-05-15,155.5800018310547,U1,Uptrend,Medium,0.0238894699290384,2.6771683082406783
TSM,2024-05-16,152.22999572753906,U1,Uptrend,Medium,-0.021532369611059754,2.077213494083023
TSM,2024-05-17,151.67999267578125,U1,Uptrend,Medium,-0.0036129742310589963,1.9112929417326439
TSM,2024-05-20,153.5500030517578,U1,Uptrend,Medium,0.012328655500226438,2.106871831533814
TSM,2024-05-21,153.6699981689453,U1,Uptrend,Medium,0.0007814725809354162,2.028635172952484
TSM,2024-05-22,156.14999389648438,U1,Uptrend,Medium,0.016138450947416283,2.293810143974739
TSM,2024-05-23,157.08999633789062,U1,Uptrend,Medium,0.006019868576039755,2.330578075764373
TSM,2024-05-24,160.0,U1,Uptrend,Medium,0.018524436501036856,2.6025025373953277
TSM,2024-05-28,159.41000366210938,U1,Uptrend,Medium,-0.003687477111816384,2.3624118132356418
TSM,2024-05-29,154.33999633789062,U1,Uptrend,Medium,-0.031804825341860576,1.5941277406566672
TSM,2024-05-30,152.9600067138672,U1,Uptrend,Medium,-0.008941231416141004,1.3573750571565244
TSM,2024-05-31,151.0399932861328,U1,Uptrend,Medium,-0.012552388490189026,1.0678578524692486
TSM,2024-06-03,154.9499969482422,U1,Uptrend,Medium,0.02588720760005736,1.5513940704091944
TSM,2024-06-04,152.47000122070312,U1,Uptrend,Medium,-0.016005135697856443,1.1998658775196285
TSM,2024-06-05,162.9199981689453,U1,Uptrend,Medium,0.06853805249936107,2.3829664603381384
TSM,2024-06-06,162.07000732421875,U1,Uptrend,Medium,-0.00521722842057204,2.1506885722561653
TSM,2024-06-07,164.38999938964844,U1,Uptrend,Medium,0.014314752641360506,2.2737297724993795
TSM,2024-06-10,168.16000366210938,U2,Uptrend,Medium,0.022933294521919168,2.5049140046531906
TSM,2024-06-11,165.7100067138672,U1,Uptrend,Medium,-0.014569439194144329,2.117760246621109
TSM,2024-06-12,172.97999572753906,U2,Uptrend,Medium,0.043871756195297484,2.6496520281759284
TSM,2024-06-13,172.91000366210938,U2,Uptrend,Medium,-0.00040462520036088634,2.466358375603025
TSM,2024-06-14,172.50999450683594,U2,Uptrend,Medium,-0.002313395100350113,2.2807630414941844
TSM,2024-06-17,177.24000549316406,U2,Uptrend,Medium,0.027418764923447414,2.510416778201916
TSM,2024-06-18,179.69000244140625,U2,Uptrend,Medium,0.013823047124294385,2.521085693172934
TSM,2024-06-20,175.3800048828125,U2,Uptrend,Medium,-0.023985739329037914,2.055892902614349
TSM,2024-06-21,173.9600067138672,U2,Uptrend,Medium,-0.008096693633314334,1.8527914635001703
TSM,2024-06-24,167.80999755859375,U2,Uptrend,Medium,-0.03535300596641788,1.337282692081232
TSM,2024-06-25,172.60000610351562,U2,Uptrend,Medium,0.02854423821351504,1.6292645254831373
TSM,2024-06-26,172.07000732421875,U2,Uptrend,Medium,-0.0030706764806196496,1.5266968334987838
TSM,2024-06-27,171.6300048828125,U2,Uptrend,Medium,-0.0025571129347207178,1.4380896188463104
TSM,2024-06-28,173.80999755859375,U2,Uptrend,Medium,0.012701699083850437,1.5316515917844107
TSM,2024-07-01,172.3300018310547,U2,Uptrend,Medium,-0.008515020702650533,1.3747148327397947
TSM,2024-07-02,175.6999969482422,U2,Uptrend,Medium,0.01955547543306646,1.5469976294629195
TSM,2024-07-03,182.49000549316406,U2,Uptrend,Medium,0.038645467631522434,1.9161500337770172
TSM,2024-07-05,183.99000549316406,U2,Uptrend,Medium,0.008219628225372588,1.9158139356912232
TSM,2024-07-08,186.6300048828125,U2,Uptrend,Medium,0.014348602156797785,1.9790795586384773
TSM,2024-07-09,184.52000427246094,U2,Uptrend,Medium,-0.011305795183772616,1.7614885376016662
TSM,2024-07-10,191.0500030517578,U2,Uptrend,Medium,0.03538911027584146,2.04816420100992
TSM,2024-07-11,184.5,U2,Uptrend,Medium,-0.034284234216857556,1.5910023317323845
TSM,2024-07-12,187.35000610351562,U2,Uptrend,Medium,0.015447187552930286,1.6854905720107631
TSM,2024-07-15,185.22000122070312,U2,Uptrend,Medium,-0.011369120968352742,1.5037588185374808
TSM,2024-07-16,186.0399932861328,U2,Uptrend,Medium,0.004427124824670559,1.5008769164130504
TSM,2024-07-17,171.1999969482422,U2,Uptrend,Medium,-0.07976777506687205,0.6227077919247377
TSM,2024-07-18,171.8699951171875,U2,Uptrend,Medium,0.003913540776217861,0.6372208472714329
TSM,2024-07-19,165.77000427246094,U1,Uptrend,Medium,-0.035491889323481685,0.24057195570341025
TSM,2024-07-22,169.35000610351562,U2,Uptrend,Medium,0.021596197977835407,0.43707178018130594
TSM,2024-07-23,169.82000732421875,U2,Uptrend,Medium,0.0027753244981629788,0.44153964043888116
TSM,2024-07-24,159.8000030517578,U1,Uptrend,Medium,-0.05900367353848268,-0.24174646062334082
TSM,2024-07-25,160.27999877929688,U1,Uptrend,Medium,0.0030037278997021577,-0.23960742015790498
TSM,2024-07-26,161.94000244140625,U1,Uptrend,Medium,0.010356898395009084,-0.15857560246093494
TSM,2024-07-29,160.00999450683594,U1,Uptrend,Medium,-0.011918043136183276,-0.33615102366174526
TSM,2024-07-30,154.5399932861328,U1,Uptrend,High,-0.034185372217292564,-0.7838356599361032
TSM,2024-07-31,165.8000030517578,U1,Uptrend,High,0.07286146146503936,0.03739629233436179
TSM,2024-08-01,158.17999267578125,U1,Uptrend,High,-0.04595904846634913,-0.5882468467431433
TSM,2024-08-02,149.86000061035156,U1,Uptrend,High,-0.05259825800145934,-1.2863112447255636
TSM,2024-08-05,147.9499969482422,U1,Uptrend,High,-0.012745253265249445,-1.4613288094803725
TSM,2024-08-06,155.38999938964844,U1,Uptrend,High,0.050287276748028686,-0.8909007580394817
TSM,2024-08-07,155.0399932861328,U1,Uptrend,High,-0.0022524364816938203,-0.9374092890858015
TSM,2024-08-08,164.5500030517578,U1,Uptrend,High,0.061339074931936244,-0.16079919499811776
TSM,2024-08-09,167.1199951171875,U2,Uptrend,High,0.01561830457469715,0.04102016796254454
TSM,2024-08-12,167.6300048828125,U2,Uptrend,High,0.0030517579016644536,0.06880929660237789
TSM,2024-08-13,172.33999633789062,U2,Uptrend,High,0.02809754410238674,0.46316490876495037
TSM,2024-08-14,169.97000122070312,U2,Uptrend,High,-0.013751857766904463,0.22632599117482408
TSM,2024-08-15,173.9600067138672,U2,Uptrend,High,0.02347476298469342,0.566529442272098
TSM,2024-08-16,174.5399932861328,U2,Uptrend,High,0.003334022475749876,0.5950759840482459
TSM,2024-08-19,175.4499969482422,U2,Uptrend,High,0.005213725776977318,0.654943284960212
TSM,2024-08-20,172.0399932861328,U2,Uptrend,High,-0.019435757887846128,0.3127616571917621
TSM,2024-08-21,171.44000244140625,U2,Uptrend,High,-0.0034875079524600006,0.23882671212238318
TSM,2024-08-22,166.44000244140625,U1,Uptrend,High,-0.02916472193652042,-0.2525819043122808
TSM,2024-08-23,171.27999877929688,U2,Uptrend,High,0.029079525756402935,0.1897834082766749
TSM,2024-08-26,169.07000732421875,U2,Uptrend,High,-0.012902799339260973,-0.054401749492425294
TSM,2024-08-27,170.5500030517578,U2,Uptrend,High,0.008753744977965994,0.06332573395519693
TSM,2024-08-28,169.1999969482422,U2,Uptrend,Medium,-0.007915602927933918,-0.10299475592159382
TSM,2024-08-29,169.14999389648438,U2,Uptrend,Medium,-0.00029552631595564094,-0.1419581254131444
TSM,2024-08-30,171.6999969482422,U2,Uptrend,Medium,0.01507539547011949,0.12056667175623777
TSM,2024-09-03,160.49000549316406,U1,Uptrend,Medium,-0.06528824492907415,-1.1013877499821307
TSM,2024-09-04,160.8699951171875,U1,Uptrend,Medium,0.0023676840364967866,-1.0475882606461733
TSM,2024-09-05,163.6999969482422,U1,Uptrend,Medium,0.01759185626252524,-0.7291674574040864
TSM,2024-09-06,156.82000732421875,U1,Uptrend,Medium,-0.04202803758266849,-1.4345896170410286
TSM,2024-09-09,162.77999877929688,U1,Uptrend,Medium,0.03800530019588688,-0.7782840544635091
TSM,2024-09-10,162.42999267578125,U1,Uptrend,Medium,-0.0021501788066122796,-0.7931360927202538
TSM,2024-09-11,170.22999572753906,U2,Uptrend,Medium,0.04802070678736681,0.03385324921015219
TSM,2024-09-12,171.42999267578125,U2,Uptrend,Medium,0.007049268509427886,0.1716083460940509
TSM,2024-09-13,172.5,U2,Uptrend,Medium,0.006241657644134646,0.3004704477387126
TSM,2024-09-16,169.0800018310547,U2,Uptrend,Medium,-0.019826076341711962,-0.05450862556406927
TSM,2024-09-17,167.35000610351562,U2,Uptrend,Medium,-0.010231817534918641,-0.22876357814216716
TSM,2024-09-18,167.27999877929688,U2,Uptrend,Medium,-0.00041832878198666545,-0.2352943367054087
TSM,2024-09-19,176.22000122070312,U2,Uptrend,Medium,0.05344334353565694,0.7168287981547175
TSM,2024-09-20,174.0800018310547,U2,Uptrend,Medium,-0.012143907472615623,0.48330822275067875
TSM,2024-09-23,174.75999450683594,U2,Uptrend,Medium,0.0039062078850458093,0.5492751366589484
TSM,2024-09-24,181.97000122070312,U2,Uptrend,Medium,0.04125662016763898,1.287887476170136
TSM,2024-09-25,182.35000610351562,U2,Uptrend,Medium,0.0020882831250388367,1.2921677787304575
TSM,2024-09-26,186.8300018310547,U2,Uptrend,Medium,0.024568113943445047,1.6999683530293326
TSM,2024-09-27,177.97000122070312,U2,Uptrend,High,-0.04742279357446788,0.8137436812555993
TSM,2024-09-30,173.6699981689453,U2,Uptrend,High,-0.02416139249459981,0.3973326629323409
TSM,2024-10-01,172.07000732421875,U2,Uptrend,Medium,-0.009212822373442453,0.2627928288259353
TSM,2024-10-02,175.8000030517578,U2,Uptrend,Medium,0.02167719863294315,0.6898129061678716
TSM,2024-10-03,179.47999572753906,U2,Uptrend,Medium,0.02093283624516107,1.1552619803815942
TSM,2024-10-04,181.16000366210938,U2,Uptrend,Medium,0.009360418846458218,1.365270481852595
TSM,2024-10-07,184.50999450683594,U2,Uptrend,Medium,0.018491889915032145,1.7724779443181167
TSM,2024-10-08,186.0500030517578,U2,Uptrend,Medium,0.00834647764766383,1.9428474849820516
TSM,2024-10-09,187.13999938964844,U2,Uptrend,Medium,0.005858620370930101,2.0574718447259617
TSM,2024-10-10,185.77999877929688,U2,Uptrend,Medium,-0.0072672898086307836,1.820130230650592
TSM,2024-10-11,190.80999755859375,U2,Uptrend,Medium,0.027075028594829575,2.2429099945554105
TSM,2024-10-14,192.2100067138672,U2,Uptrend,Medium,0.007337189734219818,2.2445164274439096
TSM,2024-10-15,187.1300048828125,U2,Uptrend,Medium,-0.026429434751630843,1.655715940846667
TSM,2024-10-16,187.47999572753906,U2,Uptrend,Medium,0.001870308532005538,1.623162548462241
TSM,2024-10-17,205.83999633789062,U2,Uptrend,Medium,0.09793045140151269,3.080231798894885
TSM,2024-10-18,200.77999877929688,U2,Uptrend,High,-0.02458218834345327,2.450344484582998
TSM,2024-10-21,201.9499969482422,U2,Uptrend,High,0.005827264548553979,2.3843288322491536
TSM,2024-10-22,198.47999572753906,U2,Uptrend,Medium,-0.017182477212873914,1.9947701810622378
TSM,2024-10-23,200.86000061035156,U2,Uptrend,Medium,0.011991157466970215,2.084299076248598
TSM,2024-10-24,197.92999267578125,U2,Uptrend,Medium,-0.014587314177371913,1.769431593287859
TSM,2024-10-25,203.44000244140625,U2,Uptrend,Medium,0.0278381749584089,2.082295940116825
TSM,2024-10-28,194.67999267578125,U2,Uptrend,Medium,-0.04305942617233316,1.3932077301415888
TSM,2024-10-29,196.94000244140625,U2,Uptrend,Medium,0.01160884451741695,1.5350782171468889
TSM,2024-10-30,194.47999572753906,U2,Uptrend,Medium,-0.012491147980964845,1.3069178981536347
TSM,2024-10-31,190.5399932861328,U2,Uptrend,Medium,-0.020259165610668206,0.9707397661710173
TSM,2024-11-01,192.9499969482422,U2,Uptrend,Medium,0.012648282497261798,1.1254178428011234
TSM,2024-11-04,191.55999755859375,U2,Uptrend,Medium,-0.007203935794937055,0.9809394261339089
TSM,2024-11-05,195.75999450683594,U2,Uptrend,Medium,0.021925229702289606,1.2709510497868295
TSM,2024-11-06,193.22000122070312,U2,Uptrend,Medium,-0.012975037583810911,1.0349560778238782
TSM,2024-11-07,201.19000244140625,U2,Uptrend,High,0.041248324036596395,1.595898440919261
TSM,2024-11-08,201.1999969482422,U2,Uptrend,High,4.967695568702801e-05,1.533026789589192
TSM,2024-11-11,194.0500030517578,U2,Uptrend,High,-0.03553674952750463,0.9577364028241906
TSM,2024-11-12,191.77000427246094,U2,Uptrend,High,-0.0117495426098434,0.761877610173215
TSM,2024-11-13,186.66000366210938,U2,Uptrend,High,-0.026646506213200194,0.35879847505769535
TSM,2024-11-14,188.5,U2,Uptrend,Medium,0.009857475097993618,0.4783661561512842
TSM,2024-11-15,186.00999450683594,U2,Uptrend,Medium,-0.013209578213072004,0.26736344153487196
TSM,2024-11-18,187.47999572753906,U2,Uptrend,Medium,0.0079028077206309,0.36166282731556587
TSM,2024-11-19,189.6699981689453,U2,Uptrend,Medium,0.01168125928799868,0.5084081499824188
TSM,2024-11-20,188.36000061035156,U2,Uptrend,Medium,-0.0069067199411627644,0.38585320153868147
TSM,2024-11-21,191.24000549316406,U2,Uptrend,Medium,0.015289896334042652,0.5877999661064913
TSM,2024-11-22,190.0800018310547,U2,Uptrend,Medium,-0.0060656956117418614,0.47299396650202136
TSM,2024-11-25,185.0800018310547,U2,Uptrend,Medium,-0.02630471355131858,0.05599190681189791
TSM,2024-11-26,183.83999633789062,U2,Uptrend,Medium,-0.00669983510317862,-0.07788295161215428
TSM,2024-11-27,181.19000244140625,U2,Uptrend,Medium,-0.014414675529114906,-0.3383706254274542
TSM,2024-11-29,184.66000366210938,U2,Uptrend,Medium,0.019151173762058216,-0.07135232476036693
TSM,2024-12-02,194.39999389648438,U2,Uptrend,Medium,0.05274553255288139,0.7797782439071086
TSM,2024-12-03,198.88999938964844,U2,Uptrend,Medium,0.02309673680110791,1.1804605120908225
TSM,2024-12-04,200.69000244140625,U2,Uptrend,Medium,0.009050244141392882,1.337966816578791
TSM,2024-12-05,204.3000030517578,U2,Uptrend,Medium,0.017987944423915936,1.6459114490149491
TSM,2024-12-06,203.02000427246094,U2,Uptrend,Medium,-0.006265290064496942,1.472085913312037
TSM,2024-12-09,199.1699981689453,U2,Uptrend,Medium,-0.0189636785661218,1.0526847133686883
TSM,2024-12-10,191.94000244140625,U2,Uptrend,Medium,-0.036300626570304195,0.28505663154358035
TSM,2024-12-11,194.60000610351562,U2,Uptrend,Medium,0.013858516350292227,0.5431284015735587
TSM,2024-12-12,191.4600067138672,U2,Uptrend,Medium,-0.016135659255725576,0.15888613817576377
TSM,2024-12-13,200.99000549316406,U2,Uptrend,Medium,0.04977540188609342,1.2406406406374904
TSM,2024-12-16,202.22000122070312,U2,Uptrend,Medium,0.006119686023795312,1.3546140463038947
TSM,2024-12-17,200.66000366210938,U2,Uptrend,Medium,-0.0077143583679992744,1.1401443018668682
TSM,2024-12-18,195.55999755859375,U2,Uptrend,Medium,-0.025416156734968998,0.48772160421380295
TSM,2024-12-19,194.63999938964844,U2,Uptrend,Medium,-0.004704429231083718,0.3512894984449476
TSM,2024-12-20,197.2100067138672,U2,Uptrend,Medium,0.013203901213922009,0.6529818376352317
TSM,2024-12-23,207.36000061035156,U2,Uptrend,Medium,0.05146794559573764,1.8633304529937664
TSM,2024-12-24,206.3300018310547,U2,Uptrend,Medium,-0.004967200888624346,1.7077362378292182
TSM,2024-12-26,203.05999755859375,U2,Uptrend,Medium,-0.015848418763348082,1.286568987357846
TSM,2024-12-27,201.6300048828125,U2,Uptrend,Medium,-0.007042217536561424,1.079277550420633
TSM,2024-12-30,200.38999938964844,U2,Uptrend,Medium,-0.006149905585157156,0.8814166221412433
TSM,2024-12-31,197.49000549316406,U2,Uptrend,Medium,-0.014471749614837215,0.43163116728237677
TSM,2025-01-02,201.5800018310547,U2,Uptrend,Medium,0.02070989024319103,1.016551774890094
TSM,2025-01-03,208.61000061035156,U2,Uptrend,Medium,0.03487448514455682,1.9915162095998062
TSM,2025-01-06,220.00999450683594,U2,Uptrend,Medium,0.05464739879742231,3.299350395176792
TSM,2025-01-07,211.4199981689453,U2,Uptrend,Medium,-0.039043664162373926,2.0272986085819737
TSM,2025-01-08,207.1199951171875,U2,Uptrend,Medium,-0.02033867698892744,1.3982446644200572
TSM,2025-01-10,208.3699951171875,U2,Uptrend,Medium,0.006035148848341443,1.5019860262705949
TSM,2025-01-13,201.36000061035156,U2,Uptrend,Medium,-0.033642053419896234,0.5672208708770049
TSM,2025-01-14,201.4499969482422,U2,Uptrend,Medium,0.00044694247923038333,0.5545924677255837
TSM,2025-01-15,206.8000030517578,U2,Uptrend,Medium,0.02655748912664513,1.2593751431841433
TSM,2025-01-16,214.7899932861328,U2,Uptrend,Medium,0.03863631584364757,2.193510301514269
TSM,2025-01-17,211.5,U2,Uptrend,Medium,-0.015317255873042668,1.7149940458500936
TSM,2025-01-21,218.6999969482422,U2,Uptrend,Medium,0.0340425387623744,2.4324991352094343
TSM,2025-01-22,223.1999969482422,U2,Uptrend,Medium,0.02057613197436381,2.72714830713403
TSM,2025-01-23,224.6199951171875,U2,Uptrend,Medium,0.006361999051794687,2.656438701185998
TSM,2025-01-24,221.8800048828125,U2,Uptrend,Medium,-0.012198336274317434,2.2429837511683206
TSM,2025-01-27,192.30999755859375,U2,Uptrend,High,-0.13327026624069327,-0.6685966651088754
TSM,2025-01-28,202.39999389648438,U2,Uptrend,High,0.05246735201489661,0.31544852593499517
TSM,2025-01-29,202.3300018310547,U2,Uptrend,High,-0.0003458106103771952,0.29601645698953966
TSM,2025-01-30,208.14999389648438,U2,Uptrend,High,0.028764849566350392,0.8406364470976181
TSM,2025-01-31,209.32000732421875,U2,Uptrend,High,0.005621011107577623,0.9255978645819214
TSM,2025-02-03,199.8000030517578,U2,Uptrend,High,-0.04548062267987252,-0.022527416125446575
TSM,2025-02-04,204.0500030517578,U2,Uptrend,High,0.02127127094637249,0.38354918482714107
TSM,2025-02-05,208.57000732421875,U2,Uptrend,High,0.022151454079196498,0.8034526238670244
TSM,2025-02-06,210.5,U2,Uptrend,High,0.009253452596283962,0.9705392925166422
TSM,2025-02-07,206.1199951171875,U2,Uptrend,High,-0.020807624146377712,0.5328177510233947
TSM,2025-02-10,207.9499969482422,U2,Uptrend,High,0.00887833240057212,0.6884263911110473
TSM,2025-02-11,208.74000549316406,U2,Uptrend,High,0.0037990312888462885,0.7394627959302449
TSM,2025-02-12,206.3800048828125,U2,Uptrend,High,-0.011305933449488381,0.4841981225813442
TSM,2025-02-13,201.8300018310547,U2,Uptrend,High,-0.02204672421798526,0.010610207369856172
TSM,2025-02-14,203.89999389648438,U2,Uptrend,High,0.010256116764852496,0.19324153981494824
TSM,2025-02-18,202.74000549316406,U2,Uptrend,High,-0.005689006562252352,0.048593106218045905
TSM,2025-02-19,200.9499969482422,U2,Uptrend,High,-0.008829084030888223,-0.16149817558117915
TSM,2025-02-20,200.10000610351562,U2,Uptrend,High,-0.0042298624415778585,-0.2782440022927827
TSM,2025-02-21,198.24000549316406,U2,Uptrend,High,-0.009295355090540802,-0.49862084053956385
TSM,2025-02-24,191.64999389648438,U2,Uptrend,High,-0.033242591878897665,-1.230390101232995
TSM,2025-02-25,189.3699951171875,U2,Uptrend,Medium,-0.01189668067784222,-1.510809367502972
TSM,2025-02-26,194.6199951171875,U2,Uptrend,Medium,0.02772350496577425,-0.9747046429158248
TSM,2025-02-27,181.08999633789062,U2,Uptrend,Medium,-0.06952008590458547,-2.536740169278111
TSM,2025-02-28,180.52999877929688,U2,Uptrend,Medium,-0.0030923715827397835,-2.545378376884322
TSM,2025-03-03,172.97000122070312,U2,Uptrend,Medium,-0.04187668315356308,-3.0968430698424823
TSM,2025-03-04,180.0,U2,Uptrend,Medium,0.04064287870546335,-2.230663036483484
TSM,2025-03-05,184.27999877929688,U2,Uptrend,Medium,0.023777770996093794,-1.7294507361890685
TSM,2025-03-06,175.85000610351562,U2,Uptrend,Medium,-0.04574556507284022,-2.379854109556906
TSM,2025-03-07,177.10000610351562,U2,Uptrend,Medium,0.007108330717169098,-2.135331529035687
TSM,2025-03-10,170.64999389648438,U2,Uptrend,Medium,-0.036420169309656525,-2.5170631855000334
TSM,2025-03-11,170.97000122070312,U2,Uptrend,Medium,0.0018752261099572731,-2.3515497493450583
TSM,2025-03-12,177.1699981689453,U2,Uptrend,Medium,0.03626365388065178,-1.7836129989525107
TSM,2025-03-13,171.58999633789062,U2,Uptrend,Medium,-0.03149518478706381,-2.115248973734959
TSM,2025-03-14,174.08999633789062,U2,Uptrend,Medium,0.014569613924794611,-1.8375147967161818
TSM,2025-03-17,176.24000549316406,U2,Uptrend,Medium,0.012349986791317269,-1.612086878739355
TSM,2025-03-18,173.1300048828125,U2,Uptrend,Medium,-0.01764639419778158,-1.7533775979737167
TSM,2025-03-19,173.75999450683594,U2,Uptrend,Medium,0.003638824041216182,-1.6450865258124714
TSM,2025-03-20,177.47000122070312,U2,Uptrend,High,0.02135132844816723,-1.3524584865861444
TSM,2025-03-21,176.72999572753906,U2,Uptrend,High,-0.004169749749670548,-1.3570632089991719
TSM,2025-03-24,181.16000366210938,U2,Uptrend,High,0.025066531102054368,-1.031166017501168
TSM,2025-03-25,180.89999389648438,U2,Uptrend,Medium,-0.0014352492844389442,-1.0146731979223453
TSM,2025-03-26,173.5,U2,Uptrend,High,-0.04090654586046494,-1.4399660146976365
TSM,2025-03-27,168.24000549316406,U2,Uptrend,Medium,-0.030316971220956446,-1.6989935399074352
TSM,2025-03-28,165.25,U1,Uptrend,Medium,-0.017772262217891743,-1.7983459550426706
TSM,2025-03-31,166.0,U1,Uptrend,Medium,0.004538577912254205,-1.6789600584191227
TSM,2025-04-01,168.63999938964844,U2,Uptrend,Medium,0.015903610781014654,-1.4645257595902832
TSM,2025-04-02,170.38999938964844,U2,Uptrend,Medium,0.010377134762415308,-1.31409805633064
TSM,2025-04-03,157.3800048828125,U1,Uptrend,Medium,-0.07635421417594257,-1.9776888557912582
TSM,2025-04-04,146.8000030517578,U1,Uptrend,High,-0.06722583239804014,-2.4143327610558503
TSM,2025-04-07,146.1699981689453,U1,Uptrend,Medium,-0.004291586305964712,-2.2971630871194337
TSM,2025-04-08,141.3699951171875,U1,Uptrend,High,-0.0328384970369221,-2.384114954974961
TSM,2025-04-09,158.75,U1,Uptrend,High,0.1229398421383936,-1.45436661425284
TSM,2025-04-10,151.1300048828125,U1,Uptrend,High,-0.04799996924212602,-1.7481397727430859
TSM,2025-04-11,157.0800018310547,U1,Uptrend,High,0.03937005727523046,-1.4072153785708688
TSM,2025-04-14,155.83999633789062,U1,Uptrend,High,-0.007894101596062741,-1.4172230616688986
TSM,2025-04-15,157.3300018310547,U1,Uptrend,High,0.009561123769108892,-1.3012052422268727
TSM,2025-04-16,151.6699981689453,U1,Uptrend,High,-0.03597536131848045,-1.5220777888457697
TSM,2025-04-17,151.74000549316406,U1,Uptrend,High,0.00046157661412227213,-1.4805645333393422
TSM,2025-04-21,147.86000061035156,U1,Uptrend,High,-0.025570085292947353,-1.629244908046154
TSM,2025-04-22,151.39999389648438,U1,Uptrend,High,0.023941520840795816,-1.4233423885385201
TSM,2025-04-23,157.80999755859375,U1,Uptrend,High,0.042338202909651734,-1.0671081895138448
TSM,2025-04-24,164.17999267578125,U1,Uptrend,High,0.04036496556450664,-0.7241060225682806
TSM,2025-04-25,165.10000610351562,U1,Uptrend,High,0.00560368783516263,-0.6526132966896698
TSM,2025-04-28,163.39999389648438,U1,Uptrend,High,-0.010296863380885424,-0.7119739876211894
TSM,2025-04-29,164.47999572753906,U1,Uptrend,High,0.006609558576476271,-0.6310245950468316
TSM,2025-04-30,166.69000244140625,U1,Uptrend,High,0.013436325214453815,-0.4918705860844243
TSM,2025-05-01,172.72000122070312,U2,Uptrend,High,0.036174927656003275,-0.14826019778356778
TSM,2025-05-02,179.27999877929688,U2,Uptrend,High,0.03798053214584751,0.23809634810034025
TSM,2025-05-05,176.39999389648438,U2,Uptrend,High,-0.016064284373171644,0.11386551880526886
TSM,2025-05-06,172.27999877929688,U2,Uptrend,High,-0.023355982198078773,-0.09274070583274067
TSM,2025-05-07,174.5399932861328,U2,Uptrend,High,0.013118147915308187,0.07630885709881265
TSM,2025-05-08,175.22000122070312,U2,Uptrend,Medium,0.003896000691689938,0.15869429942040833
TSM,2025-05-09,176.52000427246094,U2,Uptrend,Medium,0.007419261743528693,0.28487243236418097
TSM,2025-05-12,186.97999572753906,U2,Uptrend,Medium,0.05925669160381952,1.0228220716493948
TSM,2025-05-13,193.99000549316406,U2,Uptrend,Medium,0.03749069379507186,1.5454340557676978
TSM,2025-05-14,194.75999450683594,U2,Uptrend,Medium,0.003969220020971775,1.6377211571188968
TSM,2025-05-15,194.22000122070312,U2,Uptrend,Medium,-0.002772608858919723,1.6318781405631053
TSM,2025-05-16,194.22000122070312,U2,Uptrend,Medium,0.0,1.6611331541650542
TSM,2025-05-19,193.5,U2,Uptrend,Medium,-0.003707142499113414,1.6314837097947188
TSM,2025-05-20,193.4499969482422,U2,Uptrend,Medium,-0.00025841370417478693,1.6198940024010107
TSM,2025-05-21,191.75999450683594,U2,Uptrend,Medium,-0.008736120279487114,1.4864084245630331
TSM,2025-05-22,196.19000244140625,U2,Uptrend,Medium,0.023101835948438065,1.8029133349682378
TSM,2025-05-23,191.97999572753906,U2,Uptrend,Medium,-0.02145882390273446,1.4609249434390512
TSM,2025-05-27,197.67999267578125,U2,Uptrend,Medium,0.02969057753460791,1.804218111872004
TSM,2025-05-28,196.13999938964844,U2,Uptrend,Medium,-0.007790334597283066,1.630452533188367
TSM,2025-05-29,197.14999389648438,U2,Uptrend,Medium,0.005149355103389652,1.6443675313346986
TSM,2025-05-30,193.32000732421875,U2,Uptrend,Medium,-0.019426764853346157,1.3623022127054931
TSM,2025-06-02,194.83999633789062,U2,Uptrend,Medium,0.007862554086927487,1.4174678656795638
TSM,2025-06-03,197.61000061035156,U2,Uptrend,Medium,0.014216815461529864,1.5440110141778662
TSM,2025-06-04,202.39999389648438,U2,Uptrend,Medium,0.02423962993440676,1.7672009916446776
TSM,2025-06-05,203.33999633789062,U2,Uptrend,Medium,0.004644280977039061,1.7449652811830936
TSM,2025-06-06,205.17999267578125,U2,Uptrend,Medium,0.009048865796343897,1.7779864577066926
TSM,2025-06-09,207.0,U2,Uptrend,Medium,0.008870296272476486,1.7986827680143376
TSM,2025-06-10,212.4600067138672,U2,Uptrend,Medium,0.026376844028343838,2.0017728455948958
TSM,2025-06-11,214.10000610351562,U2,Uptrend,Medium,0.007719096949183157,1.9863030592695012
TSM,2025-06-12,215.42999267578125,U2,Uptrend,Medium,0.0062119875495125765,1.9527813341259792
TSM,2025-06-13,211.10000610351562,U2,Uptrend,Medium,-0.020099274564717606,1.6573664599877185
TSM,2025-06-16,215.67999267578125,U2,Uptrend,Medium,0.021695814494764987,1.8030981296558466
TSM,2025-06-17,213.89999389648438,U2,Uptrend,Medium,-0.0082529619795223,1.646072161161728
TSM,2025-06-18,213.5,U2,Uptrend,Medium,-0.0018700042444973475,1.5670736887844499
TSM,2025-06-20,209.50999450683594,U2,Uptrend,Medium,-0.018688550319269637,1.3372603260755012
TSM,2025-06-23,210.32000732421875,U2,Uptrend,Medium,0.003866225185531036,1.3268753713288257
TSM,2025-06-24,220.08999633789062,U2,Uptrend,Medium,0.046452970109548186,1.6923545489934861
TSM,2025-06-25,222.74000549316406,U2,Uptrend,Medium,0.012040570672757989,1.7293722408196346
TSM,2025-06-26,224.00999450683594,U2,Uptrend,Medium,0.005701665539874723,1.7061497250188247
TSM,2025-06-27,228.57000732421875,U2,Uptrend,Medium,0.020356291813772964,1.810700129619767
TSM,2025-06-30,226.49000549316406,U2,Uptrend,Medium,-0.009100064594670498,1.6508794765243202
TSM,2025-07-01,224.67999267578125,U2,Uptrend,Medium,-0.007991579202100585,1.518693868260575
TSM,2025-07-02,233.60000610351562,U2,Uptrend,Medium,0.039700969015991516,1.8080781471802034
TSM,2025-07-03,234.8000030517578,U2,Uptrend,Medium,0.0051369731031190025,1.7910052723256158
TSM,2025-07-07,229.1699981689453,U2,Uptrend,Medium,-0.023977873976311015,1.5277134450464331
TSM,2025-07-08,227.86000061035156,U2,Uptrend,Medium,-0.005716269882884095,1.4245267376765176
TSM,2025-07-09,231.83999633789062,U2,Uptrend,Medium,0.017466846822075555,1.5360353179760033
TSM,2025-07-10,229.75999450683594,U2,Uptrend,Medium,-0.008971712663518261,1.4059268715691366
TSM,2025-07-11,230.39999389648438,U2,Uptrend,Medium,0.002785512730456574,1.388741582350689
TSM,2025-07-14,228.6699981689453,U2,Uptrend,Medium,-0.007508662210799932,1.2799187979018665
TSM,2025-07-15,236.9499969482422,U2,Uptrend,Medium,0.036209379654516205,1.5756069569014735
TSM,2025-07-16,237.55999755859375,U2,Uptrend,Medium,0.0025743853902002733,1.5608828547443219
TSM,2025-07-17,245.60000610351562,U2,Uptrend,Medium,0.03384411781254881,1.8529383508320039
TSM,2025-07-18,240.39999389648438,U2,Uptrend,Medium,-0.02117268761320612,1.5990585515187916
TSM,2025-07-21,238.85000610351562,U2,Uptrend,Medium,-0.006447536740105675,1.495898901369365
TSM,2025-07-22,234.60000610351562,U2,Uptrend,Medium,-0.017793593851356593,1.2755387899872044
TSM,2025-07-23,240.3300018310547,U2,Uptrend,Medium,0.0244245335825386,1.4890334625883548
TSM,2025-07-24,241.60000610351562,U2,Uptrend,Medium,0.0052844183530349476,1.5091568657663357
TSM,2025-07-25,245.60000610351562,U2,Uptrend,Medium,0.01655629097246858,1.6492480782536751
TSM,2025-07-28,242.75,U2,Uptrend,Medium,-0.011604259090752689,1.4829236188193196
TSM,2025-07-29,241.3300018310547,U2,Uptrend,Medium,-0.005849632003894212,1.3792680797440453
TSM,2025-07-30,242.91000366210938,U2,Uptrend,Medium,0.006547059292531632,1.4096210815143082
TSM,2025-07-31,241.6199951171875,U2,Uptrend,Medium,-0.005310643964734796,1.312449192091681
TSM,2025-08-01,235.2100067138672,U2,Uptrend,Medium,-0.026529213363370108,0.9805177336028024
TSM,2025-08-04,239.0,U2,Uptrend,Medium,0.016113231486547086,1.143774029223417
TSM,2025-08-05,232.47000122070312,U2,Uptrend,Medium,-0.027322170624673126,0.7896751781184548
TSM,2025-08-06,231.3699951171875,U2,Uptrend,Medium,-0.0047318195799005425,0.7096981223245379
TSM,2025-08-07,242.6199951171875,U2,Uptrend,Medium,0.04862341806378967,1.2882024644248689
TSM,2025-08-08,241.8300018310547,U2,Uptrend,Medium,-0.0032560930757221662,1.205865858382264
TSM,2025-08-11,242.08999633789062,U2,Uptrend,Medium,0.0010751127025900864,1.1825808271407863
TSM,2025-08-12,244.2899932861328,U2,Uptrend,Medium,0.00908751696278931,1.2656223404634706
TSM,2025-08-13,241.44000244140625,U2,Uptrend,Medium,-0.011666424835455325,1.073290245502172
TSM,2025-08-14,241.0,U2,Uptrend,Medium,-0.001822409033122141,1.0184764920631122
TSM,2025-08-15,238.8800048828125,U2,Uptrend,Medium,-0.00879666023729253,0.8697323734029069
TSM,2025-08-18,241.41000366210938,U2,Uptrend,Medium,0.010591086434957209,0.9925996742853214
TSM,2025-08-19,232.6999969482422,U2,Uptrend,Medium,-0.03607972570208062,0.44357771324521916
TSM,2025-08-20,228.60000610351562,U2,Uptrend,Medium,-0.017619213143515777,0.1594961532905758
TSM,2025-08-21,227.3300018310547,U2,Uptrend,Medium,-0.0055555740969046585,0.04806981187727808
TSM,2025-08-22,232.99000549316406,U2,Uptrend,Medium,0.024897741681785268,0.3937202771658892
TSM,2025-08-25,235.58999633789062,U2,Uptrend,Medium,0.011159237664393418,0.546060848659379
TSM,2025-08-26,238.72000122070312,U2,Uptrend,Medium,0.013285814047568234,0.7495755308068378
TSM,2025-08-27,239.2899932861328,U2,Uptrend,Medium,0.0023877013342619158,0.7762230082077062
TSM,2025-08-28,238.27000427246094,U2,Uptrend,Medium,-0.004262564429312388,0.6779899941450577
TSM,2025-08-29,230.8699951171875,U2,Uptrend,Medium,-0.031057241879307473,0.03150899285555343
TSM,2025-09-02,228.38999938964844,U2,Uptrend,Medium,-0.010741957725083462,-0.2292885083517798
TSM,2025-09-03,231.38999938964844,U2,Uptrend,Medium,0.013135426279684781,0.002964505169397528
TSM,2025-09-04,235.2100067138672,U2,Uptrend,Medium,0.01650895602357494,0.3372706646346928
TSM,2025-09-05,243.41000366210938,U2,Uptrend,Medium,0.03486244936091287,1.1285304722551395
TSM,2025-09-08,247.19000244140625,U2,Uptrend,Medium,0.01552934851660459,1.4749009274934979
TSM,2025-09-09,250.9199981689453,U2,Uptrend,Medium,0.015089589751605015,1.7989454039523027
TSM,2025-09-10,260.44000244140625,U2,Uptrend,Medium,0.03794039670784266,2.6526785964717887
TSM,2025-09-11,258.9100036621094,U2,Uptrend,Medium,-0.005874668887092649,2.377546381574791
TSM,2025-09-12,259.3299865722656,U2,Uptrend,Medium,0.001622119285527246,2.3226950113121996
