ticker,date,price,sax_symbol,trend,volatility,daily_return,zscore
USDJPY=X,2020-01-02,108.71299743652344,D2,Downtrend,Unknown,0.00029441835036436714,0.0
USDJPY=X,2020-01-03,108.54299926757812,D2,Downtrend,Unknown,-0.0015637336192902973,0.0
USDJPY=X,2020-01-06,107.96399688720703,D2,Downtrend,Unknown,-0.0053343134451605545,0.0
USDJPY=X,2020-01-07,108.40599822998047,D2,Downtrend,Unknown,0.0040939698002770974,0.0
USDJPY=X,2020-01-08,108.01599884033203,D2,Downtrend,Unknown,-0.003597581277938744,0.0
USDJPY=X,2020-01-09,109.03099822998047,D2,Downtrend,Unknown,0.009396750486460714,0.0
USDJPY=X,2020-01-10,109.50700378417969,D2,Downtrend,Unknown,0.004365781859532847,0.0
USDJPY=X,2020-01-13,109.56600189208984,D2,Downtrend,Unknown,0.0005387610460645398,0.0
USDJPY=X,2020-01-14,109.99199676513672,D2,Downtrend,Unknown,0.003888020605757214,0.0
USDJPY=X,2020-01-15,109.85399627685547,D2,Downtrend,Unknown,-0.0012546411769932542,0.0
USDJPY=X,2020-01-16,109.88300323486328,D2,Downtrend,Unknown,0.0002640500936781365,0.0
USDJPY=X,2020-01-17,110.17500305175781,D2,Downtrend,Unknown,0.002657370187365782,0.0
USDJPY=X,2020-01-20,110.18000030517578,D2,Downtrend,Unknown,4.5357415743518814e-05,0.0
USDJPY=X,2020-01-21,110.1729965209961,D2,Downtrend,Unknown,-6.356674678065222e-05,0.0
USDJPY=X,2020-01-22,109.90799713134766,D2,Downtrend,Unknown,-0.0024053025515915483,0.0
USDJPY=X,2020-01-23,109.72799682617188,D2,Downtrend,Unknown,-0.0016377361963995085,0.0
USDJPY=X,2020-01-24,109.552001953125,D2,Downtrend,Unknown,-0.0016039194930869138,0.0
USDJPY=X,2020-01-27,108.802001953125,D2,Downtrend,Unknown,-0.00684606384756814,0.0
USDJPY=X,2020-01-28,108.91999816894531,D2,Downtrend,Unknown,0.0010845040872606848,0.0
USDJPY=X,2020-01-29,109.13200378417969,D2,Downtrend,Low,0.001946434252647844,0.0
USDJPY=X,2020-01-30,108.98699951171875,D2,Downtrend,Low,-0.0013287053058028686,0.0
USDJPY=X,2020-01-31,108.87699890136719,D2,Downtrend,Low,-0.0010093002912676674,0.0
USDJPY=X,2020-02-03,108.37200164794922,D2,Downtrend,Low,-0.0046382363448082,0.0
USDJPY=X,2020-02-04,108.61199951171875,D2,Downtrend,Low,0.0022145744299266745,0.0
USDJPY=X,2020-02-05,109.4469985961914,D2,Downtrend,Low,0.007687908225854523,0.0
USDJPY=X,2020-02-06,109.81400299072266,D2,Downtrend,Low,0.0033532613889699636,0.0
USDJPY=X,2020-02-07,109.96800231933594,D2,Downtrend,Low,0.0014023651303038953,0.0
USDJPY=X,2020-02-10,109.6449966430664,D2,Downtrend,Low,-0.002937269655327146,0.0
USDJPY=X,2020-02-11,109.76599884033203,D2,Downtrend,Low,0.0011035815675157767,0.0
USDJPY=X,2020-02-12,109.84300231933594,D2,Downtrend,Low,0.0007015239675076668,0.0
USDJPY=X,2020-02-13,109.84600067138672,D2,Downtrend,Low,2.7296705183532666e-05,0.0
USDJPY=X,2020-02-14,109.75800323486328,D2,Downtrend,Low,-0.0008010982282977697,0.0
USDJPY=X,2020-02-17,109.79100036621094,D2,Downtrend,Low,0.0003006353101837611,0.0
USDJPY=X,2020-02-18,109.83000183105469,D2,Downtrend,Low,0.0003552337141812245,0.0
USDJPY=X,2020-02-19,109.91899871826172,D2,Downtrend,Low,0.0008103149023335199,0.0
USDJPY=X,2020-02-20,111.20999908447266,D1,Downtrend,Low,0.0117450157048824,0.0
USDJPY=X,2020-02-21,111.9540023803711,D1,Downtrend,Low,0.006690075550970009,0.0
USDJPY=X,2020-02-24,111.55699920654297,D1,Downtrend,Low,-0.003546127564776791,0.0
USDJPY=X,2020-02-25,110.85700225830078,D1,Downtrend,Low,-0.006274791839337435,0.0
USDJPY=X,2020-02-26,110.28600311279297,D2,Downtrend,Low,-0.005150772020493299,0.0
USDJPY=X,2020-02-27,110.36299896240234,D2,Downtrend,Low,0.0006981470670455181,0.0
USDJPY=X,2020-02-28,109.66000366210938,D2,Downtrend,Low,-0.006369845934799723,0.0
USDJPY=X,2020-03-02,107.6969985961914,D2,Downtrend,Low,-0.01790082984099195,0.0
USDJPY=X,2020-03-03,108.48699951171875,D2,Downtrend,Low,0.007335403268659668,0.0
USDJPY=X,2020-03-04,107.03700256347656,D2,Downtrend,Low,-0.013365628644615213,0.0
USDJPY=X,2020-03-05,107.677001953125,D2,Downtrend,Low,0.005979234977818937,0.0
USDJPY=X,2020-03-06,106.24800109863281,D2,Downtrend,Low,-0.013271179811583877,0.0
USDJPY=X,2020-03-09,103.93800354003906,D2,Downtrend,Low,-0.0217415625207793,0.0
USDJPY=X,2020-03-10,103.11199951171875,D2,Downtrend,Low,-0.007947083840244451,0.0
USDJPY=X,2020-03-11,105.0260009765625,D2,Downtrend,Low,0.018562354274065163,0.0
USDJPY=X,2020-03-12,104.55000305175781,D2,Downtrend,Low,-0.004532191270530395,0.0
USDJPY=X,2020-03-13,104.61000061035156,D2,Downtrend,Low,0.0005738647235049577,0.0
USDJPY=X,2020-03-16,106.68800354003906,D2,Downtrend,Medium,0.01986428560905562,0.0
USDJPY=X,2020-03-17,106.17500305175781,D2,Downtrend,Medium,-0.004808417734508685,0.0
USDJPY=X,2020-03-18,107.37699890136719,D2,Downtrend,Medium,0.011320893007400468,0.0
USDJPY=X,2020-03-19,108.36000061035156,D2,Downtrend,Medium,0.009154676690930064,0.0
USDJPY=X,2020-03-20,111.29100036621094,D1,Downtrend,Medium,0.0270487240619246,0.0
USDJPY=X,2020-03-23,110.46199798583984,D2,Downtrend,Medium,-0.007448961530071685,0.0
USDJPY=X,2020-03-24,110.8270034790039,D2,Downtrend,Medium,0.003304353531708326,1.050254135071621
USDJPY=X,2020-03-25,111.12000274658203,D1,Downtrend,Medium,0.0026437534028755927,1.172184571349754
USDJPY=X,2020-03-26,110.8759994506836,D1,Downtrend,Medium,-0.0021958539404908217,1.0140907854607988
USDJPY=X,2020-03-27,109.10900115966797,D2,Downtrend,Medium,-0.015936706769453468,0.07673435888973683
USDJPY=X,2020-03-30,107.41300201416016,D2,Downtrend,Medium,-0.015544080941827354,-0.8110003333258737
USDJPY=X,2020-03-31,108.03500366210938,D2,Downtrend,Medium,0.005790748198874596,-0.4798841492363021
USDJPY=X,2020-04-01,107.50800323486328,D2,Downtrend,Medium,-0.00487805256983509,-0.750247981083556
USDJPY=X,2020-04-02,107.25700378417969,D2,Downtrend,Medium,-0.002334704795281639,-0.8607445826760113
USDJPY=X,2020-04-03,108.0009994506836,D2,Downtrend,Medium,0.006936569550282767,-0.45986250628215586
USDJPY=X,2020-04-06,108.69300079345703,D2,Downtrend,Medium,0.006407360545671814,-0.09245909655383538
USDJPY=X,2020-04-07,109.11499786376953,D2,Downtrend,Medium,0.003882467750746965,0.13524133968439564
USDJPY=X,2020-04-08,108.6510009765625,D2,Downtrend,Medium,-0.004252365818549819,-0.09676495996570504
USDJPY=X,2020-04-09,108.9219970703125,D2,Downtrend,Medium,0.0024941886527898305,0.0535634094241
USDJPY=X,2020-04-10,108.56099700927734,D2,Downtrend,Medium,-0.0033142989547109147,-0.12223543614803167
USDJPY=X,2020-04-13,108.33599853515625,D2,Downtrend,Low,-0.0020725534982132254,-0.22552950124423618
USDJPY=X,2020-04-14,107.62300109863281,D2,Downtrend,Low,-0.006581352885135949,-0.5813803206297141
USDJPY=X,2020-04-15,107.10399627685547,D2,Downtrend,Low,-0.004822434019487121,-0.8296179688426715
USDJPY=X,2020-04-16,107.60900115966797,D2,Downtrend,Low,0.004715089075734369,-0.5439983738820848
USDJPY=X,2020-04-17,107.94499969482422,D2,Downtrend,Low,0.003122401765050409,-0.35248818862134645
USDJPY=X,2020-04-20,107.66999816894531,D2,Downtrend,Low,-0.002547607824877285,-0.48710773297641125
USDJPY=X,2020-04-21,107.66899871826172,D2,Downtrend,Low,-9.28253645948729e-06,-0.47581336829520887
USDJPY=X,2020-04-22,107.72100067138672,D2,Downtrend,Low,0.00048297981539779933,-0.43560115747576156
USDJPY=X,2020-04-23,107.81300354003906,D2,Downtrend,Low,0.0008540847938556251,-0.3765266819466181
USDJPY=X,2020-04-24,107.66699981689453,D2,Downtrend,Low,-0.0013542311071067514,-0.4421636435433496
USDJPY=X,2020-04-27,107.49500274658203,D2,Downtrend,Low,-0.001597491066018475,-0.5236919996603796
USDJPY=X,2020-04-28,107.28299713134766,D2,Downtrend,Low,-0.00197223693955495,-0.6212266370515677
USDJPY=X,2020-04-29,106.74099731445312,D2,Downtrend,Low,-0.005052057002387422,-0.8771286563539998
USDJPY=X,2020-04-30,106.61000061035156,D2,Downtrend,Low,-0.001227238899742078,-0.914999766267964
USDJPY=X,2020-05-01,107.28500366210938,D2,Downtrend,Low,0.006331517192508684,-0.5432419334750429
USDJPY=X,2020-05-04,106.73799896240234,D2,Downtrend,Low,-0.00509861286326474,-0.801714732628151
USDJPY=X,2020-05-05,106.6969985961914,D2,Downtrend,Low,-0.0003841215556736888,-0.7961845956230964
USDJPY=X,2020-05-06,106.4520034790039,D2,Downtrend,Low,-0.0022961762787228057,-0.8934465547830808
USDJPY=X,2020-05-07,106.19100189208984,D2,Downtrend,Low,-0.0024518240933393276,-0.9953449267141506
USDJPY=X,2020-05-08,106.35900115966797,D2,Downtrend,Low,0.001582048051009588,-0.8785535527358226
USDJPY=X,2020-05-11,106.91899871826172,D2,Downtrend,Low,0.005265163761298153,-0.5659475653083349
USDJPY=X,2020-05-12,107.56600189208984,D2,Downtrend,Low,0.006051339627048069,-0.2111464798435162
USDJPY=X,2020-05-13,107.13800048828125,D2,Downtrend,Low,-0.0039789654377780925,-0.41439973070337927
USDJPY=X,2020-05-14,106.93299865722656,D2,Downtrend,Low,-0.0019134371569414776,-0.4971122562587918
USDJPY=X,2020-05-15,107.36499786376953,D2,Downtrend,Low,0.004039905473218308,-0.23175562834019056
USDJPY=X,2020-05-18,107.20800018310547,D2,Downtrend,Low,-0.0014622799216488236,-0.2910995302816909
USDJPY=X,2020-05-19,107.38099670410156,D2,Downtrend,Low,0.0016136530921257997,-0.1598452093201116
USDJPY=X,2020-05-20,107.80999755859375,D2,Downtrend,Low,0.003995128259745462,0.1286565253860252
USDJPY=X,2020-05-21,107.59100341796875,D2,Downtrend,Low,-0.0020312971485411113,0.021871565308335016
USDJPY=X,2020-05-22,107.63099670410156,D2,Downtrend,Low,0.000371715895031155,0.0700239099972429
USDJPY=X,2020-05-25,107.73500061035156,D2,Downtrend,Low,0.0009663006887870029,0.1369690495716593
USDJPY=X,2020-05-26,107.68699645996094,D2,Downtrend,Low,-0.0004455761834005756,0.11488740198228699
USDJPY=X,2020-05-27,107.49099731445312,D2,Downtrend,Low,-0.0018200818292920529,-0.017397385500573053
USDJPY=X,2020-05-28,107.7979965209961,D2,Downtrend,Low,0.0028560457546493723,0.18089761969919954
USDJPY=X,2020-05-29,107.64299774169922,D2,Downtrend,Low,-0.0014378632655448476,0.0653890187751991
USDJPY=X,2020-06-01,107.70800018310547,D2,Downtrend,Low,0.000603870597902123,0.0702553567070703
USDJPY=X,2020-06-02,107.5479965209961,D2,Downtrend,Low,-0.0014855318252809946,-0.09916128430467669
USDJPY=X,2020-06-03,108.80899810791016,D2,Downtrend,Low,0.01172501234523593,0.8263885828347827
USDJPY=X,2020-06-04,108.9990005493164,D2,Downtrend,Low,0.0017462015523552754,0.9610033754547819
USDJPY=X,2020-06-05,109.1500015258789,D2,Downtrend,Low,0.0013853427627914527,1.077048351595111
USDJPY=X,2020-06-08,109.63400268554688,D2,Downtrend,Low,0.004434275335792881,1.436807465004229
USDJPY=X,2020-06-09,108.40899658203125,D2,Downtrend,Low,-0.011173596452819456,0.37195175848701273
USDJPY=X,2020-06-10,107.7969970703125,D2,Downtrend,Low,-0.005645283426783276,-0.1638140534202445
USDJPY=X,2020-06-11,106.98100280761719,D2,Downtrend,Low,-0.007569730928247198,-0.8466918191845939
USDJPY=X,2020-06-12,106.8030014038086,D2,Downtrend,Low,-0.0016638599296801004,-1.0013247590103977
USDJPY=X,2020-06-15,107.31099700927734,D2,Downtrend,Low,0.004756379491135165,-0.5083974640560551
USDJPY=X,2020-06-16,107.46399688720703,D2,Downtrend,Low,0.0014257614055757095,-0.3304066115758964
USDJPY=X,2020-06-17,107.41000366210938,D2,Downtrend,Low,-0.0005024308295021873,-0.3622638603518695
USDJPY=X,2020-06-18,106.89399719238281,D2,Downtrend,Low,-0.004804082042021096,-1.012286202428968
USDJPY=X,2020-06-19,107.00599670410156,D2,Downtrend,Low,0.001047762406313435,-0.8386910022878261
USDJPY=X,2020-06-22,106.83100128173828,D2,Downtrend,Low,-0.001635379583886154,-1.0562263877791074
USDJPY=X,2020-06-23,106.90299987792969,D2,Downtrend,Low,0.0006739485292432956,-0.9282718168314383
USDJPY=X,2020-06-24,106.43199920654297,D2,Downtrend,Low,-0.0044058695445828855,-1.5118698460111126
USDJPY=X,2020-06-25,107.04399871826172,D2,Downtrend,Low,0.005750145785865524,-0.69216883271038
USDJPY=X,2020-06-26,107.15499877929688,D2,Downtrend,Low,0.001036957348046208,-0.526641225840263
USDJPY=X,2020-06-29,107.21800231933594,D2,Downtrend,Low,0.000587966410870111,-0.4182292037338074
USDJPY=X,2020-06-30,107.58999633789062,D2,Downtrend,Low,0.003469510814487542,0.12351761381184491
USDJPY=X,2020-07-01,107.98899841308594,D2,Downtrend,Low,0.0037085425111664794,0.713779369361525
USDJPY=X,2020-07-02,107.36599731445312,D2,Downtrend,Low,-0.0057691163709998605,-0.1477729085865239
USDJPY=X,2020-07-03,107.49700164794922,D2,Downtrend,Low,0.0012201659442738766,0.07538530366464412
USDJPY=X,2020-07-06,107.5790023803711,D2,Downtrend,Low,0.000762818787173547,0.22302968523748906
USDJPY=X,2020-07-07,107.35900115966797,D2,Downtrend,Low,-0.0020450200860318013,-0.11076666684171999
USDJPY=X,2020-07-08,107.5780029296875,D2,Downtrend,Low,0.0020399013371390495,0.2165905136947877
USDJPY=X,2020-07-09,107.28299713134766,D2,Downtrend,Low,-0.002742250184107453,-0.232758268655753
USDJPY=X,2020-07-10,107.23600006103516,D2,Downtrend,Low,-0.0004380663438676713,-0.28872244403711067
USDJPY=X,2020-07-13,106.91000366210938,D2,Downtrend,Low,-0.0030399902900167808,-0.7742644189049106
USDJPY=X,2020-07-14,107.2760009765625,D2,Downtrend,Low,0.0034234150399046204,-0.19583548032062303
USDJPY=X,2020-07-15,107.24500274658203,D2,Downtrend,Low,-0.00028895773237525013,-0.23208392721102786
USDJPY=X,2020-07-16,106.91699981689453,D2,Downtrend,Low,-0.003058444881227418,-0.7191089934511193
USDJPY=X,2020-07-17,107.27799987792969,D2,Downtrend,Low,0.0033764514684606617,-0.14744704021146182
USDJPY=X,2020-07-20,107.08999633789062,D2,Downtrend,Low,-0.0017524892359382926,-0.42940687085423973
USDJPY=X,2020-07-21,107.19599914550781,D2,Downtrend,Low,0.0009898478965553181,-0.26202293995262016
USDJPY=X,2020-07-22,106.83200073242188,D2,Downtrend,Low,-0.0033956343145964407,-0.8325477339405202
USDJPY=X,2020-07-23,107.17500305175781,D2,Downtrend,Low,0.0032106701829448525,-0.31591634876915453
USDJPY=X,2020-07-24,106.83799743652344,D2,Downtrend,Low,-0.0031444423199281646,-0.830778752086372
USDJPY=X,2020-07-27,105.99299621582031,D2,Downtrend,Low,-0.00790918250976369,-2.073005644596977
USDJPY=X,2020-07-28,105.26100158691406,D2,Downtrend,Low,-0.006906066014171208,-2.9328985082861267
USDJPY=X,2020-07-29,105.10700225830078,D2,Downtrend,Low,-0.0014630235917537648,-2.920253654502873
USDJPY=X,2020-07-30,105.03199768066406,D2,Downtrend,Low,-0.0007136021009560567,-2.8334347207913497
USDJPY=X,2020-07-31,104.68299865722656,D2,Downtrend,Low,-0.0033227876375214738,-3.0087547025579604
USDJPY=X,2020-08-03,105.86599731445312,D2,Downtrend,Low,0.011300771590429637,-1.57547808981554
USDJPY=X,2020-08-04,106.02999877929688,D2,Downtrend,Low,0.0015491420191944272,-1.3391518699147456
USDJPY=X,2020-08-05,105.61399841308594,D2,Downtrend,Low,-0.0039234213996064415,-1.732662855775148
USDJPY=X,2020-08-06,105.5530014038086,D2,Downtrend,Low,-0.0005775466339108526,-1.729234258922994
USDJPY=X,2020-08-07,105.58100128173828,D2,Downtrend,Low,0.0002652684201993605,-1.6295085275881136
USDJPY=X,2020-08-10,105.8499984741211,D2,Downtrend,Low,0.0025477802740760946,-1.3052610526786328
USDJPY=X,2020-08-11,105.99199676513672,D2,Downtrend,Low,0.0013415048943088426,-1.1235448243634854
USDJPY=X,2020-08-12,106.52100372314453,D2,Downtrend,Low,0.004991008511520123,-0.5637428141824785
USDJPY=X,2020-08-13,106.8219985961914,D2,Downtrend,Low,0.0028256856631692084,-0.24389948827236047
USDJPY=X,2020-08-14,106.98600006103516,D2,Downtrend,Low,0.0015352780045214676,-0.06538212512201154
USDJPY=X,2020-08-17,106.55400085449219,D2,Downtrend,Low,-0.004037904083679322,-0.48933663694073287
USDJPY=X,2020-08-18,105.99500274658203,D2,Downtrend,Low,-0.005246148463946554,-1.0294887004365267
USDJPY=X,2020-08-19,105.2239990234375,D2,Downtrend,Low,-0.007273962952648705,-1.736099793058581
USDJPY=X,2020-08-20,106.0790023803711,D2,Downtrend,Low,0.008125554672590907,-0.8541909085163442
USDJPY=X,2020-08-21,105.66500091552734,D2,Downtrend,Low,-0.003902765444185219,-1.2234658608821234
USDJPY=X,2020-08-24,105.87699890136719,D2,Downtrend,Low,0.00200632171488202,-0.9808807169720056
USDJPY=X,2020-08-25,105.99299621582031,D2,Downtrend,Low,0.0010955855913632462,-0.8390736947392416
USDJPY=X,2020-08-26,106.40499877929688,D2,Downtrend,Low,0.0038870734688700725,-0.4071389096305796
USDJPY=X,2020-08-27,105.85600280761719,D2,Downtrend,Low,-0.0051594941776974546,-0.9456578094128812
USDJPY=X,2020-08-28,106.63700103759766,D2,Downtrend,Low,0.007377930483544182,-0.08341079498180858
USDJPY=X,2020-08-31,105.53500366210938,D2,Downtrend,Low,-0.010334099466091873,-1.3480851450097178
USDJPY=X,2020-09-01,106.00399780273438,D2,Downtrend,Low,0.004443967634914614,-0.7559794274138867
USDJPY=X,2020-09-02,105.89600372314453,D2,Downtrend,Low,-0.0010187736484317256,-0.8637895787229317
USDJPY=X,2020-09-03,106.20800018310547,D2,Downtrend,Low,0.0029462533900392884,-0.4487037217893866
USDJPY=X,2020-09-04,106.08599853515625,D2,Downtrend,Low,-0.0011487048785296938,-0.5882309092085954
USDJPY=X,2020-09-07,106.31099700927734,D2,Downtrend,Low,0.00212090640827145,-0.2818546455353978
USDJPY=X,2020-09-08,106.30500030517578,D2,Downtrend,Low,-5.640718524202448e-05,-0.26791014101468896
USDJPY=X,2020-09-09,105.96800231933594,D2,Downtrend,Low,-0.0031701047445783503,-0.6807122829511661
USDJPY=X,2020-09-10,106.23100280761719,D2,Downtrend,Low,0.0024818858761599394,-0.3216147666850227
USDJPY=X,2020-09-11,106.14299774169922,D2,Downtrend,Low,-0.0008284310944267625,-0.4194966762611978
USDJPY=X,2020-09-14,106.1449966430664,D2,Downtrend,Low,1.8832154826231573e-05,-0.4020587946069394
USDJPY=X,2020-09-15,105.71499633789062,D2,Downtrend,Low,-0.004051065229402573,-0.9386712135105663
USDJPY=X,2020-09-16,105.38099670410156,D2,Downtrend,Low,-0.003159434757217583,-1.3331948792081108
USDJPY=X,2020-09-17,105.06199645996094,D2,Downtrend,Low,-0.003027113560487016,-1.6709111290057062
USDJPY=X,2020-09-18,104.697998046875,D2,Downtrend,Low,-0.00346460590271247,-2.0228177606709012
USDJPY=X,2020-09-21,104.53700256347656,D2,Downtrend,Low,-0.0015377131024640889,-2.103412657766374
USDJPY=X,2020-09-22,104.69000244140625,D2,Downtrend,Low,0.001463595417677821,-1.8455782692612561
USDJPY=X,2020-09-23,105.03399658203125,D2,Downtrend,Low,0.003285835634759149,-1.408168892657451
USDJPY=X,2020-09-24,105.30400085449219,D2,Downtrend,Low,0.002570636948486138,-1.0478346384500272
USDJPY=X,2020-09-25,105.43499755859375,D2,Downtrend,Low,0.0012439860122936963,-0.8604061030377749
USDJPY=X,2020-09-28,105.5739974975586,D2,Downtrend,Low,0.001318347248859153,-0.6625986186231653
USDJPY=X,2020-09-29,105.43299865722656,D2,Downtrend,Low,-0.0013355451500762783,-0.815152295649231
USDJPY=X,2020-09-30,105.66400146484375,D2,Downtrend,Low,0.002190991535469866,-0.4900830421639183
USDJPY=X,2020-10-01,105.45099639892578,D2,Downtrend,Low,-0.002015871658890722,-0.7491118182689606
USDJPY=X,2020-10-02,105.54299926757812,D2,Downtrend,Low,0.0008724703586895366,-0.5980340704741659
USDJPY=X,2020-10-05,105.51000213623047,D2,Downtrend,Low,-0.0003126415923049297,-0.6187235274037785
USDJPY=X,2020-10-06,105.70700073242188,D2,Downtrend,Low,0.001867108257064043,-0.31294933573273986
USDJPY=X,2020-10-07,105.63999938964844,D2,Downtrend,Low,-0.0006338401648822156,-0.38354849914794265
USDJPY=X,2020-10-08,105.96499633789062,D2,Downtrend,Low,0.0030764573089729907,0.13142613270634484
USDJPY=X,2020-10-09,106.01799774169922,D2,Downtrend,Low,0.0005001784140075127,0.25515776304824117
USDJPY=X,2020-10-12,105.63200378417969,D2,Downtrend,Low,-0.0036408342521234704,-0.3338897480638416
USDJPY=X,2020-10-13,105.33899688720703,D2,Downtrend,Low,-0.0027738458656082488,-0.798419589804933
USDJPY=X,2020-10-14,105.47000122070312,D2,Downtrend,Low,0.0012436451586526065,-0.5475960131791792
USDJPY=X,2020-10-15,105.13899993896484,D2,Downtrend,Low,-0.0031383452916212695,-1.12010198206107
USDJPY=X,2020-10-16,105.36000061035156,D2,Downtrend,Low,0.0021019856714921126,-0.6889207161515175
USDJPY=X,2020-10-19,105.427001953125,D2,Downtrend,Low,0.0006359276991771967,-0.5432501204477106
USDJPY=X,2020-10-20,105.47000122070312,D2,Downtrend,Low,0.00040785820313127275,-0.47013637142789066
USDJPY=X,2020-10-21,105.47699737548828,D2,Downtrend,Low,6.633312509896072e-05,-0.47320558996969714
USDJPY=X,2020-10-22,104.6760025024414,D2,Downtrend,Low,-0.007594024223076867,-1.9706114473870233
USDJPY=X,2020-10-23,104.9209976196289,D2,Downtrend,Low,0.0023405089163754944,-1.5344403095791475
USDJPY=X,2020-10-26,104.68299865722656,D2,Downtrend,Low,-0.0022683635097062727,-1.8935555347864508
USDJPY=X,2020-10-27,104.83200073242188,D2,Downtrend,Low,0.0014233646065413552,-1.5510166750146996
USDJPY=X,2020-10-28,104.54499816894531,D2,Downtrend,Low,-0.0027377381092736908,-1.9736157055303087
USDJPY=X,2020-10-29,104.31500244140625,D2,Downtrend,Low,-0.002199968736595004,-2.2404082907226046
USDJPY=X,2020-10-30,104.55400085449219,D2,Downtrend,Low,0.002291122153979641,-1.7592549802086237
USDJPY=X,2020-11-02,104.58000183105469,D2,Downtrend,Low,0.0002486846639058182,-1.6440602019773956
USDJPY=X,2020-11-03,104.7249984741211,D2,Downtrend,Low,0.0013864662509821546,-1.3597129585149734
USDJPY=X,2020-11-04,104.5459976196289,D2,Downtrend,Low,-0.001709246666032893,-1.587000178864273
USDJPY=X,2020-11-05,104.43800354003906,D2,Downtrend,Low,-0.001032981482301798,-1.7123726160152408
USDJPY=X,2020-11-06,103.60299682617188,D2,Downtrend,Low,-0.007995238184987596,-2.8784569759820102
USDJPY=X,2020-11-09,103.25299835205078,D2,Downtrend,Low,-0.003378265927078683,-3.1236649520776005
USDJPY=X,2020-11-10,105.13700103759766,D2,Downtrend,Low,0.018246469503221396,-0.36183189746843913
USDJPY=X,2020-11-11,105.26000213623047,D2,Downtrend,Low,0.001169912565689657,-0.18269184350317713
USDJPY=X,2020-11-12,105.41500091552734,D2,Downtrend,Low,0.0014725325494129304,0.06098826406157237
USDJPY=X,2020-11-13,105.08999633789062,D2,Downtrend,Low,-0.0030830960946170993,-0.4050464618116533
USDJPY=X,2020-11-16,104.6760025024414,D2,Downtrend,Low,-0.003939421922883324,-0.983773917301566
USDJPY=X,2020-11-17,104.54100036621094,D2,Downtrend,Low,-0.0012897142898374847,-1.1429678321097454
USDJPY=X,2020-11-18,104.18099975585938,D2,Downtrend,Low,-0.0034436308155696427,-1.6157364090147224
USDJPY=X,2020-11-19,103.89399719238281,D2,Downtrend,Low,-0.0027548455490841173,-1.9352041072420767
USDJPY=X,2020-11-20,103.82499694824219,D2,Downtrend,Low,-0.0006641408166523366,-1.9676061961197104
USDJPY=X,2020-11-23,103.81700134277344,D2,Downtrend,Low,-7.701040889729338e-05,-1.88170975443833
USDJPY=X,2020-11-24,104.5250015258789,D2,Downtrend,Low,0.006819694018784572,-0.8705455792082808
USDJPY=X,2020-11-25,104.51300048828125,D2,Downtrend,Low,-0.00011481499567056463,-0.8577351146739391
USDJPY=X,2020-11-26,104.4000015258789,D2,Downtrend,Low,-0.0010811952759409715,-0.9848880170347075
USDJPY=X,2020-11-27,104.24199676513672,D2,Downtrend,Low,-0.001513455540544384,-1.170825470715819
USDJPY=X,2020-11-30,104.08200073242188,D2,Downtrend,Low,-0.0015348519567917052,-1.3609114084914131
USDJPY=X,2020-12-01,104.29900360107422,D2,Downtrend,Low,0.002084922149125701,-1.0220041925770822
USDJPY=X,2020-12-02,104.30899810791016,D2,Downtrend,Low,9.582552556453017e-05,-0.9760783572807216
USDJPY=X,2020-12-03,104.45800018310547,D2,Downtrend,Low,0.0014284680890248591,-0.7306696848364166
USDJPY=X,2020-12-04,103.822998046875,D2,Downtrend,Low,-0.006079018697633165,-1.647490874732958
USDJPY=X,2020-12-07,104.197998046875,D2,Downtrend,Low,0.0036119165026489153,-1.0475879187031585
USDJPY=X,2020-12-08,103.99800109863281,D2,Downtrend,Low,-0.0019193933855832235,-1.3162187373601977
USDJPY=X,2020-12-09,104.13500213623047,D2,Downtrend,Low,0.0013173429888111432,-1.0653100496091525
USDJPY=X,2020-12-10,104.27200317382812,D2,Downtrend,Low,0.0013156098793605242,-0.8271375872097607
USDJPY=X,2020-12-11,104.18199920654297,D2,Downtrend,Low,-0.000863165226960394,-0.9463870412112362
USDJPY=X,2020-12-14,103.93900299072266,D2,Downtrend,Low,-0.002332420357364917,-1.2885019845006567
USDJPY=X,2020-12-15,104.01000213623047,D2,Downtrend,Low,0.0006830847272427665,-1.1501364507862317
USDJPY=X,2020-12-16,103.63400268554688,D2,Downtrend,Low,-0.0036150316600428445,-1.643123628876695
USDJPY=X,2020-12-17,103.4749984741211,D2,Downtrend,Low,-0.0015342861156124599,-1.7909674790177328
USDJPY=X,2020-12-18,103.13099670410156,D2,Downtrend,Low,-0.0033244916655453816,-2.158522242986228
USDJPY=X,2020-12-21,103.45700073242188,D2,Downtrend,Low,0.0031610673680937396,-1.6389727798079878
USDJPY=X,2020-12-22,103.33999633789062,D2,Downtrend,Low,-0.001130947095923096,-1.7240669454593625
USDJPY=X,2020-12-23,103.53399658203125,D2,Downtrend,Low,0.001877300667848969,-1.4135012265806768
USDJPY=X,2020-12-24,103.552001953125,D2,Downtrend,Low,0.0001739078147098283,-1.3414840874772227
USDJPY=X,2020-12-25,103.65299987792969,D2,Downtrend,Low,0.0009753353184847047,-1.167208224169303
USDJPY=X,2020-12-28,103.53299713134766,D2,Downtrend,Low,-0.001157735393315762,-1.2871885851917595
USDJPY=X,2020-12-29,103.68900299072266,D2,Downtrend,Low,0.0015068225947045821,-1.0451808901666353
USDJPY=X,2020-12-30,103.55899810791016,D2,Downtrend,Low,-0.0012537962470728914,-1.1902174566259578
USDJPY=X,2020-12-31,103.12100219726562,D2,Downtrend,Low,-0.00422943364311168,-1.7606007705547184
USDJPY=X,2021-01-01,103.22599792480469,D2,Downtrend,Low,0.0010181798596002878,-1.5889299317568069
USDJPY=X,2021-01-04,103.23899841308594,D2,Downtrend,Low,0.00012594199661530858,-1.5300996112220235
USDJPY=X,2021-01-05,103.125,D2,Downtrend,Low,-0.00110421851081699,-1.639821976040281
USDJPY=X,2021-01-06,102.6780014038086,D2,Downtrend,Low,-0.00433453184185606,-2.195748531161615
USDJPY=X,2021-01-07,103.02400207519531,D2,Downtrend,Low,0.0033697643765580043,-1.6322515252590337
USDJPY=X,2021-01-08,103.79000091552734,D2,Downtrend,Low,0.0074351493331907825,-0.5060136358309332
USDJPY=X,2021-01-11,104.09100341796875,D2,Downtrend,Low,0.0029001107985959784,-0.031158988245863602
USDJPY=X,2021-01-12,104.12799835205078,D2,Downtrend,Low,0.0003554095250046796,0.061379937342451306
USDJPY=X,2021-01-13,103.75199890136719,D2,Downtrend,Low,-0.0036109351628210717,-0.5074160185368863
USDJPY=X,2021-01-14,103.83699798583984,D2,Downtrend,Low,0.0008192524999297568,-0.34727640641139823
USDJPY=X,2021-01-15,103.8280029296875,D2,Downtrend,Low,-8.66266969078433e-05,-0.3378384630651258
USDJPY=X,2021-01-18,103.90799713134766,D2,Downtrend,Low,0.0007704491987035045,-0.1829188430532335
USDJPY=X,2021-01-19,103.7030029296875,D2,Downtrend,Low,-0.0019728433548865665,-0.5078417372788004
USDJPY=X,2021-01-20,103.89700317382812,D2,Downtrend,Low,0.0018707292813127108,-0.1545868192660127
USDJPY=X,2021-01-21,103.55500030517578,D2,Downtrend,Low,-0.003291749118885967,-0.727637026921591
USDJPY=X,2021-01-22,103.50599670410156,D2,Downtrend,Low,-0.0004732132772903297,-0.7853216889102177
USDJPY=X,2021-01-25,103.7770004272461,D2,Downtrend,Low,0.0026182417615789877,-0.2912833720567707
USDJPY=X,2021-01-26,103.76000213623047,D2,Downtrend,Low,-0.00016379632236085406,-0.2976055980166168
USDJPY=X,2021-01-27,103.60299682617188,D2,Downtrend,Low,-0.0015131583155950645,-0.5553098632061418
USDJPY=X,2021-01-28,104.14299774169922,D2,Downtrend,Low,0.005212213276353017,0.4319791163618528
USDJPY=X,2021-01-29,104.29100036621094,D2,Downtrend,Low,0.0014211481109733803,0.6792957759360566
USDJPY=X,2021-02-01,104.68599700927734,D2,Downtrend,Low,0.0037874470633074697,1.348752084183578
USDJPY=X,2021-02-02,104.88099670410156,D2,Downtrend,Low,0.0018627103948480883,1.7360072349067817
USDJPY=X,2021-02-03,105.02799987792969,D2,Downtrend,Low,0.0014016187722059037,2.046457736424912
USDJPY=X,2021-02-04,104.99500274658203,D2,Downtrend,Low,-0.0003141746142553137,2.064405205617532
USDJPY=X,2021-02-05,105.5719985961914,D2,Downtrend,Low,0.005495460112535211,3.035903346925412
USDJPY=X,2021-02-08,105.4000015258789,D2,Downtrend,Low,-0.0016291921399572695,2.5781517838708683
USDJPY=X,2021-02-09,105.20999908447266,D2,Downtrend,Low,-0.00180267968363923,2.1518048789427007
USDJPY=X,2021-02-10,104.57499694824219,D2,Downtrend,Low,-0.006035568308679795,1.0415916916126782
USDJPY=X,2021-02-11,104.61499786376953,D2,Downtrend,Low,0.0003825093635636545,1.0784121293259954
USDJPY=X,2021-02-12,104.74099731445312,D2,Downtrend,Low,0.0012044109664626212,1.2487117517040682
USDJPY=X,2021-02-15,105.05899810791016,D2,Downtrend,Low,0.0030360680307666144,1.7007355109551032
USDJPY=X,2021-02-16,105.38700103759766,D2,Downtrend,Low,0.003122083168455525,2.134228974414736
USDJPY=X,2021-02-17,106.10299682617188,D2,Downtrend,Low,0.006793966822518982,2.974910171138594
USDJPY=X,2021-02-18,105.86100006103516,D2,Downtrend,Low,-0.0022807721965967254,2.455695908379443
USDJPY=X,2021-02-19,105.6520004272461,D2,Downtrend,Low,-0.0019742835762798228,2.0572629188863516
USDJPY=X,2021-02-22,105.51399993896484,D2,Downtrend,Low,-0.001306179605906066,1.7910218157381974
USDJPY=X,2021-02-23,104.98400115966797,D2,Downtrend,Low,-0.005023018553021008,1.0827677076397624
USDJPY=X,2021-02-24,105.28299713134766,D2,Downtrend,Low,0.002848014634391216,1.418902604752653
USDJPY=X,2021-02-25,105.94400024414062,D2,Downtrend,Low,0.006278346274359192,2.1310439919799777
USDJPY=X,2021-02-26,106.37899780273438,D2,Downtrend,Low,0.0041059197084434285,2.4675586142166153
USDJPY=X,2021-03-01,106.50299835205078,D2,Downtrend,Low,0.0011656487829143636,2.431159553990191
USDJPY=X,2021-03-02,106.85099792480469,D2,Downtrend,Low,0.003267509630137999,2.593500650560692
USDJPY=X,2021-03-03,106.75800323486328,D2,Downtrend,Low,-0.0008703212112894931,2.3365192507555537
USDJPY=X,2021-03-04,107.05799865722656,D2,Downtrend,Low,0.0028100508933583956,2.4457870365773546
USDJPY=X,2021-03-05,107.95500183105469,D2,Downtrend,Low,0.008378665630581317,2.960374482560891
USDJPY=X,2021-03-08,108.41899871826172,D2,Downtrend,Low,0.004298058258876969,3.0245115160669016
USDJPY=X,2021-03-09,108.93900299072266,D2,Downtrend,Low,0.004796246770478074,3.0818962429416596
USDJPY=X,2021-03-10,108.5770034790039,D2,Downtrend,Low,-0.0033229559825288524,2.608924834013235
USDJPY=X,2021-03-11,108.43199920654297,D2,Downtrend,Low,-0.0013354970925217868,2.349796580576714
USDJPY=X,2021-03-12,108.55500030517578,D2,Downtrend,Low,0.001134361623255753,2.2839431238330343
USDJPY=X,2021-03-15,109.11699676513672,D2,Downtrend,Low,0.005177066541209641,2.452972178642049
USDJPY=X,2021-03-16,109.13400268554688,D2,Downtrend,Low,0.00015585033417631067,2.3109780615765687
USDJPY=X,2021-03-17,109.02899932861328,D2,Downtrend,Low,-0.0009621506986795536,2.1258357162289263
USDJPY=X,2021-03-18,108.89099884033203,D2,Downtrend,Low,-0.0012657227813795968,1.9477891028841525
USDJPY=X,2021-03-19,108.93099975585938,D2,Downtrend,Low,0.0003673482285344587,1.8747105841115284
USDJPY=X,2021-03-22,108.87100219726562,D2,Downtrend,Low,-0.0005507849806595244,1.7617638416535502
USDJPY=X,2021-03-23,108.7760009765625,D2,Downtrend,Low,-0.0008726035288165734,1.6418214486612794
USDJPY=X,2021-03-24,108.5199966430664,D2,Downtrend,Low,-0.002353500139716025,1.4567313432053082
USDJPY=X,2021-03-25,108.79000091552734,D2,Downtrend,Low,0.0024880600885845983,1.5322329792300458
USDJPY=X,2021-03-26,109.17900085449219,D2,Downtrend,Low,0.003575695704487458,1.6559781339882653
USDJPY=X,2021-03-29,109.79100036621094,D2,Downtrend,Low,0.0056054690639126825,1.8677194959628636
USDJPY=X,2021-03-30,109.83599853515625,D2,Downtrend,Low,0.00040985298244144985,1.8106232440367975
USDJPY=X,2021-03-31,110.30500030517578,D2,Downtrend,Low,0.004270018721315827,1.9482042403392879
USDJPY=X,2021-04-01,110.75,D2,Downtrend,Low,0.004034265841014184,2.055421190237798
USDJPY=X,2021-04-02,110.61299896240234,D2,Downtrend,Low,-0.001237029684854729,1.9003295206508306
USDJPY=X,2021-04-05,110.677001953125,D2,Downtrend,Low,0.0005786208793092662,1.8407253421515806
USDJPY=X,2021-04-06,110.19300079345703,D2,Downtrend,Low,-0.0043730960463941315,1.5647381237525428
USDJPY=X,2021-04-07,109.79299926757812,D2,Downtrend,Low,-0.003630008466950274,1.3441862744974038
USDJPY=X,2021-04-08,109.85199737548828,D2,Downtrend,Low,0.0005373576485179221,1.3235346345787082
USDJPY=X,2021-04-09,109.33000183105469,D2,Downtrend,Low,-0.004751807494672522,1.0635397610392459
USDJPY=X,2021-04-12,109.69400024414062,D2,Downtrend,Low,0.0033293552271993487,1.182039665619009
USDJPY=X,2021-04-13,109.3740005493164,D2,Downtrend,Low,-0.002917203257352341,1.0109489183055798
USDJPY=X,2021-04-14,108.92400360107422,D2,Downtrend,Low,-0.004114295408251811,0.7862464664902367
USDJPY=X,2021-04-15,108.89399719238281,D2,Downtrend,Low,-0.00027548022198398137,0.7464955339922748
USDJPY=X,2021-04-16,108.68900299072266,D2,Downtrend,Low,-0.0018825114969193146,0.6285902007590146
USDJPY=X,2021-04-19,108.71900177001953,D2,Downtrend,Low,0.000276005653482958,0.616840012415053
USDJPY=X,2021-04-20,108.0979995727539,D2,Downtrend,Low,-0.005711993185692377,0.29845521254286295
USDJPY=X,2021-04-21,108.13300323486328,D2,Downtrend,Low,0.0003238141524146698,0.287518784667786
USDJPY=X,2021-04-22,108.03900146484375,D2,Downtrend,Low,-0.0008693161866165644,0.21384298896413825
USDJPY=X,2021-04-23,107.97799682617188,D2,Downtrend,Low,-0.0005646538550406754,0.1553373234310626
USDJPY=X,2021-04-26,107.8740005493164,D2,Downtrend,Low,-0.0009631247097766638,0.07485667846326205
USDJPY=X,2021-04-27,108.2020034790039,D2,Downtrend,Low,0.003040611528424275,0.22480399256059322
USDJPY=X,2021-04-28,108.75,D2,Downtrend,Low,0.005064569077987802,0.4981235700253884
USDJPY=X,2021-04-29,108.50499725341797,D2,Downtrend,Low,-0.0022528988191451438,0.336967168864877
USDJPY=X,2021-04-30,108.90399932861328,D2,Downtrend,Low,0.003677269114743309,0.5382129524694245
USDJPY=X,2021-05-03,109.28299713134766,D2,Downtrend,Low,0.0034801091334650813,0.7287955724535738
USDJPY=X,2021-05-04,109.08699798583984,D2,Downtrend,Low,-0.0017935008249475581,0.5893182459325877
USDJPY=X,2021-05-05,109.3290023803711,D2,Downtrend,Low,0.002218453152067257,0.7102299697664324
USDJPY=X,2021-05-06,109.21900177001953,D2,Downtrend,Low,-0.0010061429991728987,0.6195663852865989
USDJPY=X,2021-05-07,109.05000305175781,D2,Downtrend,Low,-0.0015473380595216746,0.4861671582016225
USDJPY=X,2021-05-10,108.5719985961914,D2,Downtrend,Low,-0.0043833511434157035,0.1332756484266166
USDJPY=X,2021-05-11,108.84400177001953,D2,Downtrend,Low,0.0025052792372348698,0.29375966856257496
USDJPY=X,2021-05-12,108.71499633789062,D2,Downtrend,Low,-0.001185232351172516,0.17306541195619077
USDJPY=X,2021-05-13,109.66400146484375,D2,Downtrend,Low,0.008729293647801617,0.8539125259692967
USDJPY=X,2021-05-14,109.51599884033203,D2,Downtrend,Low,-0.0013496008036799623,0.7195983587198626
USDJPY=X,2021-05-17,109.41200256347656,D2,Downtrend,Low,-0.000949598944051,0.6165013181790832
USDJPY=X,2021-05-18,109.24199676513672,D2,Downtrend,Low,-0.0015538130585006638,0.4531296010360154
USDJPY=X,2021-05-19,108.86799621582031,D2,Downtrend,Low,-0.0034235967887009666,0.06278029177907235
USDJPY=X,2021-05-20,109.27300262451172,D2,Downtrend,Low,0.0037201604031411595,0.44569166338853267
USDJPY=X,2021-05-21,108.86000061035156,D2,Downtrend,Low,-0.0037795430183183987,-0.04884592276138398
USDJPY=X,2021-05-24,108.91899871826172,D2,Downtrend,Low,0.0005419631414602666,-0.029201935480636227
USDJPY=X,2021-05-25,108.85099792480469,D2,Downtrend,Low,-0.0006243244452964758,-0.1647590657081142
USDJPY=X,2021-05-26,108.802001953125,D2,Downtrend,Low,-0.0004501196370614302,-0.29693757134721155
USDJPY=X,2021-05-27,109.16999816894531,D2,Downtrend,Low,0.0033822559255742846,0.19154457605811911
USDJPY=X,2021-05-28,109.80899810791016,D2,Downtrend,Low,0.005853255928208068,1.1395291623340853
USDJPY=X,2021-05-31,109.90699768066406,D2,Downtrend,Low,0.0008924548483504324,1.2476731536694956
USDJPY=X,2021-06-01,109.49299621582031,D2,Downtrend,Low,-0.0037668344471262216,0.5911791164992503
USDJPY=X,2021-06-02,109.49299621582031,D2,Downtrend,Low,0.0,0.5693551288922782
USDJPY=X,2021-06-03,109.59500122070312,D2,Downtrend,Low,0.00093161214331694,0.7013417850776534
USDJPY=X,2021-06-04,110.26599884033203,D2,Downtrend,Low,0.006122520298874168,1.672697338291201
USDJPY=X,2021-06-07,109.61699676513672,D2,Downtrend,Low,-0.005885786026706974,0.6640183412782982
USDJPY=X,2021-06-08,109.27400207519531,D2,Downtrend,Low,-0.0031290283447219513,0.13738716792028882
USDJPY=X,2021-06-09,109.46900177001953,D2,Downtrend,Low,0.001784502179118741,0.4230887605370782
USDJPY=X,2021-06-10,109.61000061035156,D2,Downtrend,Low,0.0012880252679041693,0.6186700910089326
USDJPY=X,2021-06-11,109.40899658203125,D2,Downtrend,Low,-0.0018338110318496526,0.3010605968195802
USDJPY=X,2021-06-14,109.70899963378906,D2,Downtrend,Low,0.0027420327498650643,0.7346573519833861
USDJPY=X,2021-06-15,110.04100036621094,D2,Downtrend,Low,0.0030261941456954933,1.1965637093946027
USDJPY=X,2021-06-16,110.08399963378906,D2,Downtrend,Low,0.0003907567855165883,1.2189308341373553
USDJPY=X,2021-06-17,110.7699966430664,D2,Downtrend,Low,0.006231577809304056,2.1220664113812973
USDJPY=X,2021-06-18,110.32499694824219,D2,Downtrend,Low,-0.004017330579670797,1.4245077388862972
USDJPY=X,2021-06-21,110.20099639892578,D2,Downtrend,Low,-0.00112395697028278,1.2267540984940128
USDJPY=X,2021-06-22,110.3740005493164,D2,Downtrend,Low,0.0015698964260209003,1.4381881672963455
USDJPY=X,2021-06-23,110.65399932861328,D2,Downtrend,Low,0.002536818253423334,1.7964008333565338
USDJPY=X,2021-06-24,111.01200103759766,D1,Downtrend,Low,0.003235325529637789,2.2533399881968252
USDJPY=X,2021-06-25,110.9209976196289,D1,Downtrend,Low,-0.0008197619817512658,2.09472161346824
USDJPY=X,2021-06-28,110.8219985961914,D2,Downtrend,Low,-0.000892518328919012,1.947124195294746
USDJPY=X,2021-06-29,110.60299682617188,D2,Downtrend,Low,-0.00197615791804584,1.6261864738756586
USDJPY=X,2021-06-30,110.53500366210938,D2,Downtrend,Low,-0.0006147497447049899,1.4951457652860949
USDJPY=X,2021-07-01,111.1240005493164,D1,Downtrend,Low,0.0053286006033663735,2.1451046839991386
USDJPY=X,2021-07-02,111.5719985961914,D1,Downtrend,Low,0.004031514746233311,2.507657396903303
USDJPY=X,2021-07-05,111.13500213623047,D1,Downtrend,Low,-0.003916721627821196,1.9054860466350014
USDJPY=X,2021-07-06,110.91600036621094,D1,Downtrend,Low,-0.001970592214962763,1.5913803842984278
USDJPY=X,2021-07-07,110.60199737548828,D2,Downtrend,Low,-0.0028309981399069484,1.1998935492836804
USDJPY=X,2021-07-08,110.63500213623047,D2,Downtrend,Low,0.00029841016912324214,1.1942021965082095
USDJPY=X,2021-07-09,109.8010025024414,D2,Downtrend,Low,-0.0075382981668145055,0.264224066420394
USDJPY=X,2021-07-12,110.21499633789062,D2,Downtrend,Low,0.0037704012350889826,0.6947038719712454
USDJPY=X,2021-07-13,110.32499694824219,D2,Downtrend,Low,0.0009980548383301535,0.7895951206929792
USDJPY=X,2021-07-14,110.59500122070312,D2,Downtrend,Low,0.0024473535457028017,1.0629324405413387
USDJPY=X,2021-07-15,109.98400115966797,D2,Downtrend,Low,-0.005524662546147474,0.3381873588585033
USDJPY=X,2021-07-16,109.77799987792969,D2,Downtrend,Low,-0.0018730113431608686,0.06289626424763317
USDJPY=X,2021-07-19,109.8740005493164,D2,Downtrend,Low,0.0008744982737294293,0.14587134760400602
USDJPY=X,2021-07-20,109.53399658203125,D2,Downtrend,Low,-0.003094489739022044,-0.3277237297428444
USDJPY=X,2021-07-21,109.91999816894531,D2,Downtrend,Low,0.0035240345368479087,0.15919428663369006
USDJPY=X,2021-07-22,110.25499725341797,D2,Downtrend,Low,0.0030476627552138424,0.5837222491943956
USDJPY=X,2021-07-23,110.13999938964844,D2,Downtrend,Low,-0.0010430172476011412,0.4023231432580917
USDJPY=X,2021-07-26,110.54399871826172,D2,Downtrend,Low,0.00366805275878046,0.9339090182753957
USDJPY=X,2021-07-27,110.302001953125,D2,Downtrend,Low,-0.0021891443040112923,0.5736224014475728
USDJPY=X,2021-07-28,109.80599975585938,D2,Downtrend,Low,-0.004496765140096115,-0.1329989064969994
USDJPY=X,2021-07-29,109.89099884033203,D2,Downtrend,Low,0.0007740841544328081,-0.02931223077682139
USDJPY=X,2021-07-30,109.40899658203125,D2,Downtrend,Low,-0.004386185068725346,-0.7281227029610575
USDJPY=X,2021-08-02,109.70600128173828,D2,Downtrend,Low,0.002714627763580113,-0.34075698273464755
USDJPY=X,2021-08-03,109.26899719238281,D2,Downtrend,Low,-0.003983410973417811,-1.0113421473914708
USDJPY=X,2021-08-04,108.99099731445312,D2,Downtrend,Low,-0.002544178907766814,-1.451774655110682
USDJPY=X,2021-08-05,109.52899932861328,D2,Downtrend,Low,0.004936205993307352,-0.6312324908752248
USDJPY=X,2021-08-06,109.75199890136719,D2,Downtrend,Low,0.0020359865800001486,-0.3004609346824677
USDJPY=X,2021-08-09,110.25900268554688,D2,Downtrend,Low,0.004619540320494053,0.4496730193202854
USDJPY=X,2021-08-10,110.30599975585938,D2,Downtrend,Low,0.00042624247605904664,0.49845391689062
USDJPY=X,2021-08-11,110.5979995727539,D2,Downtrend,Low,0.0026471798228637766,0.9199376173246951
USDJPY=X,2021-08-12,110.3740005493164,D2,Downtrend,Low,-0.002025344258511197,0.5453218770426992
USDJPY=X,2021-08-13,110.40299987792969,D2,Downtrend,Low,0.0002627369531678081,0.5658829271526375
USDJPY=X,2021-08-16,109.6240005493164,D2,Downtrend,Low,-0.007055961608603112,-0.7372369860160483
USDJPY=X,2021-08-17,109.2969970703125,D2,Downtrend,Low,-0.00298295516825986,-1.3225111370351894
USDJPY=X,2021-08-18,109.53700256347656,D2,Downtrend,Low,0.0021959019881365727,-0.9671042092545219
USDJPY=X,2021-08-19,109.84200286865234,D2,Downtrend,Low,0.002784449985282711,-0.4592328277255418
USDJPY=X,2021-08-20,109.76799774169922,D2,Downtrend,Low,-0.0006737416017588149,-0.5907246473619419
USDJPY=X,2021-08-23,109.83999633789062,D2,Downtrend,Low,0.0006559160927834817,-0.4589111837922911
USDJPY=X,2021-08-24,109.6780014038086,D2,Downtrend,Low,-0.0014748264701657243,-0.7593693061913545
USDJPY=X,2021-08-25,109.7300033569336,D2,Downtrend,Low,0.00047413293877895946,-0.6769568157394842
USDJPY=X,2021-08-26,109.97599792480469,D2,Downtrend,Low,0.0022418168262596794,-0.24312339329196764
USDJPY=X,2021-08-27,110.0479965209961,D2,Downtrend,Low,0.0006546755433001206,-0.10479612835425534
USDJPY=X,2021-08-30,109.86499786376953,D2,Downtrend,Low,-0.0016628985807265462,-0.44975119904894273
USDJPY=X,2021-08-31,109.94400024414062,D2,Downtrend,Low,0.0007190859865036092,-0.33141584450363654
USDJPY=X,2021-09-01,110.05599975585938,D2,Downtrend,Low,0.0010186959858660138,-0.1413289150675207
USDJPY=X,2021-09-02,110.09600067138672,D2,Downtrend,Low,0.0003634596534134449,-0.08134697341083712
USDJPY=X,2021-09-03,109.94499969482422,D2,Downtrend,Low,-0.0013715391625641615,-0.3942660319260156
USDJPY=X,2021-09-06,109.76399993896484,D2,Downtrend,Low,-0.0016462754682957659,-0.7498112845133358
USDJPY=X,2021-09-07,109.81999969482422,D2,Downtrend,Low,0.0005101832649185845,-0.6314113199192039
USDJPY=X,2021-09-08,110.2959976196289,D2,Downtrend,Low,0.004334346440788783,0.28750339197430724
USDJPY=X,2021-09-09,110.21800231933594,D2,Downtrend,Low,-0.0007071453359708268,0.15569688776704044
USDJPY=X,2021-09-10,109.78099822998047,D2,Downtrend,Low,-0.003964906641016119,-0.684794440167825
USDJPY=X,2021-09-13,109.91500091552734,D2,Downtrend,Low,0.0012206364280469284,-0.4118565232573026
USDJPY=X,2021-09-14,109.99400329589844,D2,Downtrend,Low,0.0007187588565078507,-0.24493641357193732
USDJPY=X,2021-09-15,109.71900177001953,D2,Downtrend,Low,-0.0025001501685425476,-0.7578035060801733
USDJPY=X,2021-09-16,109.38300323486328,D2,Downtrend,Low,-0.0030623550135876476,-1.3831683182210832
USDJPY=X,2021-09-17,109.6989974975586,D2,Downtrend,Low,0.0028888790154792954,-0.7266219270809524
USDJPY=X,2021-09-20,109.97100067138672,D2,Downtrend,Low,0.0024795411082418894,-0.1466500300896053
USDJPY=X,2021-09-21,109.43699645996094,D2,Downtrend,Low,-0.004855863892895607,-1.2163282761030125
USDJPY=X,2021-09-22,109.14900207519531,D2,Downtrend,Low,-0.002631599861852907,-1.7375841345408
USDJPY=X,2021-09-23,109.8219985961914,D2,Downtrend,Low,0.006165851342666784,-0.33258166180061954
USDJPY=X,2021-09-24,110.32599639892578,D2,Downtrend,Low,0.004589224464831787,0.8798894824897682
USDJPY=X,2021-09-27,110.76399993896484,D2,Downtrend,Low,0.003970084606852664,2.0102507407819736
USDJPY=X,2021-09-28,110.96399688720703,D1,Downtrend,Low,0.0018056132710302375,2.4901564343057796
USDJPY=X,2021-09-29,111.52799987792969,D1,Downtrend,Low,0.005082756628674412,3.4899866418579015
USDJPY=X,2021-09-30,111.93599700927734,D1,Downtrend,Low,0.003658248438008549,3.835658538836965
USDJPY=X,2021-10-01,111.46099853515625,D1,Downtrend,Low,-0.00424348276526032,2.6685553343692634
USDJPY=X,2021-10-04,110.9469985961914,D1,Downtrend,Low,-0.004611477967360278,1.6581222551039119
USDJPY=X,2021-10-05,110.96800231933594,D1,Downtrend,Low,0.00018931312618009066,1.6413578676734157
USDJPY=X,2021-10-06,111.48699951171875,D1,Downtrend,Low,0.004676998608024618,2.420795346129237
USDJPY=X,2021-10-07,111.41300201416016,D1,Downtrend,Low,-0.0006637320753333231,2.1629954944724012
USDJPY=X,2021-10-08,111.66200256347656,D1,Downtrend,Low,0.0022349325914829965,2.3929156591498186
USDJPY=X,2021-10-11,112.2699966430664,D1,Downtrend,Low,0.00544495052597882,3.0062122155171958
USDJPY=X,2021-10-12,113.38800048828125,D1,Downtrend,Low,0.009958171182361752,3.893063813621632
USDJPY=X,2021-10-13,113.51899719238281,D1,Downtrend,Low,0.0011552960060805528,3.5306544892639775
USDJPY=X,2021-10-14,113.3010025024414,D1,Downtrend,Low,-0.0019203366426147062,2.9801741935781187
USDJPY=X,2021-10-15,113.83399963378906,D1,Downtrend,Low,0.004704257858055394,3.14498707351642
USDJPY=X,2021-10-18,114.3239974975586,D1,Downtrend,Low,0.004304494837622297,3.2065204198409543
USDJPY=X,2021-10-19,114.28500366210938,D1,Downtrend,Low,-0.000341081805244392,2.886960295615679
USDJPY=X,2021-10-20,114.54299926757812,D1,Downtrend,Low,0.0022574755847366568,2.8168283754590377
USDJPY=X,2021-10-21,114.38899993896484,D1,Downtrend,Low,-0.0013444674017443203,2.510665850547958
USDJPY=X,2021-10-22,113.8499984741211,D1,Downtrend,Low,-0.004712004345971632,2.033560284496372
USDJPY=X,2021-10-25,113.66400146484375,D1,Downtrend,Low,-0.001633702343172394,1.8216759230678867
USDJPY=X,2021-10-26,113.76499938964844,D1,Downtrend,Low,0.0008885656276664822,1.8012055992033498
USDJPY=X,2021-10-27,114.18800354003906,D1,Downtrend,Low,0.003718227509867278,1.9671189859646674
USDJPY=X,2021-10-28,113.7760009765625,D1,Downtrend,Low,-0.0036081072503566514,1.6436229489084357
USDJPY=X,2021-10-29,113.61599731445312,D1,Downtrend,Low,-0.001406304147940074,1.4874309947395374
USDJPY=X,2021-11-01,114.23600006103516,D1,Downtrend,Low,0.005457002193679283,1.7696445524172184
USDJPY=X,2021-11-02,114.09400177001953,D1,Downtrend,Low,-0.0012430257619293617,1.6170306260472684
USDJPY=X,2021-11-03,113.96199798583984,D1,Downtrend,Low,-0.0011569739173998839,1.4834009081399286
USDJPY=X,2021-11-04,114.06999969482422,D1,Downtrend,Low,0.0009476993286638979,1.483584122350511
USDJPY=X,2021-11-05,113.83699798583984,D1,Downtrend,Low,-0.002042620405082296,1.3084710496100391
USDJPY=X,2021-11-08,113.4749984741211,D1,Downtrend,Low,-0.0031799811847091908,1.0765351281013755
USDJPY=X,2021-11-09,113.25399780273438,D1,Downtrend,Low,-0.001947571485864552,0.9263351827862691
USDJPY=X,2021-11-10,112.91200256347656,D1,Downtrend,Low,-0.0030197189140598324,0.7152406772429952
USDJPY=X,2021-11-11,113.90499877929688,D1,Downtrend,Low,0.008794425687933982,1.2121590874334285
USDJPY=X,2021-11-12,114.04299926757812,D1,Downtrend,Low,0.0012115402287886656,1.2428439217874914
USDJPY=X,2021-11-15,113.98100280761719,D1,Downtrend,Low,-0.0005436235486535601,1.168944251785311
USDJPY=X,2021-11-16,114.13200378417969,D1,Downtrend,Low,0.001324790735675263,1.2084876391406925
USDJPY=X,2021-11-17,114.90399932861328,D1,Downtrend,Low,0.006764058448438526,1.5607149793582296
USDJPY=X,2021-11-18,114.19000244140625,D1,Downtrend,Low,-0.006213855839474092,1.1424127985630315
USDJPY=X,2021-11-19,114.28199768066406,D1,Downtrend,Low,0.0008056330439700776,1.1515683793990321
USDJPY=X,2021-11-22,114.13800048828125,D1,Downtrend,Low,-0.0012600164094539457,1.0406552788384629
USDJPY=X,2021-11-23,114.79000091552734,D1,Downtrend,Low,0.005712386974161543,1.3390845445942736
USDJPY=X,2021-11-24,115.14099884033203,D1,Downtrend,Low,0.00305773954181765,1.469314081088964
USDJPY=X,2021-11-25,115.40799713134766,D1,Downtrend,Low,0.0023188811431615886,1.549008750687948
USDJPY=X,2021-11-26,115.06900024414062,D1,Downtrend,Low,-0.0029373777869241557,1.3271635203709033
USDJPY=X,2021-11-29,113.71900177001953,D1,Downtrend,Low,-0.011732077894626824,0.5999529088664578
USDJPY=X,2021-11-30,113.80400085449219,D1,Downtrend,Low,0.0007474483872498272,0.6191851577902345
USDJPY=X,2021-12-01,113.29900360107422,D1,Downtrend,Low,-0.004437429700416717,0.32600832230062826
USDJPY=X,2021-12-02,112.88200378417969,D1,Downtrend,Low,-0.00368052501470173,0.07678578867334569
USDJPY=X,2021-12-03,113.02200317382812,D1,Downtrend,Low,0.0012402277152707697,0.12713684437010805
USDJPY=X,2021-12-06,113.04199981689453,D1,Downtrend,Low,0.0001769269921332306,0.11156853913040414
USDJPY=X,2021-12-07,113.45800018310547,D1,Downtrend,Low,0.003680051369267856,0.32599162907263735
USDJPY=X,2021-12-08,113.5250015258789,D1,Downtrend,Low,0.0005905387250375593,0.3382959096410713
USDJPY=X,2021-12-09,113.68399810791016,D1,Downtrend,Low,0.0014005424346548168,0.40813916716224513
USDJPY=X,2021-12-10,113.447998046875,D1,Downtrend,Low,-0.0020759303416751917,0.22738638675144957
USDJPY=X,2021-12-13,113.5009994506836,D1,Downtrend,Low,0.000467186770335859,0.2321843408476154
USDJPY=X,2021-12-14,113.5770034790039,D1,Downtrend,Low,0.0006696331194275817,0.2514965368183879
USDJPY=X,2021-12-15,113.74299621582031,D1,Downtrend,Low,0.0014614995265929132,0.3437087509413342
USDJPY=X,2021-12-16,114.13600158691406,D1,Downtrend,Low,0.0034552050162988124,0.6390728362422792
USDJPY=X,2021-12-17,113.66300201416016,D1,Downtrend,Low,-0.004144175073398926,0.20393418814442857
USDJPY=X,2021-12-20,113.51799774169922,D1,Downtrend,Low,-0.0012757385419300826,0.034066607385508804
USDJPY=X,2021-12-21,113.66200256347656,D1,Downtrend,Low,0.0012685637928975257,0.1346298389811045
USDJPY=X,2021-12-22,113.99400329589844,D1,Downtrend,Low,0.002920947413683539,0.4393341061551484
USDJPY=X,2021-12-23,114.12100219726562,D1,Downtrend,Low,0.0011140840543824027,0.5448847159984541
USDJPY=X,2021-12-24,114.45800018310547,D1,Downtrend,Low,0.002952988313731364,0.8817748179297388
USDJPY=X,2021-12-27,114.33300018310547,D1,Downtrend,Low,-0.001092103651994858,0.7379172078429248
USDJPY=X,2021-12-28,114.79199981689453,D1,Downtrend,Low,0.004014585754366307,1.314627838467872
USDJPY=X,2021-12-29,114.77300262451172,D1,Downtrend,Low,-0.0001654923027137878,1.3034911652826435
USDJPY=X,2021-12-30,114.947998046875,D1,Downtrend,Low,0.0015247089329517571,1.5925625080373005
USDJPY=X,2021-12-31,115.06300354003906,D1,Downtrend,Low,0.0010005001837192218,1.8163644241216548
USDJPY=X,2022-01-03,115.14199829101562,D1,Downtrend,Low,0.0006865347552749146,1.9333954807316858
USDJPY=X,2022-01-04,115.3280029296875,D1,Downtrend,Low,0.001615436951178717,2.124038251211644
USDJPY=X,2022-01-05,116.17400360107422,D1,Downtrend,Low,0.007335604969267662,3.1437940863094225
USDJPY=X,2022-01-06,116.12799835205078,D1,Downtrend,Low,-0.00039600295761010873,2.8229520464801046
USDJPY=X,2022-01-07,115.86499786376953,D1,Downtrend,Low,-0.0022647465900853536,2.297385901768287
USDJPY=X,2022-01-10,115.61799621582031,D1,Downtrend,Low,-0.002131805571166878,1.878553107104406
USDJPY=X,2022-01-11,115.27799987792969,D1,Downtrend,Low,-0.002940686995266395,1.3917844579126768
USDJPY=X,2022-01-12,115.33100128173828,D1,Downtrend,Low,0.00045977032794386474,1.4199364705853617
USDJPY=X,2022-01-13,114.67500305175781,D1,Downtrend,Low,-0.005687960935828129,0.5876673094995292
USDJPY=X,2022-01-14,114.11799621582031,D1,Downtrend,Low,-0.004857264627114111,-0.11670543830138803
USDJPY=X,2022-01-17,114.30599975585938,D1,Downtrend,Low,0.0016474486608011318,0.10644536591596322
USDJPY=X,2022-01-18,114.57099914550781,D1,Downtrend,Low,0.0023183331602403268,0.424279407071912
USDJPY=X,2022-01-19,114.55400085449219,D1,Downtrend,Low,-0.00014836469213330705,0.39459086833158935
USDJPY=X,2022-01-20,114.34700012207031,D1,Downtrend,Low,-0.0018070144288090395,0.12186366976161712
USDJPY=X,2022-01-21,113.99299621582031,D1,Downtrend,Low,-0.003095874013940736,-0.33537287220392215
USDJPY=X,2022-01-24,113.78500366210938,D1,Downtrend,Low,-0.0018246081830952665,-0.5883487986928778
USDJPY=X,2022-01-25,114.01100158691406,D1,Downtrend,Low,0.001986183745933623,-0.30015457965294506
USDJPY=X,2022-01-26,113.875,D1,Downtrend,Low,-0.0011928812572564729,-0.4701723968477019
USDJPY=X,2022-01-27,114.72100067138672,D1,Downtrend,Low,0.0074292045785882,0.5850794919078268
USDJPY=X,2022-01-28,115.35199737548828,D1,Downtrend,Low,0.005500271967719517,1.332046003551092
USDJPY=X,2022-01-31,115.26200103759766,D1,Downtrend,Low,-0.0007801888128358136,1.1789128504958963
USDJPY=X,2022-02-01,115.12100219726562,D1,Downtrend,Low,-0.0012232898879314114,0.9719044560098382
USDJPY=X,2022-02-02,114.73600006103516,D1,Downtrend,Low,-0.0033443257866253573,0.46474986976803573
USDJPY=X,2022-02-03,114.38200378417969,D1,Downtrend,Low,-0.003085311294337978,9.006450796509377e-05
USDJPY=X,2022-02-04,114.95700073242188,D1,Downtrend,Low,0.005026987893367529,0.7189226526815814
USDJPY=X,2022-02-07,115.2239990234375,D1,Downtrend,Low,0.002322592702614923,1.028248841512607
USDJPY=X,2022-02-08,115.06300354003906,D1,Downtrend,Low,-0.0013972391581869026,0.7995765639568344
USDJPY=X,2022-02-09,115.53099822998047,D1,Downtrend,Low,0.0040672907497896205,1.3625743004614563
USDJPY=X,2022-02-10,115.60199737548828,D1,Downtrend,Low,0.0006145462827775727,1.399090901783537
USDJPY=X,2022-02-11,116.0469970703125,D1,Downtrend,Low,0.003849411817503645,1.8548374231733205
USDJPY=X,2022-02-14,115.58399963378906,D1,Downtrend,Low,-0.003989740779271611,1.2565851193407904
USDJPY=X,2022-02-15,115.53600311279297,D1,Downtrend,Low,-0.00041525229398675645,1.1720640076193607
USDJPY=X,2022-02-16,115.63500213623047,D1,Downtrend,Low,0.0008568673034401453,1.2659045535276174
USDJPY=X,2022-02-17,115.38700103759766,D1,Downtrend,Low,-0.00214468884032748,0.9795910116755715
USDJPY=X,2022-02-18,114.86599731445312,D1,Downtrend,Low,-0.0045152722443558835,0.38083361590366405
USDJPY=X,2022-02-21,114.96099853515625,D1,Downtrend,Low,0.0008270612968523938,0.4698414819799055
USDJPY=X,2022-02-22,114.60900115966797,D1,Downtrend,Low,-0.0030618851608238407,0.043544877689610684
USDJPY=X,2022-02-23,115.09600067138672,D1,Downtrend,Low,0.0042492256872588285,0.5904585591230352
USDJPY=X,2022-02-24,114.89800262451172,D1,Downtrend,Low,-0.0017202860718010804,0.32548165314909505
USDJPY=X,2022-02-25,115.57099914550781,D1,Downtrend,Low,0.005857338731948714,1.1347517997339196
USDJPY=X,2022-02-28,115.58499908447266,D1,Downtrend,Low,0.00012113712841754776,1.1294181025132848
USDJPY=X,2022-03-01,115.0780029296875,D1,Downtrend,Low,-0.004386349083366992,0.4416369423205518
USDJPY=X,2022-03-02,114.83300018310547,D1,Downtrend,Low,-0.0021290145844096164,0.08728667567034758
USDJPY=X,2022-03-03,115.51899719238281,D1,Downtrend,Low,0.005973866468554245,0.9941453878663572
USDJPY=X,2022-03-04,115.4739990234375,D1,Downtrend,Low,-0.0003895304671869271,0.9066830134276712
USDJPY=X,2022-03-07,114.94999694824219,D1,Downtrend,Low,-0.004537836046441535,0.1348861985046953
USDJPY=X,2022-03-08,115.37300109863281,D1,Downtrend,Low,0.0036798970127949193,0.7281898545231524
USDJPY=X,2022-03-09,115.72200012207031,D1,Downtrend,Low,0.0030249626872334012,1.2181537016029227
USDJPY=X,2022-03-10,115.90899658203125,D1,Downtrend,Low,0.0016159110606772664,1.4487339180616166
USDJPY=X,2022-03-11,116.17900085449219,D1,Downtrend,Low,0.002329450520864862,1.8021338790853505
USDJPY=X,2022-03-14,117.52899932861328,D1,Downtrend,Low,0.011619986952821959,3.487990572707614
USDJPY=X,2022-03-15,118.21800231933594,D1,Downtrend,Low,0.005862408381408946,3.87913505963685
USDJPY=X,2022-03-16,118.29199981689453,D1,Downtrend,Low,0.0006259410251130415,3.5085855891915436
USDJPY=X,2022-03-17,118.87000274658203,D1,Downtrend,Low,0.004886238550216415,3.630931577493037
USDJPY=X,2022-03-18,118.48600006103516,D1,Downtrend,Low,-0.0032304423039808405,2.9449932421700296
USDJPY=X,2022-03-21,119.26300048828125,D1,Downtrend,Low,0.006557740381528898,3.274625112456138
USDJPY=X,2022-03-22,119.59400177001953,D1,Downtrend,Low,0.0027753895204976065,3.179142558479295
USDJPY=X,2022-03-23,121.33999633789062,D1,Downtrend,Low,0.014599348980968596,3.853587870632013
USDJPY=X,2022-03-24,121.12699890136719,D1,Downtrend,Low,-0.001755376981636858,3.289450774701845
USDJPY=X,2022-03-25,122.34600067138672,D1,Downtrend,Low,0.0100638320199129,3.5161238757920836
USDJPY=X,2022-03-28,122.2699966430664,D1,Downtrend,Low,-0.0006212220089192311,3.1161438269323414
USDJPY=X,2022-03-29,123.66000366210938,D1,Downtrend,Low,0.01136834102564599,3.3556716707589485
USDJPY=X,2022-03-30,123.125,D1,Downtrend,Low,-0.004326408266744242,2.8446653937146316
USDJPY=X,2022-03-31,122.02100372314453,D1,Downtrend,Low,-0.00896646722319161,2.2449022043319653
USDJPY=X,2022-04-01,121.75599670410156,D1,Downtrend,Low,-0.0021718147774316687,2.026668305811238
USDJPY=X,2022-04-04,122.61000061035156,D1,Downtrend,Low,0.007014060328588645,2.2092962743881013
USDJPY=X,2022-04-05,122.80899810791016,D1,Downtrend,Low,0.001623011961242815,2.149051003875632
USDJPY=X,2022-04-06,123.65599822998047,D1,Downtrend,Low,0.006896889764755443,2.2900002625861986
USDJPY=X,2022-04-07,123.7229995727539,D1,Downtrend,Low,0.0005418365767331235,2.1771108272211244
USDJPY=X,2022-04-08,124.09600067138672,D1,Downtrend,Low,0.003014808078698916,2.166425543783898
USDJPY=X,2022-04-11,124.38500213623047,D1,Downtrend,Low,0.002328853978212031,2.13007206967416
USDJPY=X,2022-04-12,125.47200012207031,D1,Downtrend,Low,0.008738979516592638,2.3024894031648397
USDJPY=X,2022-04-13,125.41600036621094,D1,Downtrend,Low,-0.0004463127694218638,2.15601518814741
USDJPY=X,2022-04-14,125.37699890136719,D1,Downtrend,Low,-0.0003109767870914659,2.0329555433759916
USDJPY=X,2022-04-15,126.17900085449219,D1,Downtrend,Low,0.00639672316415818,2.1267272554525647
USDJPY=X,2022-04-18,126.61799621582031,D1,Downtrend,Low,0.0034791475471767086,2.121642678241441
USDJPY=X,2022-04-19,127.0979995727539,D1,Downtrend,Low,0.0037909568250900083,2.12256308631138
USDJPY=X,2022-04-20,129.33299255371094,D1,Downtrend,Low,0.01758480061425094,2.4926793038029933
USDJPY=X,2022-04-21,128.01300048828125,D1,Downtrend,Low,-0.010206151109366068,2.066401376356542
USDJPY=X,2022-04-22,128.4080047607422,D1,Downtrend,Low,0.003085657479742432,2.041573263277362
USDJPY=X,2022-04-25,128.60499572753906,D1,Downtrend,Low,0.0015341019211685403,1.978759368946467
USDJPY=X,2022-04-26,127.74400329589844,D1,Downtrend,Low,-0.006694859921808294,1.7162770786100254
USDJPY=X,2022-04-27,127.26599884033203,D1,Downtrend,Low,-0.003741893499761284,1.552692079192355
USDJPY=X,2022-04-28,128.3939971923828,D1,Downtrend,Low,0.008863312764833431,1.7131786748129745
USDJPY=X,2022-04-29,130.81100463867188,U1,Uptrend,Low,0.018824925612896504,2.0914005718177577
USDJPY=X,2022-05-02,130.01100158691406,D1,Downtrend,Low,-0.006115716746978528,1.8434543612537737
USDJPY=X,2022-05-03,130.11199951171875,D1,Downtrend,Low,0.0007768413716677802,1.7815660475680777
USDJPY=X,2022-05-04,130.11599731445312,D1,Downtrend,Low,3.072585733354671e-05,1.7066995841332264
USDJPY=X,2022-05-05,129.22300720214844,D1,Downtrend,Low,-0.006863030916533508,1.4809046411606963
USDJPY=X,2022-05-06,130.3300018310547,D1,Downtrend,Low,0.008566544401605869,1.6184370067988971
USDJPY=X,2022-05-09,130.74899291992188,U1,Uptrend,Low,0.0032148475637276963,1.6275024867036734
USDJPY=X,2022-05-10,130.3769989013672,D1,Downtrend,Low,-0.0028451004497029864,1.5021353990472515
USDJPY=X,2022-05-11,130.3509979248047,D1,Downtrend,Low,-0.00019942916911419584,1.443477585333384
USDJPY=X,2022-05-12,129.8350067138672,D1,Downtrend,Low,-0.003958475340826717,1.3061650646405147
USDJPY=X,2022-05-13,128.58799743652344,D1,Downtrend,Low,-0.00960456897492934,1.0504363866616853
USDJPY=X,2022-05-16,129.4320068359375,D1,Downtrend,Low,0.006563671697513707,1.1643366715382857
USDJPY=X,2022-05-17,128.92300415039062,D1,Downtrend,Low,-0.003932587448729485,1.0405977835767308
USDJPY=X,2022-05-18,129.45399475097656,D1,Downtrend,Low,0.004118664501228331,1.1029965178945942
USDJPY=X,2022-05-19,127.91400146484375,D1,Downtrend,Low,-0.01189606615921901,0.7934098463177588
USDJPY=X,2022-05-20,127.83200073242188,D1,Downtrend,Low,-0.0006410614278563598,0.7512812180461035
USDJPY=X,2022-05-23,127.90299987792969,D1,Downtrend,Low,0.0005554097964595162,0.7382320920200608
USDJPY=X,2022-05-24,127.84600067138672,D1,Downtrend,Low,-0.0004456440161478836,0.7017292561194698
USDJPY=X,2022-05-25,126.76899719238281,D1,Downtrend,Low,-0.008424225031271937,0.46377087938701156
USDJPY=X,2022-05-26,127.1520004272461,D1,Downtrend,Low,0.003021268948606215,0.5158036326962825
USDJPY=X,2022-05-27,127.04499816894531,D1,Downtrend,Low,-0.0008415302782593947,0.4675527199791501
USDJPY=X,2022-05-30,127.28500366210938,D1,Downtrend,Low,0.0018891376805318938,0.49360934145822544
USDJPY=X,2022-05-31,127.78399658203125,D1,Downtrend,Low,0.003920280516678254,0.5810927448814903
USDJPY=X,2022-06-01,128.73599243164062,D1,Downtrend,Low,0.007450039716031531,0.7815031753178919
USDJPY=X,2022-06-02,130.1219940185547,D1,Downtrend,Low,0.010766232199204362,1.0994938963026912
USDJPY=X,2022-06-03,129.91799926757812,D1,Downtrend,Low,-0.0015677192200688195,1.0342337582719958
USDJPY=X,2022-06-06,130.70700073242188,U1,Uptrend,Low,0.006073072778920663,1.2200314009994484
USDJPY=X,2022-06-07,132.17599487304688,U1,Uptrend,Low,0.0112388329040789,1.5836151312333804
USDJPY=X,2022-06-08,132.8470001220703,U1,Uptrend,Low,0.005076604489854031,1.7328473105984838
USDJPY=X,2022-06-09,134.42999267578125,U1,Uptrend,Low,0.01191590741421611,2.109341992903023
USDJPY=X,2022-06-10,134.41799926757812,U1,Uptrend,Low,-8.921675858486466e-05,2.057739283950691
USDJPY=X,2022-06-13,134.81399536132812,U1,Uptrend,Low,0.0029460049688860845,2.1089396362739343
USDJPY=X,2022-06-14,134.22500610351562,U1,Uptrend,Low,-0.0043689029186761985,1.8960208538136567
USDJPY=X,2022-06-15,135.29400634765625,U1,Uptrend,Low,0.007964240607418516,2.1168991949494798
USDJPY=X,2022-06-16,134.11500549316406,U1,Uptrend,Low,-0.008714361310748542,1.7291693023630075
USDJPY=X,2022-06-17,132.42100524902344,U1,Uptrend,Low,-0.012630952352508884,1.205330692868346
USDJPY=X,2022-06-20,135.2760009765625,U1,Uptrend,Low,0.02155999134857889,1.9638737643165467
USDJPY=X,2022-06-21,135.08700561523438,U1,Uptrend,Low,-0.0013971093169797832,1.8309814138186205
USDJPY=X,2022-06-22,136.2689971923828,U1,Uptrend,Low,0.008749854005314806,2.07421721562907
USDJPY=X,2022-06-23,136.0240020751953,U1,Uptrend,Low,-0.0017978786241570344,1.939864710182378
USDJPY=X,2022-06-24,134.83999633789062,U1,Uptrend,Low,-0.00870438833765641,1.570844867430312
USDJPY=X,2022-06-27,135.06199645996094,U1,Uptrend,Low,0.0016463966782824802,1.5931157233947535
USDJPY=X,2022-06-28,135.43499755859375,U1,Uptrend,Low,0.002761702835804014,1.6576319178100574
USDJPY=X,2022-06-29,136.0469970703125,U1,Uptrend,Low,0.004518769319237226,1.7784421459430009
USDJPY=X,2022-06-30,136.58900451660156,U1,Uptrend,Low,0.003983972141692549,1.8732559007182061
USDJPY=X,2022-07-01,135.78599548339844,U1,Uptrend,Low,-0.005879016660565228,1.5900883817824907
USDJPY=X,2022-07-04,135.04299926757812,U1,Uptrend,Low,-0.005471817717101368,1.3343700835836703
USDJPY=X,2022-07-05,135.83999633789062,U1,Uptrend,Low,0.005901802201040418,1.521955620568115
USDJPY=X,2022-07-06,135.52099609375,U1,Uptrend,Low,-0.002348352861753167,1.3839283038120727
USDJPY=X,2022-07-07,135.96600341796875,U1,Uptrend,Low,0.0032836780797487197,1.4733184959809746
USDJPY=X,2022-07-08,135.91299438476562,U1,Uptrend,Low,-0.00038986976060606526,1.4111128481222124
USDJPY=X,2022-07-11,136.30099487304688,U1,Uptrend,Low,0.0028547710985076247,1.4775771894045773
USDJPY=X,2022-07-12,137.38800048828125,U1,Uptrend,Low,0.007975038012355107,1.735311340979873
USDJPY=X,2022-07-13,136.7259979248047,U1,Uptrend,Low,-0.00481848895917969,1.4771920849270428
USDJPY=X,2022-07-14,137.6280059814453,U1,Uptrend,Low,0.00659719490317201,1.6724226656003234
USDJPY=X,2022-07-15,138.9669952392578,U1,Uptrend,Low,0.009729046412203513,1.960870313826081
USDJPY=X,2022-07-18,138.31399536132812,U1,Uptrend,Low,-0.0046989565889759,1.7000118844443588
USDJPY=X,2022-07-19,138.22900390625,U1,Uptrend,Low,-0.0006144819608174812,1.6125042596319825
USDJPY=X,2022-07-20,138.1909942626953,U1,Uptrend,Low,-0.0002749758913148659,1.5464203743517317
USDJPY=X,2022-07-21,138.39500427246094,U1,Uptrend,Low,0.001476290194264207,1.5422838422138068
USDJPY=X,2022-07-22,137.09800720214844,U1,Uptrend,Low,-0.009371704398802416,1.14892146463419
USDJPY=X,2022-07-25,136.31199645996094,U1,Uptrend,Low,-0.005733203262601294,0.9059427192613605
USDJPY=X,2022-07-26,136.43099975585938,U1,Uptrend,Low,0.0008730214433723127,0.9077923793048441
USDJPY=X,2022-07-27,136.97000122070312,U1,Uptrend,Low,0.003950725757403184,1.0186724450551163
USDJPY=X,2022-07-28,136.11099243164062,U1,Uptrend,Low,-0.006271510414009307,0.7607402729352458
USDJPY=X,2022-07-29,134.39700317382812,U1,Uptrend,Low,-0.012592585118893496,0.28118164823760455
USDJPY=X,2022-08-01,133.40699768066406,U1,Uptrend,Low,-0.007366276552190687,0.0006532786828148049
USDJPY=X,2022-08-02,131.57200622558594,U1,Uptrend,Low,-0.013754836605127219,-0.5064973053159741
USDJPY=X,2022-08-03,133.37899780273438,U1,Uptrend,Low,0.013733860484351545,-0.026404461207852087
USDJPY=X,2022-08-04,133.96200561523438,U1,Uptrend,Low,0.004371061577192581,0.11604681097121845
USDJPY=X,2022-08-05,132.62100219726562,U1,Uptrend,Low,-0.01001032652362921,-0.2790860519404605
USDJPY=X,2022-08-08,135.0570068359375,U1,Uptrend,Low,0.018368166416420806,0.3853694778062615
USDJPY=X,2022-08-09,134.83999633789062,U1,Uptrend,Low,-0.0016068066598757813,0.30003376798044845
USDJPY=X,2022-08-10,135.18699645996094,U1,Uptrend,Low,0.002573421325233305,0.3775437034593444
USDJPY=X,2022-08-11,132.8300018310547,U1,Uptrend,Low,-0.017435069131107817,-0.346270173031882
USDJPY=X,2022-08-12,132.99400329589844,U1,Uptrend,Low,0.0012346718556275338,-0.3324592913528068
USDJPY=X,2022-08-15,133.28799438476562,U1,Uptrend,Low,0.0022105589844760853,-0.2778683929171244
USDJPY=X,2022-08-16,133.14300537109375,U1,Uptrend,Low,-0.0010877874960990574,-0.36514399289839927
USDJPY=X,2022-08-17,134.27699279785156,U1,Uptrend,Low,0.00851706346568637,-0.032603882540905134
USDJPY=X,2022-08-18,134.94400024414062,U1,Uptrend,Low,0.004967399346611945,0.16494961590711166
USDJPY=X,2022-08-19,135.7949981689453,U1,Uptrend,Low,0.006306304268919316,0.4573868276680178
USDJPY=X,2022-08-22,137.04100036621094,U1,Uptrend,Low,0.009175611871325762,0.955004773876054
USDJPY=X,2022-08-23,137.54600524902344,U1,Uptrend,Low,0.003685064188549303,1.1840476250747813
USDJPY=X,2022-08-24,136.73300170898438,U1,Uptrend,Low,-0.005910775369790899,0.8038553234880681
USDJPY=X,2022-08-25,137.08099365234375,U1,Uptrend,Low,0.002545047201552908,0.9625463715732036
USDJPY=X,2022-08-26,136.56300354003906,U1,Uptrend,Low,-0.0037787157687110273,0.6803959300718916
USDJPY=X,2022-08-29,137.52000427246094,U1,Uptrend,Low,0.007007759844277928,1.2014188604439662
USDJPY=X,2022-08-30,138.5959930419922,U1,Uptrend,Low,0.007824234555719345,1.7695999044364208
USDJPY=X,2022-08-31,138.73399353027344,U1,Uptrend,Low,0.000995703304636164,1.781418353832858
USDJPY=X,2022-09-01,139.29600524902344,U1,Uptrend,Low,0.004051002241403534,1.995793852628645
USDJPY=X,2022-09-02,140.08099365234375,U1,Uptrend,Low,0.005635397812858711,2.2834699543465047
USDJPY=X,2022-09-05,140.48699951171875,U1,Uptrend,Low,0.00289836507287089,2.3382014139949603
USDJPY=X,2022-09-06,140.42999267578125,U1,Uptrend,Low,-0.0004057801514419923,2.1761967993805027
USDJPY=X,2022-09-07,143.1510009765625,U1,Uptrend,Low,0.01937626178663554,3.1495312528302932
USDJPY=X,2022-09-08,144.1280059814453,U1,Uptrend,Low,0.006824995970812431,3.2102257092124518
USDJPY=X,2022-09-09,143.8560028076172,U1,Uptrend,Low,-0.0018872333102502026,2.862760909273832
USDJPY=X,2022-09-12,142.5959930419922,U1,Uptrend,Low,-0.008758826472539005,2.226974865977898
USDJPY=X,2022-09-13,142.5850067138672,U1,Uptrend,Low,-7.70451391418625e-05,2.098053927486888
USDJPY=X,2022-09-14,144.4040069580078,U1,Uptrend,Low,0.012757303773116346,2.5489983675181684
USDJPY=X,2022-09-15,142.92300415039062,U1,Uptrend,Low,-0.010255967537298738,1.942385355779982
USDJPY=X,2022-09-16,143.36500549316406,U1,Uptrend,Low,0.00309258362851339,1.979448051932196
USDJPY=X,2022-09-19,142.76499938964844,U1,Uptrend,Low,-0.0041851643045780484,1.7093802017539708
USDJPY=X,2022-09-20,143.22300720214844,U1,Uptrend,Low,0.003208123941148555,1.7672588171876444
USDJPY=X,2022-09-21,143.6020050048828,U1,Uptrend,Low,0.002646207548200996,1.7949110515256292
USDJPY=X,2022-09-22,144.3159942626953,U1,Uptrend,Low,0.004972000619268613,1.9066817318599647
USDJPY=X,2022-09-23,142.27999877929688,U1,Uptrend,Low,-0.014107899084923048,1.2769730283749516
USDJPY=X,2022-09-26,143.51100158691406,U1,Uptrend,Low,0.008651973701002902,1.5601581004658414
USDJPY=X,2022-09-27,144.45899963378906,U1,Uptrend,Low,0.0066057517290816214,1.742072881897651
USDJPY=X,2022-09-28,144.6909942626953,U1,Uptrend,Low,0.0016059548348967834,1.7248920263766794
USDJPY=X,2022-09-29,144.3979949951172,U1,Uptrend,Low,-0.0020250000290008563,1.5793910421412871
USDJPY=X,2022-09-30,144.43099975585938,U1,Uptrend,Low,0.00022856799876835865,1.524871412303125
USDJPY=X,2022-10-03,144.8159942626953,U1,Uptrend,Low,0.0026655946956450904,1.5579854118417242
USDJPY=X,2022-10-04,144.5189971923828,U1,Uptrend,Low,-0.002050858206820383,1.428604370295641
USDJPY=X,2022-10-05,143.78700256347656,U1,Uptrend,Low,-0.005065040881316318,1.2053529067855424
USDJPY=X,2022-10-06,144.44900512695312,U1,Uptrend,Low,0.004604050099620949,1.3205596847796888
USDJPY=X,2022-10-07,145.03900146484375,U1,Uptrend,Low,0.0040844610689572125,1.4136880054397656
USDJPY=X,2022-10-10,145.48199462890625,U2,Uptrend,Low,0.0030543037361565606,1.463178529684101
USDJPY=X,2022-10-11,145.6739959716797,U2,Uptrend,Low,0.0013197601755681188,1.4525178238261554
USDJPY=X,2022-10-12,145.8699951171875,U2,Uptrend,Low,0.0013454641935264355,1.442370876778807
USDJPY=X,2022-10-13,146.73699951171875,U2,Uptrend,Low,0.005943678779414041,1.572292228860129
USDJPY=X,2022-10-14,147.29299926757812,U2,Uptrend,Low,0.003789090397851469,1.6234606476814186
USDJPY=X,2022-10-17,148.6320037841797,U2,Uptrend,Low,0.009090754640477261,1.8224663578401277
USDJPY=X,2022-10-18,148.9709930419922,U2,Uptrend,Low,0.002280728572459534,1.8057460749928393
USDJPY=X,2022-10-19,149.20899963378906,U2,Uptrend,Low,0.0015976707071407859,1.7697719374767
USDJPY=X,2022-10-20,149.8209991455078,U2,Uptrend,Low,0.004101625995890368,1.8055192687037398
USDJPY=X,2022-10-21,150.17599487304688,U2,Uptrend,Low,0.0023694657595647595,1.795318179896345
USDJPY=X,2022-10-24,147.81900024414062,U2,Uptrend,Low,-0.015694882733414017,1.2984767474684775
USDJPY=X,2022-10-25,148.88699340820312,U2,Uptrend,Low,0.007225006002601786,1.4662116584481473
USDJPY=X,2022-10-26,147.97999572753906,U2,Uptrend,Low,-0.00609185302155546,1.2508981082977773
USDJPY=X,2022-10-27,146.13400268554688,U2,Uptrend,Low,-0.01247461207791245,0.8579670089615943
USDJPY=X,2022-10-28,146.2740020751953,U2,Uptrend,Low,0.0009580206322665763,0.8607914246472287
USDJPY=X,2022-10-31,147.81199645996094,U2,Uptrend,Low,0.010514475319920447,1.1405482776532485
USDJPY=X,2022-11-01,148.73699951171875,U2,Uptrend,Low,0.006257970083019426,1.2918527783520226
USDJPY=X,2022-11-02,147.9149932861328,U2,Uptrend,Low,-0.005526575285802915,1.0878559365594542
USDJPY=X,2022-11-03,147.89199829101562,U2,Uptrend,Low,-0.00015546088064721797,1.0605864721489409
USDJPY=X,2022-11-04,148.39300537109375,U2,Uptrend,Low,0.00338765508524852,1.1478197074408794
USDJPY=X,2022-11-07,146.84100341796875,U2,Uptrend,Low,-0.01045872714312801,0.7815157605212287
USDJPY=X,2022-11-08,146.62399291992188,U2,Uptrend,Low,-0.0014778603591339978,0.7122410513626587
USDJPY=X,2022-11-09,145.2949981689453,U1,Uptrend,Low,-0.00906396507495455,0.360930492652569
USDJPY=X,2022-11-10,146.20899963378906,U2,Uptrend,Low,0.006290660217917354,0.5702232787517426
USDJPY=X,2022-11-11,141.73399353027344,U1,Uptrend,Low,-0.030606912807858655,-0.672138301512004
USDJPY=X,2022-11-14,139.55299377441406,U1,Uptrend,Medium,-0.015387979281015096,-1.312522751091376
USDJPY=X,2022-11-15,140.11500549316406,U1,Uptrend,Medium,0.004027227962292823,-1.1884872381279388
USDJPY=X,2022-11-16,138.96499633789062,U1,Uptrend,Medium,-0.008207608822664914,-1.561530549730009
USDJPY=X,2022-11-17,139.32200622558594,U1,Uptrend,Medium,0.002569063412395156,-1.497925370192909
USDJPY=X,2022-11-18,140.41200256347656,U1,Uptrend,Medium,0.007823576241973829,-1.2337704457719803
USDJPY=X,2022-11-21,140.2530059814453,U1,Uptrend,Low,-0.0011323574846058282,-1.3304675766469145
USDJPY=X,2022-11-22,142.09800720214844,U1,Uptrend,Medium,0.01315480697039173,-0.7813041973594956
USDJPY=X,2022-11-23,141.15499877929688,U1,Uptrend,Medium,-0.006636324051399578,-1.1250933823267029
USDJPY=X,2022-11-24,139.2779998779297,U1,Uptrend,Medium,-0.013297431317341957,-1.750178040840251
USDJPY=X,2022-11-25,138.60299682617188,U1,Uptrend,Medium,-0.00484644417890423,-1.939153054579539
USDJPY=X,2022-11-28,139.10000610351562,U1,Uptrend,Low,0.003585847988316404,-1.7475802958970046
USDJPY=X,2022-11-29,138.718994140625,U1,Uptrend,Low,-0.0027391225461707025,-1.8347702984094378
USDJPY=X,2022-11-30,138.7449951171875,U1,Uptrend,Low,0.0001874363112532862,-1.7569756953208426
USDJPY=X,2022-12-01,137.35899353027344,U1,Uptrend,Low,-0.009989560962133548,-2.072697811236119
USDJPY=X,2022-12-02,135.14999389648438,U1,Uptrend,Medium,-0.016081943941313237,-2.5383003363615964
USDJPY=X,2022-12-05,134.47500610351562,U1,Uptrend,Low,-0.004994360513887575,-2.540899041848967
USDJPY=X,2022-12-06,136.65199279785156,U1,Uptrend,Medium,0.016188783011916286,-1.8757551210223509
USDJPY=X,2022-12-07,136.88600158691406,U1,Uptrend,Medium,0.0017124432968107506,-1.7359775100477621
USDJPY=X,2022-12-08,136.38099670410156,U1,Uptrend,Medium,-0.003689236861023071,-1.7854633087125145
USDJPY=X,2022-12-09,136.61399841308594,U1,Uptrend,Low,0.001708461696389385,-1.659850536324717
USDJPY=X,2022-12-12,136.71200561523438,U1,Uptrend,Low,0.0007174023400742247,-1.5777078036885066
USDJPY=X,2022-12-13,137.50399780273438,U1,Uptrend,Low,0.00579314292066635,-1.3480831670993578
USDJPY=X,2022-12-14,135.58399963378906,U1,Uptrend,Low,-0.013963217067330502,-1.7151428721799566
USDJPY=X,2022-12-15,135.34800720214844,U1,Uptrend,Low,-0.0017405625463037255,-1.6921488696528102
USDJPY=X,2022-12-16,137.75100708007812,U1,Uptrend,Low,0.017754231684702138,-1.1359735961369144
USDJPY=X,2022-12-19,136.69000244140625,U1,Uptrend,Low,-0.007702336709996538,-1.321292226391351
USDJPY=X,2022-12-20,136.9949951171875,U1,Uptrend,Low,0.002231272736365586,-1.2150012886122974
USDJPY=X,2022-12-21,131.89199829101562,U1,Uptrend,Medium,-0.03724951281473232,-2.158438214988725
USDJPY=X,2022-12-22,132.3699951171875,U1,Uptrend,Medium,0.003624153340350489,-1.955524744483123
USDJPY=X,2022-12-23,132.35699462890625,U1,Uptrend,Medium,-9.821325648418089e-05,-1.8630294214662133
USDJPY=X,2022-12-26,132.7899932861328,U1,Uptrend,Medium,0.0032714452185966802,-1.7021056790488225
USDJPY=X,2022-12-27,132.76400756835938,U1,Uptrend,Medium,-0.0001956903312544389,-1.634809667669575
USDJPY=X,2022-12-28,133.48599243164062,U1,Uptrend,Medium,0.0054381068823152745,-1.4469421853618247
USDJPY=X,2022-12-29,134.03399658203125,U1,Uptrend,Medium,0.004105330757242287,-1.3013445270621167
USDJPY=X,2022-12-30,132.91600036621094,U1,Uptrend,Medium,-0.008341139146261889,-1.4420371745777447
USDJPY=X,2023-01-02,130.84500122070312,U1,Uptrend,Medium,-0.015581262901394721,-1.723126645481053
USDJPY=X,2023-01-03,130.79400634765625,U1,Uptrend,Medium,-0.00038973497322114525,-1.6583131769469215
USDJPY=X,2023-01-04,131.2480010986328,U1,Uptrend,Medium,0.0034710669368887004,-1.5203350809178218
USDJPY=X,2023-01-05,132.24600219726562,U1,Uptrend,Medium,0.007603933700162102,-1.3082925398676228
USDJPY=X,2023-01-06,133.3070068359375,U1,Uptrend,Medium,0.008022961912218962,-1.097220395658237
USDJPY=X,2023-01-09,131.86199951171875,U1,Uptrend,Medium,-0.010839695215699607,-1.2928936331366074
USDJPY=X,2023-01-10,131.72900390625,U1,Uptrend,Medium,-0.0010085969116290228,-1.2754970853062468
USDJPY=X,2023-01-11,132.1009979248047,U1,Uptrend,Medium,0.002823934042797571,-1.1795399398648552
USDJPY=X,2023-01-12,131.90199279785156,U1,Uptrend,Medium,-0.0015064619501693466,-1.182009354528244
USDJPY=X,2023-01-13,129.1719970703125,D1,Downtrend,Medium,-0.020697153012107727,-1.6051185303349176
USDJPY=X,2023-01-16,128.0260009765625,D1,Downtrend,Medium,-0.008871861701775785,-1.7390661869865947
USDJPY=X,2023-01-17,128.3209991455078,D1,Downtrend,Medium,0.0023042051356374493,-1.6400987505628906
USDJPY=X,2023-01-18,128.281005859375,D1,Downtrend,Low,-0.00031166595022735777,-1.5980454785457858
USDJPY=X,2023-01-19,128.53900146484375,D1,Downtrend,Low,0.0020111754171274754,-1.502329656481056
USDJPY=X,2023-01-20,128.3699951171875,D1,Downtrend,Low,-0.0013148254283154026,-1.4837365855900992
USDJPY=X,2023-01-23,129.35400390625,D1,Downtrend,Low,0.0076654111279212955,-1.2814287425665691
USDJPY=X,2023-01-24,130.5970001220703,U1,Uptrend,Low,0.009609259692658467,-1.0404792844722872
USDJPY=X,2023-01-25,130.23899841308594,D1,Downtrend,Low,-0.002741270539520446,-1.0847220205777042
USDJPY=X,2023-01-26,129.23699951171875,D1,Downtrend,Low,-0.007693539673801042,-1.2545908381449273
USDJPY=X,2023-01-27,129.8000030517578,D1,Downtrend,Low,0.00435636498964076,-1.1341285335428586
USDJPY=X,2023-01-30,129.85400390625,D1,Downtrend,Low,0.0004160312266761057,-1.1076640423217539
USDJPY=X,2023-01-31,130.47900390625,U1,Uptrend,Low,0.004813097641958253,-0.9617755077306184
USDJPY=X,2023-02-01,130.11000061035156,D1,Downtrend,Low,-0.002828066469326873,-1.0277018888923164
USDJPY=X,2023-02-02,128.6219940185547,D1,Downtrend,Low,-0.011436527436911592,-1.371155916861906
USDJPY=X,2023-02-03,128.74600219726562,D1,Downtrend,Low,0.0009641288774691059,-1.3069739848817068
USDJPY=X,2023-02-06,132.00900268554688,U1,Uptrend,Low,0.025344480081654464,-0.47817129061306785
USDJPY=X,2023-02-07,132.6230010986328,U1,Uptrend,Low,0.004651185908498334,-0.2994266781956025
USDJPY=X,2023-02-08,131.04200744628906,U1,Uptrend,Low,-0.011920961215226566,-0.6768048600023511
USDJPY=X,2023-02-09,131.38699340820312,U1,Uptrend,Low,0.002632636424281465,-0.5625496037043085
USDJPY=X,2023-02-10,131.5189971923828,U1,Uptrend,Low,0.0010046944583743667,-0.5022898207686451
USDJPY=X,2023-02-13,131.55099487304688,U1,Uptrend,Low,0.00024329322263039188,-0.46775762585146075
USDJPY=X,2023-02-14,132.33700561523438,U1,Uptrend,Low,0.005974950953020475,-0.21628011758328028
USDJPY=X,2023-02-15,132.99099731445312,U1,Uptrend,Low,0.004941865626914677,0.01572702864652482
USDJPY=X,2023-02-16,133.9029998779297,U1,Uptrend,Low,0.006857626319773713,0.33496633072300985
USDJPY=X,2023-02-17,134.07400512695312,U1,Uptrend,Low,0.001277083031592463,0.42521840795212856
USDJPY=X,2023-02-20,134.3070068359375,U1,Uptrend,Low,0.0017378589441237047,0.5468518520187897
USDJPY=X,2023-02-21,134.33599853515625,U1,Uptrend,Low,0.0002158614051623875,0.6017099895050174
USDJPY=X,2023-02-22,134.9759979248047,U1,Uptrend,Low,0.0047641689243924645,0.8784679300219876
USDJPY=X,2023-02-23,134.9320068359375,U1,Uptrend,Low,-0.00032591786349822627,0.8948958938166399
USDJPY=X,2023-02-24,134.6280059814453,U1,Uptrend,Low,-0.002252992908212015,0.7876741501572535
USDJPY=X,2023-02-27,136.39500427246094,U1,Uptrend,Low,0.013125042431803902,1.4144954254780924
USDJPY=X,2023-02-28,136.31700134277344,U1,Uptrend,Low,-0.0005718899317725956,1.3921185275805361
USDJPY=X,2023-03-01,136.34800720214844,U1,Uptrend,Low,0.0002274540891420429,1.4139971569954426
USDJPY=X,2023-03-02,136.19400024414062,U1,Uptrend,Low,-0.0011295138166521612,1.3603763516368674
USDJPY=X,2023-03-03,136.7050018310547,U1,Uptrend,Low,0.003752012467495236,1.547888239477312
USDJPY=X,2023-03-06,135.86000061035156,U1,Uptrend,Low,-0.006181201926666935,1.2495373076005958
USDJPY=X,2023-03-07,135.99899291992188,U1,Uptrend,Low,0.0010230554169430306,1.3310267792439494
USDJPY=X,2023-03-08,137.39100646972656,U1,Uptrend,Low,0.010235469542221765,1.8155548789845062
USDJPY=X,2023-03-09,137.2259979248047,U1,Uptrend,Low,-0.0012010141650591333,1.714244606536108
USDJPY=X,2023-03-10,136.39500427246094,U1,Uptrend,Low,-0.006055657564240202,1.4382934731836081
USDJPY=X,2023-03-13,134.97999572753906,U1,Uptrend,Low,-0.01037434290551631,0.9354851296553295
USDJPY=X,2023-03-14,133.11399841308594,U1,Uptrend,Low,-0.013824250803946447,0.2633194772151534
USDJPY=X,2023-03-15,134.39700317382812,U1,Uptrend,Low,0.009638390973432331,0.7394429215820015
USDJPY=X,2023-03-16,132.9290008544922,U1,Uptrend,Low,-0.010922879860923884,0.17136503738239928
USDJPY=X,2023-03-17,133.3679962158203,U1,Uptrend,Low,0.003302479959272908,0.3333303838809738
USDJPY=X,2023-03-20,132.28399658203125,U1,Uptrend,Low,-0.008127884234197413,-0.07974789992261658
USDJPY=X,2023-03-21,131.39199829101562,U1,Uptrend,Low,-0.006743055199897041,-0.4129881474447253
USDJPY=X,2023-03-22,132.34800720214844,U1,Uptrend,Low,0.00727600556782293,-0.03909314159355359
USDJPY=X,2023-03-23,131.1790008544922,U1,Uptrend,Low,-0.008832821682541181,-0.4703740728382391
USDJPY=X,2023-03-24,130.86500549316406,U1,Uptrend,Low,-0.0023936404400306532,-0.5765086999124741
USDJPY=X,2023-03-27,130.8459930419922,U1,Uptrend,Low,-0.00014528292800830567,-0.5838097423854756
USDJPY=X,2023-03-28,131.23300170898438,U1,Uptrend,Low,0.0029577418306419023,-0.43882567925245564
USDJPY=X,2023-03-29,131.04600524902344,U1,Uptrend,Low,-0.0014249194754808459,-0.5090494485366727
USDJPY=X,2023-03-30,132.5760040283203,U1,Uptrend,Low,0.011675279810242634,0.07620302647033865
USDJPY=X,2023-03-31,133.2010040283203,U1,Uptrend,Low,0.004714276950650076,0.3168850710198568
USDJPY=X,2023-04-03,133.3470001220703,U1,Uptrend,Low,0.0010960585080797003,0.3631493448921608
USDJPY=X,2023-04-04,132.2989959716797,U1,Uptrend,Low,-0.007859225550115423,-0.0426064707570386
USDJPY=X,2023-04-05,131.48500061035156,U1,Uptrend,Low,-0.006152694926742863,-0.35081433640587967
USDJPY=X,2023-04-06,130.9340057373047,U1,Uptrend,Low,-0.004190553070610115,-0.5546440730670005
USDJPY=X,2023-04-07,131.66900634765625,U1,Uptrend,Low,0.0056135196216802186,-0.2929621217838285
USDJPY=X,2023-04-10,132.0970001220703,U1,Uptrend,Low,0.0032505278674617166,-0.15739453744081414
USDJPY=X,2023-04-11,133.468994140625,U1,Uptrend,Low,0.010386261741650804,0.3620329297884746
USDJPY=X,2023-04-12,133.593994140625,U1,Uptrend,Low,0.0009365471044779916,0.38669210348653194
USDJPY=X,2023-04-13,133.0850067138672,U1,Uptrend,Low,-0.003809957401393671,0.14642728266301444
USDJPY=X,2023-04-14,132.48699951171875,U1,Uptrend,Low,-0.004493422789797474,-0.14350494794410537
USDJPY=X,2023-04-17,133.9709930419922,U1,Uptrend,Low,0.011201050184113992,0.48711272546002343
USDJPY=X,2023-04-18,134.4250030517578,U1,Uptrend,Low,0.0033888679889333417,0.6663392403141414
USDJPY=X,2023-04-19,134.04400634765625,U1,Uptrend,Low,-0.0028342696332680495,0.4704939922487718
USDJPY=X,2023-04-20,134.70399475097656,U1,Uptrend,Low,0.004923669631363925,0.746824930270987
USDJPY=X,2023-04-21,133.99600219726562,U1,Uptrend,Low,-0.005255913568263382,0.3906509020296569
USDJPY=X,2023-04-24,133.96099853515625,U1,Uptrend,Low,-0.00026122915262682955,0.3485782839483247
USDJPY=X,2023-04-25,134.08399963378906,U1,Uptrend,Low,0.0009181858897575612,0.38481559772667173
USDJPY=X,2023-04-26,133.71099853515625,U1,Uptrend,Low,-0.002781846451862635,0.17451300213618876
USDJPY=X,2023-04-27,133.46499633789062,U1,Uptrend,Low,-0.0018398052513305396,0.009967581427796381
USDJPY=X,2023-04-28,133.802001953125,U1,Uptrend,Low,0.0025250486980210596,0.15292949490750057
USDJPY=X,2023-05-01,136.38600158691406,U1,Uptrend,Low,0.019312114886698817,1.5447490784405509
USDJPY=X,2023-05-02,137.52099609375,U1,Uptrend,Low,0.008321928157067005,2.055763475510134
USDJPY=X,2023-05-03,136.46600341796875,U1,Uptrend,Low,-0.007671502575956057,1.4410118787845991
USDJPY=X,2023-05-04,134.54400634765625,U1,Uptrend,Low,-0.014084072385602164,0.38843672031303084
USDJPY=X,2023-05-05,134.1790008544922,U1,Uptrend,Low,-0.002712907866151304,0.16858264538227355
USDJPY=X,2023-05-08,135.19900512695312,U1,Uptrend,Low,0.007601817467451921,0.7030868902353905
USDJPY=X,2023-05-09,135.072998046875,U1,Uptrend,Low,-0.000932011888399642,0.6099584745857802
USDJPY=X,2023-05-10,135.28799438476562,U1,Uptrend,Low,0.0015917047892577418,0.7072631416856724
USDJPY=X,2023-05-11,134.08700561523438,U1,Uptrend,Low,-0.008877275289598696,0.03717039330041422
USDJPY=X,2023-05-12,134.4980010986328,U1,Uptrend,Low,0.003065140290907875,0.2618214763724562
USDJPY=X,2023-05-15,135.82200622558594,U1,Uptrend,Low,0.00984405058913973,0.9762986245040052
USDJPY=X,2023-05-16,136.0449981689453,U1,Uptrend,Low,0.0016417953876266544,1.0730374289042481
USDJPY=X,2023-05-17,136.42999267578125,U1,Uptrend,Low,0.0028299056342948603,1.2553623909511331
USDJPY=X,2023-05-18,137.61399841308594,U1,Uptrend,Low,0.008678485676667957,1.8195589333353677
USDJPY=X,2023-05-19,138.6199951171875,U1,Uptrend,Low,0.007310278864812725,2.2143340382173853
USDJPY=X,2023-05-22,137.69200134277344,U1,Uptrend,Low,-0.00669451599409987,1.7102495147181653
USDJPY=X,2023-05-23,138.6719970703125,U1,Uptrend,Low,0.0071173032418887505,2.1102527133453415
USDJPY=X,2023-05-24,138.59800720214844,U1,Uptrend,Low,-0.0005335602697532638,2.0015620539327954
USDJPY=X,2023-05-25,139.2830047607422,U1,Uptrend,Low,0.0049423333886371434,2.213234207364957
USDJPY=X,2023-05-26,140.01699829101562,U1,Uptrend,Low,0.005269799653836227,2.412288375965291
USDJPY=X,2023-05-29,140.87100219726562,U1,Uptrend,Low,0.006099287348490412,2.5895750406727074
USDJPY=X,2023-05-30,140.4409942626953,U1,Uptrend,Low,-0.0030524943236235336,2.282256278529304
USDJPY=X,2023-05-31,139.79200744628906,U1,Uptrend,Low,-0.004621063955103533,1.966161693971831
USDJPY=X,2023-06-01,139.1269989013672,U1,Uptrend,Low,-0.004757128515930242,1.6739850690972016
USDJPY=X,2023-06-02,138.7480010986328,U1,Uptrend,Low,-0.0027241139802279823,1.4936078713324
USDJPY=X,2023-06-05,140.20700073242188,U1,Uptrend,Low,0.010515464166953148,1.9332916417198147
USDJPY=X,2023-06-06,139.38299560546875,U1,Uptrend,Low,-0.005877061221255975,1.572921400558122
USDJPY=X,2023-06-07,139.52699279785156,U1,Uptrend,Low,0.001033104445469224,1.5599728232281258
USDJPY=X,2023-06-08,139.8990020751953,U1,Uptrend,Low,0.0026662172665237183,1.6167458581826857
USDJPY=X,2023-06-09,138.86300659179688,U1,Uptrend,Low,-0.0074053100310292885,1.2255677182909737
USDJPY=X,2023-06-12,139.37100219726562,U1,Uptrend,Low,0.003658250083566683,1.344578914379066
USDJPY=X,2023-06-13,139.4600067138672,U1,Uptrend,Low,0.0006386157464490783,1.3282907449822088
USDJPY=X,2023-06-14,140.177001953125,U1,Uptrend,Low,0.0051412247579256665,1.504894353230207
USDJPY=X,2023-06-15,139.9770050048828,U1,Uptrend,Low,-0.001426745796069051,1.3931367294377193
USDJPY=X,2023-06-16,140.26800537109375,U1,Uptrend,Low,0.002078915506163126,1.442221533365649
USDJPY=X,2023-06-19,141.86700439453125,U1,Uptrend,Low,0.011399599068990574,1.890226139881203
USDJPY=X,2023-06-20,141.8990020751953,U1,Uptrend,Low,0.00022554702413457584,1.8279080125689826
USDJPY=X,2023-06-21,141.3350067138672,U1,Uptrend,Low,-0.003974625283335365,1.5944699569730925
USDJPY=X,2023-06-22,141.68800354003906,U1,Uptrend,Low,0.0024975894817518274,1.641989647870642
USDJPY=X,2023-06-23,143.02999877929688,U1,Uptrend,Low,0.009471481040937757,1.969075270491157
USDJPY=X,2023-06-26,143.54100036621094,U1,Uptrend,Low,0.003572688186221473,2.0202231521570435
USDJPY=X,2023-06-27,143.4600067138672,U1,Uptrend,Low,-0.0005642544787699544,1.9093548118952028
USDJPY=X,2023-06-28,143.8820037841797,U1,Uptrend,Low,0.0029415659456517584,1.9549184977088176
USDJPY=X,2023-06-29,144.38900756835938,U1,Uptrend,Low,0.003523747034689606,2.0273773343716033
USDJPY=X,2023-06-30,144.77999877929688,U1,Uptrend,Low,0.0027079015052609012,2.053826843483185
USDJPY=X,2023-07-03,144.3979949951172,U1,Uptrend,Low,-0.00263851213842059,1.8690710794924306
USDJPY=X,2023-07-04,144.58399963378906,U1,Uptrend,Low,0.0012881386523280192,1.8402606306575993
USDJPY=X,2023-07-05,144.406005859375,U1,Uptrend,Low,-0.001231075187191455,1.7181966017066952
USDJPY=X,2023-07-06,144.48899841308594,U1,Uptrend,Low,0.0005747167731497971,1.6777843128415209
USDJPY=X,2023-07-07,143.9510040283203,U1,Uptrend,Low,-0.003723428016488395,1.4822858099474088
USDJPY=X,2023-07-10,142.20899963378906,U1,Uptrend,Low,-0.012101370228640662,0.9619647298843023
USDJPY=X,2023-07-11,141.2969970703125,U1,Uptrend,Low,-0.006413114260174213,0.6782831195656099
USDJPY=X,2023-07-12,140.1179962158203,U1,Uptrend,Low,-0.008344132422754114,0.3182488771671728
USDJPY=X,2023-07-13,138.31500244140625,U1,Uptrend,Low,-0.012867681690487132,-0.22466392577246985
USDJPY=X,2023-07-14,138.0749969482422,U1,Uptrend,Low,-0.001735209405543281,-0.3210578462382028
USDJPY=X,2023-07-17,138.6820068359375,U1,Uptrend,Low,0.004396233214640999,-0.16643024485147534
USDJPY=X,2023-07-18,138.72900390625,U1,Uptrend,Low,0.0003388836907163295,-0.17953808500251076
USDJPY=X,2023-07-19,139.02699279785156,U1,Uptrend,Low,0.0021479927283478695,-0.11728090654907952
USDJPY=X,2023-07-20,139.59800720214844,U1,Uptrend,Low,0.004107219704645004,0.034133098428654786
USDJPY=X,2023-07-21,139.86399841308594,U1,Uptrend,Low,0.001905408366985606,0.09160367376249773
USDJPY=X,2023-07-24,141.75,U1,Uptrend,Low,0.013484539326151568,0.7099512861369649
USDJPY=X,2023-07-25,141.52200317382812,U1,Uptrend,Low,-0.0016084432181436847,0.6095862551810439
USDJPY=X,2023-07-26,140.91299438476562,U1,Uptrend,Low,-0.004303279881605948,0.3780472357753063
USDJPY=X,2023-07-27,140.36700439453125,U1,Uptrend,Low,-0.0038746603364593346,0.159031626839375
USDJPY=X,2023-07-28,138.86399841308594,U1,Uptrend,Low,-0.010707687236957697,-0.42265294980613594
USDJPY=X,2023-07-31,140.75799560546875,U1,Uptrend,Low,0.013639224089951885,0.25370259307281773
USDJPY=X,2023-08-01,142.322998046875,U1,Uptrend,Low,0.01111839107025081,0.8273592926754525
USDJPY=X,2023-08-02,142.97000122070312,U1,Uptrend,Low,0.004546019847158078,1.0556543197806103
USDJPY=X,2023-08-03,143.343994140625,U1,Uptrend,Low,0.002615883868844149,1.1967797063742365
USDJPY=X,2023-08-04,142.59800720214844,U1,Uptrend,Low,-0.005204172961336129,0.8700953908942329
USDJPY=X,2023-08-07,141.87600708007812,U1,Uptrend,Low,-0.005063185217215493,0.5256284672200298
USDJPY=X,2023-08-08,142.5240020751953,U1,Uptrend,Low,0.004567333183766786,0.802467089009481
USDJPY=X,2023-08-09,143.2779998779297,U1,Uptrend,Low,0.005290321572197776,1.1393902908627702
USDJPY=X,2023-08-10,143.7270050048828,U1,Uptrend,Low,0.003133803705632987,1.3207505098917842
USDJPY=X,2023-08-11,144.85400390625,U1,Uptrend,Low,0.007841246683800929,1.7978787285604396
USDJPY=X,2023-08-14,144.81700134277344,U1,Uptrend,Low,-0.00025544729506066233,1.7203708425504223
USDJPY=X,2023-08-15,145.43699645996094,U1,Uptrend,Low,0.004281231564241539,1.9298224797846377
USDJPY=X,2023-08-16,145.60800170898438,U2,Uptrend,Low,0.001175802946883131,1.9220568977330794
USDJPY=X,2023-08-17,146.33299255371094,U2,Uptrend,Low,0.004979059091653193,2.138356739307766
USDJPY=X,2023-08-18,145.71400451660156,U2,Uptrend,Low,-0.004229996436942773,1.7723671557443652
USDJPY=X,2023-08-21,145.30499267578125,U1,Uptrend,Low,-0.0028069494224469693,1.528182151713052
USDJPY=X,2023-08-22,146.23800659179688,U2,Uptrend,Low,0.006421072661263905,1.841769341632223
USDJPY=X,2023-08-23,145.76300048828125,U2,Uptrend,Low,-0.0032481713515252197,1.574549385665328
USDJPY=X,2023-08-24,144.67300415039062,U1,Uptrend,Low,-0.007477867046090769,1.0833239896311186
USDJPY=X,2023-08-25,146.06700134277344,U2,Uptrend,Low,0.009635503185748018,1.6064779304783445
USDJPY=X,2023-08-28,146.531005859375,U2,Uptrend,Low,0.003176655318011923,1.7206005891359701
USDJPY=X,2023-08-29,146.46400451660156,U2,Uptrend,Low,-0.0004572502753290575,1.6272951029413967
USDJPY=X,2023-08-30,145.98800659179688,U2,Uptrend,Low,-0.003249931110211657,1.3851196022237031
USDJPY=X,2023-08-31,146.0989990234375,U2,Uptrend,Low,0.0007602845893428523,1.3786544386429693
USDJPY=X,2023-09-01,145.47300720214844,U1,Uptrend,Low,-0.004284709857516833,1.095535373487557
USDJPY=X,2023-09-04,146.0570068359375,U2,Uptrend,Low,0.004014487945365186,1.2878991695997148
USDJPY=X,2023-09-05,146.54299926757812,U2,Uptrend,Low,0.00332741606971676,1.4339787761154668
USDJPY=X,2023-09-06,147.4709930419922,U2,Uptrend,Low,0.006332569819453404,1.7316123881714347
USDJPY=X,2023-09-07,147.70899963378906,U2,Uptrend,Low,0.001613921401675933,1.7506460663081271
USDJPY=X,2023-09-08,147.33099365234375,U2,Uptrend,Low,-0.0025591262711309737,1.5425369399810986
USDJPY=X,2023-09-11,147.11300659179688,U2,Uptrend,Low,-0.0014795736806151316,1.4038322574534654
USDJPY=X,2023-09-12,146.67799377441406,U2,Uptrend,Low,-0.002956997667717176,1.1959296273693896
USDJPY=X,2023-09-13,147.1580047607422,U2,Uptrend,Low,0.003272549439600203,1.3280164926589588
USDJPY=X,2023-09-14,147.3459930419922,U2,Uptrend,Low,0.001277458752961813,1.3476522292730622
USDJPY=X,2023-09-15,147.48199462890625,U2,Uptrend,Low,0.0009230083839151249,1.3495842775113007
USDJPY=X,2023-09-18,147.8679962158203,U2,Uptrend,Low,0.0026172794033965108,1.4378178865324696
USDJPY=X,2023-09-19,147.60499572753906,U2,Uptrend,Low,-0.001778616705520153,1.2997689428798886
USDJPY=X,2023-09-20,147.74200439453125,U2,Uptrend,Low,0.0009282115846884764,1.3057982482910495
USDJPY=X,2023-09-21,148.3209991455078,U2,Uptrend,Low,0.00391895827695965,1.457162356241344
USDJPY=X,2023-09-22,147.6439971923828,U2,Uptrend,Low,-0.0045644376522897545,1.1954243224873484
USDJPY=X,2023-09-25,148.4340057373047,U2,Uptrend,Low,0.00535076643781518,1.4142945376043379
USDJPY=X,2023-09-26,148.81100463867188,U2,Uptrend,Low,0.002539841860997649,1.4869788837754783
USDJPY=X,2023-09-27,149.0449981689453,U2,Uptrend,Low,0.0015724208760070635,1.5075352484629228
USDJPY=X,2023-09-28,149.4980010986328,U2,Uptrend,Low,0.0030393702254536414,1.5895598280327605
USDJPY=X,2023-09-29,149.33700561523438,U2,Uptrend,Low,-0.0010769072644136735,1.482733071341817
USDJPY=X,2023-10-02,149.5399932861328,U2,Uptrend,Low,0.0013592590132778248,1.4847529171356446
USDJPY=X,2023-10-03,149.8509979248047,U2,Uptrend,Low,0.002079742227062864,1.5177726915896883
USDJPY=X,2023-10-04,149.19200134277344,U2,Uptrend,Low,-0.00439767896882437,1.2795883736994649
USDJPY=X,2023-10-05,148.96600341796875,U2,Uptrend,Low,-0.0015148126090583913,1.1852265225721619
USDJPY=X,2023-10-06,148.46299743652344,U2,Uptrend,Low,-0.0033766495032694355,1.0108964690017692
USDJPY=X,2023-10-09,149.16000366210938,U2,Uptrend,Low,0.0046948144495326805,1.206098271304558
USDJPY=X,2023-10-10,148.32699584960938,U2,Uptrend,Low,-0.0055846593728101634,0.9164889948369713
USDJPY=X,2023-10-11,148.6280059814453,U2,Uptrend,Low,0.0020293684916341537,0.9977868658967516
USDJPY=X,2023-10-12,149.03599548339844,U2,Uptrend,Low,0.002745037849757992,1.1176190097113312
USDJPY=X,2023-10-13,149.7899932861328,U2,Uptrend,Low,0.00505916574240195,1.362230544045728
USDJPY=X,2023-10-16,149.5659942626953,U2,Uptrend,Low,-0.0014954204785202485,1.2430685159481796
USDJPY=X,2023-10-17,149.5780029296875,U2,Uptrend,Low,8.02900890097824e-05,1.2142894724560123
USDJPY=X,2023-10-18,149.75900268554688,U2,Uptrend,Low,0.0012100693438490406,1.2555746998948647
USDJPY=X,2023-10-19,149.74200439453125,U2,Uptrend,Low,-0.00011350430165002479,1.233376421306849
USDJPY=X,2023-10-20,149.802001953125,U2,Uptrend,Low,0.000400672869555585,1.277998579076191
USDJPY=X,2023-10-23,149.8800048828125,U2,Uptrend,Low,0.0005207068575219242,1.3063249254189828
USDJPY=X,2023-10-24,149.7689971923828,U2,Uptrend,Low,-0.0007406437604301486,1.2321624058813596
USDJPY=X,2023-10-25,149.85400390625,U2,Uptrend,Low,0.0005675855181028755,1.241613492238046
USDJPY=X,2023-10-26,150.09800720214844,U2,Uptrend,Low,0.0016282734497443663,1.3219046737810538
USDJPY=X,2023-10-27,150.36599731445312,U2,Uptrend,Low,0.0017854341793077655,1.4273440089325964
USDJPY=X,2023-10-30,149.73300170898438,U2,Uptrend,Low,-0.0042096991126591154,1.1158243498387355
USDJPY=X,2023-10-31,149.11099243164062,U2,Uptrend,Low,-0.004154122806892424,0.7795671218887176
USDJPY=X,2023-11-01,151.29400634765625,U2,Uptrend,Low,0.01464019439758224,1.9475389560284746
USDJPY=X,2023-11-02,150.5749969482422,U2,Uptrend,Low,-0.004752398437793071,1.5207764786880418
USDJPY=X,2023-11-03,150.4969940185547,U2,Uptrend,Low,-0.0005180337457639794,1.4358764976370837
USDJPY=X,2023-11-06,149.44900512695312,U2,Uptrend,Low,-0.006963520424018266,0.799298043452097
USDJPY=X,2023-11-07,149.98899841308594,U2,Uptrend,Low,0.0036132277071641017,1.0908155541461868
USDJPY=X,2023-11-08,150.39599609375,U2,Uptrend,Low,0.0027135168910399354,1.2982384183498685
USDJPY=X,2023-11-09,150.86399841308594,U2,Uptrend,Low,0.0031118003902457225,1.5253869340280999
USDJPY=X,2023-11-10,151.3489990234375,U2,Uptrend,Low,0.003214820072735769,1.7538639326607683
USDJPY=X,2023-11-13,151.468994140625,U2,Uptrend,Low,0.0007928372038252807,1.77132907757148
USDJPY=X,2023-11-14,151.64599609375,U2,Uptrend,Low,0.0011685688818972029,1.8026135455649042
USDJPY=X,2023-11-15,150.48500061035156,U2,Uptrend,Low,-0.007655958701874965,1.0779638537860532
USDJPY=X,2023-11-16,151.21499633789062,U2,Uptrend,Low,0.004850953414481607,1.507153894682773
USDJPY=X,2023-11-17,150.7050018310547,U2,Uptrend,Low,-0.003372645036450961,1.1545958512045067
USDJPY=X,2023-11-20,149.94200134277344,U2,Uptrend,Low,-0.005062874350624358,0.6412227769582194
USDJPY=X,2023-11-21,148.36199951171875,U2,Uptrend,Low,-0.01053741991506929,-0.41472526728133075
USDJPY=X,2023-11-22,148.15199279785156,U2,Uptrend,Low,-0.0014155020460653311,-0.5970682177706111
USDJPY=X,2023-11-23,149.4600067138672,U2,Uptrend,Low,0.008828864811831316,0.2707951048745015
USDJPY=X,2023-11-24,149.63499450683594,U2,Uptrend,Low,0.0011708001144663527,0.3667729911308841
USDJPY=X,2023-11-27,149.5709991455078,U2,Uptrend,Low,-0.00042767643718000237,0.2880370839197926
USDJPY=X,2023-11-28,148.45199584960938,U2,Uptrend,Low,-0.007481418873252488,-0.6447751788941563
USDJPY=X,2023-11-29,147.06300354003906,U2,Uptrend,Low,-0.009356508153500642,-1.7618307414151033
USDJPY=X,2023-11-30,147.03900146484375,U2,Uptrend,Low,-0.0001632094722502364,-1.7481581582119483
USDJPY=X,2023-12-01,147.99899291992188,U2,Uptrend,Low,0.006528821914692173,-0.9992077618635219
USDJPY=X,2023-12-04,146.39300537109375,U2,Uptrend,Low,-0.010851341060794106,-2.2471594005959528
USDJPY=X,2023-12-05,147.32699584960938,U2,Uptrend,Low,0.006380021204893227,-1.5371905592196429
USDJPY=X,2023-12-06,147.18499755859375,U2,Uptrend,Low,-0.0009638307643262678,-1.6532418445811004
USDJPY=X,2023-12-07,147.1840057373047,U2,Uptrend,Low,-6.738603156031253e-06,-1.646074468888724
USDJPY=X,2023-12-08,144.2779998779297,U1,Uptrend,Low,-0.01974403295261351,-3.549704731284554
USDJPY=X,2023-12-11,144.98300170898438,U1,Uptrend,Low,0.004886412562214337,-2.813249082919109
USDJPY=X,2023-12-12,146.0850067138672,U2,Uptrend,Low,0.007600925569845707,-1.994841864869249
USDJPY=X,2023-12-13,145.27999877929688,U1,Uptrend,Low,-0.005510544529371608,-2.3904739657842495
USDJPY=X,2023-12-14,142.7729949951172,U1,Uptrend,Low,-0.017256358791606363,-3.48877521857406
USDJPY=X,2023-12-15,142.2790069580078,U1,Uptrend,Low,-0.00345995429406154,-3.353192906952708
USDJPY=X,2023-12-18,142.31300354003906,U1,Uptrend,Low,0.0002389430651654756,-3.016835754500896
USDJPY=X,2023-12-19,142.7220001220703,U1,Uptrend,Low,0.002873922774851545,-2.610316454519518
USDJPY=X,2023-12-20,143.88900756835938,U1,Uptrend,Low,0.00817678735787708,-1.989804639223103
USDJPY=X,2023-12-21,143.5229949951172,U1,Uptrend,Low,-0.0025437146271809485,-2.0292022636161073
USDJPY=X,2023-12-22,142.07000732421875,U1,Uptrend,Low,-0.010123727357751022,-2.440256913950912
USDJPY=X,2023-12-25,142.3419952392578,U1,Uptrend,Low,0.0019144640037807026,-2.195200958658481
USDJPY=X,2023-12-26,142.22999572753906,U1,Uptrend,Low,-0.0007868339314093253,-2.110361273735407
USDJPY=X,2023-12-27,142.46099853515625,U1,Uptrend,Low,0.0016241497191611387,-1.9253304008675545
USDJPY=X,2023-12-28,141.3990020751953,U1,Uptrend,Low,-0.00745464703238663,-2.1597974883560145
USDJPY=X,2023-12-29,141.42999267578125,U1,Uptrend,Low,0.0002191712821950631,-2.0344145976948593
USDJPY=X,2024-01-01,140.95199584960938,U1,Uptrend,Low,-0.0033797415748132442,-2.0670837819987202
USDJPY=X,2024-01-02,141.12600708007812,U1,Uptrend,Low,0.0012345425080353412,-1.913460161639107
USDJPY=X,2024-01-03,142.15499877929688,U1,Uptrend,Low,0.0072912974759844484,-1.5416054506899193
USDJPY=X,2024-01-04,142.99899291992188,U1,Uptrend,Low,0.0059371400785936945,-1.2493955404689179
USDJPY=X,2024-01-05,144.76499938964844,U1,Uptrend,Low,0.012349782566059897,-0.7122285213587574
USDJPY=X,2024-01-08,144.71600341796875,U1,Uptrend,Low,-0.00033845177968616635,-0.7028075640342818
USDJPY=X,2024-01-09,144.22999572753906,U1,Uptrend,Low,-0.0033583548394852114,-0.8168976409160249
USDJPY=X,2024-01-10,144.42799377441406,U1,Uptrend,Low,0.0013727938205658763,-0.7342189644533609
USDJPY=X,2024-01-11,145.73399353027344,U2,Uptrend,Low,0.00904256662250158,-0.33740011207258896
USDJPY=X,2024-01-12,145.04600524902344,U1,Uptrend,Low,-0.004720849711066788,-0.5169134028379243
USDJPY=X,2024-01-15,145.1490020751953,U1,Uptrend,Low,0.0007100976410556736,-0.46606615760834913
USDJPY=X,2024-01-16,145.79400634765625,U2,Uptrend,Low,0.004443738938878727,-0.2584372157113872
USDJPY=X,2024-01-17,147.24600219726562,U2,Uptrend,Low,0.009959228681506893,0.1857338889022238
USDJPY=X,2024-01-18,148.1179962158203,U2,Uptrend,Low,0.0059220216884834365,0.4591382237493994
USDJPY=X,2024-01-19,148.1280059814453,U2,Uptrend,Low,6.757967215831329e-05,0.47775726754657577
USDJPY=X,2024-01-22,148.12100219726562,U2,Uptrend,Low,-4.728197165204673e-05,0.4867128890274007
USDJPY=X,2024-01-23,148.14199829101562,U2,Uptrend,Low,0.00014174960632540312,0.49966345031578413
USDJPY=X,2024-01-24,148.25100708007812,U2,Uptrend,Low,0.0007358398720149761,0.557501404536808
USDJPY=X,2024-01-25,147.59100341796875,U2,Uptrend,Low,-0.0044519337514710156,0.3724707780440366
USDJPY=X,2024-01-26,147.72300720214844,U2,Uptrend,Low,0.0008943890963724055,0.43422759065677935
USDJPY=X,2024-01-29,148.13999938964844,U2,Uptrend,Low,0.0028227978525334763,0.5775704082385611
USDJPY=X,2024-01-30,147.46800231933594,U2,Uptrend,Low,-0.004536229735933595,0.3792993271742196
USDJPY=X,2024-01-31,147.36900329589844,U2,Uptrend,Low,-0.0006713254528472046,0.3687767326544323
USDJPY=X,2024-02-01,146.99600219726562,U2,Uptrend,Low,-0.0025310688834875306,0.27248696269669775
USDJPY=X,2024-02-02,146.4510040283203,U2,Uptrend,Low,-0.003707571367920215,0.12001350148787286
USDJPY=X,2024-02-05,148.50100708007812,U2,Uptrend,Low,0.013997876391215414,0.8644522991789532
USDJPY=X,2024-02-06,148.63999938964844,U2,Uptrend,Low,0.0009359688011769673,0.9565918841877321
USDJPY=X,2024-02-07,147.8179931640625,U2,Uptrend,Low,-0.005530181841774007,0.6875782610851465
USDJPY=X,2024-02-08,148.08599853515625,U2,Uptrend,Low,0.0018130767801474157,0.8286496556255097
USDJPY=X,2024-02-09,149.25900268554688,U2,Uptrend,Low,0.007921100995325725,1.302867197036616
USDJPY=X,2024-02-12,149.16700744628906,U2,Uptrend,Low,-0.0006163463349116993,1.2816058066344704
USDJPY=X,2024-02-13,149.40499877929688,U2,Uptrend,Low,0.001595468978577541,1.3565110170045842
USDJPY=X,2024-02-14,150.7239990234375,U2,Uptrend,Low,0.008828354170994368,1.8077088841926034
USDJPY=X,2024-02-15,150.54400634765625,U2,Uptrend,Low,-0.0011941872359242378,1.7149175544826765
USDJPY=X,2024-02-16,149.9459991455078,U2,Uptrend,Low,-0.003972308274880376,1.4856610373321224
USDJPY=X,2024-02-19,150.09100341796875,U2,Uptrend,Low,0.0009670432908330806,1.529180637912984
USDJPY=X,2024-02-20,150.27000427246094,U2,Uptrend,Low,0.0011926154827128777,1.56206934414097
USDJPY=X,2024-02-21,149.93899536132812,U2,Uptrend,Low,-0.0022027610416024412,1.401242567780371
USDJPY=X,2024-02-22,150.35499572753906,U2,Uptrend,Low,0.0027744641426230565,1.5024819629131065
USDJPY=X,2024-02-23,150.48300170898438,U2,Uptrend,Low,0.0008513583524505375,1.508536395585059
USDJPY=X,2024-02-26,150.4980010986328,U2,Uptrend,Low,9.967497642993095e-05,1.4623759073737495
USDJPY=X,2024-02-27,150.5659942626953,U2,Uptrend,Low,0.000451787821540206,1.4424176070616919
USDJPY=X,2024-02-28,150.4949951171875,U2,Uptrend,Low,-0.0004715483456638747,1.3781933755601112
USDJPY=X,2024-02-29,150.656005859375,U2,Uptrend,Low,0.0010698743972323843,1.3894847989210903
USDJPY=X,2024-03-01,150.09500122070312,U2,Uptrend,Low,-0.0037237455982706003,1.1668354801830307
USDJPY=X,2024-03-04,150.10499572753906,U2,Uptrend,Low,6.658787271174305e-05,1.1321222566942248
USDJPY=X,2024-03-05,150.46600341796875,U2,Uptrend,Low,0.002405034480564394,1.2086802848762745
USDJPY=X,2024-03-06,150.0489959716797,U2,Uptrend,Low,-0.00277143963962867,1.04402749916738
USDJPY=X,2024-03-07,149.2689971923828,U2,Uptrend,Low,-0.005198293892243688,0.7726979675452778
USDJPY=X,2024-03-08,147.8679962158203,U2,Uptrend,Low,-0.009385746557651564,0.30736484911808065
USDJPY=X,2024-03-11,146.7740020751953,U2,Uptrend,Low,-0.007398451109246529,-0.06819874693992856
USDJPY=X,2024-03-12,146.73199462890625,U2,Uptrend,Low,-0.00028620495247888567,-0.10549924590895238
USDJPY=X,2024-03-13,147.61900329589844,U2,Uptrend,Low,0.0060450937727349885,0.16996764787327295
USDJPY=X,2024-03-14,147.62100219726562,U2,Uptrend,Low,1.3540948811119335e-05,0.14959459752033416
USDJPY=X,2024-03-15,148.29600524902344,U2,Uptrend,Low,0.004572540774759215,0.35233297454606954
USDJPY=X,2024-03-18,148.9550018310547,U2,Uptrend,Low,0.004443791866980185,0.5563091878864932
USDJPY=X,2024-03-19,149.1439971923828,U2,Uptrend,Low,0.0012688084253960064,0.5985360091671057
USDJPY=X,2024-03-20,151.03500366210938,U2,Uptrend,Low,0.012679065234434628,1.2592386607842734
USDJPY=X,2024-03-21,150.75999450683594,U2,Uptrend,Low,-0.0018208305929443558,1.1409786271823983
USDJPY=X,2024-03-22,151.63299560546875,U2,Uptrend,Low,0.005790668150980949,1.4652077822914156
USDJPY=X,2024-03-25,151.30499267578125,U2,Uptrend,Low,-0.002163136910787733,1.3398074396473991
USDJPY=X,2024-03-26,151.3730010986328,U2,Uptrend,Low,0.00044947903997649696,1.3852699169889209
USDJPY=X,2024-03-27,151.52999877929688,U2,Uptrend,Low,0.001037157746260009,1.4621913245352929
USDJPY=X,2024-03-28,151.28700256347656,U2,Uptrend,Low,-0.0016036178827812941,1.3417789529719455
USDJPY=X,2024-03-29,151.44000244140625,U2,Uptrend,Low,0.0010113220259320155,1.3854552907495477
USDJPY=X,2024-04-01,151.3979949951172,U2,Uptrend,Low,-0.0002773867248537787,1.3360928152174059
USDJPY=X,2024-04-02,151.58099365234375,U2,Uptrend,Low,0.001208725764383134,1.4163316534894654
USDJPY=X,2024-04-03,151.5399932861328,U2,Uptrend,Low,-0.0002704848755971101,1.381488357817123
USDJPY=X,2024-04-04,151.58099365234375,U2,Uptrend,Low,0.00027055805745956896,1.3701051068967083
USDJPY=X,2024-04-05,151.29200744628906,U2,Uptrend,Low,-0.0019064804834139082,1.1902797320041358
USDJPY=X,2024-04-08,151.69000244140625,U2,Uptrend,Low,0.0026306412469176976,1.4125600462665908
USDJPY=X,2024-04-09,151.84300231933594,U2,Uptrend,Low,0.001008635213047615,1.4806909913212447
USDJPY=X,2024-04-10,151.77699279785156,U2,Uptrend,Low,-0.0004347221832821102,1.392326352115719
USDJPY=X,2024-04-11,152.96400451660156,U2,Uptrend,Low,0.007820761874831383,2.028337859715701
USDJPY=X,2024-04-12,153.19200134277344,U2,Uptrend,Low,0.0014905260024564715,2.0531644470116857
USDJPY=X,2024-04-15,153.2830047607422,U2,Uptrend,Low,0.0005940481041508683,1.999790506006252
USDJPY=X,2024-04-16,154.20599365234375,U2,Uptrend,Low,0.006021469197072804,2.370456802974651
USDJPY=X,2024-04-17,154.697998046875,U2,Uptrend,Low,0.0031905659623092664,2.462489725428433
USDJPY=X,2024-04-18,154.3419952392578,U2,Uptrend,Low,-0.002301276112890105,2.1557750387802233
USDJPY=X,2024-04-19,154.61000061035156,U2,Uptrend,Low,0.0017364384247999798,2.170628396318979
USDJPY=X,2024-04-22,154.63999938964844,U2,Uptrend,Low,0.0001940287121042772,2.0711724762309625
USDJPY=X,2024-04-23,154.81300354003906,U2,Uptrend,Low,0.0011187542102526482,2.0531307717580844
USDJPY=X,2024-04-24,154.74400329589844,U2,Uptrend,Low,-0.0004457005714173512,1.9345178204455697
USDJPY=X,2024-04-25,155.25900268554688,U2,Uptrend,Low,0.0033280733254887895,2.0823659456653236
USDJPY=X,2024-04-26,155.5970001220703,U2,Uptrend,Low,0.0021769909034390356,2.153614013185592
USDJPY=X,2024-04-29,158.2239990234375,U2,Uptrend,Low,0.01688335185965184,3.041819798289392
USDJPY=X,2024-04-30,156.31399536132812,U2,Uptrend,Low,-0.012071516798323634,2.110636704884449
USDJPY=X,2024-05-01,157.7220001220703,U2,Uptrend,Low,0.009007541247266548,2.5171282475983814
USDJPY=X,2024-05-02,155.70399475097656,U2,Uptrend,Low,-0.012794698073394284,1.6535728184640035
USDJPY=X,2024-05-03,153.0449981689453,U2,Uptrend,Low,-0.017077253453155694,0.5901715205588849
USDJPY=X,2024-05-06,153.5659942626953,U2,Uptrend,Low,0.0034042020319728916,0.7679065073581034
USDJPY=X,2024-05-07,154.23699951171875,U2,Uptrend,Low,0.004369491124940117,0.9983322039934801
USDJPY=X,2024-05-08,154.7480010986328,U2,Uptrend,Low,0.003313093411644319,1.1605463822141606
USDJPY=X,2024-05-09,155.41900634765625,U2,Uptrend,Low,0.004336115777002769,1.3698707635805114
USDJPY=X,2024-05-10,155.38900756835938,U2,Uptrend,Low,-0.0001930187304747255,1.3098782501226989
USDJPY=X,2024-05-13,155.8179931640625,U2,Uptrend,Low,0.002760720352206425,1.4172883812410528
USDJPY=X,2024-05-14,156.23300170898438,U2,Uptrend,Low,0.0026634186238356783,1.5105755487269632
USDJPY=X,2024-05-15,156.4980010986328,U2,Uptrend,Low,0.001696180619649379,1.5440304569261403
USDJPY=X,2024-05-16,154.28199768066406,U2,Uptrend,Low,-0.014159947107388993,0.7165213688354822
USDJPY=X,2024-05-17,155.37899780273438,U2,Uptrend,Low,0.007110357258537148,1.0776887335880514
USDJPY=X,2024-05-20,155.75399780273438,U2,Uptrend,Low,0.0024134535896291887,1.171814997772115
USDJPY=X,2024-05-21,156.3699951171875,U2,Uptrend,Low,0.003954937421466909,1.341509054187659
USDJPY=X,2024-05-22,156.25100708007812,U2,Uptrend,Low,-0.0007609390600812338,1.2541635580285322
USDJPY=X,2024-05-23,156.70399475097656,U2,Uptrend,Low,0.002899102408129073,1.3610548070466928
USDJPY=X,2024-05-24,156.97300720214844,U2,Uptrend,Low,0.0017166917256918879,1.4006619430649436
USDJPY=X,2024-05-27,156.8699951171875,U2,Uptrend,Low,-0.000656240756274018,1.3171030569760764
USDJPY=X,2024-05-28,156.84500122070312,U2,Uptrend,Low,-0.00015932872609392135,1.2629258786211803
USDJPY=X,2024-05-29,157.26199340820312,U2,Uptrend,Low,0.0026586259316816463,1.3537725957007025
USDJPY=X,2024-05-30,157.60800170898438,U2,Uptrend,Low,0.002200202943397178,1.4198224510214312
USDJPY=X,2024-05-31,156.9530029296875,U2,Uptrend,Low,-0.004155872621913526,1.1711097221933922
USDJPY=X,2024-06-03,157.17999267578125,U2,Uptrend,Low,0.0014462274811997133,1.2308157686817724
USDJPY=X,2024-06-04,156.0760040283203,U2,Uptrend,Low,-0.00702372247680505,0.8263619739389727
USDJPY=X,2024-06-05,155.12399291992188,U2,Uptrend,Low,-0.006099663521790921,0.4482839084579458
USDJPY=X,2024-06-06,155.9290008544922,U2,Uptrend,Low,0.005189448256311069,0.742715265038184
USDJPY=X,2024-06-07,155.69700622558594,U2,Uptrend,Low,-0.0014878221987886242,0.6270004995835415
USDJPY=X,2024-06-10,156.83299255371094,U2,Uptrend,Low,0.007296134689186662,1.0937521042896108
USDJPY=X,2024-06-11,157.0399932861328,U2,Uptrend,Low,0.0013198800140918898,1.1685950351811418
USDJPY=X,2024-06-12,157.10499572753906,U2,Uptrend,Low,0.0004139228488619917,1.1639457050968123
USDJPY=X,2024-06-13,156.8000030517578,U2,Uptrend,Low,-0.0019413302191242376,0.9950770818875838
USDJPY=X,2024-06-14,157.1280059814453,U2,Uptrend,Low,0.002091855378212104,1.1150472463492738
USDJPY=X,2024-06-17,157.54600524902344,U2,Uptrend,Low,0.0026602467521128492,1.2770642464223854
USDJPY=X,2024-06-18,157.6999969482422,U2,Uptrend,Low,0.0009774395674162495,1.31362016736274
USDJPY=X,2024-06-19,157.87100219726562,U2,Uptrend,Low,0.0010843706552483567,1.3572827079078864
USDJPY=X,2024-06-20,157.95799255371094,U2,Uptrend,Low,0.000551021753422587,1.3653009178464306
USDJPY=X,2024-06-21,158.93099975585938,U2,Uptrend,Low,0.006159911166366383,1.791743459277156
USDJPY=X,2024-06-24,159.86099243164062,U2,Uptrend,Low,0.005851549900333097,2.1677270446596912
USDJPY=X,2024-06-25,159.68600463867188,U2,Uptrend,Low,-0.0010946247130523279,2.008405737278963
USDJPY=X,2024-06-26,159.68600463867188,U2,Uptrend,Low,0.0,1.9458335419984676
USDJPY=X,2024-06-27,160.62100219726562,U2,Uptrend,Low,0.005855225451406376,2.3094333073279474
USDJPY=X,2024-06-28,160.68699645996094,U2,Uptrend,Low,0.00041086944915380563,2.2640118163098624
USDJPY=X,2024-07-01,160.90699768066406,U2,Uptrend,Low,0.0013691289622053127,2.2822830590878107
USDJPY=X,2024-07-02,161.51199340820312,U2,Uptrend,Low,0.0037599093654070437,2.4611714091289514
USDJPY=X,2024-07-03,161.50399780273438,U2,Uptrend,Low,-4.950471664688649e-05,2.3628701276267114
USDJPY=X,2024-07-04,161.62100219726562,U2,Uptrend,Low,0.0007244674814437246,2.298050549359969
USDJPY=X,2024-07-05,161.35800170898438,U2,Uptrend,Low,-0.001627266782817327,2.0798282943691935
USDJPY=X,2024-07-08,160.63800048828125,U2,Uptrend,Low,-0.0044621352091461786,1.6904966456768804
USDJPY=X,2024-07-09,160.85699462890625,U2,Uptrend,Low,0.0013632773064862214,1.7181463001532884
USDJPY=X,2024-07-10,161.33099365234375,U2,Uptrend,Low,0.0029467106763432227,1.843883419477223
USDJPY=X,2024-07-11,161.60699462890625,U2,Uptrend,Low,0.0017107746646454203,1.8784126315976215
USDJPY=X,2024-07-12,158.2010040283203,U2,Uptrend,Low,-0.021075762273823684,0.37878544786127955
USDJPY=X,2024-07-15,158.31300354003906,U2,Uptrend,Low,0.0007079570221861786,0.40539196366831615
USDJPY=X,2024-07-16,158.14100646972656,U2,Uptrend,Low,-0.001086436783248823,0.30785035162065255
USDJPY=X,2024-07-17,158.35000610351562,U2,Uptrend,Low,0.0013216030329810113,0.3789116356092204
USDJPY=X,2024-07-18,155.68600463867188,U2,Uptrend,Low,-0.016823500866190444,-0.8338728885850326
USDJPY=X,2024-07-19,157.14999389648438,U2,Uptrend,Low,0.009403473749681313,-0.18144618654114503
USDJPY=X,2024-07-22,157.4219970703125,U2,Uptrend,Low,0.0017308506801934076,-0.05096948369413028
USDJPY=X,2024-07-23,156.89100646972656,U2,Uptrend,Low,-0.0033730394129657393,-0.29899650685905693
USDJPY=X,2024-07-24,155.76800537109375,U2,Uptrend,Low,-0.007157842402199854,-0.7947670535527361
USDJPY=X,2024-07-25,153.89100646972656,U2,Uptrend,Low,-0.012049964284356895,-1.6096218751767415
USDJPY=X,2024-07-26,153.69700622558594,U2,Uptrend,Low,-0.0012606340590720633,-1.7172747873170595
USDJPY=X,2024-07-29,154.13900756835938,U2,Uptrend,Low,0.0028757966965518023,-1.532688294664177
USDJPY=X,2024-07-30,153.83299255371094,U2,Uptrend,Low,-0.0019853184438904936,-1.6609770813956102
USDJPY=X,2024-07-31,152.6699981689453,U2,Uptrend,Low,-0.007560110256319419,-2.11589781454842
USDJPY=X,2024-08-01,149.74400329589844,U2,Uptrend,Low,-0.01916548705141763,-3.097602508316343
USDJPY=X,2024-08-02,149.2010040283203,U2,Uptrend,Low,-0.003626183724400267,-3.0239767430525863
USDJPY=X,2024-08-05,145.58399963378906,U2,Uptrend,Low,-0.02424249366207143,-3.7628878274068147
USDJPY=X,2024-08-06,145.7899932861328,U2,Uptrend,Low,0.0014149470605417935,-3.2850402459801615
USDJPY=X,2024-08-07,144.73199462890625,U1,Uptrend,Low,-0.007257004636457398,-3.210208980966661
USDJPY=X,2024-08-08,146.12399291992188,U2,Uptrend,Low,0.00961776485278687,-2.6374928123680235
USDJPY=X,2024-08-09,147.66900634765625,U2,Uptrend,Low,0.010573304197764921,-2.1289445632149016
USDJPY=X,2024-08-12,147.04200744628906,U2,Uptrend,Low,-0.004245974946774145,-2.1544999136434804
USDJPY=X,2024-08-13,146.98199462890625,U2,Uptrend,Low,-0.0004081338280472746,-2.053164688729802
USDJPY=X,2024-08-14,146.9709930419922,U2,Uptrend,Low,-7.484989533468323e-05,-1.9534222586148278
USDJPY=X,2024-08-15,147.2530059814453,U2,Uptrend,Low,0.0019188340067386456,-1.8057159390626287
USDJPY=X,2024-08-16,149.2220001220703,U2,Uptrend,Low,0.013371503878658375,-1.3438749293936236
USDJPY=X,2024-08-19,147.95599365234375,U2,Uptrend,Low,-0.008484047048631704,-1.5433051953362602
USDJPY=X,2024-08-20,146.69900512695312,U2,Uptrend,Low,-0.008495691822692941,-1.719432465599686
USDJPY=X,2024-08-21,145.3470001220703,U1,Uptrend,Low,-0.00921618387059131,-1.8888648486436976
USDJPY=X,2024-08-22,145.1179962158203,U1,Uptrend,Low,-0.0015755667888409652,-1.8401826047326146
USDJPY=X,2024-08-23,146.20199584960938,U2,Uptrend,Low,0.0074697808821515554,-1.5719650143964363
USDJPY=X,2024-08-26,144.0,U1,Uptrend,Low,-0.015061325509362122,-1.8773539232988554
USDJPY=X,2024-08-27,144.51600646972656,U1,Uptrend,Low,0.0035833782619900667,-1.7081293721858926
USDJPY=X,2024-08-28,143.97500610351562,U1,Uptrend,Low,-0.003743532494611679,-1.7238483492174232
USDJPY=X,2024-08-29,144.43299865722656,U1,Uptrend,Low,0.003181055977046876,-1.5804590489088715
USDJPY=X,2024-08-30,144.88999938964844,U1,Uptrend,Low,0.0031641019481043475,-1.4494225658313749
USDJPY=X,2024-09-02,146.38099670410156,U2,Uptrend,Low,0.010290546764676556,-1.1681557038689636
USDJPY=X,2024-09-03,146.7220001220703,U2,Uptrend,Low,0.002329560705602196,-1.0776951933809928
USDJPY=X,2024-09-04,145.35299682617188,U1,Uptrend,Low,-0.009330593195018166,-1.2507984253143978
USDJPY=X,2024-09-05,143.32400512695312,U1,Uptrend,Low,-0.013959063407858241,-1.5084327248520712
USDJPY=X,2024-09-06,143.39300537109375,U1,Uptrend,Low,0.0004814283837484279,-1.4408320959253913
USDJPY=X,2024-09-09,142.48599243164062,U1,Uptrend,Low,-0.00632536389837024,-1.5167137208339692
USDJPY=X,2024-09-10,143.177001953125,U1,Uptrend,Low,0.004849666340471348,-1.3614355783543357
USDJPY=X,2024-09-11,142.23399353027344,U1,Uptrend,Low,-0.006586312117083604,-1.4445330143994226
USDJPY=X,2024-09-12,142.58999633789062,U1,Uptrend,Low,0.0025029375803993226,-1.3422016630661804
USDJPY=X,2024-09-13,141.49899291992188,U1,Uptrend,Low,-0.007651332112972642,-1.4452121526586592
USDJPY=X,2024-09-16,140.7899932861328,U1,Uptrend,Low,-0.005010633780201612,-1.490955961194739
USDJPY=X,2024-09-17,140.7899932861328,U1,Uptrend,Low,0.0,-1.4381750776343545
USDJPY=X,2024-09-18,142.01499938964844,U1,Uptrend,Low,0.008700945819537065,-1.2228979927975463
USDJPY=X,2024-09-19,142.7100067138672,U1,Uptrend,Low,0.004893900835867715,-1.0896891732795218
USDJPY=X,2024-09-20,142.85800170898438,U1,Uptrend,Low,0.0010370330611357836,-1.036281292230092
USDJPY=X,2024-09-23,144.00399780273438,U1,Uptrend,Low,0.008021924428738059,-0.8428493834216528
USDJPY=X,2024-09-24,143.63800048828125,U1,Uptrend,Low,-0.0025415774564432336,-0.8700158743565084
USDJPY=X,2024-09-25,142.96299743652344,U1,Uptrend,Low,-0.0046993347823223175,-0.9447536600088298
USDJPY=X,2024-09-26,144.68299865722656,U1,Uptrend,Low,0.012031093720365149,-0.6567912953048535
USDJPY=X,2024-09-27,145.0760040283203,U1,Uptrend,Low,0.0027163203330118346,-0.5699499967918477
USDJPY=X,2024-09-30,142.7830047607422,U1,Uptrend,Low,-0.015805503349337502,-0.9191276674193068
USDJPY=X,2024-10-01,143.7100067138672,U1,Uptrend,Low,0.006492383002293156,-0.7417939094379875
USDJPY=X,2024-10-02,143.73599243164062,U1,Uptrend,Low,0.0001808205174269606,-0.717214705666245
USDJPY=X,2024-10-03,146.58200073242188,U2,Uptrend,Low,0.0198002480285846,-0.16656581876850682
USDJPY=X,2024-10-04,146.83999633789062,U2,Uptrend,Low,0.0017600769820280693,-0.08400690313196098
USDJPY=X,2024-10-07,148.82000732421875,U2,Uptrend,Low,0.013484139442307974,0.3561209184644019
USDJPY=X,2024-10-08,148.14599609375,U2,Uptrend,Low,-0.004529036401673792,0.2628266765227685
USDJPY=X,2024-10-09,148.15899658203125,U2,Uptrend,Low,8.775457065346437e-05,0.31978076766508334
USDJPY=X,2024-10-10,149.16000366210938,U2,Uptrend,Low,0.006756303047205758,0.5950401737222861
USDJPY=X,2024-10-11,148.70399475097656,U2,Uptrend,Low,-0.003057179538328514,0.5490004480850179
USDJPY=X,2024-10-14,149.33399963378906,U2,Uptrend,Low,0.004236637246144648,0.7899141151719052
USDJPY=X,2024-10-15,149.6699981689453,U2,Uptrend,Low,0.002249980151741937,0.9734158244288502
USDJPY=X,2024-10-16,149.0989990234375,U2,Uptrend,Low,-0.003815054135721141,0.8950181410045137
USDJPY=X,2024-10-17,149.5760040283203,U2,Uptrend,Low,0.003199250216346705,1.1043884045433006
USDJPY=X,2024-10-18,150.10000610351562,U2,Uptrend,Low,0.0035032495927360685,1.33731423750039
USDJPY=X,2024-10-21,149.60000610351562,U2,Uptrend,Low,-0.003331112456152585,1.2611633130875675
USDJPY=X,2024-10-22,150.60499572753906,U2,Uptrend,Low,0.0067178448062898966,1.6975769908199887
USDJPY=X,2024-10-23,151.13800048828125,U2,Uptrend,Low,0.0035390908393666543,1.9384275354290288
USDJPY=X,2024-10-24,152.7689971923828,U2,Uptrend,Low,0.010791440265401908,2.430709754918113
USDJPY=X,2024-10-25,151.7830047607422,U2,Uptrend,Low,-0.006454139581730467,2.015827177499575
USDJPY=X,2024-10-28,152.95199584960938,U2,Uptrend,Low,0.007701725833599626,2.2701606641215193
USDJPY=X,2024-10-29,153.1790008544922,U2,Uptrend,Low,0.0014841585009850444,2.2058946858945636
USDJPY=X,2024-10-30,153.2740020751953,U2,Uptrend,Low,0.0006201974172255209,2.109185922946194
USDJPY=X,2024-10-31,153.20399475097656,U2,Uptrend,Low,-0.0004567462405294931,1.9813795139396106
USDJPY=X,2024-11-01,151.97999572753906,U2,Uptrend,Low,-0.007989341436083541,1.5678179971018156
USDJPY=X,2024-11-04,152.28700256347656,U2,Uptrend,Low,0.002020047667904201,1.595185603368246
USDJPY=X,2024-11-05,152.2760009765625,U2,Uptrend,Low,-7.224245489678705e-05,1.53520368012065
USDJPY=X,2024-11-06,151.43499755859375,U2,Uptrend,Low,-0.005522888784675883,1.2648645647142798
USDJPY=X,2024-11-07,154.32000732421875,U2,Uptrend,Low,0.01905114281465048,1.9508195566480349
USDJPY=X,2024-11-08,153.17999267578125,U2,Uptrend,Low,-0.007387341850252693,1.6021562109689542
USDJPY=X,2024-11-11,152.9040069580078,U2,Uptrend,Low,-0.0018017086497554846,1.4816590706319777
USDJPY=X,2024-11-12,153.47999572753906,U2,Uptrend,Low,0.0037669959145638643,1.5648948208454125
USDJPY=X,2024-11-13,154.65499877929688,U2,Uptrend,Low,0.007655740711927761,1.7709515688850057
USDJPY=X,2024-11-14,155.4290008544922,U2,Uptrend,Low,0.005004701311335236,1.8627149666847853
USDJPY=X,2024-11-15,156.46800231933594,U2,Uptrend,Low,0.006684733602684734,1.9958038114717755
USDJPY=X,2024-11-18,154.66400146484375,U2,Uptrend,Low,-0.011529519312264203,1.5243637491260178
USDJPY=X,2024-11-19,154.61700439453125,U2,Uptrend,Low,-0.00030386560458406375,1.4559711879508086
USDJPY=X,2024-11-20,154.71800231933594,U2,Uptrend,Low,0.0006532135659993443,1.4231645682091345
USDJPY=X,2024-11-21,155.2949981689453,U2,Uptrend,Low,0.003729338803240667,1.488980344340103
USDJPY=X,2024-11-22,154.21800231933594,U2,Uptrend,Low,-0.006935161224173592,1.2141996371058532
USDJPY=X,2024-11-25,154.14599609375,U2,Uptrend,Low,-0.0004669119331272009,1.159674732548342
USDJPY=X,2024-11-26,154.3780059814453,U2,Uptrend,Low,0.0015051308082902892,1.1693964208280232
USDJPY=X,2024-11-27,153.00900268554688,U2,Uptrend,Low,-0.008867864869708031,0.8549980263430623
USDJPY=X,2024-11-28,151.33599853515625,U2,Uptrend,Low,-0.01093402427979262,0.48288207280044243
USDJPY=X,2024-11-29,151.1739959716797,U2,Uptrend,Low,-0.0010704826680013602,0.4260112172700526
USDJPY=X,2024-12-02,149.8979949951172,U2,Uptrend,Low,-0.00844061155068987,0.13026711559105164
USDJPY=X,2024-12-03,149.50799560546875,U2,Uptrend,Low,-0.0026017652181481443,0.023226589359455038
USDJPY=X,2024-12-04,149.64700317382812,U2,Uptrend,Low,0.0009297667846888125,0.027218873824947122
USDJPY=X,2024-12-05,150.56700134277344,U2,Uptrend,Low,0.006147788792513653,0.2086327078742412
USDJPY=X,2024-12-06,150.20700073242188,U2,Uptrend,Low,-0.0023909661953883665,0.09550270570666981
USDJPY=X,2024-12-09,150.02999877929688,U2,Uptrend,Low,-0.00117838684123861,0.017755572789925563
USDJPY=X,2024-12-10,151.4080047607422,U2,Uptrend,Low,0.00918486964378662,0.3289296844200605
USDJPY=X,2024-12-11,151.8070068359375,U2,Uptrend,Low,0.002635277281579862,0.4049790723929088
USDJPY=X,2024-12-12,152.2449951171875,U2,Uptrend,Low,0.0028851651210233253,0.4969641649418354
USDJPY=X,2024-12-13,152.58700561523438,U2,Uptrend,Low,0.0022464482184365586,0.5677074100938349
USDJPY=X,2024-12-16,153.4530029296875,U2,Uptrend,Low,0.005675432917510825,0.793235022368012
USDJPY=X,2024-12-17,154.08599853515625,U2,Uptrend,Low,0.00412501282727451,0.9596119532925772
USDJPY=X,2024-12-18,153.57200622558594,U2,Uptrend,Low,-0.003335749610325789,0.7857532753266918
USDJPY=X,2024-12-19,154.67300415039062,U2,Uptrend,Low,0.007169261845725972,1.1165319682158361
USDJPY=X,2024-12-20,157.6439971923828,U2,Uptrend,Low,0.019208219678098715,2.030944927077113
USDJPY=X,2024-12-23,156.5330047607422,U2,Uptrend,Low,-0.007047476919053275,1.6735204566364033
USDJPY=X,2024-12-24,157.1649932861328,U2,Uptrend,Low,0.004037413875473739,1.8909521787382697
USDJPY=X,2024-12-25,157.10699462890625,U2,Uptrend,Low,-0.0003690303802003081,1.8840986100853558
USDJPY=X,2024-12-26,157.13299560546875,U2,Uptrend,Low,0.00016549852935510145,1.8467242814917493
USDJPY=X,2024-12-27,157.7480010986328,U2,Uptrend,Low,0.003913916938923734,2.022745338278323
USDJPY=X,2024-12-30,157.8730010986328,U2,Uptrend,Low,0.0007924030677373128,1.979405431724445
USDJPY=X,2024-12-31,156.9949951171875,U2,Uptrend,Low,-0.005561470139512803,1.594578268186495
USDJPY=X,2025-01-02,157.718994140625,U2,Uptrend,Low,0.004611605757859127,1.8100698475073076
USDJPY=X,2025-01-03,157.36199951171875,U2,Uptrend,Low,-0.0022634853262375465,1.614400346683526
USDJPY=X,2025-01-06,157.4810028076172,U2,Uptrend,Low,0.0007562390937310148,1.607919938571264
USDJPY=X,2025-01-07,157.7429962158203,U2,Uptrend,Low,0.001663650875548317,1.6480138795419308
USDJPY=X,2025-01-08,158.23599243164062,U2,Uptrend,Low,0.00312531286743023,1.764336175666273
USDJPY=X,2025-01-09,158.19200134277344,U2,Uptrend,Low,-0.0002780093718955934,1.6902208067117337
USDJPY=X,2025-01-10,158.04800415039062,U2,Uptrend,Low,-0.000910268478561016,1.581677236113405
USDJPY=X,2025-01-13,157.88699340820312,U2,Uptrend,Low,-0.001018745811141586,1.469953444686484
USDJPY=X,2025-01-14,157.36399841308594,U2,Uptrend,Low,-0.0033124640847712605,1.237413359351416
USDJPY=X,2025-01-15,158.0500030517578,U2,Uptrend,Low,0.00435934931489923,1.4472832223763012
USDJPY=X,2025-01-16,156.2550048828125,U2,Uptrend,Low,-0.011357153649389606,0.7389511360749319
USDJPY=X,2025-01-17,155.3560028076172,U2,Uptrend,Low,-0.005753428991727594,0.37938006389981804
USDJPY=X,2025-01-20,156.30599975585938,U2,Uptrend,Low,0.006114967758398038,0.7173308070623553
USDJPY=X,2025-01-21,155.24899291992188,U2,Uptrend,Low,-0.006762420109199141,0.2966557136220392
USDJPY=X,2025-01-22,155.7740020751953,U2,Uptrend,Low,0.0033817234199016166,0.48242085722494776
USDJPY=X,2025-01-23,156.44000244140625,U2,Uptrend,Low,0.004275426947620176,0.7170626437784556
USDJPY=X,2025-01-24,156.15499877929688,U2,Uptrend,Low,-0.0018218080903963374,0.5882031008297401
USDJPY=X,2025-01-27,155.74400329589844,U2,Uptrend,Low,-0.002631971352894835,0.4092079784974784
USDJPY=X,2025-01-28,154.90899658203125,U2,Uptrend,Low,-0.005361405230355887,0.06945604842003945
USDJPY=X,2025-01-29,155.5590057373047,U2,Uptrend,Low,0.0041960710456814265,0.30387337746246385
USDJPY=X,2025-01-30,155.1699981689453,U2,Uptrend,Low,-0.0025007074744120006,0.12846970706373265
USDJPY=X,2025-01-31,154.0970001220703,U2,Uptrend,Low,-0.0069149839500980415,-0.2979460242202211
USDJPY=X,2025-02-03,155.36300659179688,U2,Uptrend,Low,0.008215646435191237,0.1930274700240403
USDJPY=X,2025-02-04,155.27699279785156,U2,Uptrend,Low,-0.0005536311109844982,0.14353568149355372
USDJPY=X,2025-02-05,154.13299560546875,U2,Uptrend,Low,-0.007367461024133437,-0.32164619595948696
USDJPY=X,2025-02-06,152.6060028076172,U2,Uptrend,Low,-0.009906981901267709,-0.9167172575792983
USDJPY=X,2025-02-07,151.1929931640625,U2,Uptrend,Low,-0.009259200932849265,-1.4286501419155708
USDJPY=X,2025-02-10,151.8459930419922,U2,Uptrend,Low,0.004318982409595495,-1.1329696725072989
USDJPY=X,2025-02-11,151.75900268554688,U2,Uptrend,Low,-0.0005728854262309069,-1.1352116111862525
USDJPY=X,2025-02-12,152.73899841308594,U2,Uptrend,Low,0.006457578859882629,-0.7414354498586101
USDJPY=X,2025-02-13,154.2550048828125,U2,Uptrend,Low,0.009925470806260606,-0.1562064456214434
USDJPY=X,2025-02-14,152.98899841308594,U2,Uptrend,Low,-0.008207231076154398,-0.625764244522384
USDJPY=X,2025-02-17,152.0229949951172,U2,Uptrend,Low,-0.006314201857577029,-0.9737629322102738
USDJPY=X,2025-02-18,151.44400024414062,U2,Uptrend,Low,-0.0038085998173839064,-1.163051687613798
USDJPY=X,2025-02-19,151.93099975585938,U2,Uptrend,Low,0.0032157068681073486,-0.9572769022846565
USDJPY=X,2025-02-20,151.22000122070312,U2,Uptrend,Low,-0.0046797463078552815,-1.1991014435820277
USDJPY=X,2025-02-21,149.4080047607422,U2,Uptrend,Low,-0.01198251848521259,-1.8227659572096016
USDJPY=X,2025-02-24,149.38699340820312,U2,Uptrend,Low,-0.00014063070163283786,-1.790332549806587
USDJPY=X,2025-02-25,149.86399841308594,U2,Uptrend,Low,0.0031930825703103682,-1.6195510663010415
USDJPY=X,2025-02-26,149.0780029296875,U2,Uptrend,Low,-0.005244725162289576,-1.888183065821025
USDJPY=X,2025-02-27,148.83799743652344,U2,Uptrend,Low,-0.0016099323068961002,-1.9512617169647823
USDJPY=X,2025-02-28,150.01199340820312,U2,Uptrend,Low,0.007887743666938007,-1.5280039015724773
USDJPY=X,2025-03-03,150.77099609375,U2,Uptrend,Low,0.00505961335692362,-1.271516019618128
USDJPY=X,2025-03-04,149.30499267578125,U2,Uptrend,Low,-0.00972337820901037,-1.7699731330312172
USDJPY=X,2025-03-05,149.7989959716797,U2,Uptrend,Low,0.003308685711342463,-1.568719854276372
USDJPY=X,2025-03-06,148.8979949951172,U2,Uptrend,Low,-0.006014733080940249,-1.8207233788789399
USDJPY=X,2025-03-07,148.10800170898438,U2,Uptrend,Low,-0.0053056005633838055,-1.999616468596724
USDJPY=X,2025-03-10,147.60800170898438,U2,Uptrend,Low,-0.003375914833976701,-2.0612252851038466
USDJPY=X,2025-03-11,147.06900024414062,U2,Uptrend,Low,-0.0036515734824892343,-2.1122393462017426
USDJPY=X,2025-03-12,148.04200744628906,U2,Uptrend,Low,0.0066159911370391455,-1.739770036291571
USDJPY=X,2025-03-13,148.2790069580078,U2,Uptrend,Low,0.0016008936639468896,-1.6070278651129426
USDJPY=X,2025-03-14,147.94900512695312,U2,Uptrend,Low,-0.0022255465411104014,-1.6318660177456572
USDJPY=X,2025-03-17,148.59800720214844,U2,Uptrend,Low,0.0043866606243037065,-1.3973150649089154
USDJPY=X,2025-03-18,149.37899780273438,U2,Uptrend,Low,0.005255727282557077,-1.1391616836011003
USDJPY=X,2025-03-19,149.45199584960938,U2,Uptrend,Low,0.0004886767748395471,-1.0819784794501488
USDJPY=X,2025-03-20,148.49000549316406,U2,Uptrend,Low,-0.006436784942058238,-1.302616991385941
USDJPY=X,2025-03-21,148.5959930419922,U2,Uptrend,Low,0.0007137689063727581,-1.2303577117485966
USDJPY=X,2025-03-24,149.677001953125,U2,Uptrend,Low,0.007274818714844589,-0.9019213666819286
USDJPY=X,2025-03-25,150.7740020751953,U2,Uptrend,Low,0.007329116081666642,-0.5719985047284004
USDJPY=X,2025-03-26,149.9499969482422,U2,Uptrend,Low,-0.005465167174790286,-0.7764491972418639
USDJPY=X,2025-03-27,150.47300720214844,U2,Uptrend,Low,0.003487897729579581,-0.6026216090278461
USDJPY=X,2025-03-28,150.8470001220703,U2,Uptrend,Low,0.002485448565664905,-0.47058789386568156
USDJPY=X,2025-03-31,149.61700439453125,U2,Uptrend,Low,-0.008153928991254111,-0.8023524583314631
USDJPY=X,2025-04-01,149.91299438476562,U2,Uptrend,Low,0.001978317848510436,-0.688727060448159
USDJPY=X,2025-04-02,149.7830047607422,U2,Uptrend,Low,-0.000867100444207014,-0.7029291393897056
USDJPY=X,2025-04-03,147.8719940185547,U2,Uptrend,Low,-0.012758528547615167,-1.2636673228071194
USDJPY=X,2025-04-04,146.2310028076172,U2,Uptrend,Low,-0.011097376631923894,-1.7308783002926176
USDJPY=X,2025-04-07,145.43299865722656,U1,Uptrend,Low,-0.005457147493137859,-1.9214036396652723
USDJPY=X,2025-04-08,147.78900146484375,U2,Uptrend,Low,0.016199919064930235,-1.1441927616530445
USDJPY=X,2025-04-09,145.84500122070312,U2,Uptrend,Low,-0.013153889835320842,-1.7361831029338115
USDJPY=X,2025-04-10,147.3990020751953,U2,Uptrend,Low,0.010655153357917113,-1.1909769889656228
USDJPY=X,2025-04-11,143.7469940185547,U1,Uptrend,Low,-0.02477634180167354,-2.280137135626819
USDJPY=X,2025-04-14,143.6959991455078,U1,Uptrend,Low,-0.00035475436126541915,-2.1957196096870417
USDJPY=X,2025-04-15,143.2209930419922,U1,Uptrend,Low,-0.003305632072850062,-2.227170618110912
USDJPY=X,2025-04-16,143.18099975585938,U1,Uptrend,Low,-0.0002792417876972264,-2.1397819935373303
USDJPY=X,2025-04-17,141.92799377441406,U1,Uptrend,Low,-0.008751202908080291,-2.4032741455447337
USDJPY=X,2025-04-22,140.87600708007812,U1,Uptrend,Low,-0.007412115583117496,-2.567916552782045
USDJPY=X,2025-04-23,142.68800354003906,U1,Uptrend,Low,0.01286234964716848,-1.9620945556351572
USDJPY=X,2025-04-24,143.22300720214844,U1,Uptrend,Low,0.003749464908304301,-1.7419848877154647
USDJPY=X,2025-04-25,142.87899780273438,U1,Uptrend,Low,-0.0024019143720989122,-1.7829223622428307
USDJPY=X,2025-04-28,143.84100341796875,U1,Uptrend,Low,0.0067330092597832625,-1.4629536132460248
USDJPY=X,2025-04-29,142.17799377441406,U1,Uptrend,Low,-0.011561443566424301,-1.8715398026458898
USDJPY=X,2025-04-30,142.2989959716797,U1,Uptrend,Low,0.0008510613636707465,-1.783264068875955
USDJPY=X,2025-05-01,143.00900268554688,U1,Uptrend,Medium,0.004989541275530085,-1.5395049336767108
USDJPY=X,2025-05-02,145.447998046875,U1,Uptrend,Medium,0.01705483791598117,-0.7936224688862402
USDJPY=X,2025-05-05,144.62399291992188,U1,Uptrend,Medium,-0.0056652902619365175,-1.0095450468596883
USDJPY=X,2025-05-06,143.6540069580078,U1,Uptrend,Medium,-0.006706950501989994,-1.25930819208038
USDJPY=X,2025-05-07,143.03500366210938,U1,Uptrend,Medium,-0.00430898733008811,-1.396186753534195
USDJPY=X,2025-05-08,143.84800720214844,U1,Uptrend,Low,0.0056839481191584,-1.114449527230133
USDJPY=X,2025-05-09,146.01499938964844,U2,Uptrend,Medium,0.015064457475971516,-0.43546990458675267
USDJPY=X,2025-05-12,145.81199645996094,U2,Uptrend,Low,-0.0013902881932408295,-0.4720798213174098
USDJPY=X,2025-05-13,148.30999755859375,U2,Uptrend,Low,0.017131656923158323,0.36132953274252866
USDJPY=X,2025-05-14,147.5279998779297,U2,Uptrend,Low,-0.005272723980425664,0.13169731203238086
USDJPY=X,2025-05-15,146.64999389648438,U2,Uptrend,Low,-0.005951453162598375,-0.1390396652387772
USDJPY=X,2025-05-16,145.61300659179688,U2,Uptrend,Low,-0.007071171823024303,-0.4684286273720574
USDJPY=X,2025-05-19,145.29800415039062,U1,Uptrend,Low,-0.0021632850579709206,-0.5534818612365076
USDJPY=X,2025-05-20,144.97500610351562,U1,Uptrend,Low,-0.0022230040169077814,-0.6445095085596706
USDJPY=X,2025-05-21,144.3280029296875,U1,Uptrend,Low,-0.004462860124773149,-0.8467376990624578
USDJPY=X,2025-05-22,143.7550048828125,U1,Uptrend,Low,-0.003970109994206328,-1.0176083170689738
USDJPY=X,2025-05-23,143.85800170898438,U1,Uptrend,Low,0.0007164747151295892,-0.9485921011112574
USDJPY=X,2025-05-26,142.86700439453125,U1,Uptrend,Low,-0.006888718755164169,-1.2582212464618636
USDJPY=X,2025-05-27,142.65499877929688,U1,Uptrend,Low,-0.0014839368693482236,-1.2897829498365794
USDJPY=X,2025-05-28,144.177001953125,U1,Uptrend,Low,0.010669119111506475,-0.7224693691678663
USDJPY=X,2025-05-29,145.69700622558594,U2,Uptrend,Low,0.010542626437433533,-0.1522422592172967
USDJPY=X,2025-05-30,143.7790069580078,U1,Uptrend,Low,-0.013164301156665115,-0.8256083069173387
USDJPY=X,2025-06-02,143.81500244140625,U1,Uptrend,Low,0.0002503528446886616,-0.7845653421828959
USDJPY=X,2025-06-03,142.45199584960938,U1,Uptrend,Low,-0.009477499347484208,-1.2457993733254757
USDJPY=X,2025-06-04,143.83700561523438,U1,Uptrend,Low,0.009722642054711406,-0.7119293794768573
USDJPY=X,2025-06-05,142.73199462890625,U1,Uptrend,Low,-0.007682383136395687,-1.0831482009378866
USDJPY=X,2025-06-06,143.54200744628906,U1,Uptrend,Low,0.005675061288737515,-0.7610316332602661
USDJPY=X,2025-06-09,144.6909942626953,U1,Uptrend,Low,0.008004533563710892,-0.3214358075172037
USDJPY=X,2025-06-10,144.5399932861328,U1,Uptrend,Low,-0.001043610055566746,-0.3581174027072259
USDJPY=X,2025-06-11,144.83799743652344,U1,Uptrend,Low,0.0020617418308626068,-0.227024516103977
USDJPY=X,2025-06-12,144.2030029296875,U1,Uptrend,Low,-0.004384170715383107,-0.4400729146068863
USDJPY=X,2025-06-13,143.19400024414062,U1,Uptrend,Low,-0.00699709898578782,-0.7973504335238777
USDJPY=X,2025-06-16,144.09100341796875,U1,Uptrend,Low,0.0062642511019928016,-0.42688045726145757
USDJPY=X,2025-06-17,144.72900390625,U1,Uptrend,Low,0.004427760742498066,-0.15399847955366908
USDJPY=X,2025-06-18,145.37600708007812,U1,Uptrend,Low,0.004470445842681414,0.1358959890183752
USDJPY=X,2025-06-19,144.9550018310547,U1,Uptrend,Low,-0.0028959747724501828,0.003309244648977634
USDJPY=X,2025-06-20,145.21800231933594,U1,Uptrend,Low,0.0018143595250874611,0.15690920316002682
USDJPY=X,2025-06-23,146.2239990234375,U2,Uptrend,Low,0.006927493065834733,0.675673376905661
USDJPY=X,2025-06-24,145.92799377441406,U2,Uptrend,Low,-0.0020243274086355623,0.6177865755275139
USDJPY=X,2025-06-25,144.95700073242188,U1,Uptrend,Low,-0.006653918942332693,0.17203521553682613
USDJPY=X,2025-06-26,144.9040069580078,U1,Uptrend,Low,-0.00036558271864273184,0.2031060426160685
USDJPY=X,2025-06-27,144.69400024414062,U1,Uptrend,Low,-0.0014492816194382474,0.1421304852242745
USDJPY=X,2025-06-30,144.51699829101562,U1,Uptrend,Low,-0.0012232846754277604,0.06819443489892273
USDJPY=X,2025-07-01,143.8000030517578,U1,Uptrend,Low,-0.004961321143786779,-0.38299610542641266
USDJPY=X,2025-07-02,143.40199279785156,U1,Uptrend,Low,-0.0027678042104282152,-0.6268869042723884
USDJPY=X,2025-07-03,143.5260009765625,U1,Uptrend,Low,0.0008647591033532631,-0.5196945304947491
USDJPY=X,2025-07-04,144.6820068359375,U1,Uptrend,Low,0.008054330584768232,0.3061429618937028
USDJPY=X,2025-07-07,144.4980010986328,U1,Uptrend,Low,-0.0012717942011499783,0.21975404690236275
USDJPY=X,2025-07-08,145.89199829101562,U2,Uptrend,Low,0.009647172845189012,1.2091005322154185
USDJPY=X,2025-07-09,146.8489990234375,U2,Uptrend,Low,0.00655965195920416,1.818022091143433
USDJPY=X,2025-07-10,146.11399841308594,U2,Uptrend,Low,-0.0050051455252633215,1.250909358411571
USDJPY=X,2025-07-11,146.28799438476562,U2,Uptrend,Low,0.0011908234225974645,1.3241704526377336
USDJPY=X,2025-07-14,147.2949981689453,U2,Uptrend,Low,0.006883707637217906,1.9486854575101353
USDJPY=X,2025-07-15,147.79200744628906,U2,Uptrend,Low,0.0033742440919390937,2.2383073146376753
USDJPY=X,2025-07-16,148.76100158691406,U2,Uptrend,Low,0.006556471878069292,2.702245351870762
USDJPY=X,2025-07-17,148.0030059814453,U2,Uptrend,Low,-0.0050953919198096775,2.081150367927833
USDJPY=X,2025-07-18,148.44200134277344,U2,Uptrend,Low,0.0029661246298142707,2.232109620689504
USDJPY=X,2025-07-21,148.43099975585938,U2,Uptrend,Low,-7.411370646137616e-05,2.1004861916943036
USDJPY=X,2025-07-22,147.40899658203125,U2,Uptrend,Low,-0.006885375531453186,1.4414044786852476
USDJPY=X,2025-07-23,146.78500366210938,U2,Uptrend,Low,-0.004233072162421414,1.033173809753049
USDJPY=X,2025-07-24,146.3489990234375,U2,Uptrend,Low,-0.002970362283571726,0.7379030291960262
USDJPY=X,2025-07-25,147.0050048828125,U2,Uptrend,Low,0.004482475888133219,1.1174515298795888
USDJPY=X,2025-07-28,147.81300354003906,U2,Uptrend,Low,0.005496402369910225,1.5500128040147263
USDJPY=X,2025-07-29,148.47900390625,U2,Uptrend,Low,0.004505695373618002,1.8599397580397552
USDJPY=X,2025-07-30,148.44200134277344,U2,Uptrend,Low,-0.0002492107469951321,1.764302643973414
USDJPY=X,2025-07-31,149.2259979248047,U2,Uptrend,Low,0.005281501023560731,2.099505632392223
USDJPY=X,2025-08-01,150.77200317382812,U2,Uptrend,Low,0.010360160230273419,2.733206812935033
USDJPY=X,2025-08-04,147.34300231933594,U2,Uptrend,Low,-0.022742954807987936,0.9082829139245139
USDJPY=X,2025-08-05,146.79299926757812,U2,Uptrend,Low,-0.003732807416030437,0.642906440320495
USDJPY=X,2025-08-06,147.55999755859375,U2,Uptrend,Low,0.005225033174896199,1.0488748022033543
USDJPY=X,2025-08-07,147.1929931640625,U2,Uptrend,Low,-0.002487153704278988,0.8466792692885804
USDJPY=X,2025-08-08,146.83700561523438,U2,Uptrend,Low,-0.002418508797027763,0.6455809027883934
USDJPY=X,2025-08-11,147.66400146484375,U2,Uptrend,Low,0.005632066972111938,1.0501135741078904
USDJPY=X,2025-08-12,148.125,U2,Uptrend,Low,0.0031219425898194597,1.2473388066724118
USDJPY=X,2025-08-13,147.75799560546875,U2,Uptrend,Low,-0.002477666798523237,1.0240581622241087
USDJPY=X,2025-08-14,147.1199951171875,U2,Uptrend,Low,-0.004317874546598377,0.6719777816922988
USDJPY=X,2025-08-15,147.6909942626953,U2,Uptrend,Low,0.003881179747545538,0.9343379525474426
USDJPY=X,2025-08-18,147.26400756835938,U2,Uptrend,Low,-0.0028910814533245066,0.6880469967757622
USDJPY=X,2025-08-19,147.91600036621094,U2,Uptrend,Low,0.004427373725714334,1.0017182768133692
USDJPY=X,2025-08-20,147.7310028076172,U2,Uptrend,Low,-0.0012506933539017107,0.8730348862277697
USDJPY=X,2025-08-21,147.3179931640625,U2,Uptrend,Low,-0.0027956869966727638,0.6356189791913059
USDJPY=X,2025-08-22,148.38600158691406,U2,Uptrend,Low,0.007249680774989553,1.1664926119122112
USDJPY=X,2025-08-25,147.21499633789062,U2,Uptrend,Low,-0.007891615357918713,0.5165552281978121
USDJPY=X,2025-08-26,147.82200622558594,U2,Uptrend,Low,0.004123288406719716,0.822403289736815
USDJPY=X,2025-08-27,147.46200561523438,U2,Uptrend,Low,-0.002435365474624751,0.5960183092974259
USDJPY=X,2025-08-28,147.3159942626953,U2,Uptrend,Low,-0.0009901625298658345,0.4876671934202958
USDJPY=X,2025-08-29,146.7899932861328,U2,Uptrend,Low,-0.003570562580085701,0.150647321547848
USDJPY=X,2025-09-01,147.0970001220703,U2,Uptrend,Low,0.0020914697866294407,0.31480965453292603
USDJPY=X,2025-09-02,147.08399963378906,U2,Uptrend,Low,-8.83803766933422e-05,0.2846714573448275
USDJPY=X,2025-09-03,148.54800415039062,U2,Uptrend,Low,0.009953526693907255,1.1490692719546447
USDJPY=X,2025-09-04,147.97999572753906,U2,Uptrend,Low,-0.0038237364823596742,0.7718076057208846
USDJPY=X,2025-09-05,148.375,U2,Uptrend,Low,0.002669308581331631,1.0003969592103683
USDJPY=X,2025-09-08,148.343994140625,U2,Uptrend,Low,-0.00020896956613314366,0.9533232250496503
USDJPY=X,2025-09-09,147.36399841308594,U2,Uptrend,Low,-0.006606237975566809,0.2799465572225737
USDJPY=X,2025-09-10,147.39199829101562,U2,Uptrend,Low,0.00019000487385789633,0.2786996406220918
USDJPY=X,2025-09-11,147.33200073242188,U2,Uptrend,Low,-0.0004070611653916867,0.2143914077245435
USDJPY=X,2025-09-12,147.2239990234375,U2,Uptrend,Low,-0.0007330499039412963,0.11817446707370557
