ticker,date,price,sax_symbol,trend,volatility,daily_return,zscore
USDKRW=X,2020-01-02,1153.969970703125,D2,Downtrend,Unknown,0.00019065716413857459,0.0
USDKRW=X,2020-01-03,1157.1500244140625,D2,Downtrend,Unknown,0.0027557508355264826,0.0
USDKRW=X,2020-01-06,1165.8499755859375,D2,Downtrend,Unknown,0.00751842975268513,0.0
USDKRW=X,2020-01-07,1167.4200439453125,D2,Downtrend,Unknown,0.0013467156085720244,0.0
USDKRW=X,2020-01-08,1166.4599609375,D2,Downtrend,Unknown,-0.0008223972277946467,0.0
USDKRW=X,2020-01-09,1161.260009765625,D2,Downtrend,Unknown,-0.004457890837243794,0.0
USDKRW=X,2020-01-10,1157.81005859375,D2,Downtrend,Unknown,-0.0029708688345957412,0.0
USDKRW=X,2020-01-13,1156.9300537109375,D2,Downtrend,Unknown,-0.0007600598010707449,0.0
USDKRW=X,2020-01-14,1153.93994140625,D2,Downtrend,Unknown,-0.0025845229753488352,0.0
USDKRW=X,2020-01-15,1157.050048828125,D2,Downtrend,Unknown,0.0026952073589592285,0.0
USDKRW=X,2020-01-16,1156.780029296875,D2,Downtrend,Unknown,-0.00023336892948022658,0.0
USDKRW=X,2020-01-17,1158.77001953125,D2,Downtrend,Unknown,0.0017202840505334827,0.0
USDKRW=X,2020-01-20,1160.3599853515625,D2,Downtrend,Unknown,0.0013721150819518968,0.0
USDKRW=X,2020-01-21,1157.5699462890625,D2,Downtrend,Unknown,-0.0024044599070301986,0.0
USDKRW=X,2020-01-22,1168.739990234375,D2,Downtrend,Unknown,0.009649562845961412,0.0
USDKRW=X,2020-01-23,1163.72998046875,D2,Downtrend,Unknown,-0.004286676084918062,0.0
USDKRW=X,2020-01-24,1167.5999755859375,D2,Downtrend,Unknown,0.0033255095100572785,0.0
USDKRW=X,2020-01-27,1169.1500244140625,D2,Downtrend,Unknown,0.0013275512680164248,0.0
USDKRW=X,2020-01-28,1176.72998046875,D2,Downtrend,Unknown,0.006483304876537366,0.0
USDKRW=X,2020-01-29,1174.280029296875,D2,Downtrend,Low,-0.0020819994497794925,0.0
USDKRW=X,2020-01-30,1178.0799560546875,D1,Downtrend,Low,0.003235963026713362,0.0
USDKRW=X,2020-01-31,1187.1199951171875,D1,Downtrend,Low,0.007673536092384081,0.0
USDKRW=X,2020-02-03,1194.8699951171875,D1,Downtrend,Low,0.006528404905887353,0.0
USDKRW=X,2020-02-04,1189.3599853515625,D1,Downtrend,Low,-0.004611388509328629,0.0
USDKRW=X,2020-02-05,1182.47998046875,D1,Downtrend,Low,-0.005784627839803158,0.0
USDKRW=X,2020-02-06,1183.4599609375,D1,Downtrend,Low,0.0008287501563972732,0.0
USDKRW=X,2020-02-07,1184.25,D1,Downtrend,Low,0.0006675672085045825,0.0
USDKRW=X,2020-02-10,1191.0899658203125,D1,Downtrend,Low,0.005775778611199156,0.0
USDKRW=X,2020-02-11,1185.6300048828125,D1,Downtrend,Low,-0.0045840038067482825,0.0
USDKRW=X,2020-02-12,1180.719970703125,D1,Downtrend,Low,-0.004141287045255626,0.0
USDKRW=X,2020-02-13,1177.9599609375,D1,Downtrend,Low,-0.0023375650739450027,0.0
USDKRW=X,2020-02-14,1183.469970703125,D1,Downtrend,Low,0.004677586631416375,0.0
USDKRW=X,2020-02-17,1182.1800537109375,D1,Downtrend,Low,-0.0010899448436542114,0.0
USDKRW=X,2020-02-18,1183.81005859375,D1,Downtrend,Low,0.001378812709363464,0.0
USDKRW=X,2020-02-19,1189.9300537109375,D1,Downtrend,Low,0.005169744143293853,0.0
USDKRW=X,2020-02-20,1191.3699951171875,D1,Downtrend,Low,0.0012101059232509925,0.0
USDKRW=X,2020-02-21,1204.4000244140625,D1,Downtrend,Low,0.010937013144764807,0.0
USDKRW=X,2020-02-24,1205.77001953125,D1,Downtrend,Low,0.0011374917713522503,0.0
USDKRW=X,2020-02-25,1217.6500244140625,D1,Downtrend,Low,0.009852629183325412,0.0
USDKRW=X,2020-02-26,1214.550048828125,D1,Downtrend,Low,-0.0025458674691269945,0.0
USDKRW=X,2020-02-27,1211.3599853515625,D1,Downtrend,Low,-0.002626539334167788,0.0
USDKRW=X,2020-02-28,1211.31005859375,D1,Downtrend,Low,-4.121545900159784e-05,0.0
USDKRW=X,2020-03-02,1200.0999755859375,D1,Downtrend,Low,-0.009254511615982675,0.0
USDKRW=X,2020-03-03,1188.280029296875,D1,Downtrend,Low,-0.009849134680043226,0.0
USDKRW=X,2020-03-04,1186.3399658203125,D1,Downtrend,Low,-0.0016326652209331938,0.0
USDKRW=X,2020-03-05,1183.6800537109375,D1,Downtrend,Low,-0.0022421162449296483,0.0
USDKRW=X,2020-03-06,1187.469970703125,D1,Downtrend,Low,0.0032018086139964375,0.0
USDKRW=X,2020-03-09,1187.699951171875,D1,Downtrend,Low,0.00019367266071901312,0.0
USDKRW=X,2020-03-10,1199.9599609375,D1,Downtrend,Low,0.010322480651387078,0.0
USDKRW=X,2020-03-11,1184.699951171875,D1,Downtrend,Low,-0.012717099121959619,0.0
USDKRW=X,2020-03-12,1189.3900146484375,D1,Downtrend,Low,0.003958861880531961,0.0
USDKRW=X,2020-03-13,1209.969970703125,D1,Downtrend,Low,0.017302950084687296,0.0
USDKRW=X,2020-03-16,1210.800048828125,D1,Downtrend,Low,0.0006860320050072755,0.0
USDKRW=X,2020-03-17,1232.0400390625,D1,Downtrend,Low,0.017542112138938304,0.0
USDKRW=X,2020-03-18,1237.989990234375,D1,Downtrend,Low,0.004829348871163708,0.0
USDKRW=X,2020-03-19,1255.3499755859375,D1,Downtrend,Low,0.01402271867180116,0.0
USDKRW=X,2020-03-20,1256.8800048828125,D1,Downtrend,Low,0.0012188069674838875,0.0
USDKRW=X,2020-03-23,1253.949951171875,D1,Downtrend,Low,-0.0023312119689664623,0.0
USDKRW=X,2020-03-24,1262.9300537109375,D1,Downtrend,Low,0.007161452122287804,2.7642225111461007
USDKRW=X,2020-03-25,1228.5999755859375,D1,Downtrend,Medium,-0.027182881604666864,1.4494977537753693
USDKRW=X,2020-03-26,1231.0799560546875,D1,Downtrend,Medium,0.0020185418509122144,1.485669597999964
USDKRW=X,2020-03-27,1212.18994140625,D1,Downtrend,Medium,-0.015344263023317706,0.7705464283254986
USDKRW=X,2020-03-30,1211.6300048828125,D1,Downtrend,Medium,-0.0004619214401234695,0.7241663181124638
USDKRW=X,2020-03-31,1222.699951171875,D1,Downtrend,Medium,0.00913640818108763,1.093745698320193
USDKRW=X,2020-04-01,1216.6600341796875,D1,Downtrend,Medium,-0.004939819443354532,0.8433378357683122
USDKRW=X,2020-04-02,1234.72998046875,D1,Downtrend,Medium,0.014852091612630236,1.4530770374424957
USDKRW=X,2020-04-03,1226.8499755859375,D1,Downtrend,Medium,-0.006381966103893411,1.1290211740131775
USDKRW=X,2020-04-06,1235.800048828125,D1,Downtrend,Medium,0.007295165195657205,1.4100586214301416
USDKRW=X,2020-04-07,1223.0999755859375,D1,Downtrend,Medium,-0.010276802670651008,0.9152978905002223
USDKRW=X,2020-04-08,1215.31005859375,D1,Downtrend,Medium,-0.006368994479339807,0.599442781751336
USDKRW=X,2020-04-09,1214.75,D1,Downtrend,Medium,-0.0004608359733301315,0.5527735318158711
USDKRW=X,2020-04-10,1209.510009765625,D1,Downtrend,Medium,-0.004313636743671578,0.32415470638387234
USDKRW=X,2020-04-13,1211.0400390625,D1,Downtrend,Medium,0.0012649992844386837,0.3591400937382622
USDKRW=X,2020-04-14,1213.9000244140625,D1,Downtrend,Low,0.002361594381121046,0.4489452406688045
USDKRW=X,2020-04-15,1212.3800048828125,D1,Downtrend,Low,-0.0012521785160880539,0.36148638430126256
USDKRW=X,2020-04-16,1222.550048828125,D1,Downtrend,Low,0.008388495277349639,0.7656559768394616
USDKRW=X,2020-04-17,1226.6400146484375,D1,Downtrend,Low,0.0033454383517736996,0.9138060889311516
USDKRW=X,2020-04-20,1215.260009765625,D1,Downtrend,Low,-0.009277379464972091,0.3894065143660929
USDKRW=X,2020-04-21,1218.0999755859375,D1,Downtrend,Low,0.002336920327741465,0.49236546145326243
USDKRW=X,2020-04-22,1230.8499755859375,D1,Downtrend,Low,0.010467121135822044,1.0391674710040604
USDKRW=X,2020-04-23,1231.3800048828125,D1,Downtrend,Low,0.00043062055277909295,1.030426315684021
USDKRW=X,2020-04-24,1232.449951171875,D1,Downtrend,Low,0.0008689001647093075,1.0444141549237358
USDKRW=X,2020-04-27,1229.5,D1,Downtrend,Low,-0.0023935667075730693,0.8792036025076202
USDKRW=X,2020-04-28,1220.8699951171875,D1,Downtrend,Low,-0.007019117432137012,0.46023548495893046
USDKRW=X,2020-04-29,1220.4000244140625,D1,Downtrend,Low,-0.00038494737769345644,0.41480151419373257
USDKRW=X,2020-04-30,1210.7900390625,D1,Downtrend,Low,-0.007874455227232957,-0.059356417838732814
USDKRW=X,2020-05-01,1212.9599609375,D1,Downtrend,Low,0.0017921537219451888,0.02172593870545946
USDKRW=X,2020-05-04,1223.780029296875,D1,Downtrend,Low,0.008920383778383112,0.5235472303823235
USDKRW=X,2020-05-05,1222.449951171875,D1,Downtrend,Low,-0.0010868604595257736,0.43471945939272794
USDKRW=X,2020-05-06,1221.25,D1,Downtrend,Low,-0.0009815953370726493,0.34961132633599545
USDKRW=X,2020-05-07,1228.530029296875,D1,Downtrend,Low,0.005961129414022492,0.6933630376504636
USDKRW=X,2020-05-08,1218.6300048828125,D1,Downtrend,Low,-0.008058430952419315,0.15196647714751252
USDKRW=X,2020-05-11,1218.699951171875,D1,Downtrend,Low,5.7397478137044544e-05,0.1268212926046103
USDKRW=X,2020-05-12,1222.4000244140625,D1,Downtrend,Low,0.00303608221090812,0.3023395220982137
USDKRW=X,2020-05-13,1225.6500244140625,D1,Downtrend,Low,0.0026587041353813845,0.4601908777948724
USDKRW=X,2020-05-14,1226.550048828125,D1,Downtrend,Low,0.0007343241513766419,0.4867890967547698
USDKRW=X,2020-05-15,1225.4599609375,D1,Downtrend,Low,-0.000888743098307776,0.40439592824499104
USDKRW=X,2020-05-18,1232.0899658203125,D1,Downtrend,Low,0.005410217464584033,0.7670388679037476
USDKRW=X,2020-05-19,1224.199951171875,D1,Downtrend,Low,-0.006403765039336595,0.29817204355162946
USDKRW=X,2020-05-20,1224.3199462890625,D1,Downtrend,Low,9.80192141590841e-05,0.29562276530637055
USDKRW=X,2020-05-21,1226.550048828125,D1,Downtrend,Low,0.0018215030685582168,0.41150849193276573
USDKRW=X,2020-05-22,1233.3900146484375,D1,Downtrend,Low,0.005576589252797026,0.7878430248082763
USDKRW=X,2020-05-25,1239.550048828125,D1,Downtrend,Low,0.004994392776435319,1.1099856719857897
USDKRW=X,2020-05-26,1240.02001953125,D1,Downtrend,Low,0.0003791462100053433,1.1099877204710749
USDKRW=X,2020-05-27,1230.8699951171875,D1,Downtrend,Low,-0.007378932815553574,0.5393803903094893
USDKRW=X,2020-05-28,1238.300048828125,D1,Downtrend,Low,0.006036424431834497,0.9842009207666724
USDKRW=X,2020-05-29,1237.97998046875,D1,Downtrend,Low,-0.00025847399398704063,0.9462420130322723
USDKRW=X,2020-06-01,1230.469970703125,D1,Downtrend,Low,-0.00606634185052124,0.414579854517434
USDKRW=X,2020-06-02,1222.989990234375,D1,Downtrend,Low,-0.0060789622232517715,-0.14640397202094924
USDKRW=X,2020-06-03,1219.1400146484375,D1,Downtrend,Low,-0.003148002532056493,-0.5063451575165202
USDKRW=X,2020-06-04,1215.8199462890625,D1,Downtrend,Low,-0.002723287169220212,-0.8593761242475547
USDKRW=X,2020-06-05,1215.3800048828125,D1,Downtrend,Low,-0.0003618474985483955,-0.9120424026329557
USDKRW=X,2020-06-08,1201.1099853515625,D1,Downtrend,Low,-0.011741199850186734,-2.063054805152095
USDKRW=X,2020-06-09,1195.72998046875,D1,Downtrend,Low,-0.004479194202384185,-2.345379255294957
USDKRW=X,2020-06-10,1197.300048828125,D1,Downtrend,Low,0.0013130626353949904,-2.1014442125473334
USDKRW=X,2020-06-11,1189.739990234375,D1,Downtrend,Low,-0.006314255646401645,-2.5717442076159998
USDKRW=X,2020-06-12,1204.760009765625,D1,Downtrend,Low,0.012624623577031313,-1.4207192206442794
USDKRW=X,2020-06-15,1202.6099853515625,D1,Downtrend,Low,-0.0017846080519229313,-1.5757729715245163
USDKRW=X,2020-06-16,1206.9000244140625,D1,Downtrend,Low,0.0035672737751681893,-1.261839424342337
USDKRW=X,2020-06-17,1211.1500244140625,D1,Downtrend,Low,0.003521418438998891,-0.8510448135162975
USDKRW=X,2020-06-18,1214.3499755859375,D1,Downtrend,Low,0.002642076627479062,-0.5411647634431359
USDKRW=X,2020-06-19,1211.3599853515625,D1,Downtrend,Low,-0.002462214595864154,-0.8092340291731072
USDKRW=X,2020-06-22,1210.8900146484375,D1,Downtrend,Low,-0.00038796947959995887,-0.8497499639131069
USDKRW=X,2020-06-23,1208.0,D1,Downtrend,Low,-0.0023866863327604015,-1.0777252482366682
USDKRW=X,2020-06-24,1207.949951171875,D1,Downtrend,Low,-4.1431149110149335e-05,-1.0596800470606658
USDKRW=X,2020-06-25,1205.25,D1,Downtrend,Low,-0.0022351515220110363,-1.2566720180088644
USDKRW=X,2020-06-26,1201.52001953125,D1,Downtrend,Low,-0.003094777406139837,-1.5241068749937918
USDKRW=X,2020-06-29,1202.6300048828125,D1,Downtrend,Low,0.0009238176089612082,-1.3820505317214349
USDKRW=X,2020-06-30,1198.489990234375,D1,Downtrend,Low,-0.0034424674518584997,-1.6686186227358266
USDKRW=X,2020-07-01,1198.3900146484375,D1,Downtrend,Low,-8.34179565554205e-05,-1.616205854406343
USDKRW=X,2020-07-02,1200.699951171875,D1,Downtrend,Low,0.0019275331863601863,-1.3814581374755945
USDKRW=X,2020-07-03,1198.1700439453125,D1,Downtrend,Low,-0.0021070270087820697,-1.546599146543096
USDKRW=X,2020-07-06,1198.5,D1,Downtrend,Low,0.00027538332839727175,-1.4778538526036469
USDKRW=X,2020-07-07,1190.9300537109375,D1,Downtrend,Low,-0.006316183803973696,-1.9786954472208882
USDKRW=X,2020-07-08,1195.699951171875,D1,Downtrend,Low,0.0040051869092350145,-1.5596404320863153
USDKRW=X,2020-07-09,1192.02001953125,D1,Downtrend,Low,-0.0030776380286863247,-1.7526415365273786
USDKRW=X,2020-07-10,1195.77001953125,D1,Downtrend,Low,0.0031459203189176943,-1.422645071408465
USDKRW=X,2020-07-13,1199.52001953125,D1,Downtrend,Low,0.0031360545412151275,-1.1202703302848427
USDKRW=X,2020-07-14,1203.780029296875,D1,Downtrend,Low,0.0035514286516782345,-0.7945288671646783
USDKRW=X,2020-07-15,1203.97998046875,D1,Downtrend,Low,0.00016610274884842902,-0.753129492567434
USDKRW=X,2020-07-16,1200.469970703125,D1,Downtrend,Low,-0.002915338977861115,-0.9719236056765453
USDKRW=X,2020-07-17,1204.22998046875,D1,Downtrend,Low,0.0031321148028573553,-0.6754177637789659
USDKRW=X,2020-07-20,1202.530029296875,D1,Downtrend,Low,-0.0014116499335229404,-0.7714827097822637
USDKRW=X,2020-07-21,1200.030029296875,D1,Downtrend,Low,-0.0020789501626514717,-0.9248515679605364
USDKRW=X,2020-07-22,1192.739990234375,D1,Downtrend,Low,-0.006074880531757532,-1.4021166760373873
USDKRW=X,2020-07-23,1197.22998046875,D1,Downtrend,Low,0.003764433381237442,-1.0532031673875057
USDKRW=X,2020-07-24,1200.93994140625,D1,Downtrend,Low,0.003098787198803299,-0.7710051183765045
USDKRW=X,2020-07-27,1200.489990234375,D1,Downtrend,Low,-0.00037466583994871794,-0.776144819372453
USDKRW=X,2020-07-28,1195.9200439453125,D1,Downtrend,Low,-0.0038067341887376704,-1.0637777544209883
USDKRW=X,2020-07-29,1199.3699951171875,D1,Downtrend,Low,0.0028847674134582224,-0.7939471052056807
USDKRW=X,2020-07-30,1190.72998046875,D1,Downtrend,Low,-0.007203794228313409,-1.3554763311722788
USDKRW=X,2020-07-31,1189.56005859375,D1,Downtrend,Low,-0.0009825249168072814,-1.3846824448736799
USDKRW=X,2020-08-03,1193.3900146484375,D1,Downtrend,Low,0.003219640763002074,-1.0824681753516785
USDKRW=X,2020-08-04,1191.760009765625,D1,Downtrend,Low,-0.0013658610033642216,-1.1545863145951394
USDKRW=X,2020-08-05,1192.25,D1,Downtrend,Low,0.00041114841105582833,-1.084627273598931
USDKRW=X,2020-08-06,1185.1800537109375,D1,Downtrend,Low,-0.005929919303050979,-1.5140177378527602
USDKRW=X,2020-08-07,1183.1700439453125,D1,Downtrend,Low,-0.0016959530826825553,-1.5890241138083159
USDKRW=X,2020-08-10,1188.1500244140625,D1,Downtrend,Low,0.0042090150052684905,-1.218352497716778
USDKRW=X,2020-08-11,1185.18994140625,D1,Downtrend,Low,-0.002491337749432998,-1.373077487906646
USDKRW=X,2020-08-12,1184.97998046875,D1,Downtrend,Low,-0.0001771538300864295,-1.3414163291187684
USDKRW=X,2020-08-13,1182.75,D1,Downtrend,Low,-0.0018818718505841936,-1.446058922693643
USDKRW=X,2020-08-14,1184.1199951171875,D1,Downtrend,Low,0.0011583133520924882,-1.3237674322209705
USDKRW=X,2020-08-17,1186.0400390625,D1,Downtrend,Low,0.001621494403633017,-1.181816561731202
USDKRW=X,2020-08-18,1183.0999755859375,D1,Downtrend,Low,-0.0024788905768193814,-1.401608986310976
USDKRW=X,2020-08-19,1183.6400146484375,D1,Downtrend,Low,0.00045646105455499075,-1.3409618773768435
USDKRW=X,2020-08-20,1181.2099609375,D1,Downtrend,Low,-0.002053034436875878,-1.5565137940979041
USDKRW=X,2020-08-21,1184.2900390625,D1,Downtrend,Low,0.0026075619295957697,-1.3287493980442764
USDKRW=X,2020-08-24,1191.199951171875,D1,Downtrend,Low,0.005834645130381233,-0.6760242050170979
USDKRW=X,2020-08-25,1188.25,D1,Downtrend,Low,-0.0024764534022796436,-0.9614644817429737
USDKRW=X,2020-08-26,1186.4599609375,D1,Downtrend,Low,-0.0015064498737639154,-1.1341949551962731
USDKRW=X,2020-08-27,1183.8499755859375,D1,Downtrend,Low,-0.002199809043282097,-1.3924808308766616
USDKRW=X,2020-08-28,1186.5799560546875,D1,Downtrend,Low,0.0023060189424752853,-1.0653427171122325
USDKRW=X,2020-08-31,1179.5899658203125,D1,Downtrend,Low,-0.005890871659096852,-1.78762710179069
USDKRW=X,2020-09-01,1187.0400390625,D1,Downtrend,Low,0.006315816053086287,-0.9233643254060893
USDKRW=X,2020-09-02,1184.9200439453125,D1,Downtrend,Low,-0.0017859508082489484,-1.1258124660999045
USDKRW=X,2020-09-03,1188.6500244140625,D1,Downtrend,Low,0.0031478752408733435,-0.7092741130223079
USDKRW=X,2020-09-04,1190.780029296875,D1,Downtrend,Low,0.0017919529205936424,-0.45134138187527784
USDKRW=X,2020-09-07,1186.4200439453125,D1,Downtrend,Low,-0.0036614532023492297,-0.90749008425142
USDKRW=X,2020-09-08,1186.81005859375,D1,Downtrend,Low,0.0003287323494136629,-0.8354004888256102
USDKRW=X,2020-09-09,1189.239990234375,D1,Downtrend,Low,0.0020474477975895855,-0.5360087057279036
USDKRW=X,2020-09-10,1184.3800048828125,D1,Downtrend,Low,-0.004086631286763787,-1.086562758108534
USDKRW=X,2020-09-11,1187.22998046875,D1,Downtrend,Low,0.002406301671919575,-0.7197769343266134
USDKRW=X,2020-09-14,1186.969970703125,D1,Downtrend,Low,-0.00021900539061714408,-0.7319545124263361
USDKRW=X,2020-09-15,1180.8399658203125,D1,Downtrend,Low,-0.005164414462129341,-1.5014801905642727
USDKRW=X,2020-09-16,1179.25,D1,Downtrend,Low,-0.0013464701960760328,-1.6751188056760455
USDKRW=X,2020-09-17,1172.0699462890625,D2,Downtrend,Low,-0.0060886611922302825,-2.504072450668997
USDKRW=X,2020-09-18,1168.6500244140625,D2,Downtrend,Low,-0.002917847937171314,-2.73543614481373
USDKRW=X,2020-09-21,1163.989990234375,D2,Downtrend,Low,-0.003987536116318413,-3.0308991249430663
USDKRW=X,2020-09-22,1163.8499755859375,D2,Downtrend,Low,-0.00012028853307344267,-2.7962609126859364
USDKRW=X,2020-09-23,1162.5,D2,Downtrend,Low,-0.0011599223390093005,-2.7134322365453065
USDKRW=X,2020-09-24,1169.72998046875,D2,Downtrend,Low,0.006219338037634303,-1.8774077960280209
USDKRW=X,2020-09-25,1168.5,D2,Downtrend,Low,-0.001051508031158721,-1.9070832569339884
USDKRW=X,2020-09-28,1173.43994140625,D2,Downtrend,Low,0.004227592132006741,-1.3660208795434678
USDKRW=X,2020-09-29,1166.4100341796875,D2,Downtrend,Low,-0.005990853880546987,-1.9544647088194183
USDKRW=X,2020-09-30,1167.8599853515625,D2,Downtrend,Low,0.0012430887332812723,-1.7356658091502064
USDKRW=X,2020-10-01,1163.780029296875,D2,Downtrend,Low,-0.0034935318495901146,-2.0052062634053867
USDKRW=X,2020-10-02,1161.97998046875,D2,Downtrend,Low,-0.0015467259987375082,-2.0529260349735323
USDKRW=X,2020-10-05,1165.3599853515625,D2,Downtrend,Low,0.002908832285947849,-1.6864768934297425
USDKRW=X,2020-10-06,1156.0899658203125,D2,Downtrend,Low,-0.007954640323825313,-2.3586205478096565
USDKRW=X,2020-10-07,1163.8900146484375,D2,Downtrend,Low,0.006746922003246114,-1.645170451005898
USDKRW=X,2020-10-08,1156.5,D2,Downtrend,Low,-0.006349409785657234,-2.1574567518948404
USDKRW=X,2020-10-09,1150.3599853515625,D2,Downtrend,Low,-0.00530913501810415,-2.5156659619188337
USDKRW=X,2020-10-12,1142.6500244140625,D2,Downtrend,Low,-0.006702215859102356,-2.8956533695239504
USDKRW=X,2020-10-13,1146.4000244140625,D2,Downtrend,Low,0.003281844764255748,-2.452998156332672
USDKRW=X,2020-10-14,1147.8900146484375,D2,Downtrend,Low,0.001299712319124069,-2.2076900514837723
USDKRW=X,2020-10-15,1146.31005859375,D2,Downtrend,Low,-0.0013764002077946147,-2.19515181354213
USDKRW=X,2020-10-16,1144.1300048828125,D2,Downtrend,Low,-0.0019018010830437193,-2.227744300829675
USDKRW=X,2020-10-19,1141.1800537109375,D2,Downtrend,Low,-0.0025783356430523208,-2.2984066391424562
USDKRW=X,2020-10-20,1137.0,D2,Downtrend,Low,-0.00366292216319819,-2.413273152165973
USDKRW=X,2020-10-21,1136.0,D2,Downtrend,Low,-0.0008795074758135568,-2.3400671148176966
USDKRW=X,2020-10-22,1132.030029296875,D2,Downtrend,Low,-0.0034946925203565016,-2.414303940569787
USDKRW=X,2020-10-23,1134.1500244140625,D2,Downtrend,Low,0.0018727375266751611,-2.1612242316967576
USDKRW=X,2020-10-26,1127.760009765625,D2,Downtrend,Low,-0.00563418816812955,-2.3681254668642207
USDKRW=X,2020-10-27,1131.6400146484375,D2,Downtrend,Low,0.0034404526222018283,-2.047057163177624
USDKRW=X,2020-10-28,1128.22998046875,D2,Downtrend,Low,-0.0030133559573243263,-2.1111560051232394
USDKRW=X,2020-10-29,1134.1800537109375,D2,Downtrend,Low,0.005273812383283172,-1.724964409341337
USDKRW=X,2020-10-30,1129.52001953125,D2,Downtrend,Low,-0.0041087252102876,-1.8659094616492498
USDKRW=X,2020-11-02,1135.6099853515625,D2,Downtrend,Low,0.005391640444619927,-1.5065580252215431
USDKRW=X,2020-11-03,1132.1400146484375,D2,Downtrend,Low,-0.0030556007325444057,-1.6071257045348784
USDKRW=X,2020-11-04,1130.3299560546875,D2,Downtrend,Low,-0.001598793939203813,-1.6242945871789973
USDKRW=X,2020-11-05,1129.739990234375,D2,Downtrend,Low,-0.0005219412412741375,-1.585058337466353
USDKRW=X,2020-11-06,1122.6300048828125,D2,Downtrend,Low,-0.006293470544569746,-1.8270313669408378
USDKRW=X,2020-11-09,1121.1500244140625,D2,Downtrend,Low,-0.0013183154399160069,-1.8096795821341451
USDKRW=X,2020-11-10,1118.68994140625,D2,Downtrend,Low,-0.002194249613559296,-1.830881582038476
USDKRW=X,2020-11-11,1116.0799560546875,D2,Downtrend,Low,-0.0023330730481777584,-1.8545611201019292
USDKRW=X,2020-11-12,1111.449951171875,D2,Downtrend,Low,-0.00414845267822872,-1.9500348062146227
USDKRW=X,2020-11-13,1114.9100341796875,D2,Downtrend,Low,0.0031131253406095905,-1.7297013664551038
USDKRW=X,2020-11-16,1107.760009765625,D2,Downtrend,Low,-0.0064130954021982545,-1.9329436569572738
USDKRW=X,2020-11-17,1106.0899658203125,D2,Downtrend,Low,-0.001507586418168172,-1.9109212616850562
USDKRW=X,2020-11-18,1104.949951171875,D2,Downtrend,Low,-0.0010306708167197032,-1.8699243902826956
USDKRW=X,2020-11-19,1105.9000244140625,D2,Downtrend,Low,0.0008598337338083795,-1.7562423083665795
USDKRW=X,2020-11-20,1114.1400146484375,D2,Downtrend,Low,0.007450935936764047,-1.3928695902824326
USDKRW=X,2020-11-23,1113.8299560546875,D2,Downtrend,Low,-0.00027829410098678675,-1.3554679303945745
USDKRW=X,2020-11-24,1113.0799560546875,D2,Downtrend,Low,-0.0006733523334716551,-1.3399149432575634
USDKRW=X,2020-11-25,1109.7099609375,D2,Downtrend,Low,-0.003027630763500988,-1.4194971128794172
USDKRW=X,2020-11-26,1104.489990234375,D2,Downtrend,Low,-0.0047039054229224275,-1.5653529488006437
USDKRW=X,2020-11-27,1105.56005859375,D2,Downtrend,Low,0.0009688348186369655,-1.4806747097082789
USDKRW=X,2020-11-30,1104.3299560546875,D2,Downtrend,Low,-0.0011126510310323079,-1.4809448661052467
USDKRW=X,2020-12-01,1108.510009765625,D2,Downtrend,Low,0.0037851492554554778,-1.2839098778537206
USDKRW=X,2020-12-02,1106.280029296875,D2,Downtrend,Low,-0.0020116917746385576,-1.3365651293941592
USDKRW=X,2020-12-03,1099.3800048828125,D2,Downtrend,Low,-0.006237140896819704,-1.561328050895056
USDKRW=X,2020-12-04,1091.3199462890625,D2,Downtrend,Low,-0.007331458238235999,-1.823752740378244
USDKRW=X,2020-12-07,1083.780029296875,D2,Downtrend,Low,-0.006908988530656246,-2.0501405967635913
USDKRW=X,2020-12-08,1083.6800537109375,D2,Downtrend,Low,-9.224711955835296e-05,-1.977748766669188
USDKRW=X,2020-12-09,1084.8599853515625,D2,Downtrend,Low,0.0010888191921447632,-1.8646335353134684
USDKRW=X,2020-12-10,1086.3599853515625,D2,Downtrend,Low,0.0013826669065630792,-1.740357651618606
USDKRW=X,2020-12-11,1086.3699951171875,D2,Downtrend,Low,9.214041164939957e-06,-1.6769241983219088
USDKRW=X,2020-12-14,1091.5799560546875,D2,Downtrend,Low,0.0047957518717534064,-1.4243044199433448
USDKRW=X,2020-12-15,1092.06005859375,D2,Downtrend,Low,0.0004398235203930678,-1.359953318659808
USDKRW=X,2020-12-16,1088.2099609375,D2,Downtrend,Low,-0.003525536554470965,-1.4585607023160607
USDKRW=X,2020-12-17,1091.6500244140625,D2,Downtrend,Low,0.0031612130012106388,-1.2888925443203714
USDKRW=X,2020-12-18,1092.1600341796875,D2,Downtrend,Low,0.00046719164037822836,-1.2349744898227046
USDKRW=X,2020-12-21,1098.97998046875,D2,Downtrend,Low,0.006244456925385444,-0.940391316042071
USDKRW=X,2020-12-22,1101.8599853515625,D2,Downtrend,Low,0.0026206163296842444,-0.7973984903483284
USDKRW=X,2020-12-23,1107.97998046875,D2,Downtrend,Low,0.005554240283292211,-0.515746676838259
USDKRW=X,2020-12-24,1104.800048828125,D2,Downtrend,Low,-0.0028700262610157345,-0.6284281509034821
USDKRW=X,2020-12-25,1099.9100341796875,D2,Downtrend,Low,-0.004426153541199018,-0.8216621265213995
USDKRW=X,2020-12-28,1099.0899658203125,D2,Downtrend,Low,-0.0007455776689833105,-0.8384605025902762
USDKRW=X,2020-12-29,1095.0,D2,Downtrend,Low,-0.003721229332905418,-1.0058847258217047
USDKRW=X,2020-12-30,1092.6199951171875,D2,Downtrend,Low,-0.00217352044092467,-1.1053676111314537
USDKRW=X,2020-12-31,1086.4200439453125,D2,Downtrend,Low,-0.005674389265785007,-1.3901961640766083
USDKRW=X,2021-01-01,1084.6500244140625,D2,Downtrend,Low,-0.0016292220869031926,-1.4448842610954231
USDKRW=X,2021-01-04,1084.72998046875,D2,Downtrend,Low,7.371599399608186e-05,-1.397249390373099
USDKRW=X,2021-01-05,1086.6199951171875,D2,Downtrend,Low,0.0017423826043978519,-1.2659060759792768
USDKRW=X,2021-01-06,1086.449951171875,D2,Downtrend,Low,-0.0001564888793474939,-1.2477316051000071
USDKRW=X,2021-01-07,1086.949951171875,D2,Downtrend,Low,0.0004602144806216124,-1.1946993747350518
USDKRW=X,2021-01-08,1093.0699462890625,D2,Downtrend,Low,0.00563042954331916,-0.8296952940387601
USDKRW=X,2021-01-11,1092.8199462890625,D2,Downtrend,Low,-0.0002287136343367413,-0.820058208319552
USDKRW=X,2021-01-12,1096.449951171875,D2,Downtrend,Low,0.0033216861525442454,-0.5800773206278039
USDKRW=X,2021-01-13,1093.5400390625,D2,Downtrend,Low,-0.0026539397500678907,-0.7315616494756073
USDKRW=X,2021-01-14,1097.1099853515625,D2,Downtrend,Low,0.003264577575159411,-0.48406660938530793
USDKRW=X,2021-01-15,1094.9000244140625,D2,Downtrend,Low,-0.002014347665236005,-0.5995790376501585
USDKRW=X,2021-01-18,1102.9599609375,D2,Downtrend,Low,0.0073613447289406775,-0.046371547291241155
USDKRW=X,2021-01-19,1103.0999755859375,D2,Downtrend,Low,0.00012694445256067333,-0.005410347137912
USDKRW=X,2021-01-20,1100.989990234375,D2,Downtrend,Low,-0.0019127779877265993,-0.1226947404428106
USDKRW=X,2021-01-21,1096.25,D2,Downtrend,Low,-0.004305207382826359,-0.43142825981089805
USDKRW=X,2021-01-22,1099.9000244140625,D2,Downtrend,Low,0.0033295547676739368,-0.13010185569906163
USDKRW=X,2021-01-25,1104.6400146484375,D2,Downtrend,Low,0.004309473705939926,0.28975299560601003
USDKRW=X,2021-01-26,1101.72998046875,D2,Downtrend,Low,-0.0026343733171875217,0.09966576845132116
USDKRW=X,2021-01-27,1101.0,D2,Downtrend,Low,-0.0006625765674811435,0.08374721462706351
USDKRW=X,2021-01-28,1107.5,D2,Downtrend,Low,0.005903723887375145,0.7604084053189796
USDKRW=X,2021-01-29,1112.2900390625,D2,Downtrend,Low,0.004325091704288964,1.2840668181065789
USDKRW=X,2021-02-01,1117.4300537109375,D2,Downtrend,Low,0.004621110023397934,1.8314489206430733
USDKRW=X,2021-02-02,1116.8800048828125,D2,Downtrend,Low,-0.0004922445268930042,1.788897605037272
USDKRW=X,2021-02-03,1113.6099853515625,D2,Downtrend,Low,-0.0029278163428068105,1.4674891880977765
USDKRW=X,2021-02-04,1113.1500244140625,D2,Downtrend,Low,-0.0004130359313856413,1.4114428936599046
USDKRW=X,2021-02-05,1119.1300048828125,D2,Downtrend,Low,0.005372124455459426,1.993450933996069
USDKRW=X,2021-02-08,1116.8499755859375,D2,Downtrend,Low,-0.002037322998156732,1.7121197182397419
USDKRW=X,2021-02-09,1116.3299560546875,D2,Downtrend,Low,-0.0004656126987666598,1.6118165118933125
USDKRW=X,2021-02-10,1110.0,D2,Downtrend,Low,-0.005670327146875764,0.9791337297832934
USDKRW=X,2021-02-11,1103.97998046875,D2,Downtrend,Low,-0.0054234410191441595,0.3983560524564926
USDKRW=X,2021-02-12,1102.219970703125,D2,Downtrend,Low,-0.0015942406536010312,0.25057790054670237
USDKRW=X,2021-02-15,1103.3699951171875,D2,Downtrend,Low,0.0010433710553519049,0.3875707107906969
USDKRW=X,2021-02-16,1102.239990234375,D2,Downtrend,Low,-0.0010241395794821084,0.29680437893724654
USDKRW=X,2021-02-17,1106.4599609375,D2,Downtrend,Low,0.003828540735695496,0.7364345538311132
USDKRW=X,2021-02-18,1104.550048828125,D2,Downtrend,Low,-0.0017261466088268618,0.5405239320554297
USDKRW=X,2021-02-19,1106.219970703125,D2,Downtrend,Low,0.0015118571374577172,0.7100130906373465
USDKRW=X,2021-02-22,1103.93994140625,D2,Downtrend,Low,-0.002061099381008069,0.4773168149223953
USDKRW=X,2021-02-23,1110.6700439453125,D2,Downtrend,Low,0.006096439024109834,1.1585903424014732
USDKRW=X,2021-02-24,1109.31005859375,D2,Downtrend,Low,-0.001224472883712191,1.0100903376423616
USDKRW=X,2021-02-25,1107.2099609375,D2,Downtrend,Low,-0.001893156597635337,0.7793624020033958
USDKRW=X,2021-02-26,1119.1300048828125,D2,Downtrend,Low,0.010765838789256854,1.887874614360617
USDKRW=X,2021-03-01,1123.3699951171875,D2,Downtrend,Low,0.0037886485179341456,2.1940809415861455
USDKRW=X,2021-03-02,1101.8299560546875,D2,Downtrend,Low,-0.01917448316772341,0.08945608735473332
USDKRW=X,2021-03-03,1124.3299560546875,D2,Downtrend,Low,0.020420573861111624,2.1987686808082274
USDKRW=X,2021-03-04,1129.5,D2,Downtrend,Low,0.004598333360657181,2.5276223350205256
USDKRW=X,2021-03-05,1133.3499755859375,D2,Downtrend,Low,0.003408566255810097,2.6834787143942758
USDKRW=X,2021-03-08,1127.489990234375,D2,Downtrend,Low,-0.0051704993848284975,2.051335467065233
USDKRW=X,2021-03-09,1140.22998046875,D2,Downtrend,Low,0.011299426464732143,2.8767381060360226
USDKRW=X,2021-03-10,1134.9100341796875,D2,Downtrend,Low,-0.004665678310682098,2.308147463161674
USDKRW=X,2021-03-11,1136.010009765625,D2,Downtrend,Low,0.0009692183105356467,2.2535568570902513
USDKRW=X,2021-03-12,1129.6400146484375,D2,Downtrend,Low,-0.005607340659350091,1.7005444740975997
USDKRW=X,2021-03-15,1134.5,D2,Downtrend,Low,0.0043022425627115,1.9538644456279075
USDKRW=X,2021-03-16,1131.3900146484375,D2,Downtrend,Low,-0.002741282813188639,1.6573472731441252
USDKRW=X,2021-03-17,1129.8399658203125,D2,Downtrend,Low,-0.001370039339269491,1.4937743784062416
USDKRW=X,2021-03-18,1121.1300048828125,D2,Downtrend,Low,-0.007709021809275574,0.8718977383570325
USDKRW=X,2021-03-19,1126.1099853515625,D2,Downtrend,Low,0.004441929523838262,1.1711105684354317
USDKRW=X,2021-03-22,1127.47998046875,D2,Downtrend,Low,0.0012165731012143688,1.2203460493296765
USDKRW=X,2021-03-23,1125.1199951171875,D2,Downtrend,Low,-0.002093150559162371,1.0273804614772635
USDKRW=X,2021-03-24,1133.199951171875,D2,Downtrend,Low,0.0071814171730597565,1.5095795596786856
USDKRW=X,2021-03-25,1134.47998046875,D2,Downtrend,Low,0.0011295705542091472,1.5434869203029735
USDKRW=X,2021-03-26,1134.2099609375,D2,Downtrend,Low,-0.00023801171981763236,1.48295077058495
USDKRW=X,2021-03-29,1127.9599609375,D2,Downtrend,Low,-0.00551044358209829,1.0371246022724312
USDKRW=X,2021-03-30,1131.6500244140625,D2,Downtrend,Low,0.0032714489914122957,1.2561607124773986
USDKRW=X,2021-03-31,1132.3199462890625,D2,Downtrend,Low,0.000591986798521793,1.2713242490000602
USDKRW=X,2021-04-01,1127.199951171875,D2,Downtrend,Low,-0.004521685883894566,0.8858371180171746
USDKRW=X,2021-04-02,1128.06005859375,D2,Downtrend,Low,0.0007630477813460601,0.9194290343230668
USDKRW=X,2021-04-05,1128.7900390625,D2,Downtrend,Low,0.0006471113511987703,0.9448665878280135
USDKRW=X,2021-04-06,1124.1099853515625,D2,Downtrend,Low,-0.0041460799165311535,0.5696774482279146
USDKRW=X,2021-04-07,1117.5,D2,Downtrend,Low,-0.005880194498490532,0.03805484345900601
USDKRW=X,2021-04-08,1117.8599853515625,D2,Downtrend,Low,0.00032213454278529063,0.04000090173338692
USDKRW=X,2021-04-09,1115.8399658203125,D2,Downtrend,Low,-0.001807041631081141,-0.1532291059330177
USDKRW=X,2021-04-12,1122.06005859375,D2,Downtrend,Low,0.005574359194837397,0.33493858336418236
USDKRW=X,2021-04-13,1124.449951171875,D2,Downtrend,Low,0.0021299150253331067,0.5094741878798655
USDKRW=X,2021-04-14,1120.68994140625,D2,Downtrend,Low,-0.0033438658267594956,0.1693294339074797
USDKRW=X,2021-04-15,1116.1099853515625,D2,Downtrend,Low,-0.0040867289742428925,-0.2588885505579752
USDKRW=X,2021-04-16,1115.6700439453125,D2,Downtrend,Low,-0.0003941738825241625,-0.32886726884758677
USDKRW=X,2021-04-19,1115.6500244140625,D2,Downtrend,Low,-1.7943953374621735e-05,-0.35230339135520755
USDKRW=X,2021-04-20,1114.469970703125,D2,Downtrend,Low,-0.0010577274997660702,-0.49050951803207865
USDKRW=X,2021-04-21,1116.1099853515625,D2,Downtrend,Low,0.0014715646823599826,-0.3698204043573305
USDKRW=X,2021-04-22,1115.6600341796875,D2,Downtrend,Low,-0.00040314232269256234,-0.43091674435180377
USDKRW=X,2021-04-23,1118.5899658203125,D2,Downtrend,Low,0.0026261867870702726,-0.15671789009504872
USDKRW=X,2021-04-26,1114.1300048828125,D2,Downtrend,Low,-0.003987127610454944,-0.5861243752754138
USDKRW=X,2021-04-27,1109.22998046875,D2,Downtrend,Low,-0.004398072390643382,-1.0427641922315498
USDKRW=X,2021-04-28,1112.1500244140625,D2,Downtrend,Low,0.0026324964134836204,-0.7567048305547074
USDKRW=X,2021-04-29,1108.6600341796875,D2,Downtrend,Low,-0.0031380570586362344,-1.0796070685123988
USDKRW=X,2021-04-30,1106.6300048828125,D2,Downtrend,Low,-0.0018310656416662408,-1.237799274631893
USDKRW=X,2021-05-03,1116.760009765625,D2,Downtrend,Low,0.00915392212222299,-0.278462885392896
USDKRW=X,2021-05-04,1120.4000244140625,D2,Downtrend,Low,0.00325944215105034,0.059814715913476785
USDKRW=X,2021-05-05,1124.9100341796875,D2,Downtrend,Low,0.004025356718448503,0.4662389161904277
USDKRW=X,2021-05-06,1123.989990234375,D2,Downtrend,Low,-0.0008178822460086499,0.35360191074525904
USDKRW=X,2021-05-07,1119.3900146484375,D2,Downtrend,Low,-0.004092541415763207,-0.12452408883485863
USDKRW=X,2021-05-10,1111.969970703125,D2,Downtrend,Low,-0.0066286493967367965,-0.8969704978646554
USDKRW=X,2021-05-11,1115.5400390625,D2,Downtrend,Low,0.0032105798298829313,-0.572355338066413
USDKRW=X,2021-05-12,1118.22998046875,D2,Downtrend,Low,0.002411335597161113,-0.31717668979698654
USDKRW=X,2021-05-13,1131.5999755859375,D2,Downtrend,Low,0.011956391217111673,1.082496830549135
USDKRW=X,2021-05-14,1125.699951171875,D2,Downtrend,Low,-0.005213878173696007,0.41495443986219654
USDKRW=X,2021-05-17,1125.530029296875,D2,Downtrend,Low,-0.0001509477501736578,0.36858591828767606
USDKRW=X,2021-05-18,1135.510009765625,D2,Downtrend,Low,0.008866916216339948,1.4671140911743326
USDKRW=X,2021-05-19,1127.1400146484375,D2,Downtrend,Low,-0.00737113283476476,0.4798165669415874
USDKRW=X,2021-05-20,1130.3699951171875,D2,Downtrend,Low,0.002865642623607334,0.8332349112931864
USDKRW=X,2021-05-21,1127.050048828125,D2,Downtrend,Low,-0.0029370438912953434,0.419075059547738
USDKRW=X,2021-05-24,1126.7900390625,D2,Downtrend,Low,-0.0002306993960874415,0.38050636086512674
USDKRW=X,2021-05-25,1122.18994140625,D2,Downtrend,Low,-0.004082479873603884,-0.22596354710414676
USDKRW=X,2021-05-26,1121.3800048828125,D2,Downtrend,Low,-0.0007217463760390563,-0.32285353794182214
USDKRW=X,2021-05-27,1115.52001953125,D2,Downtrend,Low,-0.005225690957611495,-1.0358458108048343
USDKRW=X,2021-05-28,1117.300048828125,D2,Downtrend,Low,0.001595694622874566,-0.7819641212673941
USDKRW=X,2021-05-31,1112.8499755859375,D2,Downtrend,Low,-0.003982881095239366,-1.3039042803290517
USDKRW=X,2021-06-01,1106.97998046875,D2,Downtrend,Low,-0.005274740752091778,-1.988723895538156
USDKRW=X,2021-06-02,1107.2099609375,D2,Downtrend,Low,0.00020775485808921523,-1.8819371603185617
USDKRW=X,2021-06-03,1109.8800048828125,D2,Downtrend,Low,0.0024115064346528214,-1.5014613320950343
USDKRW=X,2021-06-04,1115.43994140625,D2,Downtrend,Low,0.005009493367730711,-0.7688236428415358
USDKRW=X,2021-06-07,1109.6800537109375,D2,Downtrend,Low,-0.005163781106897525,-1.457804706525054
USDKRW=X,2021-06-08,1109.3199462890625,D2,Downtrend,Low,-0.000324514638855411,-1.4521478262585334
USDKRW=X,2021-06-09,1116.8900146484375,D2,Downtrend,Low,0.0068240622416451124,-0.46288703410659054
USDKRW=X,2021-06-10,1116.4100341796875,D2,Downtrend,Low,-0.0004297473004994945,-0.513492215377876
USDKRW=X,2021-06-11,1111.260009765625,D2,Downtrend,Low,-0.004613022327273009,-1.1366999816459504
USDKRW=X,2021-06-14,1115.550048828125,D2,Downtrend,Low,0.003860517812932729,-0.5657229091534657
USDKRW=X,2021-06-15,1116.3199462890625,D2,Downtrend,Low,0.0006901505331349256,-0.44893629284955316
USDKRW=X,2021-06-16,1116.030029296875,D2,Downtrend,Low,-0.00025970779537820565,-0.4605406008562685
USDKRW=X,2021-06-17,1131.949951171875,D2,Downtrend,Low,0.014264779134151029,1.6616114697945956
USDKRW=X,2021-06-18,1133.5400390625,D2,Downtrend,Low,0.0014047333885909286,1.8804445354367827
USDKRW=X,2021-06-21,1134.25,D2,Downtrend,Low,0.0006263218880977472,1.9194358932695017
USDKRW=X,2021-06-22,1130.3399658203125,D2,Downtrend,Low,-0.003447241948148605,1.417086161621128
USDKRW=X,2021-06-23,1132.510009765625,D2,Downtrend,Low,0.0019198152864901008,1.7005031528865782
USDKRW=X,2021-06-24,1132.6099853515625,D2,Downtrend,Low,8.827788282261828e-05,1.6747431962510375
USDKRW=X,2021-06-25,1130.800048828125,D2,Downtrend,Low,-0.0015980227499722277,1.4243095508107355
USDKRW=X,2021-06-28,1125.3399658203125,D2,Downtrend,Low,-0.004828513240223931,0.736908361155962
USDKRW=X,2021-06-29,1129.0400390625,D2,Downtrend,Low,0.0032879603982520766,1.192682297745286
USDKRW=X,2021-06-30,1130.510009765625,D2,Downtrend,Low,0.001301965078533085,1.33301104779504
USDKRW=X,2021-07-01,1129.5999755859375,D2,Downtrend,Low,-0.000804976667014401,1.1799532581871048
USDKRW=X,2021-07-02,1132.4100341796875,D2,Downtrend,Low,0.0024876581572981227,1.4710713711368053
USDKRW=X,2021-07-05,1129.77001953125,D2,Downtrend,Low,-0.0023313239628346416,1.119942800662786
USDKRW=X,2021-07-06,1129.43994140625,D2,Downtrend,Low,-0.00029216399735665366,1.0614668358439483
USDKRW=X,2021-07-07,1135.47998046875,D2,Downtrend,Low,0.00534781783525351,1.713320815308341
USDKRW=X,2021-07-08,1140.52001953125,D2,Downtrend,Low,0.004438685973502832,2.168782378947563
USDKRW=X,2021-07-09,1146.280029296875,D2,Downtrend,Low,0.005050336396543287,2.6029858609392336
USDKRW=X,2021-07-12,1144.31005859375,D2,Downtrend,Low,-0.0017185771825174445,2.246910652585719
USDKRW=X,2021-07-13,1141.0999755859375,D2,Downtrend,Low,-0.0028052563059328683,1.8296888297228036
USDKRW=X,2021-07-14,1148.699951171875,D2,Downtrend,Low,0.006660218866480161,2.410301132113383
USDKRW=X,2021-07-15,1143.4100341796875,D2,Downtrend,Low,-0.004605133818270657,1.8197137586433116
USDKRW=X,2021-07-16,1140.1199951171875,D2,Downtrend,Low,-0.0028773921551775716,1.4581102507073453
USDKRW=X,2021-07-19,1141.5,D2,Downtrend,Low,0.0012104031932802517,1.5216463932799877
USDKRW=X,2021-07-20,1150.0699462890625,D2,Downtrend,Low,0.007507618299660512,2.1716372666458166
USDKRW=X,2021-07-21,1147.47998046875,D2,Downtrend,Low,-0.0022520072180561845,1.8577596735857491
USDKRW=X,2021-07-22,1148.68994140625,D2,Downtrend,Low,0.0010544505857137398,1.8805284124977888
USDKRW=X,2021-07-23,1149.9100341796875,D2,Downtrend,Low,0.0010621602309355271,1.9082374956579868
USDKRW=X,2021-07-26,1151.1199951171875,D2,Downtrend,Low,0.0010522222622078026,1.911600367213373
USDKRW=X,2021-07-27,1151.760009765625,D2,Downtrend,Low,0.0005559929904375149,1.8683405316404882
USDKRW=X,2021-07-28,1153.56005859375,D2,Downtrend,Low,0.001562867969770343,1.9115736537677657
USDKRW=X,2021-07-29,1149.4100341796875,D2,Downtrend,Low,-0.0035975798426322037,1.5291768097751959
USDKRW=X,2021-07-30,1142.1199951171875,D2,Downtrend,Low,-0.006342418149936191,0.9467154044085555
USDKRW=X,2021-08-02,1150.9300537109375,D2,Downtrend,Low,0.007713776688452079,1.552467818342228
USDKRW=X,2021-08-03,1149.56005859375,D2,Downtrend,Low,-0.0011903374256065913,1.398080221773193
USDKRW=X,2021-08-04,1148.5799560546875,D2,Downtrend,Low,-0.0008525892420631065,1.2788687932623553
USDKRW=X,2021-08-05,1144.06005859375,D2,Downtrend,Low,-0.003935204891144961,0.9226133043171157
USDKRW=X,2021-08-06,1143.1199951171875,D2,Downtrend,Low,-0.0008216906704338056,0.8286898528787024
USDKRW=X,2021-08-09,1144.9200439453125,D2,Downtrend,Low,0.0015746805548095821,0.9312138262069949
USDKRW=X,2021-08-10,1145.8900146484375,D2,Downtrend,Low,0.0008471951454203097,0.981370882485041
USDKRW=X,2021-08-11,1152.47998046875,D2,Downtrend,Low,0.005750958413172302,1.4030646373072373
USDKRW=X,2021-08-12,1152.8499755859375,D2,Downtrend,Low,0.00032104255471487875,1.3798469545725192
USDKRW=X,2021-08-13,1162.06005859375,D2,Downtrend,Low,0.00798896925259629,1.9204780378799169
USDKRW=X,2021-08-16,1161.3800048828125,D2,Downtrend,Low,-0.000585213910338167,1.787584946386445
USDKRW=X,2021-08-17,1164.5,D2,Downtrend,Low,0.002686454996702281,1.8956134849982655
USDKRW=X,2021-08-18,1176.449951171875,D2,Downtrend,Low,0.010261873054422388,2.4775482973928473
USDKRW=X,2021-08-19,1169.6800537109375,D2,Downtrend,Low,-0.005754513784622883,1.9674191919613147
USDKRW=X,2021-08-20,1175.3900146484375,D2,Downtrend,Low,0.00488164341982622,2.181982378228203
USDKRW=X,2021-08-23,1174.239990234375,D2,Downtrend,Low,-0.0009784194180061379,2.0189965432531443
USDKRW=X,2021-08-24,1167.6099853515625,D2,Downtrend,Low,-0.005646209410300473,1.594796270453897
USDKRW=X,2021-08-25,1163.469970703125,D2,Downtrend,Low,-0.003545717063383025,1.324453298935925
USDKRW=X,2021-08-26,1163.3299560546875,D2,Downtrend,Low,-0.00012034229671853414,1.2824463335771754
USDKRW=X,2021-08-27,1170.0,D2,Downtrend,Low,0.00573357877582148,1.6186390746950532
USDKRW=X,2021-08-30,1161.3299560546875,D2,Downtrend,Low,-0.007410293970352533,1.0824113969777416
USDKRW=X,2021-08-31,1165.510009765625,D2,Downtrend,Low,0.0035993678533343676,1.3069700268038207
USDKRW=X,2021-09-01,1158.4100341796875,D2,Downtrend,Low,-0.006091732826357443,0.8429049541876301
USDKRW=X,2021-09-02,1155.280029296875,D2,Downtrend,Low,-0.002701983572707012,0.6211996399910464
USDKRW=X,2021-09-03,1157.1300048828125,D2,Downtrend,Low,0.0016013222240700564,0.7190003985773715
USDKRW=X,2021-09-06,1154.75,D2,Downtrend,Low,-0.0020568171880164243,0.5346010100471255
USDKRW=X,2021-09-07,1155.5400390625,D2,Downtrend,Low,0.0006841645919029027,0.5651812593642899
USDKRW=X,2021-09-08,1161.0,D2,Downtrend,Low,0.0047250296423564375,0.9412194749934767
USDKRW=X,2021-09-09,1166.489990234375,D2,Downtrend,Low,0.004728673759151647,1.3077628990872405
USDKRW=X,2021-09-10,1169.1300048828125,D2,Downtrend,Low,0.0022632124326305014,1.4512093360137146
USDKRW=X,2021-09-13,1169.3800048828125,D2,Downtrend,Low,0.00021383421771403732,1.4174003482293978
USDKRW=X,2021-09-14,1171.1099853515625,D2,Downtrend,Low,0.0014793997344972887,1.4940442513246643
USDKRW=X,2021-09-15,1170.800048828125,D2,Downtrend,Low,-0.0002646519347577758,1.42173861872292
USDKRW=X,2021-09-16,1165.219970703125,D2,Downtrend,Low,-0.004766038514078641,0.9786034316555844
USDKRW=X,2021-09-17,1174.4200439453125,D2,Downtrend,Low,0.007895567767033596,1.6078427979579435
USDKRW=X,2021-09-20,1181.1099853515625,D1,Downtrend,Low,0.005696378770730037,2.0364819499778237
USDKRW=X,2021-09-21,1186.3199462890625,D1,Downtrend,Low,0.004411071790193288,2.310160943462546
USDKRW=X,2021-09-22,1182.9200439453125,D1,Downtrend,Low,-0.0028659236105615937,1.983190904161052
USDKRW=X,2021-09-23,1181.030029296875,D1,Downtrend,Low,-0.001597753506766053,1.7895799463933966
USDKRW=X,2021-09-24,1174.699951171875,D2,Downtrend,Low,-0.0053597943896215305,1.294056508285817
USDKRW=X,2021-09-27,1179.199951171875,D1,Downtrend,Low,0.003830765461010577,1.5866021451248584
USDKRW=X,2021-09-28,1176.9599609375,D2,Downtrend,Low,-0.001899584741458793,1.3927986097000395
USDKRW=X,2021-09-29,1186.8900146484375,D1,Downtrend,Low,0.008437036127403763,2.0648169869639927
USDKRW=X,2021-09-30,1187.4300537109375,D1,Downtrend,Low,0.0004550034593222563,2.01031451503927
USDKRW=X,2021-10-01,1183.719970703125,D1,Downtrend,Low,-0.00312446446526915,1.6633773586591154
USDKRW=X,2021-10-04,1180.0,D1,Downtrend,Low,-0.003142610410564739,1.3438256409015727
USDKRW=X,2021-10-05,1183.780029296875,D1,Downtrend,Low,0.0032034146583685974,1.564793781016075
USDKRW=X,2021-10-06,1187.1700439453125,D1,Downtrend,Low,0.0028637200869583435,1.7334361836924734
USDKRW=X,2021-10-07,1191.3800048828125,D1,Downtrend,Low,0.0035462156065773076,1.944870779423225
USDKRW=X,2021-10-08,1191.1500244140625,D1,Downtrend,Low,-0.00019303703923800875,1.8571873252703703
USDKRW=X,2021-10-11,1195.5799560546875,D1,Downtrend,Low,0.0037190375266156206,2.0716776646739907
USDKRW=X,2021-10-12,1195.800048828125,D1,Downtrend,Low,0.00018408871135955351,1.9835301751517371
USDKRW=X,2021-10-13,1196.8900146484375,D1,Downtrend,Low,0.0009114950458319893,1.960981211757289
USDKRW=X,2021-10-14,1186.7099609375,D1,Downtrend,Low,-0.008505421205245556,1.2486392777852082
USDKRW=X,2021-10-15,1182.1300048828125,D1,Downtrend,Low,-0.003859372724123178,0.9166018502783848
USDKRW=X,2021-10-18,1181.7900390625,D1,Downtrend,Low,-0.00028758750637258856,0.8644267902838343
USDKRW=X,2021-10-19,1185.6800537109375,D1,Downtrend,Low,0.0032916292402696,1.0858468834627402
USDKRW=X,2021-10-20,1175.6500244140625,D2,Downtrend,Low,-0.00845930507600512,0.39877686287911607
USDKRW=X,2021-10-21,1174.5899658203125,D2,Downtrend,Low,-0.0009016787068739651,0.3043707487659935
USDKRW=X,2021-10-22,1176.550048828125,D2,Downtrend,Low,0.0016687380829476517,0.4110352873497486
USDKRW=X,2021-10-25,1176.5400390625,D2,Downtrend,Low,-8.507726156681272e-06,0.3863654576525182
USDKRW=X,2021-10-26,1167.06005859375,D2,Downtrend,Low,-0.008057507737946557,-0.3154187841481395
USDKRW=X,2021-10-27,1167.3299560546875,D2,Downtrend,Low,0.00023126270062112653,-0.32603119144895615
USDKRW=X,2021-10-28,1172.1700439453125,D2,Downtrend,Low,0.004146289457852559,-0.0011548854033381522
USDKRW=X,2021-10-29,1167.3699951171875,D2,Downtrend,Low,-0.004095010662419685,-0.4209214102999932
USDKRW=X,2021-11-01,1174.3800048828125,D2,Downtrend,Low,0.006004959691396916,0.10962963675348561
USDKRW=X,2021-11-02,1176.5699462890625,D2,Downtrend,Low,0.0018647638729751836,0.263271367939418
USDKRW=X,2021-11-03,1178.0400390625,D1,Downtrend,Low,0.0012494733339689645,0.36631327776030326
USDKRW=X,2021-11-04,1179.3399658203125,D1,Downtrend,Low,0.0011034656842792145,0.4586088453023534
USDKRW=X,2021-11-05,1185.8299560546875,D1,Downtrend,Low,0.005503069871680921,1.033798444858591
USDKRW=X,2021-11-08,1180.5,D1,Downtrend,Low,-0.00449470518726014,0.5076953576938817
USDKRW=X,2021-11-09,1199.8599853515625,D1,Downtrend,Low,0.01639981817159053,2.217324723164256
USDKRW=X,2021-11-10,1177.5,D1,Downtrend,Low,-0.018635495494927268,0.15817947019192305
USDKRW=X,2021-11-11,1184.1400146484375,D1,Downtrend,Low,0.005639078257696495,0.7453348514159007
USDKRW=X,2021-11-12,1183.1099853515625,D1,Downtrend,Low,-0.0008698543112579671,0.6367384483390144
USDKRW=X,2021-11-15,1179.1099853515625,D1,Downtrend,Low,-0.0033809198210861258,0.263264424131769
USDKRW=X,2021-11-16,1183.510009765625,D1,Downtrend,Low,0.003731648844234492,0.6426171237721239
USDKRW=X,2021-11-17,1184.050048828125,D1,Downtrend,Low,0.0004563029108701766,0.6663698403432784
USDKRW=X,2021-11-18,1181.22998046875,D1,Downtrend,Low,-0.002381713815362896,0.38287992729355563
USDKRW=X,2021-11-19,1182.9000244140625,D1,Downtrend,Low,0.0014138177771696459,0.5198125017132279
USDKRW=X,2021-11-22,1191.6300048828125,D1,Downtrend,Low,0.007380150721591372,1.297153859130575
USDKRW=X,2021-11-23,1189.5,D1,Downtrend,Low,-0.0017874716766820287,1.0609944899052917
USDKRW=X,2021-11-24,1189.949951171875,D1,Downtrend,Low,0.00037826916509042796,1.0763274296896868
USDKRW=X,2021-11-25,1187.8800048828125,D1,Downtrend,Low,-0.0017395238236902477,0.8580203681316284
USDKRW=X,2021-11-26,1190.219970703125,D1,Downtrend,Low,0.001969867167301409,1.0739785761805072
USDKRW=X,2021-11-29,1194.6099853515625,D1,Downtrend,Low,0.003688406140458289,1.5235634907298836
USDKRW=X,2021-11-30,1190.739990234375,D1,Downtrend,Low,-0.003239546935520199,1.1019252016238623
USDKRW=X,2021-12-01,1182.8599853515625,D1,Downtrend,Low,-0.006617737665182033,0.16436377999263985
USDKRW=X,2021-12-02,1177.1099853515625,D2,Downtrend,Low,-0.004861099429524618,-0.5630810430841833
USDKRW=X,2021-12-03,1176.77001953125,D2,Downtrend,Low,-0.0002888139804633205,-0.631830687464022
USDKRW=X,2021-12-06,1183.1400146484375,D1,Downtrend,Low,0.005413118121181393,0.1428536555817701
USDKRW=X,2021-12-07,1180.56005859375,D1,Downtrend,Low,-0.0021806007934354055,-0.21208772414533858
USDKRW=X,2021-12-08,1176.8399658203125,D2,Downtrend,Low,-0.0031511253886301605,-0.7215474230437582
USDKRW=X,2021-12-09,1172.56005859375,D2,Downtrend,Low,-0.00363677929953643,-1.3450072455395805
USDKRW=X,2021-12-10,1177.3299560546875,D1,Downtrend,Low,0.004067934453317434,-0.7044111977830311
USDKRW=X,2021-12-13,1178.969970703125,D1,Downtrend,Low,0.0013929949204156689,-0.4733728676614451
USDKRW=X,2021-12-14,1185.0999755859375,D1,Downtrend,Low,0.005199458031281967,0.3708587193681446
USDKRW=X,2021-12-15,1184.22998046875,D1,Downtrend,Low,-0.0007341111594887373,0.24823191416286944
USDKRW=X,2021-12-16,1184.4000244140625,D1,Downtrend,Low,0.0001435903060360566,0.2637918046100292
USDKRW=X,2021-12-17,1186.1500244140625,D1,Downtrend,Low,0.0014775413407017712,0.4815993722460706
USDKRW=X,2021-12-20,1186.3900146484375,D1,Downtrend,Low,0.00020232704922262812,0.49814617378434933
USDKRW=X,2021-12-21,1190.1199951171875,D1,Downtrend,Low,0.003143974934630034,0.9810868610991402
USDKRW=X,2021-12-22,1191.27001953125,D1,Downtrend,Low,0.0009663096316177011,1.120153221933779
USDKRW=X,2021-12-23,1187.77001953125,D1,Downtrend,Low,-0.0029380408661482393,0.6403012127154001
USDKRW=X,2021-12-24,1185.5,D1,Downtrend,Low,-0.0019111608256839885,0.32560310645522555
USDKRW=X,2021-12-27,1185.9200439453125,D1,Downtrend,Low,0.00035431796314844277,0.36964799344870686
USDKRW=X,2021-12-28,1185.6500244140625,D1,Downtrend,Low,-0.00022768780461090987,0.32819966218787533
USDKRW=X,2021-12-29,1187.8499755859375,D1,Downtrend,Low,0.0018554810665669663,0.6264611313567734
USDKRW=X,2021-12-30,1183.6700439453125,D1,Downtrend,Low,-0.0035189053555042538,0.07457313082155924
USDKRW=X,2021-12-31,1189.8900146484375,D1,Downtrend,Low,0.005254818042360165,0.9378720302426309
USDKRW=X,2022-01-03,1187.780029296875,D1,Downtrend,Low,-0.0017732608271243677,0.679050175603388
USDKRW=X,2022-01-04,1194.6800537109375,D1,Downtrend,Low,0.005809176988896825,1.6652258161564508
USDKRW=X,2022-01-05,1196.5,D1,Downtrend,Low,0.001523375470620314,1.928260979635243
USDKRW=X,2022-01-06,1199.25,D1,Downtrend,Low,0.002298370246552439,2.1979541812228653
USDKRW=X,2022-01-07,1205.780029296875,D1,Downtrend,Low,0.005445094264644679,2.820835004164415
USDKRW=X,2022-01-10,1196.8800048828125,D1,Downtrend,Low,-0.007381134367644426,1.6218981600519853
USDKRW=X,2022-01-11,1198.0899658203125,D1,Downtrend,Low,0.0010109291930384678,1.7029435223883904
USDKRW=X,2022-01-12,1189.4300537109375,D1,Downtrend,Low,-0.007228098353570411,0.6308598947333649
USDKRW=X,2022-01-13,1185.8800048828125,D1,Downtrend,Low,-0.002984663803515919,0.17819054840211226
USDKRW=X,2022-01-14,1186.6099853515625,D1,Downtrend,Low,0.0006155601458361915,0.2493030159007889
USDKRW=X,2022-01-17,1188.9599609375,D1,Downtrend,Low,0.001980411099643087,0.5183917689686142
USDKRW=X,2022-01-18,1190.06005859375,D1,Downtrend,Low,0.0009252604733489544,0.6331262471519734
USDKRW=X,2022-01-19,1192.97998046875,D1,Downtrend,Low,0.0024535920300110536,0.9963785438236671
USDKRW=X,2022-01-20,1188.1600341796875,D1,Downtrend,Low,-0.004040257479566933,0.31690144377947566
USDKRW=X,2022-01-21,1192.4300537109375,D1,Downtrend,Low,0.0035938084167239648,0.9005314205558459
USDKRW=X,2022-01-24,1191.5,D1,Downtrend,Low,-0.0007799650034340244,0.7383238036564574
USDKRW=X,2022-01-25,1195.6600341796875,D1,Downtrend,Low,0.0034914260845049228,1.3218316021529395
USDKRW=X,2022-01-26,1196.0999755859375,D1,Downtrend,Low,0.0003679485754091161,1.3426790995968543
USDKRW=X,2022-01-27,1200.6300048828125,D1,Downtrend,Low,0.0037873333244202723,1.93212174585292
USDKRW=X,2022-01-28,1203.4599609375,D1,Downtrend,Low,0.0023570592465442797,2.209153049604853
USDKRW=X,2022-01-31,1207.7099609375,D1,Downtrend,Low,0.00353148433512418,2.6054014370880325
USDKRW=X,2022-02-01,1205.1199951171875,D1,Downtrend,Low,-0.002144526338345387,2.196451871340414
USDKRW=X,2022-02-02,1202.5,D1,Downtrend,Low,-0.0021740533123697503,1.7795650956090172
USDKRW=X,2022-02-03,1199.9599609375,D1,Downtrend,Low,-0.002112298596673612,1.3955254453718418
USDKRW=X,2022-02-04,1200.3299560546875,D1,Downtrend,Low,0.0003083395523451049,1.3895967095020343
USDKRW=X,2022-02-07,1197.0899658203125,D1,Downtrend,Low,-0.002699249667170167,0.9476453339349048
USDKRW=X,2022-02-08,1196.8499755859375,D1,Downtrend,Low,-0.0002004780269045936,0.8873288739467325
USDKRW=X,2022-02-09,1196.3599853515625,D1,Downtrend,Low,-0.00040939987832233626,0.7981726191400109
USDKRW=X,2022-02-10,1194.030029296875,D1,Downtrend,Low,-0.0019475376000667177,0.47870928206069224
USDKRW=X,2022-02-11,1199.3499755859375,D1,Downtrend,Low,0.004455454350838384,1.123475606796217
USDKRW=X,2022-02-14,1199.239990234375,D1,Downtrend,Low,-9.170413457404436e-05,1.082222905352624
USDKRW=X,2022-02-15,1197.3599853515625,D1,Downtrend,Low,-0.0015676636020494072,0.8225536084790179
USDKRW=X,2022-02-16,1196.8299560546875,D1,Downtrend,Low,-0.0004426649490206769,0.7378604171162444
USDKRW=X,2022-02-17,1196.75,D1,Downtrend,Low,-6.680652859913927e-05,0.7071144399066267
USDKRW=X,2022-02-18,1198.6600341796875,D1,Downtrend,Low,0.0015960176976708151,0.9217755975198199
USDKRW=X,2022-02-21,1195.0699462890625,D1,Downtrend,Low,-0.002995084334385001,0.4746687429240669
USDKRW=X,2022-02-22,1194.6800537109375,D1,Downtrend,Low,-0.0003262508435892819,0.4174906947307995
USDKRW=X,2022-02-23,1192.6800537109375,D1,Downtrend,Low,-0.0016740883835697495,0.15064108925258327
USDKRW=X,2022-02-24,1192.4000244140625,D1,Downtrend,Low,-0.00023478995561609928,0.08613329808484324
USDKRW=X,2022-02-25,1206.0,D1,Downtrend,Low,0.011405547892889834,1.7834300328662511
USDKRW=X,2022-02-28,1197.5899658203125,D1,Downtrend,Low,-0.006973494344682862,0.6693967792081983
USDKRW=X,2022-03-01,1200.9300537109375,D1,Downtrend,Low,0.0027890079125179046,1.0728164508915494
USDKRW=X,2022-03-02,1205.3699951171875,D1,Downtrend,Low,0.003697085764928998,1.6224611631056116
USDKRW=X,2022-03-03,1203.1500244140625,D1,Downtrend,Low,-0.0018417338345220191,1.3285898750280312
USDKRW=X,2022-03-04,1205.989990234375,D1,Downtrend,Low,0.002360441975385097,1.7034958044998556
USDKRW=X,2022-03-07,1216.7099609375,D1,Downtrend,Low,0.008888938374224553,3.0381836222402927
USDKRW=X,2022-03-08,1232.300048828125,D1,Downtrend,Low,0.012813314915752327,4.285122509300214
USDKRW=X,2022-03-09,1233.1099853515625,D1,Downtrend,Low,0.0006572559371458286,3.77895679677925
USDKRW=X,2022-03-10,1223.22998046875,D1,Downtrend,Low,-0.008012265734751667,2.5694490500353075
USDKRW=X,2022-03-11,1228.5999755859375,D1,Downtrend,Low,0.0043900126737652645,2.8391577985305227
USDKRW=X,2022-03-14,1236.8900146484375,D1,Downtrend,Low,0.006747549427995381,3.226089167556585
USDKRW=X,2022-03-15,1242.050048828125,D1,Downtrend,Low,0.004171780933290181,3.2585151426742143
USDKRW=X,2022-03-16,1241.6800537109375,D1,Downtrend,Low,-0.00029789066675423026,2.9319966684573386
USDKRW=X,2022-03-17,1223.0,D1,Downtrend,Low,-0.015044176360173855,1.542041459749424
USDKRW=X,2022-03-18,1210.3299560546875,D1,Downtrend,Low,-0.010359806987172981,0.6300110593977284
USDKRW=X,2022-03-21,1210.3699951171875,D1,Downtrend,Low,3.3081113377075866e-05,0.6084462616593151
USDKRW=X,2022-03-22,1219.780029296875,D1,Downtrend,Low,0.007774510453538053,1.2340712996229501
USDKRW=X,2022-03-23,1214.949951171875,D1,Downtrend,Low,-0.003959794396522609,0.862043254979319
USDKRW=X,2022-03-24,1218.010009765625,D1,Downtrend,Low,0.002518670494038311,1.0458864010833726
USDKRW=X,2022-03-25,1217.550048828125,D1,Downtrend,Low,-0.00037763313422067846,0.9797570356082701
USDKRW=X,2022-03-28,1224.3800048828125,D1,Downtrend,Low,0.005609589569858908,1.4161795785582036
USDKRW=X,2022-03-29,1223.6600341796875,D1,Downtrend,Low,-0.0005880287984562083,1.316120167892782
USDKRW=X,2022-03-30,1209.1300048828125,D1,Downtrend,Low,-0.011874237035628621,0.2799285967143451
USDKRW=X,2022-03-31,1210.43994140625,D1,Downtrend,Low,0.0010833711165445514,0.3592781601777935
USDKRW=X,2022-04-01,1214.5,D1,Downtrend,Low,0.003354200778465044,0.6332094199257147
USDKRW=X,2022-04-04,1218.780029296875,D1,Downtrend,Low,0.003524108107760382,0.9048322414535631
USDKRW=X,2022-04-05,1213.9000244140625,D1,Downtrend,Low,-0.004004007914067853,0.5447037642148586
USDKRW=X,2022-04-06,1218.75,D1,Downtrend,Low,0.003995366577473014,0.8548087459806171
USDKRW=X,2022-04-07,1217.5999755859375,D1,Downtrend,Low,-0.0009436097756410078,0.7469076710461181
USDKRW=X,2022-04-08,1222.6600341796875,D1,Downtrend,Low,0.004155764368601433,1.0746693849894602
USDKRW=X,2022-04-11,1228.239990234375,D1,Downtrend,Low,0.004563783798193111,1.4267613921893867
USDKRW=X,2022-04-12,1235.050048828125,D1,Downtrend,Low,0.005544566736058298,1.8352314027923629
USDKRW=X,2022-04-13,1228.5999755859375,D1,Downtrend,Low,-0.005222519725664232,1.3308294102801368
USDKRW=X,2022-04-14,1223.1199951171875,D1,Downtrend,Low,-0.0044603455784186785,0.9150250755962144
USDKRW=X,2022-04-15,1230.0999755859375,D1,Downtrend,Low,0.005706701302091943,1.3662737061000627
USDKRW=X,2022-04-18,1228.0899658203125,D1,Downtrend,Low,-0.0016340214661556551,1.1848480731160203
USDKRW=X,2022-04-19,1235.3499755859375,D1,Downtrend,Low,0.005911626971706108,1.6373928225621117
USDKRW=X,2022-04-20,1239.5999755859375,D1,Downtrend,Low,0.0034403206249178364,1.8512216261399392
USDKRW=X,2022-04-21,1234.0899658203125,D1,Downtrend,Low,-0.004444990217929434,1.413927683223291
USDKRW=X,2022-04-22,1242.489990234375,D1,Downtrend,Low,0.006806654819917268,1.892842035877575
USDKRW=X,2022-04-25,1243.1600341796875,D1,Downtrend,Low,0.0005392751254165162,1.8445777540333441
USDKRW=X,2022-04-26,1249.2099609375,D1,Downtrend,Low,0.004866571150515364,2.110921174261067
USDKRW=X,2022-04-27,1260.7099609375,D1,Downtrend,Low,0.00920581836488843,2.6162473213269086
USDKRW=X,2022-04-28,1266.280029296875,D1,Downtrend,Low,0.0044181996906194065,2.713485626192699
USDKRW=X,2022-04-29,1272.2900390625,D1,Downtrend,Low,0.004746193279982602,2.795563659235417
USDKRW=X,2022-05-02,1262.530029296875,D1,Downtrend,Low,-0.0076712144762343115,2.161326243984298
USDKRW=X,2022-05-03,1266.75,D1,Downtrend,Low,0.00334247154935019,2.239913869940429
USDKRW=X,2022-05-04,1261.06005859375,D1,Downtrend,Low,-0.004491763494178014,1.873521317996866
USDKRW=X,2022-05-05,1251.5,D1,Downtrend,Low,-0.007580970096230599,1.3673002157662217
USDKRW=X,2022-05-06,1268.699951171875,D1,Downtrend,Low,0.013743468774970014,2.080286107491646
USDKRW=X,2022-05-09,1270.1300048828125,D1,Downtrend,Low,0.0011271803940848812,2.039586544332329
USDKRW=X,2022-05-10,1274.8599853515625,D1,Downtrend,Low,0.0037240128573976516,2.138254969992438
USDKRW=X,2022-05-11,1276.550048828125,U1,Uptrend,Low,0.0013256855623218211,2.1026060864159706
USDKRW=X,2022-05-12,1278.1500244140625,U1,Uptrend,Low,0.0012533590730785527,2.066757586653648
USDKRW=X,2022-05-13,1290.75,U1,Uptrend,Low,0.009857978598180273,2.4378755702384627
USDKRW=X,2022-05-16,1277.5699462890625,U1,Uptrend,Low,-0.01021115917949833,1.8251178038756342
USDKRW=X,2022-05-17,1279.8499755859375,U1,Uptrend,Low,0.0017846610304961263,1.8413815052580904
USDKRW=X,2022-05-18,1266.6600341796875,D1,Downtrend,Low,-0.010305849636955577,1.2779328201023612
USDKRW=X,2022-05-19,1275.5799560546875,U1,Uptrend,Low,0.007042080459084499,1.587159484074886
USDKRW=X,2022-05-20,1263.550048828125,D1,Downtrend,Low,-0.00943093152997676,1.0656473169567544
USDKRW=X,2022-05-23,1273.2099609375,D1,Downtrend,Low,0.007645056971296027,1.4136497627341096
USDKRW=X,2022-05-24,1258.8199462890625,D1,Downtrend,Low,-0.011302153682368088,0.7998079873507871
USDKRW=X,2022-05-25,1260.989990234375,D1,Downtrend,Low,0.0017238715923668657,0.8607081770326876
USDKRW=X,2022-05-26,1266.5999755859375,D1,Downtrend,Low,0.00444887381740422,1.0634061593645034
USDKRW=X,2022-05-27,1258.8900146484375,D1,Downtrend,Low,-0.006087131759128117,0.7106597790842469
USDKRW=X,2022-05-30,1251.5899658203125,D1,Downtrend,Low,-0.005798797943570633,0.3753782988160995
USDKRW=X,2022-05-31,1236.1700439453125,D1,Downtrend,Low,-0.012320266457947815,-0.29680824965823493
USDKRW=X,2022-06-01,1241.739990234375,D1,Downtrend,Low,0.00450580914522547,-0.06121134130640208
USDKRW=X,2022-06-02,1246.949951171875,D1,Downtrend,Low,0.004195693928256805,0.14918708632735678
USDKRW=X,2022-06-03,1240.8399658203125,D1,Downtrend,Low,-0.0048999443368359374,-0.12769595437943668
USDKRW=X,2022-06-06,1250.530029296875,D1,Downtrend,Low,0.0078092773794213866,0.28808388292208176
USDKRW=X,2022-06-07,1254.47998046875,D1,Downtrend,Low,0.00315862160790803,0.4517714320807703
USDKRW=X,2022-06-08,1254.5799560546875,D1,Downtrend,Low,7.969484367542634e-05,0.44600572197783267
USDKRW=X,2022-06-09,1256.739990234375,D1,Downtrend,Low,0.0017217190257687864,0.5187178508408038
USDKRW=X,2022-06-10,1264.02001953125,D1,Downtrend,Low,0.005792788765731416,0.8117097564456901
USDKRW=X,2022-06-13,1278.280029296875,U1,Uptrend,Low,0.011281474616923637,1.4050584961179071
USDKRW=X,2022-06-14,1291.800048828125,U1,Uptrend,Low,0.010576727494277405,1.9197992986909223
USDKRW=X,2022-06-15,1289.47998046875,U1,Uptrend,Low,-0.0017959964945656326,1.7484732985674856
USDKRW=X,2022-06-16,1278.1600341796875,U1,Uptrend,Low,-0.008778690992121918,1.2149039231460022
USDKRW=X,2022-06-17,1288.1800537109375,U1,Uptrend,Low,0.007839409200179448,1.5955672082361942
USDKRW=X,2022-06-20,1290.5,U1,Uptrend,Low,0.001800948774497213,1.6304354752250887
USDKRW=X,2022-06-21,1292.3800048828125,U1,Uptrend,Low,0.0014568034737021396,1.6453157183934457
USDKRW=X,2022-06-22,1291.5999755859375,U1,Uptrend,Low,-0.000603560325854624,1.5701106110923428
USDKRW=X,2022-06-23,1297.6800537109375,U1,Uptrend,Low,0.004707400309636789,1.7791330577015694
USDKRW=X,2022-06-24,1299.81005859375,U1,Uptrend,Low,0.0016413944845043993,1.8110427830504094
USDKRW=X,2022-06-27,1288.2900390625,U1,Uptrend,Low,-0.008862848425494896,1.2751529156267631
USDKRW=X,2022-06-28,1286.199951171875,U1,Uptrend,Low,-0.0016223737103067126,1.1575898877058572
USDKRW=X,2022-06-29,1292.030029296875,U1,Uptrend,Low,0.00453279299201359,1.3848691968456555
USDKRW=X,2022-06-30,1301.72998046875,U1,Uptrend,Low,0.007507527651778867,1.7780710328991876
USDKRW=X,2022-07-01,1287.7099609375,U1,Uptrend,Low,-0.010770297789562622,1.1050189899795961
USDKRW=X,2022-07-04,1297.8900146484375,U1,Uptrend,Low,0.007905548624882908,1.5352792497979713
USDKRW=X,2022-07-05,1295.6800537109375,U1,Uptrend,Low,-0.0017027336003494487,1.3849063723806037
USDKRW=X,2022-07-06,1308.6600341796875,U1,Uptrend,Low,0.010017890166306387,1.9253508862585729
USDKRW=X,2022-07-07,1304.8499755859375,U1,Uptrend,Low,-0.0029114196920808633,1.7053205446523847
USDKRW=X,2022-07-08,1297.6500244140625,U1,Uptrend,Low,-0.005517838300638234,1.32872163741229
USDKRW=X,2022-07-11,1293.7900390625,U1,Uptrend,Low,-0.0029745966007325153,1.1179683329921362
USDKRW=X,2022-07-12,1310.8599853515625,U1,Uptrend,Low,0.01319375306168813,1.8954845532518518
USDKRW=X,2022-07-13,1305.8299560546875,U1,Uptrend,Low,-0.0038371979868818684,1.5937848048295502
USDKRW=X,2022-07-14,1304.8499755859375,U1,Uptrend,Low,-0.0007504656055761227,1.5080938248334823
USDKRW=X,2022-07-15,1316.1800537109375,U1,Uptrend,Low,0.008683050417280569,1.9907970021806218
USDKRW=X,2022-07-18,1318.1199951171875,U1,Uptrend,Low,0.001473917949736725,2.000316918019391
USDKRW=X,2022-07-19,1318.9100341796875,U1,Uptrend,Low,0.0005993680889651021,1.9481951740414956
USDKRW=X,2022-07-20,1305.5,U1,Uptrend,Low,-0.01016751243994296,1.2571738534339691
USDKRW=X,2022-07-21,1312.8699951171875,U1,Uptrend,Low,0.0056453428703082675,1.5446605262677728
USDKRW=X,2022-07-22,1306.8499755859375,U1,Uptrend,Low,-0.004585388921705569,1.2204042132265818
USDKRW=X,2022-07-25,1309.3199462890625,U1,Uptrend,Low,0.0018900185555097426,1.2878904034661667
USDKRW=X,2022-07-26,1310.4000244140625,U1,Uptrend,Low,0.000824915352478417,1.2902712121383773
USDKRW=X,2022-07-27,1310.9000244140625,U1,Uptrend,Low,0.00038156287445390014,1.2674528358899357
USDKRW=X,2022-07-28,1305.949951171875,U1,Uptrend,Low,-0.003776087535279471,1.0113162274948868
USDKRW=X,2022-07-29,1295.1500244140625,U1,Uptrend,Low,-0.008269786103304644,0.499297248830749
USDKRW=X,2022-08-01,1302.280029296875,U1,Uptrend,Low,0.0055051575094848815,0.7992691345010997
USDKRW=X,2022-08-02,1306.75,U1,Uptrend,Low,0.0034324189902061875,0.9727091787822361
USDKRW=X,2022-08-03,1314.6300048828125,U1,Uptrend,Low,0.006030231400659947,1.2843490892918539
USDKRW=X,2022-08-04,1307.3800048828125,U1,Uptrend,Low,-0.005514859673879324,0.9319983961502416
USDKRW=X,2022-08-05,1302.0799560546875,U1,Uptrend,Low,-0.004053946678341691,0.6853626040228801
USDKRW=X,2022-08-08,1302.739990234375,U1,Uptrend,Low,0.0005069075647914367,0.6940819162309376
USDKRW=X,2022-08-09,1299.030029296875,U1,Uptrend,Low,-0.0028478138118970264,0.5153342372935776
USDKRW=X,2022-08-10,1307.56005859375,U1,Uptrend,Low,0.006566460439326516,0.8622206982310414
USDKRW=X,2022-08-11,1296.699951171875,U1,Uptrend,Low,-0.008305627990468634,0.36776715219816103
USDKRW=X,2022-08-12,1306.8299560546875,U1,Uptrend,Low,0.007812142565176705,0.787756687229068
USDKRW=X,2022-08-15,1301.3800048828125,U1,Uptrend,Low,-0.004170359844159366,0.5257219194869928
USDKRW=X,2022-08-16,1313.1800537109375,U1,Uptrend,Low,0.00906733527782122,1.0182801720404677
USDKRW=X,2022-08-17,1311.0,U1,Uptrend,Low,-0.0016601331285659437,0.8905814570375953
USDKRW=X,2022-08-18,1314.8299560546875,U1,Uptrend,Low,0.002921400499380278,1.0291870038028461
USDKRW=X,2022-08-19,1326.9100341796875,U1,Uptrend,Low,0.00918755925005521,1.5243855688077954
USDKRW=X,2022-08-22,1334.8599853515625,U1,Uptrend,Low,0.005991326440446754,1.8253619696429244
USDKRW=X,2022-08-23,1343.3599853515625,U1,Uptrend,Low,0.006367709043103353,2.1775198358955548
USDKRW=X,2022-08-24,1339.0799560546875,U1,Uptrend,Low,-0.0031860628152884374,1.9515745713067716
USDKRW=X,2022-08-25,1340.0,U1,Uptrend,Low,0.000687071702591302,1.95930688192632
USDKRW=X,2022-08-26,1334.43994140625,U1,Uptrend,Low,-0.004149297458022394,1.6966623904424463
USDKRW=X,2022-08-29,1341.1800537109375,U1,Uptrend,Low,0.005050892209944369,2.0125077915380274
USDKRW=X,2022-08-30,1345.72998046875,U1,Uptrend,Low,0.003392480185805846,2.2019194277048237
USDKRW=X,2022-08-31,1350.18994140625,U1,Uptrend,Low,0.003314157373492277,2.3822292521819755
USDKRW=X,2022-09-01,1342.260009765625,U1,Uptrend,Low,-0.005873197094303451,1.937759554039871
USDKRW=X,2022-09-02,1355.0999755859375,U1,Uptrend,Low,0.009565930391202349,2.5445934529958896
USDKRW=X,2022-09-05,1361.510009765625,U2,Uptrend,Low,0.004730303516473633,2.702516156847986
USDKRW=X,2022-09-06,1361.81005859375,U2,Uptrend,Low,0.00022037945073694054,2.5267581670580816
USDKRW=X,2022-09-07,1378.1099853515625,U2,Uptrend,Low,0.011969310003954847,3.029532893282022
USDKRW=X,2022-09-08,1374.31005859375,U2,Uptrend,Low,-0.002757346509497327,2.663370318407632
USDKRW=X,2022-09-09,1383.0,U2,Uptrend,Low,0.006323130178601755,2.803021244689981
USDKRW=X,2022-09-12,1379.06005859375,U2,Uptrend,Low,-0.0028488368808748943,2.4623971976287593
USDKRW=X,2022-09-13,1375.81005859375,U2,Uptrend,Low,-0.0023566776368783016,2.1991015332366333
USDKRW=X,2022-09-14,1393.469970703125,U2,Uptrend,Low,0.012836010319204672,2.6626852367267375
USDKRW=X,2022-09-15,1391.1800537109375,U2,Uptrend,Low,-0.0016433199425403,2.4073966210110154
USDKRW=X,2022-09-16,1398.6300048828125,U2,Uptrend,Low,0.005355130812868092,2.480174449134284
USDKRW=X,2022-09-19,1385.22998046875,U2,Uptrend,Low,-0.009580821494806435,1.9407749918964496
USDKRW=X,2022-09-20,1390.1099853515625,U2,Uptrend,Low,0.0035228842514376524,1.9990343040373864
USDKRW=X,2022-09-21,1392.510009765625,U2,Uptrend,Low,0.0017264996578350011,1.974035387225719
USDKRW=X,2022-09-22,1397.56005859375,U2,Uptrend,Low,0.003626579911605088,2.0186823926963835
USDKRW=X,2022-09-23,1403.6600341796875,U2,Uptrend,Low,0.004364732340787825,2.0911596609230374
USDKRW=X,2022-09-26,1421.81005859375,U2,Uptrend,Low,0.01293049881887498,2.4478091956129826
USDKRW=X,2022-09-27,1429.77001953125,U2,Uptrend,Low,0.005598469985064636,2.4899336761357027
USDKRW=X,2022-09-28,1426.260009765625,U2,Uptrend,Low,-0.0024549471017554225,2.2500140387708414
USDKRW=X,2022-09-29,1421.949951171875,U2,Uptrend,Low,-0.003021930478481427,2.027147315220065
USDKRW=X,2022-09-30,1430.1700439453125,U2,Uptrend,Low,0.005780859422417128,2.1121156413423487
USDKRW=X,2022-10-03,1439.22998046875,U2,Uptrend,Low,0.006334866655747007,2.2018971739139697
USDKRW=X,2022-10-04,1433.3399658203125,U2,Uptrend,Low,-0.004092476343856566,1.9593676906895054
USDKRW=X,2022-10-05,1416.530029296875,U2,Uptrend,Low,-0.011727808422488994,1.5161468013701238
USDKRW=X,2022-10-06,1416.760009765625,U2,Uptrend,Low,0.00016235481351856151,1.4642879850160906
USDKRW=X,2022-10-07,1408.449951171875,U2,Uptrend,Low,-0.005865537237407459,1.2353268454103132
USDKRW=X,2022-10-10,1415.97998046875,U2,Uptrend,Low,0.0053463236592892205,1.3503562361793953
USDKRW=X,2022-10-11,1428.3499755859375,U2,Uptrend,Low,0.008735995768169413,1.5548137200814638
USDKRW=X,2022-10-12,1430.800048828125,U2,Uptrend,Low,0.0017153171730075467,1.5456702758238743
USDKRW=X,2022-10-13,1423.9000244140625,U2,Uptrend,Low,-0.004822493834630404,1.3492035522622419
USDKRW=X,2022-10-14,1430.300048828125,U2,Uptrend,Low,0.004494714730197469,1.4303445551688012
USDKRW=X,2022-10-17,1440.760009765625,U2,Uptrend,Low,0.0073131235268222294,1.5845923837610532
USDKRW=X,2022-10-18,1430.1500244140625,U2,Uptrend,Low,-0.0073641586937774894,1.3182727275644575
USDKRW=X,2022-10-19,1425.02001953125,U2,Uptrend,Low,-0.003587039677822812,1.1727568838276645
USDKRW=X,2022-10-20,1435.010009765625,U2,Uptrend,Low,0.007010420974760123,1.331993559284827
USDKRW=X,2022-10-21,1430.31005859375,U2,Uptrend,Low,-0.003275204451460678,1.1992014285563484
USDKRW=X,2022-10-24,1428.1099853515625,U2,Uptrend,Low,-0.0015381792423040386,1.1187038197399406
USDKRW=X,2022-10-25,1443.9599609375,U2,Uptrend,Low,0.011098567861379083,1.401708017454821
USDKRW=X,2022-10-26,1426.9300537109375,U2,Uptrend,Low,-0.01179389158097277,1.0134489262036694
USDKRW=X,2022-10-27,1412.68994140625,U2,Uptrend,Low,-0.0099795447349742,0.6886654203892982
USDKRW=X,2022-10-28,1420.6500244140625,U2,Uptrend,Low,0.005634699288570522,0.8313569321987585
USDKRW=X,2022-10-31,1421.6500244140625,U2,Uptrend,Low,0.0007039031308309074,0.8267890883373472
USDKRW=X,2022-11-01,1424.6700439453125,U2,Uptrend,Low,0.002124305897645007,0.8688776604614589
USDKRW=X,2022-11-02,1416.5999755859375,U2,Uptrend,Low,-0.0056645174745351135,0.6604601285291922
USDKRW=X,2022-11-03,1423.0999755859375,U2,Uptrend,Low,0.0045884513003124905,0.7900939054122781
USDKRW=X,2022-11-04,1423.6500244140625,U2,Uptrend,Low,0.00038651453696947335,0.7801723275380371
USDKRW=X,2022-11-07,1402.1099853515625,U2,Uptrend,Low,-0.01513015045349042,0.21234913157605545
USDKRW=X,2022-11-08,1392.699951171875,U2,Uptrend,Low,-0.006711338110417908,-0.0697547807343543
USDKRW=X,2022-11-09,1374.1500244140625,U2,Uptrend,Low,-0.013319399302199941,-0.6272895376597949
USDKRW=X,2022-11-10,1370.550048828125,U2,Uptrend,Low,-0.002619783518522656,-0.7882825031708092
USDKRW=X,2022-11-11,1349.3699951171875,U1,Uptrend,Low,-0.015453688633295326,-1.4533441318906946
USDKRW=X,2022-11-14,1313.030029296875,U1,Uptrend,Low,-0.026931061126163947,-2.4763831665935747
USDKRW=X,2022-11-15,1324.0799560546875,U1,Uptrend,Low,0.008415593330892701,-2.1047503090461173
USDKRW=X,2022-11-16,1316.260009765625,U1,Uptrend,Low,-0.0059059471849142176,-2.2695956468935976
USDKRW=X,2022-11-17,1336.4300537109375,U1,Uptrend,Medium,0.015323753510451121,-1.693107105911393
USDKRW=X,2022-11-18,1342.75,U1,Uptrend,Medium,0.004728976478427516,-1.5288476539118172
USDKRW=X,2022-11-21,1339.030029296875,U1,Uptrend,Medium,-0.002770411992645716,-1.6306552994062553
USDKRW=X,2022-11-22,1359.75,U2,Uptrend,Medium,0.015473865596580483,-1.0593984992295475
USDKRW=X,2022-11-23,1352.68994140625,U1,Uptrend,Medium,-0.005192173997977556,-1.2642144241642304
USDKRW=X,2022-11-24,1336.81005859375,U1,Uptrend,Medium,-0.011739484656765775,-1.7084846333203814
USDKRW=X,2022-11-25,1317.8900146484375,U1,Uptrend,Medium,-0.014153128055615749,-2.1642722784225707
USDKRW=X,2022-11-28,1334.56005859375,U1,Uptrend,Medium,0.012649040329635985,-1.6633887337913165
USDKRW=X,2022-11-29,1340.1199951171875,U1,Uptrend,Medium,0.004166119379667377,-1.4844681863902545
USDKRW=X,2022-11-30,1325.3699951171875,U1,Uptrend,Medium,-0.011006477072010412,-1.807505694673599
USDKRW=X,2022-12-01,1279.800048828125,U1,Uptrend,Medium,-0.034382811182497974,-2.763203702234003
USDKRW=X,2022-12-02,1303.25,U1,Uptrend,Medium,0.018323136644155857,-2.07712365267458
USDKRW=X,2022-12-05,1299.1700439453125,U1,Uptrend,Medium,-0.0031306012312967146,-2.063225883684275
USDKRW=X,2022-12-06,1304.3699951171875,U1,Uptrend,Medium,0.004002517758248114,-1.8619702471705346
USDKRW=X,2022-12-07,1319.7099609375,U1,Uptrend,Medium,0.011760440578774789,-1.4696485091344083
USDKRW=X,2022-12-08,1314.0999755859375,U1,Uptrend,Medium,-0.004250922943384694,-1.5311319352223218
USDKRW=X,2022-12-09,1316.6300048828125,U1,Uptrend,Medium,0.0019252943793313104,-1.4240295919288823
USDKRW=X,2022-12-12,1303.1700439453125,U1,Uptrend,Medium,-0.010223039796740774,-1.6361365742059635
USDKRW=X,2022-12-13,1305.9200439453125,U1,Uptrend,Medium,0.0021102388078799716,-1.5208359729393748
USDKRW=X,2022-12-14,1288.97998046875,U1,Uptrend,Medium,-0.012971746283474528,-1.7738433379266287
USDKRW=X,2022-12-15,1295.6800537109375,U1,Uptrend,Medium,0.005197965324295284,-1.5778877256651027
USDKRW=X,2022-12-16,1317.0999755859375,U1,Uptrend,Medium,0.016531798736618253,-1.1342062990532535
USDKRW=X,2022-12-19,1308.8599853515625,U1,Uptrend,Medium,-0.006256161557295026,-1.2440984866149793
USDKRW=X,2022-12-20,1301.3299560546875,U1,Uptrend,Medium,-0.00575312056381061,-1.3353927911559016
USDKRW=X,2022-12-21,1283.6400146484375,U1,Uptrend,Medium,-0.013593740253149633,-1.5958893693558012
USDKRW=X,2022-12-22,1280.77001953125,U1,Uptrend,Medium,-0.002235825530862323,-1.5820622651555276
USDKRW=X,2022-12-23,1290.199951171875,U1,Uptrend,Medium,0.007362704854753099,-1.3628864457106107
USDKRW=X,2022-12-26,1279.239990234375,U1,Uptrend,Medium,-0.008494777051840097,-1.5034698215955626
USDKRW=X,2022-12-27,1275.1300048828125,U1,Uptrend,Medium,-0.0032128337004297958,-1.5190967355169844
USDKRW=X,2022-12-28,1272.280029296875,D1,Downtrend,Medium,-0.002235047073650631,-1.5091880656099326
USDKRW=X,2022-12-29,1274.3199462890625,D1,Downtrend,Low,0.0016033553504057885,-1.419652476209232
USDKRW=X,2022-12-30,1260.260009765625,D1,Downtrend,Low,-0.011033286078885762,-1.5954434749293651
USDKRW=X,2023-01-02,1260.9100341796875,D1,Downtrend,Low,0.0005157859560929179,-1.5239532010270507
USDKRW=X,2023-01-03,1270.0999755859375,D1,Downtrend,Low,0.0072883402916439355,-1.3238041487622492
USDKRW=X,2023-01-04,1279.0799560546875,U1,Uptrend,Low,0.007070294182634829,-1.1361800377063938
USDKRW=X,2023-01-05,1271.0799560546875,D1,Downtrend,Low,-0.006254495633467583,-1.2309441613848928
USDKRW=X,2023-01-06,1274.1800537109375,D1,Downtrend,Low,0.002438947795127211,-1.1428531800637827
USDKRW=X,2023-01-09,1252.8800048828125,D1,Downtrend,Low,-0.016716671059235688,-1.463688398626429
USDKRW=X,2023-01-10,1239.280029296875,D1,Downtrend,Low,-0.010854970574144973,-1.6406536912737266
USDKRW=X,2023-01-11,1240.1600341796875,D1,Downtrend,Low,0.0007100936527733026,-1.5717262006814348
USDKRW=X,2023-01-12,1241.5999755859375,D1,Downtrend,Low,0.0011610932190719847,-1.503721640409814
USDKRW=X,2023-01-13,1239.1300048828125,D1,Downtrend,Low,-0.0019893449997527846,-1.5029448094185653
USDKRW=X,2023-01-16,1236.5899658203125,D1,Downtrend,Low,-0.0020498567966967807,-1.5046432994028407
USDKRW=X,2023-01-17,1240.7099609375,D1,Downtrend,Low,0.003331739081720908,-1.4058901491923006
USDKRW=X,2023-01-18,1237.0,D1,Downtrend,Low,-0.002990191950016041,-1.4384016509282491
USDKRW=X,2023-01-19,1237.8800048828125,D1,Downtrend,Low,0.0007114024921686113,-1.3845031619484536
USDKRW=X,2023-01-20,1232.1800537109375,D1,Downtrend,Low,-0.004604607190835552,-1.4568830215234638
USDKRW=X,2023-01-23,1230.030029296875,D1,Downtrend,Low,-0.001744894674757358,-1.4681323032157312
USDKRW=X,2023-01-24,1229.280029296875,D1,Downtrend,Low,-0.0006097412113009737,-1.4606368124142888
USDKRW=X,2023-01-25,1232.6600341796875,D1,Downtrend,Low,0.0027495808947175515,-1.3724561543969727
USDKRW=X,2023-01-26,1232.5899658203125,D1,Downtrend,Low,-5.684321502452683e-05,-1.3644496572590632
USDKRW=X,2023-01-27,1231.8499755859375,D1,Downtrend,Low,-0.0006003539335017738,-1.3801614694846502
USDKRW=X,2023-01-30,1228.949951171875,D1,Downtrend,Low,-0.0023542025989675697,-1.4307100874734537
USDKRW=X,2023-01-31,1231.5,D1,Downtrend,Low,0.002074981837700829,-1.3554943763753722
USDKRW=X,2023-02-01,1232.1500244140625,D1,Downtrend,Low,0.000527831436510251,-1.313279761684971
USDKRW=X,2023-02-02,1221.949951171875,D1,Downtrend,Low,-0.008278272158488198,-1.5311679747779745
USDKRW=X,2023-02-03,1224.9000244140625,D1,Downtrend,Low,0.002414234101288937,-1.4148802828471332
USDKRW=X,2023-02-06,1246.75,D1,Downtrend,Low,0.017838170585709356,-0.8358261474493839
USDKRW=X,2023-02-07,1261.22998046875,D1,Downtrend,Low,0.011614181246240252,-0.44856798011495785
USDKRW=X,2023-02-08,1255.3499755859375,D1,Downtrend,Low,-0.004662119497529815,-0.5751444515127158
USDKRW=X,2023-02-09,1260.469970703125,D1,Downtrend,Low,0.004078540022114385,-0.4194940890234008
USDKRW=X,2023-02-10,1264.550048828125,D1,Downtrend,Low,0.0032369498836406496,-0.2866081038787002
USDKRW=X,2023-02-13,1266.8699951171875,D1,Downtrend,Low,0.0018346021900932374,-0.19748743255158235
USDKRW=X,2023-02-14,1272.93994140625,D1,Downtrend,Low,0.004791293749522474,0.008762031341415793
USDKRW=X,2023-02-15,1272.25,D1,Downtrend,Low,-0.0005420062516757751,0.028841262436017492
USDKRW=X,2023-02-16,1283.719970703125,U1,Uptrend,Low,0.009015500650913832,0.4155565101793958
USDKRW=X,2023-02-17,1288.9599609375,U1,Uptrend,Low,0.004081879501730334,0.6038871515510388
USDKRW=X,2023-02-20,1293.9200439453125,U1,Uptrend,Low,0.0038481280707935994,0.8081870122701611
USDKRW=X,2023-02-21,1296.1099853515625,U1,Uptrend,Low,0.0016924858815638988,0.9418433894442241
USDKRW=X,2023-02-22,1305.8299560546875,U1,Uptrend,Low,0.007499340961013123,1.3088173463192072
USDKRW=X,2023-02-23,1302.8299560546875,U1,Uptrend,Low,-0.002297389477159739,1.178463693735153
USDKRW=X,2023-02-24,1298.0799560546875,U1,Uptrend,Low,-0.0036459094127557767,1.0214240782794872
USDKRW=X,2023-02-27,1313.699951171875,U1,Uptrend,Low,0.012033153307953404,1.5352910980310872
USDKRW=X,2023-02-28,1318.3499755859375,U1,Uptrend,Low,0.0035396396337796787,1.6666383831709581
USDKRW=X,2023-03-01,1321.5999755859375,U1,Uptrend,Low,0.002465202761167795,1.77191669980233
USDKRW=X,2023-03-02,1305.72998046875,U1,Uptrend,Low,-0.012008168440039046,1.250329357964664
USDKRW=X,2023-03-03,1311.06005859375,U1,Uptrend,Low,0.00408206765926189,1.4412739479772816
USDKRW=X,2023-03-06,1294.780029296875,U1,Uptrend,Low,-0.012417455012958767,0.8957820307869253
USDKRW=X,2023-03-07,1299.0,U1,Uptrend,Low,0.003259218251471463,1.049156312119192
USDKRW=X,2023-03-08,1317.9000244140625,U1,Uptrend,Low,0.014549672374182032,1.649990591643601
USDKRW=X,2023-03-09,1316.449951171875,U1,Uptrend,Low,-0.001100290777240276,1.5664044748977397
USDKRW=X,2023-03-10,1325.550048828125,U1,Uptrend,Low,0.006912604347889761,1.8491394981097489
USDKRW=X,2023-03-13,1319.5400390625,U1,Uptrend,Low,-0.00453397423276336,1.6308080360691664
USDKRW=X,2023-03-14,1296.3800048828125,U1,Uptrend,Low,-0.017551596385163237,0.878677190365498
USDKRW=X,2023-03-15,1304.5799560546875,U1,Uptrend,Low,0.006325268162876485,1.1256032273280199
USDKRW=X,2023-03-16,1311.739990234375,U1,Uptrend,Low,0.005488382790534985,1.3224214403256602
USDKRW=X,2023-03-17,1301.6199951171875,U1,Uptrend,Low,-0.007714939845189339,0.9873437279356835
USDKRW=X,2023-03-20,1307.6500244140625,U1,Uptrend,Low,0.004632711021262503,1.1517243143358087
USDKRW=X,2023-03-21,1304.93994140625,U1,Uptrend,Low,-0.00207248342998112,1.0409535307590738
USDKRW=X,2023-03-22,1303.43994140625,U1,Uptrend,Low,-0.0011494781885391658,0.9699504104850868
USDKRW=X,2023-03-23,1298.25,U1,Uptrend,Low,-0.003981726538662578,0.7925888170002058
USDKRW=X,2023-03-24,1286.2900390625,U1,Uptrend,Low,-0.00921237122087426,0.41076591953018987
USDKRW=X,2023-03-27,1294.8299560546875,U1,Uptrend,Low,0.006639184579561697,0.6546753450979889
USDKRW=X,2023-03-28,1297.800048828125,U1,Uptrend,Low,0.002293809128796509,0.7284382538455147
USDKRW=X,2023-03-29,1296.97998046875,U1,Uptrend,Low,-0.0006318911454160636,0.6915181832298474
USDKRW=X,2023-03-30,1307.1300048828125,U1,Uptrend,Low,0.007825891352921444,0.9743738945384962
USDKRW=X,2023-03-31,1296.5,U1,Uptrend,Low,-0.008132324132338664,0.6397372241180865
USDKRW=X,2023-04-03,1305.47998046875,U1,Uptrend,Low,0.0069263250819513456,0.8811911547740099
USDKRW=X,2023-04-04,1308.050048828125,U1,Uptrend,Low,0.0019686769600650855,0.9268928418563196
USDKRW=X,2023-04-05,1312.4100341796875,U1,Uptrend,Low,0.0033331945940973107,1.0237376542577306
USDKRW=X,2023-04-06,1316.2099609375,U1,Uptrend,Low,0.002895380756660959,1.1011042628099068
USDKRW=X,2023-04-07,1317.93994140625,U1,Uptrend,Low,0.0013143651241764864,1.1161734680993334
USDKRW=X,2023-04-10,1315.449951171875,U1,Uptrend,Low,-0.0018893047825215836,1.0081327965407547
USDKRW=X,2023-04-11,1320.8800048828125,U1,Uptrend,Low,0.004127905973237533,1.1359927647705017
USDKRW=X,2023-04-12,1322.0899658203125,U1,Uptrend,Low,0.0009160263862177942,1.1370724540510588
USDKRW=X,2023-04-13,1322.8299560546875,U1,Uptrend,Low,0.0005597124654945773,1.1246741783109964
USDKRW=X,2023-04-14,1301.4300537109375,U1,Uptrend,Low,-0.01617736447969076,0.4362143816711212
USDKRW=X,2023-04-17,1303.3800048828125,U1,Uptrend,Low,0.0014983142323437004,0.47218667882957793
USDKRW=X,2023-04-18,1316.0699462890625,U1,Uptrend,Low,0.009736179286708557,0.8618044310137619
USDKRW=X,2023-04-19,1315.9000244140625,U1,Uptrend,Low,-0.00012911310335683712,0.8320088914928959
USDKRW=X,2023-04-20,1326.760009765625,U1,Uptrend,Low,0.008252895470838073,1.1808063170124066
USDKRW=X,2023-04-21,1323.5999755859375,U1,Uptrend,Low,-0.002381767732240969,1.0490662734240104
USDKRW=X,2023-04-24,1329.3800048828125,U1,Uptrend,Low,0.004366900425724296,1.246198938072128
USDKRW=X,2023-04-25,1332.800048828125,U1,Uptrend,Low,0.002572660889099243,1.363944199340834
USDKRW=X,2023-04-26,1341.0,U1,Uptrend,Low,0.006152424123247124,1.6768611966596858
USDKRW=X,2023-04-27,1337.8299560546875,U1,Uptrend,Low,-0.0023639403022464034,1.5818450992451067
USDKRW=X,2023-04-28,1339.3900146484375,U1,Uptrend,Low,0.0011661112734764334,1.7054799158313343
USDKRW=X,2023-05-01,1337.1700439453125,U1,Uptrend,Low,-0.0016574490468391767,1.5996363885122638
USDKRW=X,2023-05-02,1342.7900390625,U1,Uptrend,Low,0.004202902347861359,1.8398335443516651
USDKRW=X,2023-05-03,1342.300048828125,U1,Uptrend,Low,-0.00036490457936155796,1.8013854732412982
USDKRW=X,2023-05-04,1335.22998046875,U1,Uptrend,Low,-0.0052671296298822945,1.4184064877017009
USDKRW=X,2023-05-05,1320.1500244140625,U1,Uptrend,Low,-0.011293901631382997,0.5683482788284973
USDKRW=X,2023-05-08,1316.9599609375,U1,Uptrend,Low,-0.0024164401148106807,0.3549430776866412
USDKRW=X,2023-05-09,1322.4100341796875,U1,Uptrend,Low,0.0041383742891527575,0.668158579260775
USDKRW=X,2023-05-10,1326.050048828125,U1,Uptrend,Low,0.0027525612740042504,0.8895403316456975
USDKRW=X,2023-05-11,1318.050048828125,U1,Uptrend,Low,-0.006032954794632284,0.3209293237442288
USDKRW=X,2023-05-12,1329.8800048828125,U1,Uptrend,Low,0.008975346622994707,1.1168202007537138
USDKRW=X,2023-05-15,1341.52001953125,U1,Uptrend,Low,0.0087526803965019,1.8625361015892405
USDKRW=X,2023-05-16,1335.4000244140625,U1,Uptrend,Low,-0.004561985678995684,1.3856807115141978
USDKRW=X,2023-05-17,1342.4300537109375,U1,Uptrend,Low,0.0052643621149846,1.7905124995595632
USDKRW=X,2023-05-18,1334.1500244140625,U1,Uptrend,Low,-0.006167940947080397,1.1837703227798189
USDKRW=X,2023-05-19,1334.739990234375,U1,Uptrend,Low,0.00044220350748913617,1.1844354418409224
USDKRW=X,2023-05-22,1324.2099609375,U1,Uptrend,Low,-0.007889198925571939,0.45549386533439107
USDKRW=X,2023-05-23,1313.8299560546875,U1,Uptrend,Low,-0.007838639784482293,-0.24461462553006494
USDKRW=X,2023-05-24,1319.8399658203125,U1,Uptrend,Low,0.004574419800620566,0.16564886624166675
USDKRW=X,2023-05-25,1318.52001953125,U1,Uptrend,Low,-0.0010000805576774185,0.06180741203558395
USDKRW=X,2023-05-26,1330.8900146484375,U1,Uptrend,Low,0.009381727189538669,0.8799396345837031
USDKRW=X,2023-05-29,1322.4300537109375,U1,Uptrend,Low,-0.006356619137859232,0.2793599172202359
USDKRW=X,2023-05-30,1324.5899658203125,U1,Uptrend,Low,0.0016332902472337985,0.4055473500769656
USDKRW=X,2023-05-31,1319.7900390625,U1,Uptrend,Low,-0.0036237076239966637,0.0651893194070092
USDKRW=X,2023-06-01,1321.739990234375,U1,Uptrend,Low,0.0014774707447102742,0.19632965487375073
USDKRW=X,2023-06-02,1312.8499755859375,U1,Uptrend,Low,-0.0067259935495037615,-0.4151374845078211
USDKRW=X,2023-06-05,1305.1400146484375,U1,Uptrend,Low,-0.0058726900109503655,-0.9344402074914433
USDKRW=X,2023-06-06,1299.7900390625,U1,Uptrend,Low,-0.004099158347680154,-1.3202293542606958
USDKRW=X,2023-06-07,1299.199951171875,U1,Uptrend,Low,-0.00045398708475297145,-1.3453774982862698
USDKRW=X,2023-06-08,1308.3399658203125,U1,Uptrend,Low,0.007035110061536898,-0.701583274604468
USDKRW=X,2023-06-09,1296.3299560546875,U1,Uptrend,Low,-0.009179578763456098,-1.5192804428222335
USDKRW=X,2023-06-12,1286.68994140625,U1,Uptrend,Low,-0.0074363896347626746,-2.088081811188308
USDKRW=X,2023-06-13,1284.5799560546875,U1,Uptrend,Low,-0.0016398553246297354,-2.1320255742787633
USDKRW=X,2023-06-14,1267.6199951171875,D1,Downtrend,Low,-0.01320272892128016,-2.9586018116279815
USDKRW=X,2023-06-15,1273.989990234375,D1,Downtrend,Low,0.005025161437753001,-2.4447539944372925
USDKRW=X,2023-06-16,1270.050048828125,D1,Downtrend,Low,-0.003092599970526577,-2.5675753858495325
USDKRW=X,2023-06-19,1276.31005859375,U1,Uptrend,Low,0.004928947305187892,-2.141029558043096
USDKRW=X,2023-06-20,1283.239990234375,U1,Uptrend,Low,0.005429661541851649,-1.7235513338493098
USDKRW=X,2023-06-21,1287.5400390625,U1,Uptrend,Low,0.003350931128120127,-1.472282795117671
USDKRW=X,2023-06-22,1288.3800048828125,U1,Uptrend,Low,0.0006523803492155533,-1.3905907374397342
USDKRW=X,2023-06-23,1298.2099609375,U1,Uptrend,Low,0.007629702430519858,-0.8862958808054576
USDKRW=X,2023-06-26,1307.6700439453125,U1,Uptrend,Low,0.0072870208151698534,-0.39993286836290554
USDKRW=X,2023-06-27,1302.6600341796875,U1,Uptrend,Low,-0.0038312491662725323,-0.6526812914905838
USDKRW=X,2023-06-28,1296.5999755859375,U1,Uptrend,Low,-0.0046520645715258935,-0.9444356128462508
USDKRW=X,2023-06-29,1309.010009765625,U1,Uptrend,Low,0.00957121272046857,-0.3029227729908399
USDKRW=X,2023-06-30,1323.0699462890625,U1,Uptrend,Low,0.010740893055473988,0.41122241229541756
USDKRW=X,2023-07-03,1315.300048828125,U1,Uptrend,Low,-0.005872627885419424,0.014491032291028272
USDKRW=X,2023-07-04,1306.0999755859375,U1,Uptrend,Low,-0.006994657417054295,-0.44243002221160327
USDKRW=X,2023-07-05,1295.5,U1,Uptrend,Low,-0.00811574594906661,-0.9543082518551623
USDKRW=X,2023-07-06,1302.969970703125,U1,Uptrend,Low,0.005766090855364725,-0.5582783491932732
USDKRW=X,2023-07-07,1309.219970703125,U1,Uptrend,Low,0.004796733724129698,-0.24913052984348558
USDKRW=X,2023-07-10,1297.3699951171875,U1,Uptrend,Low,-0.00905117234010222,-0.8428036525133672
USDKRW=X,2023-07-11,1299.5400390625,U1,Uptrend,Low,0.0016726484761322435,-0.7159367155578277
USDKRW=X,2023-07-12,1291.510009765625,U1,Uptrend,Low,-0.006179131889362921,-1.0888433090388423
USDKRW=X,2023-07-13,1274.699951171875,D1,Downtrend,Low,-0.013015817505588334,-1.835474782023089
USDKRW=X,2023-07-14,1266.8299560546875,D1,Downtrend,Low,-0.006173998131836722,-2.0935230230169344
USDKRW=X,2023-07-17,1268.3399658203125,D1,Downtrend,Low,0.0011919593141984652,-1.922801316045481
USDKRW=X,2023-07-18,1265.449951171875,D1,Downtrend,Low,-0.0022785804487114314,-1.9538233189069227
USDKRW=X,2023-07-19,1264.93994140625,D1,Downtrend,Low,-0.0004030264216713375,-1.8924264403496867
USDKRW=X,2023-07-20,1265.0899658203125,D1,Downtrend,Low,0.00011860200563806877,-1.8069937578337523
USDKRW=X,2023-07-21,1278.4000244140625,U1,Uptrend,Low,0.010521037201587147,-1.193716206084492
USDKRW=X,2023-07-24,1285.6500244140625,U1,Uptrend,Low,0.00567115133099505,-0.850011786974591
USDKRW=X,2023-07-25,1280.530029296875,U1,Uptrend,Low,-0.003982417469731714,-1.0442698528735732
USDKRW=X,2023-07-26,1274.1199951171875,D1,Downtrend,Low,-0.005005766388162858,-1.293173920047963
USDKRW=X,2023-07-27,1275.1700439453125,U1,Uptrend,Low,0.0008241365272887435,-1.207978528467565
USDKRW=X,2023-07-28,1283.8800048828125,U1,Uptrend,Low,0.006830430952213806,-0.7868573957714684
USDKRW=X,2023-07-31,1272.3900146484375,D1,Downtrend,Low,-0.008949426886217249,-1.2614804491569742
USDKRW=X,2023-08-01,1277.9300537109375,U1,Uptrend,Low,0.00435404160573416,-0.9797596531972836
USDKRW=X,2023-08-02,1289.050048828125,U1,Uptrend,Low,0.008701567886987727,-0.4579646160911449
USDKRW=X,2023-08-03,1295.3699951171875,U1,Uptrend,Low,0.004902793568650088,-0.15534112015253768
USDKRW=X,2023-08-04,1296.4000244140625,U1,Uptrend,Low,0.0007951622322253105,-0.08439249417277196
USDKRW=X,2023-08-07,1303.050048828125,U1,Uptrend,Low,0.005129608368426242,0.26318587312581826
USDKRW=X,2023-08-08,1307.75,U1,Uptrend,Low,0.0036068846136045885,0.5253436850756824
USDKRW=X,2023-08-09,1316.6700439453125,U1,Uptrend,Low,0.00682090915336464,1.0234895789700642
USDKRW=X,2023-08-10,1313.6400146484375,U1,Uptrend,Low,-0.0023012821707371067,0.9087864610547519
USDKRW=X,2023-08-11,1318.3299560546875,U1,Uptrend,Low,0.0035701876876101934,1.1978289171066396
USDKRW=X,2023-08-14,1329.6099853515625,U1,Uptrend,Low,0.008556302043406738,1.7855052087917953
USDKRW=X,2023-08-15,1334.739990234375,U1,Uptrend,Low,0.0038582779456608485,1.9854748281497931
USDKRW=X,2023-08-16,1338.739990234375,U1,Uptrend,Low,0.002996838357482323,2.1179751831874665
USDKRW=X,2023-08-17,1343.3299560546875,U1,Uptrend,Low,0.0034285715327806443,2.248621992849935
USDKRW=X,2023-08-18,1339.0799560546875,U1,Uptrend,Low,-0.0031637796662273843,2.0097566878027138
USDKRW=X,2023-08-21,1339.1700439453125,U1,Uptrend,Low,6.727596079514342e-05,1.9581679865383692
USDKRW=X,2023-08-22,1339.739990234375,U1,Uptrend,Low,0.0004255966534192357,1.9354892886354054
USDKRW=X,2023-08-23,1339.68994140625,U1,Uptrend,Low,-3.735712040386918e-05,1.8754284348674637
USDKRW=X,2023-08-24,1327.780029296875,U1,Uptrend,Low,-0.008890051153831457,1.3246959544369723
USDKRW=X,2023-08-25,1326.6199951171875,U1,Uptrend,Low,-0.0008736644279111472,1.2496704337151139
USDKRW=X,2023-08-28,1323.6099853515625,U1,Uptrend,Low,-0.002268931402137575,1.091301809212305
USDKRW=X,2023-08-29,1322.8199462890625,U1,Uptrend,Low,-0.0005968820658981411,1.0299748703647251
USDKRW=X,2023-08-30,1321.0699462890625,U1,Uptrend,Low,-0.0013229313671216936,0.9305119992631482
USDKRW=X,2023-08-31,1323.030029296875,U1,Uptrend,Low,0.0014837087266412752,0.9975118651712942
USDKRW=X,2023-09-01,1324.6400146484375,U1,Uptrend,Low,0.0012168925239119943,1.0369948734606962
USDKRW=X,2023-09-04,1317.4599609375,U1,Uptrend,Low,-0.00542038110848031,0.7076932316045694
USDKRW=X,2023-09-05,1317.949951171875,U1,Uptrend,Low,0.00037192039902778085,0.7047769083810442
USDKRW=X,2023-09-06,1331.72998046875,U1,Uptrend,Low,0.010455654468989772,1.2520525687112285
USDKRW=X,2023-09-07,1333.4599609375,U1,Uptrend,Low,0.0012990474751803927,1.2819008317080771
USDKRW=X,2023-09-08,1334.02001953125,U1,Uptrend,Low,0.00042000405723197076,1.2652098911155432
USDKRW=X,2023-09-11,1335.3199462890625,U1,Uptrend,Low,0.0009744432158291794,1.2769387274846233
USDKRW=X,2023-09-12,1320.43994140625,U1,Uptrend,Low,-0.011143400444339147,0.6156153645729942
USDKRW=X,2023-09-13,1324.0999755859375,U1,Uptrend,Low,0.0027718293463536714,0.7474816815481312
USDKRW=X,2023-09-14,1329.77001953125,U1,Uptrend,Low,0.0042821871836402625,0.9595577184675457
USDKRW=X,2023-09-15,1327.06005859375,U1,Uptrend,Low,-0.0020379170064724894,0.818795795783217
USDKRW=X,2023-09-18,1328.4200439453125,U1,Uptrend,Low,0.0010248107029937614,0.8567095069022735
USDKRW=X,2023-09-19,1329.6600341796875,U1,Uptrend,Low,0.0009334323432008684,0.8846968681078738
USDKRW=X,2023-09-20,1328.530029296875,U1,Uptrend,Low,-0.0008498449631973992,0.8116830502467377
USDKRW=X,2023-09-21,1332.3399658203125,U1,Uptrend,Low,0.0028677835196950774,0.9482587678502404
USDKRW=X,2023-09-22,1341.1700439453125,U1,Uptrend,Low,0.0066274962483492406,1.2891491000943098
USDKRW=X,2023-09-25,1334.6600341796875,U1,Uptrend,Low,-0.004853977909075935,0.9988434420541522
USDKRW=X,2023-09-26,1338.449951171875,U1,Uptrend,Low,0.0028396122571519022,1.119899749807026
USDKRW=X,2023-09-27,1353.75,U1,Uptrend,Low,0.011431169925127938,1.6646873101533626
USDKRW=X,2023-09-28,1352.8199462890625,U1,Uptrend,Low,-0.0006870202850877138,1.5625794409239564
USDKRW=X,2023-09-29,1347.8499755859375,U1,Uptrend,Low,-0.0036737857959281417,1.3241929342964398
USDKRW=X,2023-10-02,1351.93994140625,U1,Uptrend,Low,0.0030344369880888067,1.4249117111546652
USDKRW=X,2023-10-03,1354.18994140625,U1,Uptrend,Low,0.0016642751139221978,1.4521577899854532
USDKRW=X,2023-10-04,1359.219970703125,U2,Uptrend,Low,0.003714419331494634,1.5729437510890658
USDKRW=X,2023-10-05,1351.1600341796875,U1,Uptrend,Low,-0.005929824971058983,1.240107342959423
USDKRW=X,2023-10-06,1346.06005859375,U1,Uptrend,Low,-0.0037745163096344347,1.0258264102873664
USDKRW=X,2023-10-09,1343.3599853515625,U1,Uptrend,Low,-0.0020059084473602606,0.8994527255787097
USDKRW=X,2023-10-10,1346.8900146484375,U1,Uptrend,Low,0.0026277612370233516,1.0140096460988846
USDKRW=X,2023-10-11,1341.8900146484375,U1,Uptrend,Low,-0.003712255600398895,0.7952908210250879
USDKRW=X,2023-10-12,1338.260009765625,U1,Uptrend,Low,-0.002705143374782115,0.6238802992852421
USDKRW=X,2023-10-13,1348.3399658203125,U1,Uptrend,Low,0.0075321357442734715,1.0372493307431943
USDKRW=X,2023-10-16,1352.0699462890625,U1,Uptrend,Low,0.0027663501515218236,1.1719833344758883
USDKRW=X,2023-10-17,1347.760009765625,U1,Uptrend,Low,-0.0031876579575388364,0.9547046438616654
USDKRW=X,2023-10-18,1352.989990234375,U1,Uptrend,Low,0.003880498331197302,1.188165227489
USDKRW=X,2023-10-19,1354.56005859375,U1,Uptrend,Low,0.001160443440607395,1.2595576770541832
USDKRW=X,2023-10-20,1356.22998046875,U1,Uptrend,Low,0.0012328149382565545,1.3287116556033447
USDKRW=X,2023-10-23,1349.3399658203125,U1,Uptrend,Low,-0.0050802701220747926,0.9735152658994167
USDKRW=X,2023-10-24,1334.43994140625,U1,Uptrend,Low,-0.011042453934138274,0.06817733658624373
USDKRW=X,2023-10-25,1343.6400146484375,U1,Uptrend,Low,0.006894332938275571,0.6336760997512081
USDKRW=X,2023-10-26,1352.6800537109375,U1,Uptrend,Low,0.006728021615868052,1.241009644309928
USDKRW=X,2023-10-27,1350.3399658203125,U1,Uptrend,Low,-0.0017299640696298857,1.0736097522189663
USDKRW=X,2023-10-30,1355.219970703125,U1,Uptrend,Low,0.0036139083536996797,1.4311048408122082
USDKRW=X,2023-10-31,1348.0699462890625,U1,Uptrend,Low,-0.005275914293347395,0.8514283524312589
USDKRW=X,2023-11-01,1350.1600341796875,U1,Uptrend,Low,0.0015504298544586348,0.9940521309874131
USDKRW=X,2023-11-02,1347.8399658203125,U1,Uptrend,Low,-0.0017183654534587145,0.7780636060922934
USDKRW=X,2023-11-03,1333.6800537109375,U1,Uptrend,Low,-0.010505633063608633,-0.4737229329744757
USDKRW=X,2023-11-06,1307.8399658203125,U1,Uptrend,Low,-0.01937502763029675,-2.5765544818983828
USDKRW=X,2023-11-07,1297.1099853515625,U1,Uptrend,Low,-0.0082043527871698,-3.122690616877064
USDKRW=X,2023-11-08,1304.550048828125,U1,Uptrend,Low,0.005735877111874954,-2.3855574409539573
USDKRW=X,2023-11-09,1308.1199951171875,U1,Uptrend,Low,0.0027365345563163945,-2.013470854069409
USDKRW=X,2023-11-10,1315.199951171875,U1,Uptrend,Low,0.005412313917006806,-1.462902307125039
USDKRW=X,2023-11-13,1319.6199951171875,U1,Uptrend,Low,0.003360739134284696,-1.1248804084625146
USDKRW=X,2023-11-14,1319.0699462890625,U1,Uptrend,Low,-0.00041682365390061094,-1.1268799313549949
USDKRW=X,2023-11-15,1304.239990234375,U1,Uptrend,Low,-0.01124273666943032,-2.0112175069653153
USDKRW=X,2023-11-16,1301.8599853515625,U1,Uptrend,Low,-0.0018248212757108195,-2.0619417441109174
USDKRW=X,2023-11-17,1292.449951171875,U1,Uptrend,Low,-0.007228146102936206,-2.4784420581307653
USDKRW=X,2023-11-20,1294.5,U1,Uptrend,Low,0.0015861726995820558,-2.233426479652749
USDKRW=X,2023-11-21,1288.1500244140625,U1,Uptrend,Low,-0.004905350008449161,-2.435471287031647
USDKRW=X,2023-11-22,1295.18994140625,U1,Uptrend,Low,0.0054651374907901396,-1.9695817790664378
USDKRW=X,2023-11-23,1298.7900390625,U1,Uptrend,Low,0.0027795904995533416,-1.7181022809586508
USDKRW=X,2023-11-24,1300.1800537109375,U1,Uptrend,Low,0.001070238149840419,-1.5922635152707927
USDKRW=X,2023-11-27,1289.7900390625,U1,Uptrend,Low,-0.007991212154641714,-2.024159772719123
USDKRW=X,2023-11-28,1302.530029296875,U1,Uptrend,Low,0.009877569099258299,-1.3752693872127548
USDKRW=X,2023-11-29,1287.530029296875,U1,Uptrend,Low,-0.011516049275345441,-1.987705037723771
USDKRW=X,2023-11-30,1288.3599853515625,U1,Uptrend,Low,0.0006446110271625116,-1.8570419539862064
USDKRW=X,2023-12-01,1296.6600341796875,U1,Uptrend,Low,0.0064423367090682415,-1.4310299161127074
USDKRW=X,2023-12-04,1299.18994140625,U1,Uptrend,Low,0.0019510952446089025,-1.275463458737146
USDKRW=X,2023-12-05,1307.800048828125,U1,Uptrend,Low,0.006627289164935712,-0.8865582986326122
USDKRW=X,2023-12-06,1313.3699951171875,U1,Uptrend,Low,0.004259019789801588,-0.6358230196331973
USDKRW=X,2023-12-07,1313.719970703125,U1,Uptrend,Low,0.00026647143397418027,-0.6072842892952134
USDKRW=X,2023-12-08,1312.760009765625,U1,Uptrend,Low,-0.0007307196045639452,-0.6360803708264223
USDKRW=X,2023-12-11,1316.510009765625,U1,Uptrend,Low,0.0028565769615951364,-0.4660736266506692
USDKRW=X,2023-12-12,1313.6199951171875,U1,Uptrend,Low,-0.00219520902006054,-0.5765953973386243
USDKRW=X,2023-12-13,1310.1400146484375,U1,Uptrend,Low,-0.0026491530896951554,-0.7088336279214966
USDKRW=X,2023-12-14,1292.010009765625,U1,Uptrend,Low,-0.013838219335417734,-1.4250359750538861
USDKRW=X,2023-12-15,1291.9200439453125,U1,Uptrend,Low,-6.96324483807631e-05,-1.3762463372078075
USDKRW=X,2023-12-18,1276.469970703125,U1,Uptrend,Low,-0.011959001112023526,-1.9117626225651234
USDKRW=X,2023-12-19,1302.9300537109375,U1,Uptrend,Low,0.020729107315573758,-0.829476613226187
USDKRW=X,2023-12-20,1297.760009765625,U1,Uptrend,Low,-0.003968013425269756,-1.0016915568252385
USDKRW=X,2023-12-21,1296.97998046875,U1,Uptrend,Low,-0.0006010582010581578,-0.999478822190241
USDKRW=X,2023-12-22,1291.7099609375,U1,Uptrend,Low,-0.004063300598784347,-1.1702069612892132
USDKRW=X,2023-12-25,1297.3599853515625,U1,Uptrend,Low,0.004374065839023,-0.9135607812039223
USDKRW=X,2023-12-26,1294.5799560546875,U1,Uptrend,Low,-0.002142835703477952,-0.9932562898483165
USDKRW=X,2023-12-27,1293.9200439453125,U1,Uptrend,Low,-0.0005097499820606588,-0.9904717070419775
USDKRW=X,2023-12-28,1294.760009765625,U1,Uptrend,Low,0.0006491636204593032,-0.9254126619987847
USDKRW=X,2023-12-29,1277.8399658203125,U1,Uptrend,Low,-0.013068092787616559,-1.5665554375792048
USDKRW=X,2024-01-01,1293.530029296875,U1,Uptrend,Low,0.012278582526952242,-0.8905794025576437
USDKRW=X,2024-01-02,1293.5400390625,U1,Uptrend,Low,7.738332623352662e-06,-0.8608687264516016
USDKRW=X,2024-01-03,1307.6199951171875,U1,Uptrend,Low,0.01088482430346116,-0.2530006033023145
USDKRW=X,2024-01-04,1309.530029296875,U1,Uptrend,Low,0.0014606951460056639,-0.15372967696429923
USDKRW=X,2024-01-05,1311.25,U1,Uptrend,Low,0.0013134259349887323,-0.05536288439025413
USDKRW=X,2024-01-08,1313.1300048828125,U1,Uptrend,Low,0.0014337501489514182,0.055767517182459314
USDKRW=X,2024-01-09,1311.800048828125,U1,Uptrend,Low,-0.001012813696848136,0.023769503373177674
USDKRW=X,2024-01-10,1319.7900390625,U1,Uptrend,Low,0.006090859839129159,0.4255539365146828
USDKRW=X,2024-01-11,1317.5,U1,Uptrend,Low,-0.001735154073542411,0.36004819631832874
USDKRW=X,2024-01-12,1311.989990234375,U1,Uptrend,Low,-0.004182170600094848,0.13353192762389157
USDKRW=X,2024-01-15,1312.8499755859375,U1,Uptrend,Low,0.0006554816408383957,0.21613680130507312
USDKRW=X,2024-01-16,1319.7099609375,U1,Uptrend,Low,0.005225262199895164,0.5995298171039736
USDKRW=X,2024-01-17,1337.7900390625,U1,Uptrend,Low,0.01370003914508322,1.58772028233157
USDKRW=X,2024-01-18,1344.050048828125,U1,Uptrend,Low,0.004679366404919394,1.9678412720137386
USDKRW=X,2024-01-19,1337.6600341796875,U1,Uptrend,Low,-0.004754298140912994,1.6672894031002672
USDKRW=X,2024-01-22,1333.2099609375,U1,Uptrend,Low,-0.003326759511744326,1.5033895734008675
USDKRW=X,2024-01-23,1338.739990234375,U1,Uptrend,Low,0.0041479057754612025,1.8756357292370696
USDKRW=X,2024-01-24,1336.780029296875,U1,Uptrend,Low,-0.001464034055751795,1.825972756777653
USDKRW=X,2024-01-25,1329.8900146484375,U1,Uptrend,Low,-0.005154187298909263,1.4731063722482232
USDKRW=X,2024-01-26,1336.030029296875,U1,Uptrend,Low,0.004616934168094167,1.8575368057240984
USDKRW=X,2024-01-29,1336.760009765625,U1,Uptrend,Low,0.0005463802854297484,1.8192536767039522
USDKRW=X,2024-01-30,1333.2099609375,U1,Uptrend,Low,-0.002655711423284912,1.5343569875605176
USDKRW=X,2024-01-31,1326.6199951171875,U1,Uptrend,Low,-0.004942931731231948,1.0973828073242278
USDKRW=X,2024-02-01,1333.9100341796875,U1,Uptrend,Low,0.005495197637101823,1.4840773820667665
USDKRW=X,2024-02-02,1328.949951171875,U1,Uptrend,Low,-0.003718453929213328,1.1632632498462299
USDKRW=X,2024-02-05,1337.72998046875,U1,Uptrend,Low,0.006606741878528055,1.6287047859742052
USDKRW=X,2024-02-06,1333.3900146484375,U1,Uptrend,Low,-0.003244276411291769,1.3468723581223483
USDKRW=X,2024-02-07,1326.7900390625,U1,Uptrend,Low,-0.004949771269794345,0.9435872033793897
USDKRW=X,2024-02-08,1327.6199951171875,U1,Uptrend,Low,0.0006255368447549703,0.9602944407775876
USDKRW=X,2024-02-09,1331.469970703125,U1,Uptrend,Low,0.0028999078050173654,1.13726418840322
USDKRW=X,2024-02-12,1330.06005859375,U1,Uptrend,Low,-0.001058913937526107,1.0235201345634004
USDKRW=X,2024-02-13,1328.5,U1,Uptrend,Low,-0.0011729234207660255,0.9060042217058585
USDKRW=X,2024-02-14,1340.7900390625,U1,Uptrend,Low,0.00925106440534429,1.536606951166761
USDKRW=X,2024-02-15,1326.0,U1,Uptrend,Low,-0.011030839006561655,0.6889535248771789
USDKRW=X,2024-02-16,1327.6600341796875,U1,Uptrend,Low,0.0012519111460689292,0.7559204420349915
USDKRW=X,2024-02-19,1331.5799560546875,U1,Uptrend,Low,0.0029525042360878384,0.9434813954037196
USDKRW=X,2024-02-20,1333.3399658203125,U1,Uptrend,Low,0.0013217454630660708,1.0087742285423391
USDKRW=X,2024-02-21,1333.75,U1,Uptrend,Low,0.00030752410502832284,1.0011072335091231
USDKRW=X,2024-02-22,1332.8699951171875,U1,Uptrend,Low,-0.0006597974753983493,0.9223466179991803
USDKRW=X,2024-02-23,1327.1700439453125,U1,Uptrend,Low,-0.004276449460754672,0.5705453929989805
USDKRW=X,2024-02-26,1330.0,U1,Uptrend,Low,0.002132323636747202,0.7086186363881279
USDKRW=X,2024-02-27,1331.719970703125,U1,Uptrend,Low,0.001293211054981258,0.7838004397310118
USDKRW=X,2024-02-28,1331.7900390625,U1,Uptrend,Low,5.261493475838819e-05,0.7666406666773109
USDKRW=X,2024-02-29,1333.3800048828125,U1,Uptrend,Low,0.0011938562188313906,0.8352369116795795
USDKRW=X,2024-03-01,1335.199951171875,U1,Uptrend,Low,0.00136491193988042,0.9128765344330039
USDKRW=X,2024-03-04,1330.9000244140625,U1,Uptrend,Low,-0.003220436575090191,0.6507558499264406
USDKRW=X,2024-03-05,1328.93994140625,U1,Uptrend,Low,-0.0014727499976382452,0.5236408659026458
USDKRW=X,2024-03-06,1333.4300537109375,U1,Uptrend,Low,0.00337871725033434,0.7555320529234967
USDKRW=X,2024-03-07,1327.0899658203125,U1,Uptrend,Low,-0.00475472100916019,0.3697897589323527
USDKRW=X,2024-03-08,1321.1800537109375,U1,Uptrend,Low,-0.004453286711215476,-0.0016831583750790268
USDKRW=X,2024-03-11,1315.97998046875,U1,Uptrend,Low,-0.00393593078216814,-0.3734616053827693
USDKRW=X,2024-03-12,1310.5400390625,U1,Uptrend,Low,-0.004133756962102386,-0.732417432422173
USDKRW=X,2024-03-13,1311.1500244140625,U1,Uptrend,Low,0.00046544579591700774,-0.7195663713318683
USDKRW=X,2024-03-14,1313.6500244140625,U1,Uptrend,Low,0.0019067230701668159,-0.5871564217888009
USDKRW=X,2024-03-15,1321.9200439453125,U1,Uptrend,Low,0.006295451130478025,-0.07429280413495601
USDKRW=X,2024-03-18,1329.3399658203125,U1,Uptrend,Low,0.005612988401972441,0.41090112687278785
USDKRW=X,2024-03-19,1336.0899658203125,U1,Uptrend,Low,0.005077707865222214,0.8658854991114755
USDKRW=X,2024-03-20,1337.02001953125,U1,Uptrend,Low,0.0006961011119983596,0.9143329034908654
USDKRW=X,2024-03-21,1330.1099853515625,U1,Uptrend,Low,-0.005168235388210651,0.36297714352330324
USDKRW=X,2024-03-22,1334.6800537109375,U1,Uptrend,Low,0.0034358574927675356,0.7452497217483399
USDKRW=X,2024-03-25,1343.5999755859375,U1,Uptrend,Low,0.006683191114004616,1.574634179321496
USDKRW=X,2024-03-26,1339.1300048828125,U1,Uptrend,Low,-0.0033268612565846567,1.1692306330991447
USDKRW=X,2024-03-27,1343.06005859375,U1,Uptrend,Low,0.002934781310707235,1.5542593219384164
USDKRW=X,2024-03-28,1349.800048828125,U1,Uptrend,Low,0.0050183833487178475,2.197798841917536
USDKRW=X,2024-03-29,1349.800048828125,U1,Uptrend,Low,0.0,2.114986446349863
USDKRW=X,2024-04-01,1345.31005859375,U1,Uptrend,Low,-0.0033264113735016476,1.588864565313749
USDKRW=X,2024-04-02,1355.530029296875,U1,Uptrend,Low,0.007596739976662326,2.547989212774418
USDKRW=X,2024-04-03,1350.72998046875,U1,Uptrend,Low,-0.00354108630895833,1.9485015173881879
USDKRW=X,2024-04-04,1344.8399658203125,U1,Uptrend,Low,-0.004360615914065558,1.301994194639953
USDKRW=X,2024-04-05,1351.3599853515625,U1,Uptrend,Low,0.004848175022277079,1.918454103541727
USDKRW=X,2024-04-08,1350.27001953125,U1,Uptrend,Low,-0.0008065695537291528,1.760251310006502
USDKRW=X,2024-04-09,1354.219970703125,U1,Uptrend,Low,0.002925304653691674,2.072267495163083
USDKRW=X,2024-04-10,1348.5400390625,U1,Uptrend,Low,-0.004194245959669218,1.4449026202206532
USDKRW=X,2024-04-11,1363.760009765625,U2,Uptrend,Low,0.011286257925056331,2.7716221516451975
USDKRW=X,2024-04-12,1367.8399658203125,U2,Uptrend,Low,0.002991696504862862,2.882121612204035
USDKRW=X,2024-04-15,1379.6099853515625,U2,Uptrend,Low,0.00860482207375135,3.436320278307692
USDKRW=X,2024-04-16,1387.6700439453125,U2,Uptrend,Low,0.0058422733086380685,3.5462365575294488
USDKRW=X,2024-04-17,1387.3399658203125,U2,Uptrend,Low,-0.0002378649927914367,3.153756208714493
USDKRW=X,2024-04-18,1379.5400390625,U2,Uptrend,Low,-0.005622217300717991,2.4715771234473407
USDKRW=X,2024-04-19,1379.4000244140625,U2,Uptrend,Low,-0.00010149371853873657,2.3065791819680825
USDKRW=X,2024-04-22,1373.9300537109375,U2,Uptrend,Low,-0.003965470933965265,1.8969647758789827
USDKRW=X,2024-04-23,1378.8399658203125,U2,Uptrend,Low,0.003573625961608151,2.0505360950560627
USDKRW=X,2024-04-24,1370.47998046875,U2,Uptrend,Low,-0.006063057032575148,1.539999947108681
USDKRW=X,2024-04-25,1376.969970703125,U2,Uptrend,Low,0.004735560042369302,1.7937151412831713
USDKRW=X,2024-04-26,1371.699951171875,U2,Uptrend,Low,-0.0038272581417000406,1.4655615390802224
USDKRW=X,2024-04-29,1377.0899658203125,U2,Uptrend,Low,0.003929441452434679,1.663712971297392
USDKRW=X,2024-04-30,1374.6400146484375,U2,Uptrend,Low,-0.0017790785153355415,1.4835344081934743
USDKRW=X,2024-05-01,1385.4599609375,U2,Uptrend,Low,0.007871112563116789,1.9080884831749525
USDKRW=X,2024-05-02,1375.0,U2,Uptrend,Low,-0.007549811060885592,1.3640979274031038
USDKRW=X,2024-05-03,1364.6400146484375,U2,Uptrend,Low,-0.007534534801136417,0.8536700192071986
USDKRW=X,2024-05-06,1355.050048828125,U1,Uptrend,Low,-0.0070274693086609386,0.39017528335739243
USDKRW=X,2024-05-07,1352.1700439453125,U1,Uptrend,Low,-0.002125386354034031,0.23886282104448558
USDKRW=X,2024-05-08,1357.72998046875,U2,Uptrend,Low,0.0041118619276721,0.48573147185026777
USDKRW=X,2024-05-09,1361.93994140625,U2,Uptrend,Low,0.0031007350489871133,0.6581018952670429
USDKRW=X,2024-05-10,1365.4000244140625,U2,Uptrend,Low,0.0025405547650212412,0.7933148331376046
USDKRW=X,2024-05-13,1370.1099853515625,U2,Uptrend,Low,0.0034495099262366047,0.9824868558062411
USDKRW=X,2024-05-14,1363.7900390625,U2,Uptrend,Low,-0.0046127291652726665,0.6619379356928715
USDKRW=X,2024-05-15,1362.550048828125,U2,Uptrend,Low,-0.0009092237066252729,0.5820768112351586
USDKRW=X,2024-05-16,1353.5999755859375,U1,Uptrend,Low,-0.00656861980951462,0.144185365605605
USDKRW=X,2024-05-17,1346.0400390625,U1,Uptrend,Low,-0.005585059589089503,-0.23191427566879277
USDKRW=X,2024-05-20,1353.3900146484375,U1,Uptrend,Low,0.00546044350289665,0.10271443332120943
USDKRW=X,2024-05-21,1360.1600341796875,U2,Uptrend,Low,0.005002267977430419,0.40980885902366637
USDKRW=X,2024-05-22,1363.4200439453125,U2,Uptrend,Low,0.002396783969315086,0.5458818586467585
USDKRW=X,2024-05-23,1365.81005859375,U2,Uptrend,Low,0.001752955487966501,0.6388904323035213
USDKRW=X,2024-05-24,1367.6199951171875,U2,Uptrend,Low,0.001325174398921103,0.7028330359547115
USDKRW=X,2024-05-27,1365.7099609375,U2,Uptrend,Low,-0.001396611768259337,0.5846778686703842
USDKRW=X,2024-05-28,1360.9300537109375,U2,Uptrend,Low,-0.0034999431528501823,0.32505060773011785
USDKRW=X,2024-05-29,1362.760009765625,U2,Uptrend,Low,0.0013446363754681112,0.39574323185477084
USDKRW=X,2024-05-30,1370.550048828125,U2,Uptrend,Low,0.005716368991367515,0.763226513140837
USDKRW=X,2024-05-31,1375.6199951171875,U2,Uptrend,Low,0.0036992055075970587,0.9956755186641219
USDKRW=X,2024-06-03,1382.0999755859375,U2,Uptrend,Low,0.004710589037489221,1.3098522146931624
USDKRW=X,2024-06-04,1370.7900390625,U2,Uptrend,Low,-0.008183153695985435,0.6854872271666828
USDKRW=X,2024-06-05,1373.719970703125,U2,Uptrend,Low,0.0021374036556529585,0.8418899002285344
USDKRW=X,2024-06-06,1368.739990234375,U2,Uptrend,Low,-0.0036251787663835744,0.5215793603387282
USDKRW=X,2024-06-07,1365.25,U2,Uptrend,Low,-0.002549783201539535,0.26449740564021995
USDKRW=X,2024-06-10,1379.050048828125,U2,Uptrend,Low,0.010108074585698512,1.184887146387276
USDKRW=X,2024-06-11,1373.9599609375,U2,Uptrend,Low,-0.0036910102682280455,0.8018674164975228
USDKRW=X,2024-06-12,1377.3599853515625,U2,Uptrend,Low,0.002474616808878949,1.0202900133028936
USDKRW=X,2024-06-13,1370.4100341796875,U2,Uptrend,Low,-0.005045849484367815,0.48407840664669494
USDKRW=X,2024-06-14,1373.739990234375,U2,Uptrend,Low,0.0024298976011809525,0.7223762143610385
USDKRW=X,2024-06-17,1382.280029296875,U2,Uptrend,Low,0.006216634241711816,1.375358606645607
USDKRW=X,2024-06-18,1379.06005859375,U2,Uptrend,Low,-0.002329463375639551,1.09112803782459
USDKRW=X,2024-06-19,1378.6099853515625,U2,Uptrend,Low,-0.0003263623214833089,1.0281276989243688
USDKRW=X,2024-06-20,1381.1500244140625,U2,Uptrend,Low,0.0018424638509000335,1.2100307517239808
USDKRW=X,2024-06-21,1391.8199462890625,U2,Uptrend,Low,0.007725389484409373,2.0429093434006207
USDKRW=X,2024-06-24,1388.3900146484375,U2,Uptrend,Low,-0.002464350112074465,1.701227936938958
USDKRW=X,2024-06-25,1386.1099853515625,U2,Uptrend,Low,-0.0016422109586061717,1.4500042425154032
USDKRW=X,2024-06-26,1390.8900146484375,U2,Uptrend,Low,0.0034485209307995035,1.7905114123948827
USDKRW=X,2024-06-27,1393.3800048828125,U2,Uptrend,Low,0.0017902136100993449,1.9468594316437624
USDKRW=X,2024-06-28,1386.949951171875,U2,Uptrend,Low,-0.004614716508349992,1.3559542634832709
USDKRW=X,2024-07-01,1380.2900390625,U2,Uptrend,Low,-0.004801840256562828,0.7555711888910142
USDKRW=X,2024-07-02,1383.4200439453125,U2,Uptrend,Low,0.002267642882461507,1.0018710590533315
USDKRW=X,2024-07-03,1383.4200439453125,U2,Uptrend,Low,0.0,0.9807537603190651
USDKRW=X,2024-07-04,1385.77001953125,U2,Uptrend,Low,0.0016986710552753248,1.1577299091714763
USDKRW=X,2024-07-05,1380.25,U2,Uptrend,Low,-0.0039833590375386585,0.6300121808022069
USDKRW=X,2024-07-08,1376.5699462890625,U2,Uptrend,Low,-0.0026662225762995595,0.29716768104827074
USDKRW=X,2024-07-09,1382.75,U2,Uptrend,Low,0.0044894585470194315,0.8811375430547154
USDKRW=X,2024-07-10,1382.4200439453125,U2,Uptrend,Low,-0.00023862307335920097,0.8653999496969079
USDKRW=X,2024-07-11,1382.989990234375,U2,Uptrend,Low,0.0004122815576630412,0.9096345918525343
USDKRW=X,2024-07-12,1371.27001953125,U2,Uptrend,Low,-0.008474371315687401,-0.17111510598007584
USDKRW=X,2024-07-15,1374.1099853515625,U2,Uptrend,Low,0.0020710478460568282,0.09413243213055253
USDKRW=X,2024-07-16,1383.68994140625,U2,Uptrend,Low,0.006971753467198916,0.9765741942830783
USDKRW=X,2024-07-17,1382.6400146484375,U2,Uptrend,Low,-0.0007587875913482867,0.8551673725168448
USDKRW=X,2024-07-18,1378.6500244140625,U2,Uptrend,Low,-0.002885776624503067,0.48331814228529907
USDKRW=X,2024-07-19,1385.239990234375,U2,Uptrend,Low,0.004780013566614505,1.060654489058358
USDKRW=X,2024-07-22,1388.81005859375,U2,Uptrend,Low,0.002577220109542866,1.3487545803396792
USDKRW=X,2024-07-23,1387.0999755859375,U2,Uptrend,Low,-0.0012313296532026063,1.162301242149819
USDKRW=X,2024-07-24,1384.5699462890625,U2,Uptrend,Low,-0.0018239703996867362,0.9396326237955909
USDKRW=X,2024-07-25,1382.6500244140625,U2,Uptrend,Low,-0.001386655748339627,0.7534666671317704
USDKRW=X,2024-07-26,1381.4300537109375,U2,Uptrend,Low,-0.0008823423726781465,0.6221848118792647
USDKRW=X,2024-07-29,1382.0899658203125,U2,Uptrend,Low,0.00047770215191289545,0.6554417226261093
USDKRW=X,2024-07-30,1381.3599853515625,U2,Uptrend,Low,-0.000528171455406512,0.5644366269204302
USDKRW=X,2024-07-31,1383.5,U2,Uptrend,Low,0.0015492085127200017,0.7401284327136214
USDKRW=X,2024-08-01,1367.9200439453125,U2,Uptrend,Low,-0.011261262056152854,-0.7754748869976138
USDKRW=X,2024-08-02,1368.969970703125,U2,Uptrend,Low,0.0007675351804805608,-0.6826722157629683
USDKRW=X,2024-08-05,1357.1700439453125,U2,Uptrend,Low,-0.008619565812500563,-1.769145120980608
USDKRW=X,2024-08-06,1367.4000244140625,U2,Uptrend,Low,0.007537729346730471,-0.8051505627246159
USDKRW=X,2024-08-07,1370.31005859375,U2,Uptrend,Low,0.0021281513293336385,-0.5450566634462132
USDKRW=X,2024-08-08,1375.3299560546875,U2,Uptrend,Low,0.003663329645327895,-0.09778561471093987
USDKRW=X,2024-08-09,1373.760009765625,U2,Uptrend,Low,-0.0011415051945542487,-0.3306290461483329
USDKRW=X,2024-08-12,1363.8399658203125,U2,Uptrend,Low,-0.007221089473266162,-1.5034182377297711
USDKRW=X,2024-08-13,1369.5400390625,U2,Uptrend,Low,0.004179429687528602,-0.8898747284088457
USDKRW=X,2024-08-14,1362.1700439453125,U2,Uptrend,Low,-0.005381365208009914,-1.74872590402153
USDKRW=X,2024-08-15,1355.7099609375,U1,Uptrend,Low,-0.004742493814576809,-2.3971557030226482
USDKRW=X,2024-08-16,1363.510009765625,U2,Uptrend,Low,0.005753479027867492,-1.4920991523545066
USDKRW=X,2024-08-19,1348.97998046875,U1,Uptrend,Low,-0.010656342229106608,-2.895376826030007
USDKRW=X,2024-08-20,1330.8800048828125,U1,Uptrend,Low,-0.01341752720425693,-4.095479556496366
USDKRW=X,2024-08-21,1327.5799560546875,U1,Uptrend,Low,-0.002479599074309946,-3.8079768811536745
USDKRW=X,2024-08-22,1333.6600341796875,U1,Uptrend,Low,0.004579820670891133,-3.0124877512699135
USDKRW=X,2024-08-23,1339.5400390625,U1,Uptrend,Low,0.004408923362863693,-2.408321932623337
USDKRW=X,2024-08-26,1323.8800048828125,U1,Uptrend,Low,-0.011690605523555275,-3.132324936472095
USDKRW=X,2024-08-27,1326.6400146484375,U1,Uptrend,Low,0.002084788466813814,-2.719418263898254
USDKRW=X,2024-08-28,1326.3599853515625,U1,Uptrend,Low,-0.00021108159996907627,-2.5359294543345503
USDKRW=X,2024-08-29,1336.68994140625,U1,Uptrend,Low,0.007788199409491048,-1.8704107436961388
USDKRW=X,2024-08-30,1332.8800048828125,U1,Uptrend,Low,-0.0028502769456237864,-1.9790238989393845
USDKRW=X,2024-09-02,1336.5799560546875,U1,Uptrend,Low,0.002775907177180903,-1.7066375874216524
USDKRW=X,2024-09-03,1337.550048828125,U1,Uptrend,Low,0.0007258022754590421,-1.590757873684738
USDKRW=X,2024-09-04,1340.4100341796875,U1,Uptrend,Low,0.002138226793134468,-1.3949308559028566
USDKRW=X,2024-09-05,1331.010009765625,U1,Uptrend,Low,-0.00701279770694585,-1.7751222124170851
USDKRW=X,2024-09-06,1332.7900390625,U1,Uptrend,Low,0.001337352299242589,-1.6203345321800968
USDKRW=X,2024-09-09,1337.77001953125,U1,Uptrend,Low,0.00373650786905122,-1.337133151917658
USDKRW=X,2024-09-10,1341.27001953125,U1,Uptrend,Low,0.0026162942425831393,-1.1364488283627812
USDKRW=X,2024-09-11,1343.3399658203125,U1,Uptrend,Low,0.0015432733595177606,-1.0084724509291991
USDKRW=X,2024-09-12,1339.1800537109375,U1,Uptrend,Low,-0.0030966934768703602,-1.1578649526707598
USDKRW=X,2024-09-13,1335.68994140625,U1,Uptrend,Low,-0.002606156128906023,-1.2722183080127747
USDKRW=X,2024-09-16,1329.510009765625,U1,Uptrend,Low,-0.0046267711158464175,-1.4940661478394557
USDKRW=X,2024-09-17,1319.1099853515625,U1,Uptrend,Low,-0.007822449126122732,-1.8694554447236302
USDKRW=X,2024-09-18,1322.9300537109375,U1,Uptrend,Low,0.0028959437816376,-1.6368296338212116
USDKRW=X,2024-09-19,1322.260009765625,U1,Uptrend,Low,-0.0005064847861252497,-1.6064975727940431
USDKRW=X,2024-09-20,1327.6099853515625,U1,Uptrend,Low,0.004046084390683324,-1.3282522826321619
USDKRW=X,2024-09-23,1331.5,U1,Uptrend,Low,0.0029300884230751834,-1.1218058707171394
USDKRW=X,2024-09-24,1333.6199951171875,U1,Uptrend,Low,0.0015921855930811635,-0.9970860543828
USDKRW=X,2024-09-25,1324.8900146484375,U1,Uptrend,Low,-0.006546077968771713,-1.3259152400777914
USDKRW=X,2024-09-26,1335.050048828125,U1,Uptrend,Low,0.007668586876913963,-0.860617957265471
USDKRW=X,2024-09-27,1313.300048828125,U1,Uptrend,Low,-0.01629152406615142,-1.7254088775778027
USDKRW=X,2024-09-30,1309.300048828125,U1,Uptrend,Low,-0.0030457624695661156,-1.809712659494994
USDKRW=X,2024-10-01,1315.3299560546875,U1,Uptrend,Low,0.004605443367973194,-1.5022477464187394
USDKRW=X,2024-10-02,1324.8399658203125,U1,Uptrend,Low,0.0072301324255932276,-1.073003122778019
USDKRW=X,2024-10-03,1324.030029296875,U1,Uptrend,Low,-0.0006113466866437545,-1.072092102270753
USDKRW=X,2024-10-04,1334.4100341796875,U1,Uptrend,Low,0.007839705031708943,-0.6142928433429132
USDKRW=X,2024-10-07,1345.8800048828125,U1,Uptrend,Low,0.008595536910943613,-0.113689080876963
USDKRW=X,2024-10-08,1342.3699951171875,U1,Uptrend,Low,-0.0026079663513023377,-0.23784907083523948
USDKRW=X,2024-10-09,1341.31005859375,U1,Uptrend,Low,-0.0007896008755358119,-0.25883684783695565
USDKRW=X,2024-10-10,1343.02001953125,U1,Uptrend,Low,0.001274843893508626,-0.1599356440619198
USDKRW=X,2024-10-11,1349.739990234375,U1,Uptrend,Low,0.005003626606750355,0.17220208878856033
USDKRW=X,2024-10-14,1348.3299560546875,U1,Uptrend,Low,-0.0010446709661782183,0.14321619470724373
USDKRW=X,2024-10-15,1357.27001953125,U2,Uptrend,Low,0.00663047159667185,0.6119483816632313
USDKRW=X,2024-10-16,1363.1800537109375,U2,Uptrend,Low,0.0043543540302530825,0.9446171222293279
USDKRW=X,2024-10-17,1364.199951171875,U2,Uptrend,Low,0.0007481751645066481,1.0359493910967423
USDKRW=X,2024-10-18,1370.050048828125,U2,Uptrend,Low,0.004288299271103746,1.3707584105506943
USDKRW=X,2024-10-21,1369.010009765625,U2,Uptrend,Low,-0.0007591248680218765,1.3540910184480188
USDKRW=X,2024-10-22,1376.5,U2,Uptrend,Low,0.005471099685865122,1.774863358803001
USDKRW=X,2024-10-23,1376.6300048828125,U2,Uptrend,Low,9.444597371044416e-05,1.810688669742707
USDKRW=X,2024-10-24,1377.3399658203125,U2,Uptrend,Low,0.0005157238582493839,1.8159379237977746
USDKRW=X,2024-10-25,1376.3199462890625,U2,Uptrend,Low,-0.000740572085732305,1.7361191813974062
USDKRW=X,2024-10-28,1387.6600341796875,U2,Uptrend,Low,0.008239427119545173,2.2239422697570155
USDKRW=X,2024-10-29,1381.969970703125,U2,Uptrend,Low,-0.004100473701345808,1.8826426026962115
USDKRW=X,2024-10-30,1383.1800537109375,U2,Uptrend,Low,0.0008756217815621969,1.8993958043043764
USDKRW=X,2024-10-31,1378.5699462890625,U2,Uptrend,Low,-0.0033329770838630424,1.6613911161797057
USDKRW=X,2024-11-01,1372.9300537109375,U2,Uptrend,Low,-0.004091118186136944,1.3854839973836766
USDKRW=X,2024-11-04,1379.3399658203125,U2,Uptrend,Low,0.004668782719155606,1.6609090712650834
USDKRW=X,2024-11-05,1372.8599853515625,U2,Uptrend,Low,-0.004697884951732179,1.339263753797772
USDKRW=X,2024-11-06,1378.0,U2,Uptrend,Low,0.0037440195673859034,1.5510640997304843
USDKRW=X,2024-11-07,1399.800048828125,U2,Uptrend,Low,0.01582006446162909,2.4259782199149655
USDKRW=X,2024-11-08,1372.0799560546875,U2,Uptrend,Low,-0.019802894561008255,1.158524389963272
USDKRW=X,2024-11-11,1397.199951171875,U2,Uptrend,Low,0.018307967408414116,2.1591406132270916
USDKRW=X,2024-11-12,1400.550048828125,U2,Uptrend,Low,0.0023977224257989427,2.169312289277018
USDKRW=X,2024-11-13,1406.6500244140625,U2,Uptrend,Low,0.0043554142110391325,2.2741966642431306
USDKRW=X,2024-11-14,1399.0,U2,Uptrend,Low,-0.005438470324023226,1.8733003459325268
USDKRW=X,2024-11-15,1400.8299560546875,U2,Uptrend,Low,0.0013080457860525918,1.8505407866845909
USDKRW=X,2024-11-18,1394.3499755859375,U2,Uptrend,Low,-0.004625815175312464,1.5444910355561419
USDKRW=X,2024-11-19,1389.5,U2,Uptrend,Low,-0.003478305784671787,1.3158513657070054
USDKRW=X,2024-11-20,1392.1600341796875,U2,Uptrend,Low,0.0019143822811713562,1.3637184993545397
USDKRW=X,2024-11-21,1397.6199951171875,U2,Uptrend,Low,0.0039219348375543195,1.50272855892032
USDKRW=X,2024-11-22,1399.5999755859375,U2,Uptrend,Low,0.001416680124545655,1.5126746430817941
USDKRW=X,2024-11-25,1403.510009765625,U2,Uptrend,Low,0.002793679799866,1.584306846867341
USDKRW=X,2024-11-26,1395.56005859375,U2,Uptrend,Low,-0.005664335214255134,1.2603370159490994
USDKRW=X,2024-11-27,1395.27001953125,U2,Uptrend,Low,-0.00020782986781109347,1.207592263521334
USDKRW=X,2024-11-28,1388.469970703125,U2,Uptrend,Low,-0.00487364361946907,0.941908758831943
USDKRW=X,2024-11-29,1393.300048828125,U2,Uptrend,Low,0.003478705500957968,1.07150510747873
USDKRW=X,2024-12-02,1399.8599853515625,U2,Uptrend,Low,0.004708200885340519,1.2516681875855906
USDKRW=X,2024-12-03,1401.06005859375,U2,Uptrend,Low,0.000857280910051994,1.2475944629145346
USDKRW=X,2024-12-04,1411.6700439453125,U2,Uptrend,Low,0.007572826936635302,1.5416978589139125
USDKRW=X,2024-12-05,1410.800048828125,U2,Uptrend,Low,-0.0006162878648016124,1.4554427915063761
USDKRW=X,2024-12-06,1399.989990234375,U2,Uptrend,Low,-0.007662360518579048,1.0643403476161295
USDKRW=X,2024-12-09,1424.219970703125,U2,Uptrend,Low,0.017307252650208937,1.7811419085391822
USDKRW=X,2024-12-10,1426.5999755859375,U2,Uptrend,Low,0.001671093603355045,1.7904962832096647
USDKRW=X,2024-12-11,1433.949951171875,U2,Uptrend,Low,0.00515209288638796,1.9424969805891417
USDKRW=X,2024-12-12,1429.1500244140625,U2,Uptrend,Low,-0.0033473460868629346,1.727103230246419
USDKRW=X,2024-12-13,1427.8599853515625,U2,Uptrend,Low,-0.0009026617503147261,1.626949631006725
USDKRW=X,2024-12-16,1434.449951171875,U2,Uptrend,Low,0.004615274528258384,1.7625427143910408
USDKRW=X,2024-12-17,1431.3499755859375,U2,Uptrend,Low,-0.00216109009826726,1.6054349562303016
USDKRW=X,2024-12-18,1436.4200439453125,U2,Uptrend,Low,0.0035421584139823103,1.7044355598021355
USDKRW=X,2024-12-19,1451.5,U2,Uptrend,Low,0.010498291302917462,2.0692791231184224
USDKRW=X,2024-12-20,1437.449951171875,U2,Uptrend,Low,-0.009679675389683062,1.6081901248228723
USDKRW=X,2024-12-23,1445.4200439453125,U2,Uptrend,Low,0.005544605408306591,1.821737627438455
USDKRW=X,2024-12-24,1442.699951171875,U2,Uptrend,Low,-0.001881870107469208,1.7049843649631848
USDKRW=X,2024-12-25,1453.4200439453125,U2,Uptrend,Low,0.0074305767909188525,1.989426681456455
USDKRW=X,2024-12-26,1457.6099853515625,U2,Uptrend,Low,0.002882815207967182,2.0640306244500213
USDKRW=X,2024-12-27,1466.989990234375,U2,Uptrend,Low,0.006435195269707261,2.2683411147732166
USDKRW=X,2024-12-30,1472.800048828125,U2,Uptrend,Low,0.003960530496068149,2.3264176847979714
USDKRW=X,2024-12-31,1467.3900146484375,U2,Uptrend,Low,-0.003673298479309639,2.068967277218025
USDKRW=X,2025-01-02,1473.52001953125,U2,Uptrend,Low,0.0041774884806484724,2.164128929878161
USDKRW=X,2025-01-03,1471.6500244140625,U2,Uptrend,Low,-0.0012690666515561277,2.027010199622637
USDKRW=X,2025-01-06,1465.530029296875,U2,Uptrend,Low,-0.004158594105704072,1.7768519268501837
USDKRW=X,2025-01-07,1459.449951171875,U2,Uptrend,Low,-0.004148722989945841,1.5470627494834077
USDKRW=X,2025-01-08,1451.8800048828125,U2,Uptrend,Low,-0.005186848841910674,1.2775526039998477
USDKRW=X,2025-01-09,1457.969970703125,U2,Uptrend,Low,0.004194537978229107,1.4172233764509226
USDKRW=X,2025-01-10,1455.22998046875,U2,Uptrend,Low,-0.0018793187030139435,1.2918427950155176
USDKRW=X,2025-01-13,1472.25,U2,Uptrend,Low,0.011695759268076422,1.7450287824995099
USDKRW=X,2025-01-14,1458.8900146484375,U2,Uptrend,Low,-0.009074535813593188,1.294859387882404
USDKRW=X,2025-01-15,1460.43994140625,U2,Uptrend,Low,0.0010624013751894257,1.297450247979952
USDKRW=X,2025-01-16,1437.219970703125,U2,Uptrend,Low,-0.015899298591331767,0.5630811885973238
USDKRW=X,2025-01-17,1453.3199462890625,U2,Uptrend,Low,0.011202165231576133,1.0270995884284988
USDKRW=X,2025-01-20,1457.3800048828125,U2,Uptrend,Low,0.002793644031458431,1.1173849600684653
USDKRW=X,2025-01-21,1435.530029296875,U2,Uptrend,Low,-0.014992641255356376,0.4130910486951151
USDKRW=X,2025-01-22,1425.7900390625,U2,Uptrend,Low,-0.006784943564813961,0.0843518335006626
USDKRW=X,2025-01-23,1434.3399658203125,U2,Uptrend,Low,0.005996623993413719,0.3347713980879857
USDKRW=X,2025-01-24,1433.9300537109375,U2,Uptrend,Low,-0.00028578448564708925,0.2969858847542233
USDKRW=X,2025-01-27,1427.6300048828125,U2,Uptrend,Low,-0.004393553794218019,0.06067384047737427
USDKRW=X,2025-01-28,1417.9200439453125,U2,Uptrend,Low,-0.0068014547917105705,-0.2959619494596191
USDKRW=X,2025-01-29,1443.260009765625,U2,Uptrend,Low,0.017871223365885314,0.5547872172941071
USDKRW=X,2025-01-30,1443.3199462890625,U2,Uptrend,Low,4.1528569372006885e-05,0.5314207502461311
USDKRW=X,2025-01-31,1441.6600341796875,U2,Uptrend,Low,-0.0011500652462005378,0.4490285068378968
USDKRW=X,2025-02-03,1456.780029296875,U2,Uptrend,Low,0.010487906135090208,0.9831821699249441
USDKRW=X,2025-02-04,1459.050048828125,U2,Uptrend,Low,0.0015582445431694403,1.0352438143372245
USDKRW=X,2025-02-05,1450.1600341796875,U2,Uptrend,Low,-0.006093015558703896,0.6706784197658177
USDKRW=X,2025-02-06,1443.8900146484375,U2,Uptrend,Low,-0.00432367420385904,0.40880997304088085
USDKRW=X,2025-02-07,1442.1500244140625,U2,Uptrend,Low,-0.0012050711735122066,0.3182135313011202
USDKRW=X,2025-02-10,1450.6199951171875,U2,Uptrend,Low,0.0058731550530370935,0.6255016489117846
USDKRW=X,2025-02-11,1453.2099609375,U2,Uptrend,Low,0.0017854199094389234,0.7023821731352853
USDKRW=X,2025-02-12,1450.75,U2,Uptrend,Low,-0.001692777371215537,0.577660056182934
USDKRW=X,2025-02-13,1452.1199951171875,U2,Uptrend,Low,0.0009443357692142662,0.609708446893567
USDKRW=X,2025-02-14,1438.739990234375,U2,Uptrend,Low,-0.009214117929512211,0.007655576424118174
USDKRW=X,2025-02-17,1432.5999755859375,U2,Uptrend,Low,-0.004267633269467441,-0.293739828081901
USDKRW=X,2025-02-18,1441.2900390625,U2,Uptrend,Low,0.006065938590434694,0.07122523078814491
USDKRW=X,2025-02-19,1440.0799560546875,U2,Uptrend,Low,-0.0008395832726351138,-0.019504488921782866
USDKRW=X,2025-02-20,1439.97998046875,U2,Uptrend,Low,-6.942363548434471e-05,-0.06252618974257816
USDKRW=X,2025-02-21,1431.699951171875,U2,Uptrend,Low,-0.005750100285546789,-0.5440210850136646
USDKRW=X,2025-02-24,1434.2900390625,U2,Uptrend,Low,0.0018090996570230278,-0.4698036565890714
USDKRW=X,2025-02-25,1428.6500244140625,U2,Uptrend,Low,-0.003932269272485467,-0.8528990283117555
USDKRW=X,2025-02-26,1429.5,U2,Uptrend,Low,0.0005949501777289257,-0.872801628113427
USDKRW=X,2025-02-27,1434.4200439453125,U2,Uptrend,Low,0.0034417935958814816,-0.6105482559120126
USDKRW=X,2025-02-28,1449.8599853515625,U2,Uptrend,Low,0.010763891282349336,0.3484321271914114
USDKRW=X,2025-03-03,1459.800048828125,U2,Uptrend,Low,0.0068558782068546265,1.0149550462974828
USDKRW=X,2025-03-04,1457.9300537109375,U2,Uptrend,Low,-0.0012809940092060046,0.8530531609599313
USDKRW=X,2025-03-05,1452.8499755859375,U2,Uptrend,Low,-0.003484445712652273,0.4597616137409852
USDKRW=X,2025-03-06,1443.030029296875,U2,Uptrend,Low,-0.0067590917535047534,-0.2776019272347061
USDKRW=X,2025-03-07,1446.5,U2,Uptrend,Low,0.0024046420605783325,-0.041991432963851966
USDKRW=X,2025-03-10,1446.260009765625,U2,Uptrend,Low,-0.00016591098124785209,-0.08474148528045419
USDKRW=X,2025-03-11,1457.030029296875,U2,Uptrend,Low,0.007446807253555621,0.716242900354367
USDKRW=X,2025-03-12,1451.02001953125,U2,Uptrend,Low,-0.004124835895472412,0.23069991793730324
USDKRW=X,2025-03-13,1448.75,U2,Uptrend,Low,-0.001564430194411326,0.03751744236973564
USDKRW=X,2025-03-14,1453.22998046875,U2,Uptrend,Low,0.003092307484900747,0.3875743529081083
USDKRW=X,2025-03-17,1449.050048828125,U2,Uptrend,Low,-0.0028763042992525634,0.04389076494748733
USDKRW=X,2025-03-18,1442.489990234375,U2,Uptrend,Low,-0.004527144248092196,-0.4707961943203012
USDKRW=X,2025-03-19,1448.93994140625,U2,Uptrend,Low,0.004471400991023167,0.030821196914233056
USDKRW=X,2025-03-20,1443.3900146484375,U2,Uptrend,Low,-0.003830335957490494,-0.39534292416967926
USDKRW=X,2025-03-21,1465.8199462890625,U2,Uptrend,Low,0.015539758078545463,1.354064278085616
USDKRW=X,2025-03-24,1464.780029296875,U2,Uptrend,Low,-0.0007094438814400084,1.2806703274290951
USDKRW=X,2025-03-25,1466.27001953125,U2,Uptrend,Low,0.00101721091534146,1.4270523443001089
USDKRW=X,2025-03-26,1462.0899658203125,U2,Uptrend,Low,-0.002850807597003069,1.111226835996302
USDKRW=X,2025-03-27,1465.6800537109375,U2,Uptrend,Low,0.0024554493735347016,1.437469832419726
USDKRW=X,2025-03-28,1461.8900146484375,U2,Uptrend,Low,-0.0025858570244604584,1.1644157834324345
USDKRW=X,2025-03-31,1469.4100341796875,U2,Uptrend,Low,0.005144039193029526,1.7732434113848032
USDKRW=X,2025-04-01,1471.9599609375,U2,Uptrend,Low,0.0017353405097957353,1.9190750080488428
USDKRW=X,2025-04-02,1469.969970703125,U2,Uptrend,Low,-0.0013519323128242666,1.6914436289970425
USDKRW=X,2025-04-03,1466.0400390625,U2,Uptrend,Low,-0.0026734774988261822,1.354839753971663
USDKRW=X,2025-04-04,1450.6800537109375,U2,Uptrend,Low,-0.01047719362520605,0.1608095010938579
USDKRW=X,2025-04-07,1458.52001953125,U2,Uptrend,Low,0.005404338331017389,0.8124102187914695
USDKRW=X,2025-04-08,1469.949951171875,U2,Uptrend,Low,0.007836664212739652,1.6828913297674057
USDKRW=X,2025-04-09,1486.1300048828125,U2,Uptrend,Low,0.011007214019796097,2.747393677219387
USDKRW=X,2025-04-10,1443.949951171875,U2,Uptrend,Low,-0.028382479037736386,-0.38486096112858853
USDKRW=X,2025-04-11,1452.0400390625,U2,Uptrend,Low,0.005602748131304125,0.21879731343658984
USDKRW=X,2025-04-14,1419.050048828125,U2,Uptrend,Medium,-0.02271975244957758,-2.110642770365616
USDKRW=X,2025-04-15,1419.4200439453125,U2,Uptrend,Medium,0.00026073436767992675,-2.006818674655916
USDKRW=X,2025-04-16,1427.02001953125,U2,Uptrend,Medium,0.00535428227772039,-1.4814631330045045
USDKRW=X,2025-04-17,1414.22998046875,U2,Uptrend,Medium,-0.00896276077941871,-2.2641687365596863
USDKRW=X,2025-04-22,1421.6400146484375,U2,Uptrend,Low,0.005239624588662339,-1.7196548901169346
USDKRW=X,2025-04-23,1429.219970703125,U2,Uptrend,Low,0.0053318392677361715,-1.2234914569590276
USDKRW=X,2025-04-24,1426.449951171875,U2,Uptrend,Low,-0.0019381337988771952,-1.4398277522013474
USDKRW=X,2025-04-25,1430.06005859375,U2,Uptrend,Low,0.0025308335696665463,-1.1689986758067614
USDKRW=X,2025-04-28,1437.3599853515625,U2,Uptrend,Medium,0.00510462949716306,-0.6743115461029807
USDKRW=X,2025-04-29,1435.8800048828125,U2,Uptrend,Medium,-0.001029651920070651,-0.7632528811353203
USDKRW=X,2025-04-30,1431.1600341796875,U2,Uptrend,Low,-0.003287162358326934,-1.0406326490441133
USDKRW=X,2025-05-01,1423.75,U2,Uptrend,Low,-0.005177641914752562,-1.4688067600703023
USDKRW=X,2025-05-02,1435.0999755859375,U2,Uptrend,Medium,0.007971888032265229,-0.7141001388632305
USDKRW=X,2025-05-05,1398.9000244140625,U2,Uptrend,Medium,-0.02522468942074574,-2.7940244550201174
USDKRW=X,2025-05-06,1374.3699951171875,U2,Uptrend,Medium,-0.0175352268702329,-3.67867973385928
USDKRW=X,2025-05-07,1374.77001953125,U2,Uptrend,Medium,0.0002910602061190204,-3.2507533638523607
USDKRW=X,2025-05-08,1397.2900390625,U2,Uptrend,Medium,0.016380935873862468,-2.058473328326647
USDKRW=X,2025-05-09,1403.8499755859375,U2,Uptrend,Medium,0.004694756521587129,-1.6809659435238973
USDKRW=X,2025-05-12,1395.1700439453125,U2,Uptrend,Medium,-0.006182948172223424,-1.9633957611311443
USDKRW=X,2025-05-13,1416.030029296875,U2,Uptrend,Medium,0.014951571990876378,-1.0309832580401448
USDKRW=X,2025-05-14,1416.0,U2,Uptrend,Low,-2.1206680828611546e-05,-1.012194726883008
USDKRW=X,2025-05-15,1407.3299560546875,U2,Uptrend,Low,-0.006122912390757462,-1.3372767172579647
USDKRW=X,2025-05-16,1397.02001953125,U2,Uptrend,Low,-0.007325884366407132,-1.6968977959930058
USDKRW=X,2025-05-19,1398.1300048828125,U2,Uptrend,Low,0.0007945378992741947,-1.5872353609763736
USDKRW=X,2025-05-20,1388.550048828125,U2,Uptrend,Low,-0.006851978014369653,-1.8831421830489647
USDKRW=X,2025-05-21,1392.72998046875,U2,Uptrend,Low,0.0030102851850049017,-1.6535160652309389
USDKRW=X,2025-05-22,1373.8599853515625,U2,Uptrend,Low,-0.013548925765808795,-2.233851792454759
USDKRW=X,2025-05-23,1381.3399658203125,U2,Uptrend,Medium,0.0054444998387779275,-1.8744513252126862
USDKRW=X,2025-05-26,1364.72998046875,U2,Uptrend,Medium,-0.012024545559064181,-2.3048768653202467
USDKRW=X,2025-05-27,1368.0999755859375,U2,Uptrend,Medium,0.002469349369777829,-2.07069737769491
USDKRW=X,2025-05-28,1374.800048828125,U2,Uptrend,Medium,0.004897356451832424,-1.7707529615060635
USDKRW=X,2025-05-29,1373.5999755859375,U2,Uptrend,Medium,-0.0008729074771348655,-1.7293529231953897
USDKRW=X,2025-05-30,1370.4100341796875,U2,Uptrend,Medium,-0.0023223219736074885,-1.746340672084077
USDKRW=X,2025-06-02,1381.989990234375,U2,Uptrend,Low,0.00844999362662957,-1.3445304806611378
USDKRW=X,2025-06-03,1376.0699462890625,U2,Uptrend,Low,-0.004283709713634454,-1.4634537562685581
USDKRW=X,2025-06-04,1377.719970703125,U2,Uptrend,Low,0.0011990846966116742,-1.3631209424193969
USDKRW=X,2025-06-05,1361.0899658203125,U2,Uptrend,Low,-0.012070671280409284,-1.7654039929157745
USDKRW=X,2025-06-06,1354.550048828125,U1,Uptrend,Low,-0.004804911619670893,-1.858874145665732
USDKRW=X,2025-06-09,1359.18994140625,U2,Uptrend,Low,0.0034254124328141344,-1.6561172950889576
USDKRW=X,2025-06-10,1353.8499755859375,U1,Uptrend,Low,-0.003928785563839354,-1.7235395623403076
USDKRW=X,2025-06-11,1363.8800048828125,U2,Uptrend,Low,0.00740852345366716,-1.4008985015921194
USDKRW=X,2025-06-12,1365.68994140625,U2,Uptrend,Low,0.0013270496795596554,-1.3047788127536821
USDKRW=X,2025-06-13,1349.7900390625,U1,Uptrend,Low,-0.011642395438146047,-1.649284539923499
USDKRW=X,2025-06-16,1365.1400146484375,U2,Uptrend,Low,0.011372120953417886,-1.2109079029343734
USDKRW=X,2025-06-17,1357.780029296875,U2,Uptrend,Low,-0.005391377640818651,-1.3532613481948799
USDKRW=X,2025-06-18,1380.5,U2,Uptrend,Low,0.016733174897918035,-0.7454569304601772
USDKRW=X,2025-06-19,1370.75,U2,Uptrend,Low,-0.0070626584570807616,-0.9669973388663511
USDKRW=X,2025-06-20,1374.8900146484375,U2,Uptrend,Low,0.0030202550781961435,-0.8304246286526157
USDKRW=X,2025-06-23,1369.469970703125,U2,Uptrend,Low,-0.003942165473285852,-0.9445556559043058
USDKRW=X,2025-06-24,1361.93994140625,U2,Uptrend,Low,-0.00549849902368349,-1.1129351225830288
USDKRW=X,2025-06-25,1353.780029296875,U1,Uptrend,Low,-0.00599138909234842,-1.299858978496788
USDKRW=X,2025-06-26,1357.030029296875,U2,Uptrend,Low,0.002400685436088068,-1.183192488445827
USDKRW=X,2025-06-27,1352.760009765625,U1,Uptrend,Low,-0.0031465917769427643,-1.2748513818603204
USDKRW=X,2025-06-30,1363.5899658203125,U2,Uptrend,Low,0.008005822153601239,-0.9403894206942578
USDKRW=X,2025-07-01,1348.5,U1,Uptrend,Low,-0.011066351468224989,-1.3449271739783344
USDKRW=X,2025-07-02,1355.5899658203125,U1,Uptrend,Low,0.00525766838732844,-1.1078001368749664
USDKRW=X,2025-07-03,1354.75,U1,Uptrend,Low,-0.0006196311875207305,-1.118588760311863
USDKRW=X,2025-07-04,1357.0999755859375,U2,Uptrend,Low,0.001734619365888479,-1.0541118553659068
USDKRW=X,2025-07-07,1362.199951171875,U2,Uptrend,Low,0.0037579954886783895,-0.8557276146374848
USDKRW=X,2025-07-08,1374.6400146484375,U2,Uptrend,Low,0.009132332933840193,-0.39282611790289207
USDKRW=X,2025-07-09,1370.300048828125,U2,Uptrend,Low,-0.003157165348065649,-0.5278231316379616
USDKRW=X,2025-07-10,1373.0,U2,Uptrend,Low,0.001970335748133323,-0.40442676845017306
USDKRW=X,2025-07-11,1372.6400146484375,U2,Uptrend,Low,-0.0002621888940731454,-0.3924245962584707
USDKRW=X,2025-07-14,1378.1700439453125,U2,Uptrend,Low,0.004028754253016187,-0.15912478894673748
USDKRW=X,2025-07-15,1382.010009765625,U2,Uptrend,Low,0.0027862786868591005,0.016056307256381644
USDKRW=X,2025-07-16,1386.449951171875,U2,Uptrend,Low,0.003212669499407683,0.22741981481389942
USDKRW=X,2025-07-17,1384.9200439453125,U2,Uptrend,Low,-0.0011034709368841211,0.19912940644090862
USDKRW=X,2025-07-18,1391.5799560546875,U2,Uptrend,Low,0.0048088784175601695,0.5264265437576694
USDKRW=X,2025-07-21,1390.5699462890625,U2,Uptrend,Low,-0.0007258007426957924,0.546051535349288
USDKRW=X,2025-07-22,1381.8199462890625,U2,Uptrend,Low,-0.006292383941815083,0.19460064961935236
USDKRW=X,2025-07-23,1379.780029296875,U2,Uptrend,Low,-0.0014762538329727848,0.145071179922737
USDKRW=X,2025-07-24,1373.719970703125,U2,Uptrend,Low,-0.004392046895212776,-0.13710407671963926
USDKRW=X,2025-07-25,1372.0,U2,Uptrend,Low,-0.0012520533586219962,-0.19289177817805164
USDKRW=X,2025-07-28,1382.780029296875,U2,Uptrend,Low,0.007857164210550271,0.4948333255429834
USDKRW=X,2025-07-29,1388.2900390625,U2,Uptrend,Low,0.003984733398577411,0.820120276373138
USDKRW=X,2025-07-30,1388.8599853515625,U2,Uptrend,Low,0.0004105383407111418,0.8358797844103173
USDKRW=X,2025-07-31,1392.52001953125,U2,Uptrend,Low,0.0026352794509816313,1.0735014801780354
USDKRW=X,2025-08-01,1391.510009765625,U2,Uptrend,Low,-0.0007253107685769589,1.0426586471492771
USDKRW=X,2025-08-04,1390.1800537109375,U2,Uptrend,Low,-0.0009557646336382231,0.9695147668375356
USDKRW=X,2025-08-05,1383.5899658203125,U2,Uptrend,Low,-0.004740456369686452,0.6198047410835019
USDKRW=X,2025-08-06,1386.5799560546875,U2,Uptrend,Low,0.0021610378133973818,0.9135255074108287
USDKRW=X,2025-08-07,1384.3900146484375,U2,Uptrend,Low,-0.0015793834294858256,0.820632235741514
USDKRW=X,2025-08-08,1384.969970703125,U2,Uptrend,Low,0.00041892533791121345,0.8984061398289571
USDKRW=X,2025-08-11,1387.81005859375,U2,Uptrend,Low,0.002050649436957208,1.1553862890304483
USDKRW=X,2025-08-12,1389.7900390625,U2,Uptrend,Low,0.0014266941333140881,1.3073827608516215
USDKRW=X,2025-08-13,1383.0899658203125,U2,Uptrend,Low,-0.004820924782787395,0.8041888382370677
USDKRW=X,2025-08-14,1378.780029296875,U2,Uptrend,Low,-0.0031161649856097373,0.45197507836479983
USDKRW=X,2025-08-15,1387.8699951171875,U2,Uptrend,Low,0.006592759995913244,1.1600594515986407
USDKRW=X,2025-08-18,1387.97998046875,U2,Uptrend,Low,7.924758943511634e-05,1.1299042102178487
USDKRW=X,2025-08-19,1386.9100341796875,U2,Uptrend,Low,-0.000770865793540576,1.01362881532773
USDKRW=X,2025-08-20,1391.3399658203125,U2,Uptrend,Low,0.0031941016586884974,1.3179520176804835
USDKRW=X,2025-08-21,1396.9100341796875,U2,Uptrend,Low,0.004003384144931843,1.6745843629445052
USDKRW=X,2025-08-22,1399.6099853515625,U2,Uptrend,Low,0.0019328024753293427,1.7906193243891615
USDKRW=X,2025-08-25,1382.8900146484375,U2,Uptrend,Low,-0.011946164201540155,0.5685499003553733
USDKRW=X,2025-08-26,1389.050048828125,U2,Uptrend,Low,0.004454464284532111,0.9936861712009893
USDKRW=X,2025-08-27,1393.949951171875,U2,Uptrend,Low,0.0035275203711224723,1.3091508668939342
USDKRW=X,2025-08-28,1392.75,U2,Uptrend,Low,-0.000860828016720605,1.182550646170252
USDKRW=X,2025-08-29,1384.4100341796875,U2,Uptrend,Low,-0.005988128393690562,0.5644317525115832
USDKRW=X,2025-09-01,1388.8399658203125,U2,Uptrend,Low,0.0031998696421251527,0.8556444312324148
USDKRW=X,2025-09-02,1392.93994140625,U2,Uptrend,Low,0.002952086407965515,1.1231352066192293
USDKRW=X,2025-09-03,1394.5699462890625,U2,Uptrend,Low,0.0011701903537686409,1.2017217381708796
USDKRW=X,2025-09-04,1389.6300048828125,U2,Uptrend,Low,-0.003542268653784708,0.8096226000776737
USDKRW=X,2025-09-05,1392.06005859375,U2,Uptrend,Low,0.0017487055564422427,0.9681506190089235
USDKRW=X,2025-09-08,1385.510009765625,U2,Uptrend,Low,-0.004705291835426895,0.4463158243304284
USDKRW=X,2025-09-09,1385.719970703125,U2,Uptrend,Low,0.00015154054176447218,0.43679168912722244
USDKRW=X,2025-09-10,1387.25,U2,Uptrend,Low,0.0011041403236027314,0.5470508717550018
USDKRW=X,2025-09-11,1387.199951171875,U2,Uptrend,Low,-3.607772796898612e-05,0.5228820749259961
USDKRW=X,2025-09-12,1389.5,U2,Uptrend,Low,0.0016580514050494877,0.6832990206562609
